$MeshFormat
4.1 0 8
$EndMeshFormat
$PhysicalNames
6
1 2 "bottom"
1 3 "top"
1 4 "left"
1 5 "right"
1 6 "hole_boundary"
2 1 "domain"
$EndPhysicalNames
$Entities
7 7 1 0
5 0.25 0.2 0 0 
6 0.45 0.75 0 0 
7 0.825 0.45 0 0 
8 0 0 0 0 
9 1 0 0 0 
10 0 1 0 0 
11 1 1 0 0 
5 0.1499999 0.1499999 -1e-07 0.2500001 0.2500001 1e-07 1 6 2 5 -5 
6 0.2499999 0.6499999000000001 -1e-07 0.4500001 0.8500000999999999 1e-07 1 6 2 6 -6 
7 0.5749999 0.3249999 -1e-07 0.8250000999999999 0.5750000999999999 1e-07 1 6 2 7 -7 
8 -9.999999994736442e-08 -1e-07 -1e-07 1.0000001 1e-07 1e-07 1 2 2 8 -9 
9 -1e-07 -9.999999994736442e-08 -1e-07 1e-07 1.0000001 1e-07 1 4 2 10 -8 
10 0.9999999000000001 -9.999999994736442e-08 -1e-07 1.0000001 1.0000001 1e-07 1 5 2 9 -11 
11 -9.999999994736442e-08 0.9999999000000001 -1e-07 1.0000001 1.0000001 1e-07 1 3 2 11 -10 
1 -9.999999994736442e-08 -9.999999994736442e-08 -1e-07 1.0000001 1.0000001 1e-07 1 1 7 8 10 11 9 -5 -7 -6 
$EndEntities
$Nodes
15 2904 1 2904
0 5 0 1
1
0.25 0.2 0
0 6 0 1
2
0.45 0.75 0
0 7 0 1
3
0.825 0.45 0
0 8 0 1
4
0 0 0
0 9 0 1
5
1 0 0
0 10 0 1
6
0 1 0
0 11 0 1
7
1 1 0
1 5 0 15
8
9
10
11
12
13
14
15
16
17
18
19
20
21
22
0.2461939766255644 0.2191341716182545 0
0.2353553390593275 0.2353553390593273 0
0.2191341716182546 0.2461939766255643 0
0.2000000000000002 0.25 0
0.1808658283817458 0.2461939766255644 0
0.1646446609406728 0.2353553390593276 0
0.1538060233744358 0.2191341716182548 0
0.15 0.2000000000000003 0
0.1538060233744356 0.1808658283817458 0
0.1646446609406724 0.1646446609406728 0
0.1808658283817453 0.1538060233744357 0
0.1999999999999999 0.15 0
0.2191341716182544 0.1538060233744356 0
0.2353553390593273 0.1646446609406726 0
0.2461939766255643 0.1808658283817454 0
1 6 0 31
23
24
25
26
27
28
29
30
31
32
33
34
35
36
37
38
39
40
41
42
43
44
45
46
47
48
49
50
51
52
53
0.4480785280403231 0.7695090322016128 0
0.4423879532511287 0.7882683432365089 0
0.4331469612302546 0.8055570233019601 0
0.4207106781186549 0.8207106781186546 0
0.4055570233019604 0.8331469612302544 0
0.3882683432365092 0.8423879532511286 0
0.3695090322016131 0.848078528040323 0
0.3500000000000003 0.85 0
0.3304909677983875 0.8480785280403231 0
0.3117316567634915 0.8423879532511289 0
0.2944429766980402 0.8331469612302548 0
0.2792893218813456 0.8207106781186552 0
0.2668530387697458 0.8055570233019608 0
0.2576120467488716 0.7882683432365095 0
0.2519214719596771 0.7695090322016135 0
0.25 0.7500000000000007 0
0.2519214719596768 0.730490967798388 0
0.2576120467488711 0.7117316567634916 0
0.2668530387697451 0.6944429766980403 0
0.2792893218813448 0.6792893218813456 0
0.2944429766980393 0.6668530387697458 0
0.3117316567634906 0.6576120467488715 0
0.3304909677983868 0.6519214719596771 0
0.3499999999999997 0.65 0
0.3695090322016126 0.6519214719596769 0
0.3882683432365087 0.6576120467488712 0
0.40555702330196 0.6668530387697453 0
0.4207106781186546 0.6792893218813452 0
0.4331469612302544 0.6944429766980397 0
0.4423879532511286 0.7117316567634908 0
0.448078528040323 0.7304909677983871 0
1 7 0 39
54
55
56
57
58
59
60
61
62
63
64
65
66
67
68
69
70
71
72
73
74
75
76
77
78
79
80
81
82
83
84
85
86
87
88
89
90
91
92
0.8234610425743922 0.4695543081300289 0
0.8188820645368942 0.4886271242968684 0
0.811375815523546 0.5067488124674433 0
0.8011271242968684 0.5234731565365591 0
0.7883883476483184 0.5383883476483184 0
0.7734731565365591 0.5511271242968684 0
0.7567488124674434 0.561375815523546 0
0.7386271242968685 0.5688820645368942 0
0.7195543081300289 0.5734610425743922 0
0.7000000000000001 0.575 0
0.6804456918699712 0.5734610425743922 0
0.6613728757031316 0.5688820645368943 0
0.6432511875325566 0.561375815523546 0
0.6265268434634409 0.5511271242968685 0
0.6116116523516816 0.5383883476483186 0
0.5988728757031316 0.5234731565365592 0
0.588624184476454 0.5067488124674435 0
0.5811179354631058 0.4886271242968686 0
0.5765389574256078 0.4695543081300291 0
0.575 0.4500000000000002 0
0.5765389574256077 0.4304456918699713 0
0.5811179354631056 0.4113728757031319 0
0.5886241844764538 0.3932511875325569 0
0.5988728757031313 0.3765268434634412 0
0.6116116523516812 0.3616116523516818 0
0.6265268434634406 0.3488728757031318 0
0.6432511875325562 0.3386241844764543 0
0.661372875703131 0.331117935463106 0
0.6804456918699705 0.3265389574256079 0
0.6999999999999993 0.325 0
0.7195543081300281 0.3265389574256077 0
0.7386271242968676 0.3311179354631056 0
0.7567488124674426 0.3386241844764536 0
0.7734731565365586 0.3488728757031312 0
0.788388347648318 0.3616116523516811 0
0.8011271242968682 0.3765268434634406 0
0.8113758155235458 0.3932511875325563 0
0.818882064536894 0.4113728757031314 0
0.8234610425743921 0.430445691869971 0
1 8 0 49
93
94
95
96
97
98
99
100
101
102
103
104
105
106
107
108
109
110
111
112
113
114
115
116
117
118
119
120
121
122
123
124
125
126
127
128
129
130
131
132
133
134
135
136
137
138
139
140
141
0.02 0 0
0.04 0 0
0.06 0 0
0.08 0 0
0.1 0 0
0.12 0 0
0.14 0 0
0.16 0 0
0.18 0 0
0.2 0 0
0.22 0 0
0.24 0 0
0.26 0 0
0.28 0 0
0.3 0 0
0.32 0 0
0.34 0 0
0.36 0 0
0.38 0 0
0.4 0 0
0.42 0 0
0.44 0 0
0.46 0 0
0.48 0 0
0.5 0 0
0.52 0 0
0.54 0 0
0.5600000000000001 0 0
0.58 0 0
0.6 0 0
0.62 0 0
0.64 0 0
0.66 0 0
0.68 0 0
0.7 0 0
0.72 0 0
0.74 0 0
0.76 0 0
0.78 0 0
0.8 0 0
0.82 0 0
0.84 0 0
0.86 0 0
0.88 0 0
0.9 0 0
0.92 0 0
0.9399999999999999 0 0
0.96 0 0
0.98 0 0
1 9 0 49
142
143
144
145
146
147
148
149
150
151
152
153
154
155
156
157
158
159
160
161
162
163
164
165
166
167
168
169
170
171
172
173
174
175
176
177
178
179
180
181
182
183
184
185
186
187
188
189
190
0 0.98 0
0 0.96 0
0 0.9399999999999999 0
0 0.92 0
0 0.9 0
0 0.88 0
0 0.86 0
0 0.84 0
0 0.8200000000000001 0
0 0.8 0
0 0.78 0
0 0.76 0
0 0.74 0
0 0.72 0
0 0.7 0
0 0.6799999999999999 0
0 0.6599999999999999 0
0 0.64 0
0 0.62 0
0 0.6 0
0 0.5800000000000001 0
0 0.5600000000000001 0
0 0.54 0
0 0.52 0
0 0.5 0
0 0.48 0
0 0.46 0
0 0.4399999999999999 0
0 0.42 0
0 0.4 0
0 0.38 0
0 0.36 0
0 0.34 0
0 0.32 0
0 0.3 0
0 0.28 0
0 0.26 0
0 0.24 0
0 0.22 0
0 0.2 0
0 0.18 0
0 0.16 0
0 0.14 0
0 0.12 0
0 0.09999999999999998 0
0 0.07999999999999996 0
0 0.06000000000000005 0
0 0.04000000000000004 0
0 0.02000000000000002 0
1 10 0 49
191
192
193
194
195
196
197
198
199
200
201
202
203
204
205
206
207
208
209
210
211
212
213
214
215
216
217
218
219
220
221
222
223
224
225
226
227
228
229
230
231
232
233
234
235
236
237
238
239
1 0.02 0
1 0.04 0
1 0.06 0
1 0.08 0
1 0.1 0
1 0.12 0
1 0.14 0
1 0.16 0
1 0.18 0
1 0.2 0
1 0.22 0
1 0.24 0
1 0.26 0
1 0.28 0
1 0.3 0
1 0.32 0
1 0.34 0
1 0.36 0
1 0.38 0
1 0.4 0
1 0.42 0
1 0.44 0
1 0.46 0
1 0.48 0
1 0.5 0
1 0.52 0
1 0.54 0
1 0.5600000000000001 0
1 0.58 0
1 0.6 0
1 0.62 0
1 0.64 0
1 0.66 0
1 0.68 0
1 0.7 0
1 0.72 0
1 0.74 0
1 0.76 0
1 0.78 0
1 0.8 0
1 0.82 0
1 0.84 0
1 0.86 0
1 0.88 0
1 0.9 0
1 0.92 0
1 0.9399999999999999 0
1 0.96 0
1 0.98 0
1 11 0 49
240
241
242
243
244
245
246
247
248
249
250
251
252
253
254
255
256
257
258
259
260
261
262
263
264
265
266
267
268
269
270
271
272
273
274
275
276
277
278
279
280
281
282
283
284
285
286
287
288
0.98 1 0
0.96 1 0
0.9399999999999999 1 0
0.92 1 0
0.9 1 0
0.88 1 0
0.86 1 0
0.84 1 0
0.8200000000000001 1 0
0.8 1 0
0.78 1 0
0.76 1 0
0.74 1 0
0.72 1 0
0.7 1 0
0.6799999999999999 1 0
0.6599999999999999 1 0
0.64 1 0
0.62 1 0
0.6 1 0
0.5800000000000001 1 0
0.5600000000000001 1 0
0.54 1 0
0.52 1 0
0.5 1 0
0.48 1 0
0.46 1 0
0.4399999999999999 1 0
0.42 1 0
0.4 1 0
0.38 1 0
0.36 1 0
0.34 1 0
0.32 1 0
0.3 1 0
0.28 1 0
0.26 1 0
0.24 1 0
0.22 1 0
0.2 1 0
0.18 1 0
0.16 1 0
0.14 1 0
0.12 1 0
0.09999999999999998 1 0
0.07999999999999996 1 0
0.06000000000000005 1 0
0.04000000000000004 1 0
0.02000000000000002 1 0
2 1 0 2616
289
290
291
292
293
294
295
296
297
298
299
300
301
302
303
304
305
306
307
308
309
310
311
312
313
314
315
316
317
318
319
320
321
322
323
324
325
326
327
328
329
330
331
332
333
334
335
336
337
338
339
340
341
342
343
344
345
346
347
348
349
350
351
352
353
354
355
356
357
358
359
360
361
362
363
364
365
366
367
368
369
370
371
372
373
374
375
376
377
378
379
380
381
382
383
384
385
386
387
388
389
390
391
392
393
394
395
396
397
398
399
400
401
402
403
404
405
406
407
408
409
410
411
412
413
414
415
416
417
418
419
420
421
422
423
424
425
426
427
428
429
430
431
432
433
434
435
436
437
438
439
440
441
442
443
444
445
446
447
448
449
450
451
452
453
454
455
456
457
458
459
460
461
462
463
464
465
466
467
468
469
470
471
472
473
474
475
476
477
478
479
480
481
482
483
484
485
486
487
488
489
490
491
492
493
494
495
496
497
498
499
500
501
502
503
504
505
506
507
508
509
510
511
512
513
514
515
516
517
518
519
520
521
522
523
524
525
526
527
528
529
530
531
532
533
534
535
536
537
538
539
540
541
542
543
544
545
546
547
548
549
550
551
552
553
554
555
556
557
558
559
560
561
562
563
564
565
566
567
568
569
570
571
572
573
574
575
576
577
578
579
580
581
582
583
584
585
586
587
588
589
590
591
592
593
594
595
596
597
598
599
600
601
602
603
604
605
606
607
608
609
610
611
612
613
614
615
616
617
618
619
620
621
622
623
624
625
626
627
628
629
630
631
632
633
634
635
636
637
638
639
640
641
642
643
644
645
646
647
648
649
650
651
652
653
654
655
656
657
658
659
660
661
662
663
664
665
666
667
668
669
670
671
672
673
674
675
676
677
678
679
680
681
682
683
684
685
686
687
688
689
690
691
692
693
694
695
696
697
698
699
700
701
702
703
704
705
706
707
708
709
710
711
712
713
714
715
716
717
718
719
720
721
722
723
724
725
726
727
728
729
730
731
732
733
734
735
736
737
738
739
740
741
742
743
744
745
746
747
748
749
750
751
752
753
754
755
756
757
758
759
760
761
762
763
764
765
766
767
768
769
770
771
772
773
774
775
776
777
778
779
780
781
782
783
784
785
786
787
788
789
790
791
792
793
794
795
796
797
798
799
800
801
802
803
804
805
806
807
808
809
810
811
812
813
814
815
816
817
818
819
820
821
822
823
824
825
826
827
828
829
830
831
832
833
834
835
836
837
838
839
840
841
842
843
844
845
846
847
848
849
850
851
852
853
854
855
856
857
858
859
860
861
862
863
864
865
866
867
868
869
870
871
872
873
874
875
876
877
878
879
880
881
882
883
884
885
886
887
888
889
890
891
892
893
894
895
896
897
898
899
900
901
902
903
904
905
906
907
908
909
910
911
912
913
914
915
916
917
918
919
920
921
922
923
924
925
926
927
928
929
930
931
932
933
934
935
936
937
938
939
940
941
942
943
944
945
946
947
948
949
950
951
952
953
954
955
956
957
958
959
960
961
962
963
964
965
966
967
968
969
970
971
972
973
974
975
976
977
978
979
980
981
982
983
984
985
986
987
988
989
990
991
992
993
994
995
996
997
998
999
1000
1001
1002
1003
1004
1005
1006
1007
1008
1009
1010
1011
1012
1013
1014
1015
1016
1017
1018
1019
1020
1021
1022
1023
1024
1025
1026
1027
1028
1029
1030
1031
1032
1033
1034
1035
1036
1037
1038
1039
1040
1041
1042
1043
1044
1045
1046
1047
1048
1049
1050
1051
1052
1053
1054
1055
1056
1057
1058
1059
1060
1061
1062
1063
1064
1065
1066
1067
1068
1069
1070
1071
1072
1073
1074
1075
1076
1077
1078
1079
1080
1081
1082
1083
1084
1085
1086
1087
1088
1089
1090
1091
1092
1093
1094
1095
1096
1097
1098
1099
1100
1101
1102
1103
1104
1105
1106
1107
1108
1109
1110
1111
1112
1113
1114
1115
1116
1117
1118
1119
1120
1121
1122
1123
1124
1125
1126
1127
1128
1129
1130
1131
1132
1133
1134
1135
1136
1137
1138
1139
1140
1141
1142
1143
1144
1145
1146
1147
1148
1149
1150
1151
1152
1153
1154
1155
1156
1157
1158
1159
1160
1161
1162
1163
1164
1165
1166
1167
1168
1169
1170
1171
1172
1173
1174
1175
1176
1177
1178
1179
1180
1181
1182
1183
1184
1185
1186
1187
1188
1189
1190
1191
1192
1193
1194
1195
1196
1197
1198
1199
1200
1201
1202
1203
1204
1205
1206
1207
1208
1209
1210
1211
1212
1213
1214
1215
1216
1217
1218
1219
1220
1221
1222
1223
1224
1225
1226
1227
1228
1229
1230
1231
1232
1233
1234
1235
1236
1237
1238
1239
1240
1241
1242
1243
1244
1245
1246
1247
1248
1249
1250
1251
1252
1253
1254
1255
1256
1257
1258
1259
1260
1261
1262
1263
1264
1265
1266
1267
1268
1269
1270
1271
1272
1273
1274
1275
1276
1277
1278
1279
1280
1281
1282
1283
1284
1285
1286
1287
1288
1289
1290
1291
1292
1293
1294
1295
1296
1297
1298
1299
1300
1301
1302
1303
1304
1305
1306
1307
1308
1309
1310
1311
1312
1313
1314
1315
1316
1317
1318
1319
1320
1321
1322
1323
1324
1325
1326
1327
1328
1329
1330
1331
1332
1333
1334
1335
1336
1337
1338
1339
1340
1341
1342
1343
1344
1345
1346
1347
1348
1349
1350
1351
1352
1353
1354
1355
1356
1357
1358
1359
1360
1361
1362
1363
1364
1365
1366
1367
1368
1369
1370
1371
1372
1373
1374
1375
1376
1377
1378
1379
1380
1381
1382
1383
1384
1385
1386
1387
1388
1389
1390
1391
1392
1393
1394
1395
1396
1397
1398
1399
1400
1401
1402
1403
1404
1405
1406
1407
1408
1409
1410
1411
1412
1413
1414
1415
1416
1417
1418
1419
1420
1421
1422
1423
1424
1425
1426
1427
1428
1429
1430
1431
1432
1433
1434
1435
1436
1437
1438
1439
1440
1441
1442
1443
1444
1445
1446
1447
1448
1449
1450
1451
1452
1453
1454
1455
1456
1457
1458
1459
1460
1461
1462
1463
1464
1465
1466
1467
1468
1469
1470
1471
1472
1473
1474
1475
1476
1477
1478
1479
1480
1481
1482
1483
1484
1485
1486
1487
1488
1489
1490
1491
1492
1493
1494
1495
1496
1497
1498
1499
1500
1501
1502
1503
1504
1505
1506
1507
1508
1509
1510
1511
1512
1513
1514
1515
1516
1517
1518
1519
1520
1521
1522
1523
1524
1525
1526
1527
1528
1529
1530
1531
1532
1533
1534
1535
1536
1537
1538
1539
1540
1541
1542
1543
1544
1545
1546
1547
1548
1549
1550
1551
1552
1553
1554
1555
1556
1557
1558
1559
1560
1561
1562
1563
1564
1565
1566
1567
1568
1569
1570
1571
1572
1573
1574
1575
1576
1577
1578
1579
1580
1581
1582
1583
1584
1585
1586
1587
1588
1589
1590
1591
1592
1593
1594
1595
1596
1597
1598
1599
1600
1601
1602
1603
1604
1605
1606
1607
1608
1609
1610
1611
1612
1613
1614
1615
1616
1617
1618
1619
1620
1621
1622
1623
1624
1625
1626
1627
1628
1629
1630
1631
1632
1633
1634
1635
1636
1637
1638
1639
1640
1641
1642
1643
1644
1645
1646
1647
1648
1649
1650
1651
1652
1653
1654
1655
1656
1657
1658
1659
1660
1661
1662
1663
1664
1665
1666
1667
1668
1669
1670
1671
1672
1673
1674
1675
1676
1677
1678
1679
1680
1681
1682
1683
1684
1685
1686
1687
1688
1689
1690
1691
1692
1693
1694
1695
1696
1697
1698
1699
1700
1701
1702
1703
1704
1705
1706
1707
1708
1709
1710
1711
1712
1713
1714
1715
1716
1717
1718
1719
1720
1721
1722
1723
1724
1725
1726
1727
1728
1729
1730
1731
1732
1733
1734
1735
1736
1737
1738
1739
1740
1741
1742
1743
1744
1745
1746
1747
1748
1749
1750
1751
1752
1753
1754
1755
1756
1757
1758
1759
1760
1761
1762
1763
1764
1765
1766
1767
1768
1769
1770
1771
1772
1773
1774
1775
1776
1777
1778
1779
1780
1781
1782
1783
1784
1785
1786
1787
1788
1789
1790
1791
1792
1793
1794
1795
1796
1797
1798
1799
1800
1801
1802
1803
1804
1805
1806
1807
1808
1809
1810
1811
1812
1813
1814
1815
1816
1817
1818
1819
1820
1821
1822
1823
1824
1825
1826
1827
1828
1829
1830
1831
1832
1833
1834
1835
1836
1837
1838
1839
1840
1841
1842
1843
1844
1845
1846
1847
1848
1849
1850
1851
1852
1853
1854
1855
1856
1857
1858
1859
1860
1861
1862
1863
1864
1865
1866
1867
1868
1869
1870
1871
1872
1873
1874
1875
1876
1877
1878
1879
1880
1881
1882
1883
1884
1885
1886
1887
1888
1889
1890
1891
1892
1893
1894
1895
1896
1897
1898
1899
1900
1901
1902
1903
1904
1905
1906
1907
1908
1909
1910
1911
1912
1913
1914
1915
1916
1917
1918
1919
1920
1921
1922
1923
1924
1925
1926
1927
1928
1929
1930
1931
1932
1933
1934
1935
1936
1937
1938
1939
1940
1941
1942
1943
1944
1945
1946
1947
1948
1949
1950
1951
1952
1953
1954
1955
1956
1957
1958
1959
1960
1961
1962
1963
1964
1965
1966
1967
1968
1969
1970
1971
1972
1973
1974
1975
1976
1977
1978
1979
1980
1981
1982
1983
1984
1985
1986
1987
1988
1989
1990
1991
1992
1993
1994
1995
1996
1997
1998
1999
2000
2001
2002
2003
2004
2005
2006
2007
2008
2009
2010
2011
2012
2013
2014
2015
2016
2017
2018
2019
2020
2021
2022
2023
2024
2025
2026
2027
2028
2029
2030
2031
2032
2033
2034
2035
2036
2037
2038
2039
2040
2041
2042
2043
2044
2045
2046
2047
2048
2049
2050
2051
2052
2053
2054
2055
2056
2057
2058
2059
2060
2061
2062
2063
2064
2065
2066
2067
2068
2069
2070
2071
2072
2073
2074
2075
2076
2077
2078
2079
2080
2081
2082
2083
2084
2085
2086
2087
2088
2089
2090
2091
2092
2093
2094
2095
2096
2097
2098
2099
2100
2101
2102
2103
2104
2105
2106
2107
2108
2109
2110
2111
2112
2113
2114
2115
2116
2117
2118
2119
2120
2121
2122
2123
2124
2125
2126
2127
2128
2129
2130
2131
2132
2133
2134
2135
2136
2137
2138
2139
2140
2141
2142
2143
2144
2145
2146
2147
2148
2149
2150
2151
2152
2153
2154
2155
2156
2157
2158
2159
2160
2161
2162
2163
2164
2165
2166
2167
2168
2169
2170
2171
2172
2173
2174
2175
2176
2177
2178
2179
2180
2181
2182
2183
2184
2185
2186
2187
2188
2189
2190
2191
2192
2193
2194
2195
2196
2197
2198
2199
2200
2201
2202
2203
2204
2205
2206
2207
2208
2209
2210
2211
2212
2213
2214
2215
2216
2217
2218
2219
2220
2221
2222
2223
2224
2225
2226
2227
2228
2229
2230
2231
2232
2233
2234
2235
2236
2237
2238
2239
2240
2241
2242
2243
2244
2245
2246
2247
2248
2249
2250
2251
2252
2253
2254
2255
2256
2257
2258
2259
2260
2261
2262
2263
2264
2265
2266
2267
2268
2269
2270
2271
2272
2273
2274
2275
2276
2277
2278
2279
2280
2281
2282
2283
2284
2285
2286
2287
2288
2289
2290
2291
2292
2293
2294
2295
2296
2297
2298
2299
2300
2301
2302
2303
2304
2305
2306
2307
2308
2309
2310
2311
2312
2313
2314
2315
2316
2317
2318
2319
2320
2321
2322
2323
2324
2325
2326
2327
2328
2329
2330
2331
2332
2333
2334
2335
2336
2337
2338
2339
2340
2341
2342
2343
2344
2345
2346
2347
2348
2349
2350
2351
2352
2353
2354
2355
2356
2357
2358
2359
2360
2361
2362
2363
2364
2365
2366
2367
2368
2369
2370
2371
2372
2373
2374
2375
2376
2377
2378
2379
2380
2381
2382
2383
2384
2385
2386
2387
2388
2389
2390
2391
2392
2393
2394
2395
2396
2397
2398
2399
2400
2401
2402
2403
2404
2405
2406
2407
2408
2409
2410
2411
2412
2413
2414
2415
2416
2417
2418
2419
2420
2421
2422
2423
2424
2425
2426
2427
2428
2429
2430
2431
2432
2433
2434
2435
2436
2437
2438
2439
2440
2441
2442
2443
2444
2445
2446
2447
2448
2449
2450
2451
2452
2453
2454
2455
2456
2457
2458
2459
2460
2461
2462
2463
2464
2465
2466
2467
2468
2469
2470
2471
2472
2473
2474
2475
2476
2477
2478
2479
2480
2481
2482
2483
2484
2485
2486
2487
2488
2489
2490
2491
2492
2493
2494
2495
2496
2497
2498
2499
2500
2501
2502
2503
2504
2505
2506
2507
2508
2509
2510
2511
2512
2513
2514
2515
2516
2517
2518
2519
2520
2521
2522
2523
2524
2525
2526
2527
2528
2529
2530
2531
2532
2533
2534
2535
2536
2537
2538
2539
2540
2541
2542
2543
2544
2545
2546
2547
2548
2549
2550
2551
2552
2553
2554
2555
2556
2557
2558
2559
2560
2561
2562
2563
2564
2565
2566
2567
2568
2569
2570
2571
2572
2573
2574
2575
2576
2577
2578
2579
2580
2581
2582
2583
2584
2585
2586
2587
2588
2589
2590
2591
2592
2593
2594
2595
2596
2597
2598
2599
2600
2601
2602
2603
2604
2605
2606
2607
2608
2609
2610
2611
2612
2613
2614
2615
2616
2617
2618
2619
2620
2621
2622
2623
2624
2625
2626
2627
2628
2629
2630
2631
2632
2633
2634
2635
2636
2637
2638
2639
2640
2641
2642
2643
2644
2645
2646
2647
2648
2649
2650
2651
2652
2653
2654
2655
2656
2657
2658
2659
2660
2661
2662
2663
2664
2665
2666
2667
2668
2669
2670
2671
2672
2673
2674
2675
2676
2677
2678
2679
2680
2681
2682
2683
2684
2685
2686
2687
2688
2689
2690
2691
2692
2693
2694
2695
2696
2697
2698
2699
2700
2701
2702
2703
2704
2705
2706
2707
2708
2709
2710
2711
2712
2713
2714
2715
2716
2717
2718
2719
2720
2721
2722
2723
2724
2725
2726
2727
2728
2729
2730
2731
2732
2733
2734
2735
2736
2737
2738
2739
2740
2741
2742
2743
2744
2745
2746
2747
2748
2749
2750
2751
2752
2753
2754
2755
2756
2757
2758
2759
2760
2761
2762
2763
2764
2765
2766
2767
2768
2769
2770
2771
2772
2773
2774
2775
2776
2777
2778
2779
2780
2781
2782
2783
2784
2785
2786
2787
2788
2789
2790
2791
2792
2793
2794
2795
2796
2797
2798
2799
2800
2801
2802
2803
2804
2805
2806
2807
2808
2809
2810
2811
2812
2813
2814
2815
2816
2817
2818
2819
2820
2821
2822
2823
2824
2825
2826
2827
2828
2829
2830
2831
2832
2833
2834
2835
2836
2837
2838
2839
2840
2841
2842
2843
2844
2845
2846
2847
2848
2849
2850
2851
2852
2853
2854
2855
2856
2857
2858
2859
2860
2861
2862
2863
2864
2865
2866
2867
2868
2869
2870
2871
2872
2873
2874
2875
2876
2877
2878
2879
2880
2881
2882
2883
2884
2885
2886
2887
2888
2889
2890
2891
2892
2893
2894
2895
2896
2897
2898
2899
2900
2901
2902
2903
2904
0.2361153674632828 0.2550614807957537 0
0.733056227517293 0.5876890968778368 0
0.5591376938572519 0.4384930291399604 0
0.01633905536384295 0.4699260588707865 0
0.6716291377233858 0.9830330985579567 0
0.3391538665760818 0.6336271967940432 0
0.790006178805559 0.9826842961610998 0
0.4696963983021219 0.01726799732472784 0
0.5918408576142319 0.3588276516739666 0
0.4644007288596246 0.7592128053669022 0
0.9829671759463737 0.7704989429514727 0
0.2626633235613978 0.2143466516695447 0
0.55 0.01732050807568875 0
0.7537819566219472 0.3196087662629706 0
0.2758220690527531 0.6602667117274081 0
0.668624039183348 0.5874133132870236 0
0.8297300169923325 0.01715980744262358 0
0.6469060032633021 0.3193172317768667 0
0.68956990730881 0.01697296884691618 0
0.0179785882384918 0.548678588018177 0
0.186094864266207 0.2650375987374972 0
0.9826063465291814 0.1901204818115917 0
0.9828246143740551 0.6902379754595883 0
0.5890716675579467 0.9829868643693873 0
0.9841649542193855 0.8501237488840923 0
0.3878235144466315 0.01730604000927038 0
0.01681362569636197 0.6290699611292292 0
0.2454352982352234 0.8029465584263833 0
0.01546630129661619 0.3871845077710699 0
0.4051165517296839 0.6456554540173871 0
0.01662737705491335 0.8699960211275255 0
0.7883569354512142 0.5575603366095545 0
0.2386259228531328 0.713500012605808 0
0.9833934475230248 0.2685926309345034 0
0.01619483229811658 0.7692062443615745 0
0.4525105432322326 0.6961458219710946 0
0.5691772176546022 0.5041885707148475 0
0.4500589530472042 0.8060416486141551 0
0.1500033511554687 0.9830853629768526 0
0.2340654184899933 0.7614185596305469 0
0.87 0.9826794919243111 0
0.608037143716781 0.5576746703776769 0
0.2553216540989177 0.1603334039839812 0
0.9837765749409547 0.6092676003353613 0
0.8084592686779073 0.3596995493092349 0
0.9826795032403119 0.1100049679402537 0
0.5296964831181779 0.9837165723513606 0
0.0157193316489368 0.7099735695430971 0
0.7486356195725553 0.01776895129211808 0
0.6314129591064723 0.01613328982257412 0
0.7300172429689108 0.9836308175561782 0
0.01732050807568875 0.33 0
0.2100273388135429 0.9826877320774799 0
0.9836105266002569 0.5499954510110315 0
0.3275996549758956 0.01793552142318749 0
0.4240239804864607 0.839764865480739 0
0.9842430854273966 0.3303850617532184 0
0.5689626438926028 0.3967126165284622 0
0.6889944603358102 0.3095230152130309 0
0.8223885429473337 0.5226527188088411 0
0.8905037816664347 0.01624666737050429 0
0.8320298122903437 0.3953347145754487 0
0.1082540859035482 0.01767940313536936 0
0.01766965768539153 0.1133104982986406 0
0.8374967858510987 0.4799975996243881 0
0.2767318686521757 0.8401079134095761 0
0.8395564693690808 0.4390750963517673 0
0.1452982072055498 0.2365144151065098 0
0.4723966621431631 0.9838334249261691 0
0.09000681894035695 0.9826794296241028 0
0.9804913740216908 0.909953723788249 0
0.9826794919243113 0.39 0
0.2712223979562935 0.01822571194791378 0
0.9834062308792841 0.4700002394524751 0
0.41 0.9826794919243113 0
0.2899620512957836 0.9826725762665915 0
0.1635542770582669 0.1447510222515899 0
0.1349527034531636 0.1860976106395179 0
0.2085939905711397 0.1350583393303501 0
0.0173205080756888 0.27 0
0.3499911690998442 0.9828165740253328 0
0.1671843423987431 0.01696276253553591 0
0.384614812042361 0.8600739487857894 0
0.3137428504300308 0.8613698861399141 0
0.01732944996253416 0.2099480336439753 0
0.01699281006285946 0.929434783323962 0
0.9275062166190235 0.9832109251746552 0
0.01649678988184505 0.1688139198534697 0
0.2107779395912938 0.01600833505399057 0
0.01731487884756716 0.07000984163255336 0
0.06979246979103593 0.01782671740119057 0
0.9828333429078778 0.5100000550177872 0
0.9826863943800377 0.4300146760685358 0
0.2500117428577124 0.9826953813952367 0
0.9825828714854364 0.2287876572973551 0
0.01679350700399962 0.8117100461781468 0
0.01702731023923487 0.6721385388253256 0
0.9833239429346655 0.1500039160080232 0
0.9864074383380799 0.6501683686851093 0
0.01809649270957159 0.5906435456272624 0
0.01719482260158267 0.4312315029726829 0
0.01857354759394203 0.5107865222748763 0
0.9826850003242538 0.8099959318537288 0
0.9829726160499425 0.7294874749552251 0
0.7900038229228271 0.01684485858367601 0
0.5894460598959008 0.01699586543942372 0
0.5102377483480615 0.01878658553255474 0
0.4307970130876082 0.01615665652331527 0
0.6290425218675957 0.9840096319195044 0
0.8298195156594068 0.9834906056095096 0
0.9832431001700503 0.07005670001270986 0
0.9295221678782795 0.0170445556791185 0
0.05012176577288951 0.9835423468030073 0
0.9833351992442778 0.9503134394136347 0
0.9808073231481366 0.02991978978495208 0
0.01687927575715276 0.03082511768206303 0
0.254822600925456 0.2366312908135643 0
0.2576766532288017 0.2576766532288015 0
0.245084294632784 0.2733734358580763 0
0.2642565667532699 0.276173648971498 0
0.2516956845886195 0.2914130170321646 0
0.2709506912008482 0.294544261008766 0
0.2584928414121519 0.3096616672401967 0
0.2779308817726153 0.3127780028960264 0
0.2898364895097138 0.2976208466204529 0
0.2651451613217792 0.3284517201250557 0
0.2847673968209031 0.3311526100856169 0
0.2721234657223005 0.3469691030340046 0
0.2916528161981947 0.3494993867880714 0
0.2793946722918847 0.3647338214774361 0
0.2985957222723499 0.3677187758019411 0
0.2861929557883877 0.3828106970003213 0
0.305470234391549 0.3859718106927401 0
0.3178837806773191 0.3708582460965025 0
0.3247605770474773 0.389156055881051 0
0.2670887471821463 0.3797471442722418 0
0.273793688034686 0.3979098799825878 0
0.337174014283366 0.3740722117350525 0
0.3440560356934166 0.392357352151982 0
0.2545998938149722 0.3947945572199232 0
0.2613583700250126 0.4130293563385242 0
0.3564721823336428 0.3772731428465468 0
0.2420699406374175 0.4098535250467572 0
0.2489082425707768 0.4281742834221274 0
0.3633466942882706 0.3955637272306602 0
0.3509303441684153 0.4106727778918469 0
0.3702275629159343 0.4138799816590529 0
0.2295892833895923 0.4249861280263388 0
0.23644902761787 0.4433407753675216 0
0.3758673289892753 0.3805573354581776 0
0.3578073074203009 0.4289977617099379 0
0.3771219161633516 0.4322012584935652 0
0.2171098387097565 0.4400900080909349 0
0.2239673078219057 0.4585036254464185 0
0.2103110561188735 0.4220011524801721 0
0.2046718744645857 0.4551290608957029 0
0.2115266227464074 0.4736512184599518 0
0.2308810980398754 0.4769041737332614 0
0.2183949594330868 0.4920993978539516 0
0.3646909265617888 0.4473265008492983 0
0.3840081882392441 0.4505302154034887 0
0.1990124520835255 0.4888102528285413 0
0.2059001715189607 0.5073077940501503 0
0.2377904615589661 0.4953118981590986 0
0.1864738503080778 0.503998388779872 0
0.1933918607617571 0.522537832787483 0
0.3964421362829768 0.4354022368218613 0
0.4033275049250024 0.4537347878584562 0
0.3908921277014049 0.4688654737984105 0
0.4102148892632051 0.4720681088497138 0
0.3687172827107845 0.3620939829070819 0
0.3882922839662274 0.3654416074143751 0
0.3811164385018231 0.3469268143925529 0
0.4007007225059039 0.3502632616947829 0
0.3935567984559332 0.3316590646057509 0
0.4131385045467448 0.3350993569643644 0
0.4060119971844413 0.3164790006740026 0
0.4255190987322304 0.3198841393656092 0
0.418631908423557 0.3015549164629061 0
0.4380001955328363 0.3047555427798651 0
0.4309354997186738 0.2862011585822148 0
0.4504465667672571 0.2895560721117887 0
0.4433906348977584 0.270970407039 0
0.4629220250756103 0.2743560395545282 0
0.4560340057049318 0.255985668289066 0
0.4754719512348327 0.2592173217885795 0
0.4685298359916807 0.2407656137391322 0
0.4879947879991736 0.2440121363691578 0
0.4487812942334365 0.237402398791615 0
0.4810365992040332 0.2255332494671823 0
0.5005099982105267 0.2287686158647372 0
0.493548853714683 0.2102802286609478 0
0.5130490790401349 0.2135307830201236 0
0.5060777448133497 0.1950313346913208 0
0.5255721600336235 0.1982524716218026 0
0.4863843849981778 0.1919064416977535 0
0.5185849820417976 0.179759791305786 0
0.5381169308015114 0.182973641695334 0
0.3977767346160174 0.4872034517770588 0
0.4171038096781172 0.4904067899048014 0
0.4111362136291922 0.282743290938913 0
0.1739360862172319 0.5193161266903942 0
0.1808727025416901 0.5378007626616889 0
0.1670363872061494 0.5005998209244006 0
0.5450837032258303 0.2014970304143876 0
0.5576412734120332 0.1862152013331738 0
0.4327221611362918 0.3384043179500372 0
0.4157625251553428 0.438603539325196 0
0.5506800533658317 0.1676842359714867 0
0.570203021724406 0.1709286456748682 0
0.5771494921985191 0.1894575554610528 0
0.5897224485959914 0.1741758816197292 0
0.5966656533592782 0.1927010732716699 0
0.6092434752881064 0.1774231164451144 0
0.1614036780241584 0.5345801677473231 0
0.1683462450996119 0.5530627316509376 0
0.2002327375300383 0.5410021107362973 0
0.4046628391000639 0.5055446229854881 0
0.4239906437071825 0.5087510108179015 0
0.3853335331748582 0.502337543767126 0
0.6023036198237157 0.1588912494161808 0
0.6218353392937818 0.1621455830228214 0
0.628775044961408 0.1806791045870227 0
0.6413579393656348 0.1654144659732514 0
0.6483041460325994 0.1839408283690486 0
0.6608841783272817 0.1686704736682771 0
0.667815054720484 0.1871909136117265 0
0.6804029922634964 0.1719365442866522 0
0.6873333879807308 0.1904472693824786 0
0.6999198947001843 0.1752037651607441 0
0.7068591187478743 0.1937242329470352 0
0.7194405475107017 0.1784533266337597 0
0.7263770285957679 0.1969831427934249 0
0.7389537910692526 0.1817245037854585 0
0.7458968558618682 0.2002330560311722 0
0.7584700197465934 0.1849974444108463 0
0.7654180423365824 0.2034955190487037 0
0.777993825924914 0.1882524965314343 0
0.7849455585892549 0.20675484429225 0
0.7975364399862924 0.1914632510720901 0
0.8044882197731302 0.2100243149581179 0
0.8170874308916675 0.1947192323775845 0
0.8240325076073807 0.2132870196842819 0
0.8101330957195373 0.1761446899437412 0
0.8297034968955435 0.1794075890259271 0
0.7517894275401752 0.1665062045960798 0
0.8227416956520767 0.1608185908881922 0
0.8423320786814416 0.1640849105384775 0
0.5074922465610011 0.2472657898806091 0
0.4698477861610181 0.2927924633179213 0
0.2452166644257025 0.3262531895623377 0
0.6931593783661263 0.1566830846850961 0
0.1488544709599331 0.5498363400660304 0
0.1558058443599324 0.568339201570474 0
0.4364335260292689 0.4936106279530654 0
0.4433218558160599 0.5119587496502548 0
0.634517048838983 0.1468732120523191 0
0.39221962468021 0.5206823155255141 0
0.3728873670999144 0.5174735542585759 0
0.835362566533696 0.1454755012668665 0
0.8549717679551163 0.1487422924847074 0
0.8619380750763348 0.1673666773337681 0
0.1362963671370305 0.5651099196247238 0
0.1432616559255245 0.5836201135272179 0
0.1627705945813645 0.5868471540352576 0
0.1502269092979127 0.6021266568151999 0
0.1293426222344305 0.5465750039695094 0
0.169723189976413 0.6053575484088933 0
0.1571871243457123 0.6206217293034919 0
0.1376936202184375 0.6174185978287986 0
0.144648296297902 0.6359106159862158 0
0.4557653378194192 0.4968178980332483 0
0.4626557270472788 0.5151657565058224 0
0.4502105631316574 0.5303071530944351 0
0.4695463865625989 0.5335146376265083 0
0.8480999172973784 0.1302020441751323 0
0.8288362653216513 0.1270218479041244 0
0.6552058489395013 0.2024742026293361 0
0.8676409817670288 0.1334002381767345 0
0.4570999097678008 0.5486570617481837 0
0.4764374410431174 0.551864955921066 0
0.8114358576541392 0.2285866303400918 0
0.8309769462096337 0.2318514746454491 0
0.1251385946127117 0.6327091690100242 0
0.1321007502727832 0.6512251975902462 0
0.1766819969202558 0.6238446032270608 0
0.3797742786169027 0.5358221834570323 0
0.3604389409355625 0.532612382488634 0
0.3453725251911067 0.4441203391819206 0
0.4639899708225459 0.5670083975014183 0
0.4833290412990953 0.5702167371935953 0
0.8183696799453167 0.2471311642011458 0
0.8379079073520211 0.2504026053318874 0
0.7333691899851658 0.2155542067228208 0
0.4708807791676298 0.5853610890072828 0
0.4902212228136606 0.5885700676827991 0
0.5026701475801877 0.5734242068726271 0
0.5095630295566317 0.591778837183829 0
0.116765613034121 0.5618860924126808 0
0.4971129724760157 0.6069252198886469 0
0.5164557414935871 0.6101344825471563 0
0.1892058065221732 0.6085862915714553 0
0.1098010432247777 0.543313700384207 0
0.8505217064434732 0.2351116936130712 0
0.8574644675413281 0.253687663999936 0
0.8700848365840241 0.2383789533321012 0
0.8770284734527128 0.2569725138936244 0
0.8644000488382413 0.2722772389962642 0
0.883966324224573 0.2755583580973069 0
0.8713422804629692 0.2908540033269571 0
0.8908942377831713 0.2941425438724922 0
0.878279829678962 0.3094306607929169 0
0.860638807292968 0.1147467268095572 0
0.8802853510247511 0.1180164289683108 0
0.4751001369073116 0.5000243808564258 0
0.4682089548058446 0.481675745659437 0
0.1126299462648514 0.6479797638770928 0
0.1196125866699532 0.6665143690526993 0
0.1390890449791435 0.6697583025881839 0
0.1266011141278615 0.6850438150234709 0
0.1461120734015545 0.688183397357033 0
0.133565997315794 0.7035312390606641 0
0.1140920652503111 0.7001837118545046 0
0.1210460874285124 0.7188521897024401 0
0.1405442686170636 0.7220198754858485 0
0.1279842407328011 0.7374123599641205 0
0.105583496191793 0.6294588135432674 0
0.108501000455621 0.7340703708796559 0
0.1154772370388785 0.7527314643392148 0
0.1349839161567604 0.755959112175262 0
0.1224682324993866 0.7712901749094729 0
0.1419944451718236 0.774497050738145 0
0.1294760407599024 0.7898197860673178 0
0.1490006730510255 0.7930142959419113 0
0.1364720517249831 0.8083458175241465 0
0.1560242952660912 0.8115458848175832 0
0.1434837782445725 0.8268721182411972 0
0.1630430317948626 0.8300763518765109 0
0.1504875046620239 0.8454082221401531 0
0.1700470605270733 0.8486050565665241 0
0.1574973712524664 0.86395713389621 0
0.1770633268676944 0.8671398594899076 0
0.1379170591348916 0.860743348831298 0
0.1449404268559703 0.8793266907021944 0
0.1253284178281765 0.876107398985384 0
0.1168949192325927 0.8050645388379627 0
0.8896613233539021 0.241662248478647 0
0.5040048484878878 0.6252813709250963 0
0.5233485209831152 0.6284913649198849 0
0.535763979842597 0.6133573822461281 0
0.542652504240643 0.6317171101342104 0
0.5302347903336215 0.6468538299020115 0
0.5497284900050602 0.6500122936317123 0
0.5371557770415484 0.6652108526452569 0
0.5566657900830885 0.6683678306341789 0
0.5440592902258198 0.6835875722632189 0
0.5635694023018234 0.6867512271383114 0
0.5509589028489129 0.7019811677791373 0
0.5704857795545137 0.7051476843161422 0
0.5578313479532439 0.720396815637713 0
0.577454296907511 0.7235443976185938 0
0.5647498386794408 0.7388312835072179 0
0.584394861317116 0.7419760282813497 0
0.5716971557659045 0.7572699356804089 0
0.5911541588922601 0.760492038963438 0
0.6037574783308522 0.745171473001732 0
0.6106055072567336 0.7637033790245644 0
0.6232493474470546 0.7482826837198009 0
0.6300840744581131 0.7669162858676948 0
0.6426067463150955 0.7516690438883519 0
0.6495479857777807 0.7701818849795914 0
0.6620794934789025 0.7549280227364984 0
0.6690343262702538 0.773426499612959 0
0.6815819209795517 0.7581661957530148 0
0.6885426813995533 0.7766644720712972 0
0.7011126836546124 0.7613058624132043 0
0.7080653814565694 0.7798879506017936 0
0.7206446168591933 0.7645150422797806 0
0.7275973141905835 0.7831199500208296 0
0.7401811142986774 0.7678029476461574 0
0.7471610927918222 0.786276385899344 0
0.7597444652284036 0.7710246430380316 0
0.7667320890303618 0.7895105306299723 0
0.5785884495617369 0.7757463373227205 0
0.7793147238428841 0.7742626438298472 0
0.7863140266669426 0.7927437537850269 0
0.6370012169424075 0.7854366161390863 0
0.7988830263685076 0.7774918130110879 0
0.7919060641070126 0.758933995581807 0
0.8061954404291669 0.7958552456223065 0
0.715026410113631 0.7983976781684015 0
0.7739950432553278 0.8078343105048901 0
0.8114732771514279 0.7621636972433438 0
0.804505080175357 0.7435963785659635 0
0.824081129174681 0.7468365701039512 0
0.817103243424312 0.7282604882844189 0
0.6941473403754765 0.7428043084699827 0
0.8366738670629353 0.73149992528173 0
0.8296830283194705 0.7129298218697201 0
0.8436717812455634 0.7500815926548998 0
0.8101255025157815 0.709695305049981 0
0.6359608449210152 0.7327872015958167 0
0.8227028519224374 0.6943739937605227 0
0.8422556927522892 0.6976003264149728 0
0.8352739667204441 0.6790517790302435 0
0.5763248511240032 0.67136473870399 0
0.8548257391961369 0.6822769100820618 0
0.8478392496686811 0.6637293657895555 0
0.8031560684590764 0.6911615209013491 0
0.8673633576126998 0.6669265099230199 0
0.8604072730466847 0.6484024106733999 0
0.8744883032493851 0.6854341025509828 0
0.8799310264351581 0.6515964389535799 0
0.8729741145371398 0.6330728346240414 0
0.8408575204501478 0.6451859645729638 0
0.55913084928851 0.772519466188831 0
0.566062886201671 0.7909931396156986 0
0.5465868565139449 0.7877632156376568 0
0.5535210475587129 0.8062405386256501 0
0.5730099076091946 0.8094834687447839 0
0.5604533821331044 0.8247415700014465 0
0.5799643951649269 0.8279946097377077 0
0.5673932594951165 0.8432758632724375 0
0.5869237329520851 0.8465286543590101 0
0.574335595067586 0.8618283163521194 0
0.554816012192146 0.8585526043231871 0
0.5938898014573537 0.8650778503752556 0
0.5617368373689522 0.877128513236717 0
0.5422049246287365 0.8738544369203938 0
0.3735271625946905 0.3280821048105392 0
0.8925422665425863 0.6362983393220933 0
0.8855486003242836 0.617746805481045 0
0.8978260588327337 0.3127190632850875 0
0.8852159977510894 0.3280023327392269 0
0.1323699817319758 0.894692908825983 0
0.1127367725208468 0.8915071987244969 0
0.1056980475480586 0.8728809674266873 0
0.904748993202761 0.331293741278109 0
0.8921480206124904 0.3465721963084878 0
0.5491382444286913 0.8924404095214904 0
0.5295819765860892 0.889176050420818 0
0.5226869463208309 0.8705756190881067 0
0.5100396368946201 0.8859075975185543 0
0.4515437701847964 0.5821513715341136 0
0.3673281448175384 0.5509626390696684 0
0.347990866863026 0.5477588082128514 0
0.3410983678700409 0.5293982782529435 0
0.3286436423175755 0.5445524879758848 0
0.3217496016445011 0.5261823911501188 0
0.309285480440346 0.5413346425113212 0
0.1961558076395322 0.6270468575613988 0
0.2086663036420682 0.6118076087855048 0
0.4875346749646701 0.4849467930271815 0
0.4807708031515541 0.4666848969713283 0
0.7849459822870795 0.7403511697081224 0
0.7988552564305018 0.2438768971983539 0
0.8659984050258815 0.614530271703166 0
0.8785545298031252 0.5991909775896211 0
0.8981128274731232 0.6024162345521912 0
0.8911111922732047 0.5838572855511746 0
0.8517907470775801 0.2875754031708497 0
0.2502663853743458 0.4801259176956648 0
0.694220053699891 0.2090070729519221 0
0.5841054288207783 0.2079727642673598 0
0.7332368406152057 0.7491449216078212 0
0.4944360821830695 0.5032416310715394 0
0.5220129695904042 0.5766316332500079 0
0.5632575441602743 0.1523881565460456 0
0.8872676884781523 0.136674470649046 0
0.5437045394385244 0.1491450266308914 0
0.5563006061343627 0.1338283876119714 0
0.5367182388091337 0.1305853070694528 0
0.5493220658045692 0.1152527366240652 0
0.5297359653204589 0.1120049068300677 0
0.4078589717311196 0.3687349122355017 0
0.5383416749050101 0.7172331669683694 0
0.6759889932459205 0.791926242975751 0
0.5171310240561422 0.1273468423054182 0
0.510143100057456 0.1087689233178755 0
0.4975360111711615 0.1241060675231294 0
0.4905490217866787 0.1055288981567676 0
0.4779427847617048 0.1208629431310689 0
0.470958880873193 0.1022830455260903 0
0.4583337849882956 0.1175979356814594 0
0.4513724617666706 0.09904212992914574 0
0.4387531029205453 0.1143487088793806 0
0.4317946461556078 0.09580618902606686 0
0.4192196987881088 0.1111369486802251 0
0.426179499181434 0.129673138323643 0
0.4066599387471677 0.1264398797712847 0
0.3996646512489617 0.1079178560094823 0
0.3871440676250813 0.1232236087016231 0
0.3941117383606507 0.1417131333714869 0
0.3746265408690568 0.1385063848696088 0
0.3815719264891138 0.1569668490380084 0
0.3676861216893358 0.1200925460454473 0
0.3621245636349432 0.153765517251515 0
0.3690591421507176 0.1721973240619992 0
0.3496378277129444 0.1689894218228112 0
0.3565741588444217 0.1874041768122923 0
0.3759811353209042 0.1906178088470778 0
0.3635000708149609 0.2058163067552533 0
0.4010229649119486 0.1601858842876241 0
0.3426948850252703 0.1505798532461108 0
0.1519606024107345 0.8978632652338934 0
0.568711648049984 0.8957096721688322 0
0.5621641151596241 0.6347663024704718 0
0.8995290771375978 0.6546895647572785 0
0.5689041189716402 0.1185071394709114 0
0.102895737933599 0.7679427421059997 0
0.2351127539008718 0.391428224096661 0
0.268225086681566 0.4313470434863051 0
0.6064819059536508 0.8497710385685058 0
0.6134552550578946 0.8683321384244409 0
0.0930925088369749 0.8883001853128453 0
0.6260487307559941 0.8530094269371447 0
0.633028561393824 0.8715870362220246 0
0.6204345782854713 0.8869151573496401 0
0.6400234358844372 0.8901608649581796 0
0.6526189610359995 0.8748298741023699 0
0.6596280839949435 0.8934131793528737 0
0.6722342315524767 0.8780732070720494 0
0.6792478406538862 0.8966510218766631 0
0.6918711534853685 0.8813148148852484 0
0.6988771709558785 0.8999027924010889 0
0.7115061528427824 0.8845617147867053 0
0.7184481684028714 0.9031461917489613 0
0.7311364425497782 0.8878079176092613 0
0.7378221929788342 0.9068594377000779 0
0.7507912626868032 0.8910720350964615 0
0.8057762458835172 0.2623948070043188 0
0.561930334501558 0.09990749802789284 0
0.5815397505203762 0.1031665034275694 0
0.09720329538943218 0.5586595321984031 0
0.7577990566492672 0.9097177136095238 0
0.7704468991230248 0.8943241505795525 0
0.5340511617001266 0.8029943786205737 0
0.1001139225055755 0.662999403912254 0
0.484662557544178 0.6220710757443162 0
0.8999414691650944 0.1212934722364977 0
0.8929508234910442 0.1026222358060803 0
0.1545221147082304 0.7591696923796789 0
0.3161849968648209 0.5597135710122605 0
0.2968171120099687 0.5564947487326763 0
0.9069259707988498 0.1399610693938069 0
0.2768960053367819 0.261258606903995 0
0.7774983064153205 0.9127353240565793 0
0.7901165912150042 0.897536457148135 0
0.3441120139384693 0.2026052086982987 0
0.3510306565594326 0.2209889879687446 0
0.9116807521682767 0.3498632749284145 0
0.8990811729062944 0.3651419425632784 0
0.5169683197441391 0.9044791393204863 0
0.4974170402969312 0.9012104888721151 0
0.5031053684880901 0.8673479603173668 0
0.9106816314576601 0.5870788714369164 0
0.9036750419903168 0.5685326975518855 0
0.3037223654926259 0.5748762075573738 0
0.2843487108624749 0.5716661368491696 0
0.9035477697410024 0.2788826278515735 0
0.09022814030318971 0.5400759455821873 0
0.1028380484553623 0.5247284648771237 0
0.7862915879543412 0.2591450932463848 0
0.3302262194608924 0.1657872447622672 0
0.3232886891759462 0.1473950119160123 0
0.522716967689219 0.09341680766437038 0
0.08605259823226075 0.8696649744927747 0
0.1197743059732951 0.9100842572684369 0
0.8590128329998199 0.5959853647703339 0
0.7972251642357849 0.9159250137159111 0
0.809796310417037 0.90077483227031 0
0.8027627194356636 0.8821716631524866 0
0.8224375515160957 0.8854131775515167 0
0.8294551089925876 0.9040803513105744 0
0.842112562874741 0.8886702068339607 0
0.8491341306091443 0.9073475177071094 0
0.8617929818399244 0.8919294150881438 0
0.8547691263866348 0.8732532352427624 0
0.8744516600324417 0.8765064058330535 0
0.8674309453959814 0.8578325425351608 0
0.8814819591020698 0.8951803340947283 0
0.8871101717905794 0.8610857409344003 0
0.8800896566859497 0.8424134071406433 0
0.8997671961674003 0.8456664259056416 0
0.8927386088290141 0.8270002660168326 0
0.9067962443955773 0.8643405431085283 0
0.6274749969103581 0.9054852927847994 0
0.1896012631116852 0.8518011550961764 0
0.1966194097629536 0.8703209856095511 0
0.5560943692886339 0.911042959582641 0
0.8841170792945441 0.5653015833937207 0
0.8966682139602949 0.5499841321934755 0
0.9121279579247645 0.63949613610495 0
0.1685188590484737 0.7962198847419075 0
0.5246328666726017 0.6804041031797547 0
0.3829026830041241 0.2090300258755671 0
0.8730698737285334 0.8237481164655567 0
0.8857363234883234 0.8083569964360676 0
0.9053879584665219 0.8115904855443048 0
0.8983845490574147 0.792950642114931 0
0.7052093296147278 0.9187365934690559 0
0.5043584166243831 0.9197920615567917 0
0.4847923284318975 0.9165124165346645 0
0.4778562025295621 0.8979402767641422 0
0.4652343183501396 0.9132287976353246 0
0.9126230375565694 0.1059024669400415 0
0.9056273612813934 0.08721931246913955 0
0.8859438178383806 0.08394329381449345 0
0.9174149693106752 0.316097751412158 0
0.4835550435404624 0.08695268068858353 0
0.3866631460493249 0.5541710517312993 0
0.3742196687990768 0.5693119265396283 0
0.3039589804373506 0.3343565421438849 0
0.8477483996546991 0.8545825963975087 0
0.7241664378672414 0.8691689625033973 0
0.5068714250756052 0.4881646446353437 0
0.277441964916192 0.553274386422579 0
0.2650269091898488 0.5684300280261292 0
0.2718757556899724 0.5868517773113652 0
0.6848697931515593 0.862706560619422 0
0.08325096834967527 0.5214851022123022 0
0.09586721787145491 0.5061408396564649 0
0.3316634148252415 0.2177913840591661 0
0.3385716871598459 0.23615346836335 0
0.9191654646848286 0.6579349580112546 0
0.6665500707683059 0.9118651399685875 0
0.9177892821871165 0.3687426646174535 0
0.9058760825255324 0.3837673753450265 0
0.3579318979001542 0.23936256478539 0
0.345472516471271 0.2545181096500538 0
0.917502847151245 0.7962572472561269 0
0.9109206520701549 0.7775362234266396 0
0.2091430694476303 0.8549908797628925 0
0.2161608323236571 0.8735038045992558 0
0.2036353649066979 0.8888342982632128 0
0.2231914019883521 0.8920207158173434 0
0.2106532280259372 0.907375635927129 0
0.2302259304704159 0.9105510683645577 0
0.2426641674471901 0.8957689111850327 0
0.2498164314424366 0.9135895196984862 0
0.2156019637690191 0.6302588181675575 0
0.2031054682992535 0.6454910512898413 0
0.5745518453786275 0.08455004127754034 0
0.5941694745546606 0.08781149594073667 0
0.3342209078715984 0.5110467609052164 0
0.3149454696404005 0.5078489619745914 0
0.9162238495318025 0.5531963913931159 0
0.9092132663289039 0.5346570956824085 0
0.8896660514918546 0.5314559487193243 0
0.9021046943612474 0.5167156025702692 0
0.7634537908246488 0.8756651210180617 0
0.5271224475066125 0.7845303011776186 0
0.07627279929876846 0.5028856953829869 0
0.08889872703258983 0.4875462840299544 0
0.8657411962702094 0.3243034977537083 0
0.9280326032822478 0.816015627989449 0
0.4443928605038934 0.08046056027397286 0
0.4247983348583648 0.07723028951311417 0
0.4582973713993729 0.8946689603123393 0
0.445677422259836 0.909947193964453 0
0.262215917331945 0.8990153564664776 0
0.2693768761846028 0.9167451212891642 0
0.7641989748588648 0.9291341885447397 0
0.5137754279404452 0.5064534696183786 0
0.2020863969167429 0.836498467023326 0
0.4652500969807716 0.1361296353682223 0
0.07349524411297365 0.8850650174820121 0
0.08049101631628319 0.9037267757561301 0
0.6035981177224221 0.211213230590804 0
0.591049727268131 0.2264674858880031 0
0.6105195734195288 0.2297113348744122 0
0.597985976138565 0.2449473115159863 0
0.6174357893617785 0.2481886494473293 0
0.6050014802021576 0.2628569882462117 0
0.5854841472157903 0.2600849474236741 0
0.5923031347625743 0.278498623154298 0
0.5729447402859036 0.2753789987469075 0
0.5794201438791449 0.2939660169852124 0
0.560366847497379 0.2906275776603124 0
0.5660040475865842 0.2569448619422357 0
0.590198386683747 0.7081529722601317 0
0.1084906799618188 0.4908077946211046 0
0.1015189453524332 0.472212041034745 0
0.08193238484615439 0.4689466675594278 0
0.09456590118708752 0.4536242278650219 0
0.1141372281799181 0.4568927252630942 0
0.1071922869019105 0.4383202021894453 0
0.1267464540036187 0.4415944191511681 0
0.1198077779364339 0.4230409454140228 0
0.1002564224115506 0.4197310059044151 0
0.1128787203475922 0.4044776184541162 0
0.1324075954121867 0.4077862422109357 0
0.1254704578511534 0.389226059770567 0
0.1059588533728525 0.3858903830555268 0
0.1185747185903017 0.3706891188716359 0
0.1378863895578613 0.3740404375584654 0
0.1308325107341865 0.355592284156953 0
0.1116341713755372 0.3522028761612321 0
0.1242002821698898 0.3369998730529242 0
0.1428476931910338 0.340985839494543 0
0.1047996111938341 0.3336820657111041 0
0.117364189466549 0.3184809039568827 0
0.09792608326207697 0.3151785616546687 0
0.09213694079118495 0.3487797903559839 0
0.1105027080508391 0.2999651988187895 0
0.09104613135818446 0.2966751754125381 0
0.1299371792429929 0.3032617309506871 0
0.1036214143756932 0.2814603729872205 0
0.08456977037979047 0.2785349276819173 0
0.09713603430470075 0.2627070099131952 0
0.07724713302803254 0.2596761662826161 0
0.09018481708022519 0.2440425417181569 0
0.07196575148121215 0.2937079398137546 0
0.3230861183179721 0.5780884852539792 0
0.3935536799139038 0.5725205097365542 0
0.3811090669094064 0.5876621865923592 0
0.4915538096616051 0.6404283794447552 0
0.4722110982786841 0.6372186221791105 0
0.4004424260084358 0.5908693985296832 0
0.3123402031246078 0.40426122818061 0
0.8562711016679367 0.7347286483444611 0
0.8031559480853903 0.1575647238795882 0
0.8827086397883191 0.223052871353321 0
0.9023151841655357 0.2263379228569096 0
0.5756989721921473 0.914313290454654 0
0.5630559604933664 0.9296646912730695 0
0.5145915404377495 0.7997577978001268 0
0.8953480780738687 0.2077098922926639 0
0.9149704034491719 0.2109875797894906 0
0.9219391840004423 0.2296343280935264 0
0.9250601622286895 0.3873321118145989 0
0.912837197761955 0.4023522912202398 0
0.8934014205055294 0.399012039512192 0
0.9003136905339456 0.4175754576664547 0
0.9198486828870849 0.4208685961165182 0
0.9072408459188552 0.4361336556746835 0
0.9267366210479651 0.4394520334284534 0
0.07761180149628899 0.5554152681788163 0
0.08460339352449986 0.5740177556839788 0
0.2571863546164287 0.4984683942111524 0
0.2581094785003792 0.5500863958449066 0
0.269620309771678 0.4832922150626047 0
0.865872448444958 0.8051150189223417 0
0.7932052564180854 0.27764811975396 0
0.0749746044103764 0.4503409418500823 0
0.2457505848576041 0.5653700731772461 0
0.232493978377927 0.2893210540301927 0
0.9144618372424682 0.4546037827869592 0
0.9211499741912822 0.5202737253438552 0
0.0704775471520106 0.2406536031241802 0
0.08295640156564033 0.2257261538967283 0
0.5670802571039604 0.3088746442620228 0
0.5479174500662631 0.3057823759312009 0
0.5547606179844925 0.3240989613956881 0
0.5354749901458694 0.3209589330758403 0
0.5421524806860679 0.3391587684087722 0
0.5229902049223139 0.3361133432980528 0
0.5300324978826052 0.3536041509754408 0
0.5105833832570954 0.3511551884382253 0
0.5201390805303395 0.3707877056240775 0
0.4985635837929047 0.366629554226768 0
0.5050087451319192 0.3848367943596225 0
0.4857369788582174 0.3816508446264824 0
0.492566087520306 0.3999887693966066 0
0.4732248283832764 0.3967770242468073 0
0.4911808482144561 0.3481108979849787 0
0.5285922229864256 0.30258602929949 0
0.6244573376824494 0.2660013892145761 0
0.6368929931185556 0.2513283324899826 0
0.8780225601157678 0.3637408805488842 0
0.9254921372010264 0.09064737362803488 0
0.8949993525013402 0.4507248518588927 0
0.4526159136449626 0.9285193607821023 0
0.4330640417062214 0.9252254040081056 0
0.4261338712241206 0.9066622647606566 0
0.4135246024355297 0.9219285766457777 0
0.8364691536111988 0.9227680653491082 0
0.8561604180276978 0.9260311168035018 0
0.6439258713414953 0.2690355218767844 0
0.6563327735432002 0.2545219871306517 0
0.5114619075151489 0.4033623561659023 0
0.2221726934005916 0.6483954876259254 0
0.2099872476992306 0.6638699282383004 0
0.2341291373948611 0.6329488889033512 0
0.3110302531602945 0.1625181979472127 0
0.3041182309159606 0.1441211082299307 0
0.3163909074575156 0.1289788243251409 0
0.2969641203589798 0.1257918750791642 0
0.3094199191482099 0.1105661291408643 0
0.2899516581972549 0.1073776535260075 0
0.3024569801676932 0.09211343539293393 0
0.2829760794113146 0.08892575221275051 0
0.2954892066453466 0.07362240975106271 0
0.3150066411388268 0.07682978808599117 0
0.270468214331467 0.1041979186347617 0
0.2634898511460689 0.08574067500388782 0
0.3106274713156316 0.5932515918694041 0
0.7737446189818631 0.2743911194921541 0
0.5826883325123575 0.9329396859588996 0
0.2379556670696065 0.9292558047700298 0
0.06646416816591449 0.8664197275262605 0
0.07902772135343827 0.8510214554598021 0
0.2817777214173782 0.9021290512188964 0
0.2888904724904912 0.9201246264620927 0
0.9327373292497223 0.3555211545922454 0
0.05936560871954999 0.8477964996719888 0
0.07198887529272902 0.832390976687699 0
0.9321290253724874 0.1092609709366414 0
0.301282871868397 0.9055406286561721 0
0.3084200725919177 0.9233669398563805 0
0.3207657243030504 0.9090616810173112 0
0.3279487430610981 0.9266062723950532 0
0.3404607297275624 0.9112805821906976 0
0.3475154144668161 0.9296306683712496 0
0.3595575894769047 0.9144445915038334 0
0.3670765583212738 0.9327206459337971 0
0.9183432799569355 0.07182971695480578 0
0.9317499999565586 0.6427343865063009 0
0.8832551332760969 0.5135417502862165 0
0.3648228614463924 0.257727698254882 0
0.3523662173302096 0.2728753297950858 0
0.9340038278747635 0.2144978825524658 0
0.9275191133460373 0.1957343353184753 0
0.4663343730548403 0.3784215141208868 0
0.4538702704200814 0.3935613382935753 0
0.4606852634212366 0.4119096824291332 0
0.2510093831025547 0.1010245648238916 0
0.2440092489065718 0.08256621473100917 0
0.5857495429125371 0.3133143819482505 0
0.1336797871859061 0.4601453743740527 0
0.1462728138290758 0.4448734551086852 0
0.7668212495099557 0.25590692359972 0
0.7542857363882123 0.2711379671019571 0
0.2017276106669436 0.5933540044061233 0
0.9296878494539376 0.7818579959742651 0
0.9234670404217381 0.7622942762968707 0
0.9039801801292074 0.758863961018551 0
0.9163255041400316 0.7436348408577322 0
0.5215143285307526 0.8182222769507367 0
0.5020571100361846 0.8149812828125768 0
0.1905979542866723 0.6607134904884759 0
0.1975441897939948 0.6791463218936575 0
0.4917463384134232 0.9351123861095809 0
0.4613375964176746 0.4633530215872407 0
0.4377634351187792 0.5454479556673115 0
0.515118425983608 0.5582788802745025 0
0.5344633654760708 0.5614856744540382 0
0.3522563670678087 0.462454310775936 0
0.3329325290529485 0.4592487769163206 0
0.4088647435858291 0.4203390913667393 0
0.06201039717729617 0.9000377102028618 0
0.0685547427301052 0.9189089770234602 0
0.4993728962416039 0.4183715776517838 0
0.9337101198686706 0.4580196382331221 0
0.5925328434523318 0.8127007331377946 0
0.6011490741010408 0.1064341555103733 0
0.6137951505839399 0.09107990099414964 0
0.6068084723989151 0.07244497225952012 0
0.6264405604542151 0.0757180956906488 0
0.6334221206391806 0.09435320837174821 0
0.6460704305071134 0.07899512860564772 0
0.6530455554948172 0.09763161656103336 0
0.6656950331590327 0.08227720980733921 0
0.6726666981737228 0.1009050574240921 0
0.6853162047495626 0.08555703537196002 0
0.6922869226458108 0.1041802587303627 0
0.7049359163977451 0.08882992600225748 0
0.7119059598010723 0.1074556334101664 0
0.7245568034342194 0.09210485143410163 0
0.7175842253786462 0.07346812424402616 0
0.7372155179978894 0.07674947297752371 0
0.744184546522361 0.09538939942944491 0
0.7568488543950842 0.08003432748653394 0
0.7638165210058436 0.09868084389269716 0
0.7764858724919163 0.08332097732798982 0
0.65860815063222 0.06433447761040872 0
0.751142569176837 0.1140216473789878 0
0.9387744951014649 0.6613210933322067 0
0.9265872288968919 0.6764339354587243 0
0.8705133342468397 0.5285718946153691 0
0.3330303597045454 0.2696683568257539 0
0.33991921885539 0.288013454683301 0
0.3192253103147708 0.2329487290370422 0
0.3123236458241546 0.2146114950045638 0
0.7707712810511704 0.11731366276924 0
0.7695138524283371 0.06466467192292014 0
0.7891338261841019 0.06812368820962367 0
0.7961269991684767 0.08664416033056471 0
0.8087799230772487 0.07145022847285987 0
0.2564975395866379 0.06725975023828001 0
0.236985693217539 0.06407455993524003 0
0.2244876941362604 0.07939971047194344 0
0.4399862516392691 0.9438237605761172 0
0.2778384878339695 0.9347285325129526 0
0.06498850937767159 0.5707742469170929 0
0.07199330852141966 0.5893836521651129 0
0.2284772854031769 0.8576609255246751 0
0.5113154831618963 0.9384006189056783 0
0.4791028171022624 0.6555764682271698 0
0.06364058991564109 0.5182350221066577 0
0.5261027809316888 0.4913530747695273 0
0.5193611703455979 0.473079554024013 0
0.3154688917396091 0.9417361806244041 0
0.06438050972701531 0.2221821709462531 0
0.07619915082043216 0.2072979288582841 0
0.4070735952545315 0.9032053996056213 0
0.2174550394819613 0.06090018153858739 0
0.2049438292024478 0.07623302165805684 0
0.1979121384438838 0.05772726290107139 0
0.185417737068145 0.07307434134746538 0
0.1925053886309065 0.09098390648140531 0
0.1731608453840693 0.08763829552845265 0
0.165938521466528 0.06979913548746286 0
0.1535094496646291 0.0855116735824723 0
0.1463748610587305 0.0667944882803273 0
0.1339064208413848 0.08217966920213504 0
0.1409482913929354 0.1006210199140149 0
0.1214177095741072 0.09750499206982699 0
0.1143502237081703 0.07900946637015405 0
0.1025510349126117 0.09493486122953509 0
0.1090561368028505 0.1129660110496047 0
0.08953058051030566 0.1098660859429301 0
0.09652052707459652 0.1282789173584361 0
0.08311918844812993 0.08919227967930243 0
0.07695499896945968 0.1251588633431829 0
0.08402107345461601 0.1436306285053441 0
0.06460053096396717 0.1395677213418491 0
0.1035659846191273 0.1467269523291488 0
0.07006132502655349 0.1586444296241801 0
0.9362063366686257 0.7467594735788853 0
0.9302285667307251 0.7276487702423224 0
0.9092028442038099 0.7250930363563668 0
0.05665563602204848 0.4996204067623078 0
0.4191697397497085 0.8888273582669166 0
0.4597594960027339 0.6523662703533911 0
0.4528697367505834 0.6340087256302295 0
0.3880596791072592 0.6056361188411061 0
0.05024117859597915 0.2372930297383086 0
0.3080331311291145 0.05829849087050232 0
0.3275926494407765 0.06151726997406703 0
0.3345586892876061 0.08005952948744371 0
0.3470084080846176 0.06522103453455402 0
0.8808189491871792 0.4142744435163757 0
0.5076797102566301 0.7813038877986527 0
0.5201928757828562 0.7660926349955284 0
0.0946155794239586 0.2108698072389811 0
0.2294651903039695 0.6674936389695066 0
0.8956248949580445 0.4993368033257342 0
0.3525605838679794 0.8969255877846577 0
0.4074016464695531 0.608777597961931 0
0.9408727545799492 0.2331937226853474 0
0.4374026880131908 0.0618611026112692 0
0.417782567328311 0.05862403717509285 0
0.7302403721773609 0.058100668989015 0
0.9381345414655772 0.4246600352946579 0
0.3686763862377865 0.6027448774814659 0
0.05749416887820064 0.203745243557321 0
0.9382242947623158 0.07526413962898049 0
0.6633626458562754 0.2722321293677021 0
0.6758167262209285 0.257855881455579 0
0.5492990294845533 0.3577504884264721 0
0.519677319553714 0.4219485685106557 0
0.2581109279219995 0.1182277597046524 0
0.7105921692343499 0.05481611799726183 0
0.4986977952057583 0.9537480376393215 0
0.1169663746501188 0.2657910892181609 0
0.8632568685425326 0.7533099536232118 0
0.2733869684124387 0.8822112549364451 0
0.5700727670762603 0.9480661919191051 0
0.8440259458529894 0.9412580435578713 0
0.3716855724979763 0.276068715096521 0
0.3841693363033077 0.2609406842700476 0
0.05737542852796523 0.1218508068416529 0
0.04502130989575848 0.1362786367850307 0
0.1678039315533426 0.2617541718183282 0
0.1740586835807124 0.279588332444109 0
0.2656753216461553 0.1795968216707157 0
0.1790323328195197 0.1333103310060257 0
0.1405600870665652 0.1687591827943914 0
0.1921893355390365 0.2836362139686396 0
0.1803157837037804 0.2980188450302657 0
0.1995169683996976 0.3018048771155062 0
0.1867848835011612 0.3164848506087831 0
0.2062580388778451 0.3202022309010023 0
0.1931948229051667 0.3350033913129451 0
0.2126684711130601 0.3387299037272261 0
0.199543079717187 0.353566376920378 0
0.2211719736355005 0.5965771589528115 0
0.153203992761467 0.4633914452919786 0
0.4469379821061849 0.3751748219626268 0
0.3011727671678661 0.2292750546511605 0
0.7473623219585701 0.2526730388343202 0
0.7348358073079292 0.2678953407276869 0
0.660023272886213 0.1162495828047094 0
0.8632899250406312 0.9446255460393045 0
0.53291142707692 0.5097279988706134 0
0.8742211890905407 0.3961110541853224 0
0.7279135136863045 0.2494369679975429 0
0.7154966331436179 0.2640006398784032 0
0.7216258261925119 0.2808931131519184 0
0.7083151805765772 0.2460296892202367 0
0.4709097726239035 0.8793984066615146 0
0.4511886153312292 0.8772103317063034 0
0.4615937616132089 0.8588641740939171 0
0.8464760177596099 0.6112968067228409 0
0.8395070963711579 0.5927972895470242 0
0.8269832086338335 0.6080631266101398 0
0.8200370780473488 0.5895893488512567 0
0.8075224271328905 0.6048406654486699 0
0.8325841239527971 0.5744557888590612 0
0.8126830337807711 0.280902385235238 0
0.8001281010746266 0.2961366856530128 0
0.1406336607772501 0.4786726297314955 0
0.1657638321632204 0.4481279756401667 0
0.158852791396574 0.4296282795921425 0
0.7905907473491474 0.7064554649959871 0
0.7836247358994305 0.687943353101293 0
0.7710665218838391 0.7032108541510176 0
0.7641203165652674 0.684699669740348 0
0.776704064584764 0.6694147872703252 0
0.7572020969442868 0.6661709864813918 0
0.7446451393893208 0.6814546697075701 0
0.7377163870009374 0.6628803273812796 0
0.7251817441540622 0.6782100640530984 0
0.7182538467201329 0.6596488332354351 0
0.7057347806857058 0.6749642654542629 0
0.6987983845269324 0.6565325271327423 0
0.6862965086935716 0.6717522713621438 0
0.6793670872339374 0.6533357478424215 0
0.6668671110020352 0.6685506394152624 0
0.6599401280458258 0.6501281513056427 0
0.647451449244609 0.6653316398602435 0
0.6405284639921794 0.64691739435715 0
0.7503761694981825 0.6474301351484629 0
0.6736115641458567 0.6869940912724044 0
0.6918636200350168 0.6381272827823451 0
0.6280463561073533 0.6621136675236048 0
0.6211367558888895 0.6437054929622751 0
0.6336074654156603 0.6285186235486403 0
0.6142276993189585 0.6253118514768303 0
0.7125205927198246 0.6934488577637259 0
0.6349622666172712 0.6805309141562224 0
0.6266186222463477 0.6105964420086993 0
0.6073106304401885 0.6070061596254224 0
0.6017515835058166 0.6404902730846427 0
0.6155536542324413 0.6773107150880692 0
0.622468642182193 0.6957329406704478 0
0.4343887598073471 0.3903409983370334 0
0.8533850905702178 0.8204957302972999 0
0.8459600115386642 0.8018539501367237 0
0.8337244067967486 0.8172600313919134 0
0.8195830906989148 0.2993947584075996 0
0.806169095702967 0.3138961237756961 0
0.8245972874533998 0.3209725476954998 0
0.5715596455734349 0.2232358061744887 0
0.8144641585047863 0.6233096989762463 0
0.7950047024877156 0.6200818852435867 0
0.7880701597270263 0.6016294922354654 0
0.7755617844439697 0.6168553385801832 0
0.8019186156255858 0.6386228088853824 0
0.8154150839087877 0.866764911339597 0
0.7957566240549264 0.8635182559703254 0
0.8083978452294982 0.8481257018997558 0
0.5045112863321389 0.1426797649305879 0
0.6190743797528776 0.8344513572486243 0
0.6386372374270701 0.8376848142308913 0
0.4051841120179545 0.07399939609268297 0
0.3981582943324012 0.05542782539196311 0
0.8941881254180853 0.1552903944301939 0
0.4594260907820789 0.3600650497064923 0
0.5413579203463738 0.5798403773375472 0
0.5535718865939188 0.564780735906164 0
0.5607040373159253 0.5830500740805236 0
0.4888834228345212 0.5367221269704445 0
0.330206877995935 0.3556534567134189 0
0.4128844388612196 0.5757267285226195 0
0.5468723151113793 0.546353681411088 0
0.5649632983857209 0.550694487512554 0
0.8242962048861027 0.9375286235240974 0
0.9191484495399729 0.8490307164755705 0
0.9264383746983988 0.8676166042822837 0
0.9386686163994704 0.8538325216799476 0
0.9461909549259248 0.8708508495722832 0
0.9335159718253427 0.886271020752017 0
0.329998937903535 0.5964209959670446 0
0.3660042851004347 0.499127417421351 0
0.8758800583738718 0.9292746140015065 0
0.8829277555758893 0.9479025783053266 0
0.8955840722440169 0.9325293618234326 0
0.3953891224692763 0.1938344898579086 0
0.4023099778569079 0.2122524394493565 0
0.4148081880819146 0.1970455383854523 0
0.3260533972963433 0.4409123381696511 0
0.3136056555014194 0.4560395812031173 0
0.08765939134862755 0.9223419386986281 0
0.07521698063090909 0.9368035285390628 0
0.09462259390712713 0.941053111097071 0
0.9287862598382506 0.2483235650198825 0
0.6418233647942706 0.6989033562806717 0
0.06233183331372921 0.4656740213724845 0
0.05539786169947936 0.4470386180233306 0
0.06801828031116358 0.4317049254995665 0
0.5549301669105409 0.08129535413033856 0
0.5675012213985094 0.06627428235983873 0
0.5479152528493291 0.06271239088433339 0
0.6688640920807889 0.2394442478457762 0
0.9176888202748847 0.6056358057278277 0
0.9302745884224506 0.5902843729132593 0
0.0579924051103905 0.5521650978268263 0
0.4570225105583042 0.06510842351585361 0
0.9026185168997449 0.9512300693653979 0
0.9152949446743126 0.9357950825464512 0
0.908232830053824 0.9171040956027601 0
0.9279413265550056 0.9203582560198541 0
0.935006857681129 0.939059077090652 0
0.2884936375754561 0.05509887420389326 0
0.1910817710068513 0.9041932345749211 0
0.1981037583638474 0.9227582384046081 0
0.3067559529477593 0.4376963101227986 0
0.5504406032977448 0.9449730935995725 0
0.3288616093229381 0.1137867653135455 0
0.9372855303416461 0.6088732702204567 0
0.8757534743150547 0.2044651705233113 0
0.09163365819108904 0.8356401313942841 0
0.08460414983079634 0.8170169708996021 0
0.06496004553712542 0.8137654680057751 0
0.2942896006290128 0.4528261777968968 0
0.07757702701597208 0.7984050098071136 0
0.05793849091723668 0.7951370467231231 0
0.07055541281031957 0.779777286773524 0
0.1784942932616136 0.9195617636160626 0
0.1851315752772731 0.9375610506611751 0
0.1658397364848073 0.9348796072173241 0
0.2011561568301827 0.9426888900619826 0
0.09161026217207863 0.5925833239808959 0
0.07900033155425812 0.607945410778718 0
0.05938192178379265 0.6047582994027783 0
0.06639450165347538 0.6233752740037006 0
0.7887663090547206 0.8448862082842281 0
0.9494608175280498 0.5936572979390644 0
0.9427855734494601 0.574938592279133 0
0.9138114191587967 0.1585848650132077 0
0.9265737554780502 0.1432425309149201 0
0.9334606730911632 0.1618743605534453 0
0.3539345498237928 0.08337615737390569 0
0.2765218023478431 0.5016604688192077 0
0.3012615822696141 0.4711961720384262 0
0.2387732741522723 0.5468980801465558 0
0.8157914936301883 0.08987925344669984 0
0.828467882626868 0.07457403630384907 0
0.8729196923709276 0.4961152544570556 0
0.6194598984840957 0.05706769260354683 0
0.4740350677708781 0.4484270473967159 0
0.4544478139165443 0.4451548120319382 0
0.5066190278060614 0.4366022065628111 0
0.2140763370147812 0.5779935567121486 0
0.1364038795042783 0.2167299026450309 0
0.1803615753104131 0.3498549355082141 0
0.1865976569747005 0.368375473216824 0
0.08843375806221077 0.1925797860801066 0
0.6004077997077348 0.05375201236043936 0
0.5312421753544512 0.4064114523871019 0
0.3008646058342314 0.03979023532208004 0
0.6320720790373127 0.2856949553572417 0
0.1550749369708518 0.2755636706848406 0
0.05243973662627383 0.9329363586619961 0
0.803070983516583 0.1052681380180352 0
0.218711547262644 0.3572973297198407 0
0.8214953447748132 0.05587109410770502 0
0.8409774408570859 0.06028701972556239 0
0.8481371439334818 0.07785639319453408 0
0.8606180900829152 0.06262571308841403 0
0.8533462082113709 0.04340840119195177 0
0.459589119492802 0.946893181413924 0
0.9460543304922064 0.6790405359352866 0
0.535135390141171 0.4780360737429623 0
0.930850868683636 0.05234949727129423 0
0.9098594296645099 0.05227674671604027 0
0.1238214275794577 0.2317631832239642 0
0.3073554414239306 0.2478950687991198 0
0.9480177998635007 0.2517877778872292 0
0.9357591558709102 0.2669827064183112 0
0.1675445541688079 0.3120797456145223 0
0.2493940465739015 0.04936722638906021 0
0.7671749516740887 0.5989672917134459 0
0.756222674003268 0.6140245728097264 0
0.1729274246209576 0.9517539098924918 0
0.153103275268981 0.9497853561529382 0
0.9212533618984827 0.4732443319682755 0
0.9415401083672276 0.476621017684345 0
0.2847622461775653 0.1383628918536388 0
0.6200127709266745 0.5910794759882438 0
0.5992476457226306 0.5876341725609563 0
0.5875838250748013 0.6036473011106578 0
0.501127688968633 0.7627346687216456 0
0.5133241429486727 0.7476512762651898 0
0.4938684378694135 0.7444489832887276 0
0.5063594223646075 0.7292694271726389 0
0.4865768367891163 0.726906558998426 0
0.4993814265455967 0.7110287821569614 0
0.9487540397756843 0.1468896345557718 0
0.9502355377379179 0.166589361732205 0
0.7228847022497953 0.03956690093448245 0
0.9476721217925809 0.9236178356344253 0
0.4402612252103384 0.6488404596089561 0
0.5354454818345462 0.460237045375554 0
0.8622918576934582 0.4102784213723674 0
0.5583353885379357 0.9638668828727061 0
0.8727483410173844 0.04735937819013669 0
0.9495442615172236 0.2012717943195426 0
0.04644704680440281 0.5671166950962696 0
0.96441453663447 0.577964047062832 0
0.4494714366180128 0.04727015615560609 0
0.4682786829947058 0.04985705660861917 0
0.1211203920110674 0.174457786645236 0
0.8758713322372651 0.7379506888302712 0
0.1588475734480801 0.05149190451931618 0
0.1392962179376355 0.04828113646882509 0
0.68427039761888 0.2779507958456031 0
0.370896175067377 0.8988096112121924 0
0.9503140034689121 0.05868764701726692 0
0.9524040667429562 0.8898260567762732 0
0.01898579237809128 0.9691054349468874 0
0.9699769708919402 0.9824980475474671 0
0.4217318379378074 0.2154735540672851 0
0.4342445108535143 0.2002590732187359 0
0.4091569764846931 0.2306475484654793 0
0.4273234510036584 0.1818227312401819 0
0.4468556134465942 0.1851428243441728 0
0.4398494490796539 0.1665787401082293 0
0.4594859920169779 0.1700417185646615 0
0.4465844308692338 0.9626063649273363 0
0.4541117182898127 0.203738583174235 0
0.05132613670989306 0.776841274748269 0
0.06360973034996842 0.761154718536067 0
0.3177477357216444 0.6104764854905473 0
0.2981740392586987 0.6084144987725031 0
0.4283047565227687 0.4236543525834758 0
0.3541374707997686 0.9482877647010077 0
0.372576104195982 0.9507286841995848 0
0.6453992742058376 0.6146370783909119 0
0.7875872406371993 0.3113535868779201 0
0.1727077242224676 0.4667088030885153 0
0.5089716121536103 0.8334425069721261 0
0.4895229999286376 0.830193847721538 0
0.7598886542464827 0.2374383713073491 0
0.5327118792216595 0.7508755382074159 0
0.1946829609779112 0.5748439021185543 0
0.1781020622347335 0.6759904350119399 0
0.1850669254781467 0.6944164943022111 0
0.2060396526117632 0.7004983868420347 0
0.1920174991471268 0.7128462025538033 0
0.1725837896566192 0.7096721360046963 0
0.1795271624754745 0.7281043984458104 0
0.1978887179687153 0.7317025167868931 0
0.1863160907900855 0.7466077002823143 0
0.3177564166857584 0.1809726971939792 0
0.6231128038419109 0.2144635552067014 0
0.2626890252491103 0.4648673262000425 0
0.6992304783572728 0.1227779592804426 0
0.7188572579358645 0.1260634954162304 0
0.7580642164091238 0.132616929682676 0
0.4584323345852718 0.6005051654832211 0
0.4419881961830168 0.4601623719323445 0
0.3424430780689887 0.5812833068579821 0
0.5284331885166423 0.8367138860433249 0
0.4335887234389822 0.6302490099877394 0
0.4984474773739374 0.6587858990903577 0
0.4859948937994997 0.6739367037946911 0
0.5206346871057816 0.5248042048030849 0
0.4390964646068155 0.5972936571000467 0
0.1711482321532743 0.6575228627570702 0
0.3398132853389131 0.4775822909317634 0
0.5898157812534212 0.9507692102253014 0
0.6023373003570467 0.9360767532262313 0
0.6094266112365749 0.9543057957145425 0
0.6219917398170421 0.9393635650067191 0
0.8690917690714337 0.719291438994328 0
0.5883184167580573 0.8989580138026632 0
0.04514214780329312 0.7591571039170308 0
0.05674046419323819 0.7426743240170915 0
0.03527153856470677 0.7407999656553201 0
0.04964551016458452 0.7240207973271968 0
0.0692078035267138 0.727116039482163 0
0.06216684396596966 0.7084693488641994 0
0.6315767698498251 0.8191318339047932 0
0.6511022411015484 0.8223637395153907 0
0.6581802315495064 0.8409217130133427 0
0.670784497198144 0.8255974510648614 0
0.8883778370561297 0.1891015425544553 0
0.08183120570562286 0.7117967718846755 0
0.07475768495820545 0.6931459565736764 0
0.05512693264304369 0.6898232210691249 0
0.06773764174033986 0.6745107174777686 0
0.9504929214109401 0.7318805677086417 0
0.270715637630364 0.534971606977044 0
0.1462810114317512 0.931676120882416 0
0.1333733629574257 0.9475490687882373 0
0.1783464843004698 0.4329911452783058 0
0.1713804051929423 0.4146189089740845 0
0.2446911296069188 0.5135516262086702 0
0.2403169320588926 0.1470828908809128 0
0.3856800572569605 0.07094010579528048 0
0.3766228946504069 0.05006216179770434 0
0.2991285337615279 0.1780862823419265 0
0.8012618080360896 0.8295007239662352 0
0.8506621431401871 0.7686859405517352 0
0.8706331177243607 0.7716220150500022 0
0.7775107305963087 0.1359882781114516 0
0.3207222118788622 0.2850099186735494 0
0.3277205099422718 0.3035794758250032 0
0.3468402774141155 0.3064231685945809 0
0.3347654539248986 0.321788702817236 0
0.8695644670585263 0.430140809112336 0
0.04907341944246824 0.4281617258446725 0
0.06116309254386798 0.4130178200245186 0
0.9528304631620774 0.7487887074928324 0
0.1620602235509818 0.1256614831572709 0
0.1462372977746089 0.1339359978734819 0
0.9549528805418875 0.5593200028831491 0
0.923205100484183 0.7092783121562365 0
0.9020735424670993 0.7065238198428171 0
0.7838082655229794 0.04980290476017857 0
0.2382010775054763 0.1156767196637308 0
0.5626969340455169 0.0484868347693394 0
0.5437474641267958 0.04526516298030947 0
0.5287344519219183 0.05961816449094448 0
0.3050771814873972 0.6267819743080079 0
0.2844002644739009 0.625094828579721 0
0.9505458177990127 0.6462759506420148 0
0.04884419263602807 0.6709104034774298 0
0.06074746845470996 0.6557782908870029 0
0.04109827712795988 0.652528455193119 0
0.9535328202695599 0.4600720181149119 0
0.7643492131104455 0.04673805371641182 0
0.06460580677867506 0.9515850915484153 0
0.04661337385700448 0.9526443022221298 0
0.3761849644515162 0.6203343694287755 0
0.4836323065365528 0.8123347479775526 0
0.4722608218521023 0.8266355916372667 0
0.4896311895024119 0.7783694947807951 0
0.8515836393658641 0.9577378401077119 0
0.3424130304422459 0.04773770916569159 0
0.2057113489418403 0.7495556623142682 0
0.1937894796400601 0.7643621752273341 0
0.04142738963380804 0.4097744935295803 0
0.05434962048491165 0.3943302203232697 0
0.07375387817592599 0.3977203561899252 0
0.06674990215981164 0.3790918142431024 0
0.04742198283774213 0.3756914142736399 0
0.05984492694028798 0.3604712591866439 0
0.04037158880268465 0.3572499195970124 0
0.05302706287055131 0.3419609971233973 0
0.1677591181638767 0.364214427290498 0
0.1750752318766253 0.3829182149654507 0
0.1944421578689006 0.386947269396537 0
0.04761331788244422 0.6203255917896041 0
0.7614477964130242 0.2891462718630647 0
0.478681142991166 0.7093210942198543 0
0.410768844401159 0.04000535370690894 0
0.2951202590620998 0.2106151687478751 0
0.3953032072891907 0.9194730632173586 0
0.4014689240735133 0.9371308942663855 0
0.9663820176137254 0.8761770101921673 0
0.2144613916209523 0.2640502979960155 0
0.4274655741538692 0.9574195225809841 0
0.7927042336698051 0.3275746604157536 0
0.04746158294804459 0.8634171020427164 0
0.03700050629671942 0.8436441418621219 0
0.9539698857970376 0.9416953837139794 0
0.5605859052365694 0.5313533564109821 0
0.4470326189060165 0.6651975758408809 0
0.2588413678021778 0.6753351540045849 0
0.2567241084858516 0.6543624673182018 0
0.2460750109928001 0.6939983725031638 0
0.2335943784364932 0.7426167406924198 0
0.2391479868848697 0.7843227882152952 0
0.2271790197638043 0.8008741157577912 0
0.2330168616994986 0.8203219156607765 0
0.2205936186203807 0.7821915247279361 0
0.2074506170848907 0.8007079768593233 0
0.4054926299136989 0.8536310114538136 0
0.4269624233051531 0.8584573445881554 0
0.4379181076608739 0.8227689453718653 0
0.2932179518577381 0.8542461230086085 0
0.3652682513290452 0.8652947444452042 0
0.3464676209687806 0.8677423940896277 0
0.4007167238872184 0.885373806291111 0
0.9566797929765554 0.07825923982099536 0
0.5174552901827872 0.9563634794839052 0
0.3003563918317453 0.87132201382068 0
0.8884858645731823 0.4812532310252056 0
0.8692474064945681 0.4766645601986246 0
0.2616727894708413 0.8284218147095259 0
0.2577243570377489 0.8469876785020702 0
0.4596816748583548 0.7908319454467569 0
0.9469340296451192 0.04235669053658037 0
0.9544404963990576 0.2706556540729188 0
0.9426382366359496 0.2856736494475857 0
0.9613588499773202 0.2890034952469216 0
0.949582550645263 0.304295301833909 0
0.04660933798173417 0.8100403690614925 0
0.7792138511787172 0.5848630515627991 0
0.9282702440299225 0.4911749067537647 0
0.9475831760989155 0.4952254534590168 0
0.5042968429318001 0.9712102563508737 0
0.665858934986173 0.2901792365278318 0
0.6124689896072636 0.03840446909508871 0
0.8661849573497491 0.02956792124007124 0
0.6320439184819779 0.0424045598422676 0
0.04400042521626452 0.5149815550181283 0
0.1167966896748343 0.1934785297439502 0
0.9420807161835847 0.956706477259742 0
0.3148047911106144 0.8804780427819821 0
0.1797148132006907 0.1159855766923231 0
0.4443835277646782 0.8431853103735653 0
0.2735704194232824 0.2287527486460792 0
0.9552848068822956 0.6127181874199782 0
0.0365268310714979 0.4959660637314036 0
0.5604536772665291 0.4165660420124521 0
0.577297074098666 0.3751110101130863 0
0.6056874005500811 0.3434576030172352 0
0.618748194409085 0.3272860855205386 0
0.5857773139060372 0.3395470426806278 0
0.5943848221716949 0.5461956276190987 0
0.591986545530702 0.5676445511141847 0
0.6866948481484181 0.5916591589631497 0
0.6753123264631047 0.6058882866564925 0
0.6936753344794817 0.6083450169453073 0
0.6504696110981816 0.5834996796785445 0
0.7320591519167974 0.3143983393715734 0
0.7093935891744135 0.3077788578363617 0
0.03510813810572067 0.6859481690253038 0
0.8202048553304525 0.3757365197204562 0
0.8279698422764237 0.3570244672840392 0
0.8398924762853779 0.3742702676337105 0
0.8472351146897619 0.3550208544265141 0
0.8395186628813556 0.4599936875464516 0
0.8342575498421025 0.5016509848100175 0
0.8395840857258654 0.5194942454744342 0
0.8370268119904678 0.5389360270816662 0
0.8136927098009091 0.539491517699671 0
0.7154027368762976 0.5915602572489436 0
0.7277838827485267 0.6059184279069347 0
0.8890724304979422 0.9666601379354199 0
0.04396056156575834 0.4627990755789167 0
0.5236054094210381 0.03843669292240037 0
0.5091161332158001 0.05584370939429328 0
0.969451216323448 0.3075957958882029 0
0.956128168431702 0.3220002981332202 0
0.5571084638468045 0.4560707353975672 0
0.6290893916814817 0.9575956273667109 0
0.6416515556549419 0.9426403193372748 0
0.6486749024318819 0.9614027832649703 0
0.6610671820038868 0.945788943805326 0
0.8529810528616231 0.5048578514106322 0
0.5650537207349616 0.4860657108761151 0
0.8131992863778598 0.5728321556284459 0
0.2912526200795229 0.6475036010466275 0
0.2557102620431064 0.1434662785973944 0
0.4687254351237531 0.7420447893544324 0
0.816808570658788 0.3421826704087405 0
0.5554672753642675 0.3784490351161068 0
0.03707068938130675 0.6019614552399392 0
0.2103568985576268 0.04283476482075854 0
0.1908497867105451 0.0391969323810018 0
0.270171279322715 0.6409196004774755 0
0.2650408225121423 0.6208855816138381 0
0.5407773232117459 0.425746175718924 0
0.03030667106892854 0.5311490289196835 0
0.8571194515845741 0.4485506381771471 0
0.8554376045405421 0.3907531593737538 0
0.8355138630897347 0.417902017936602 0
0.1518200088073022 0.0328850610712953 0
0.1331017313474546 0.03012018214167733 0
0.1203450077367871 0.04542473912564005 0
0.3552650397044615 0.6177551558527963 0
0.5755654996102785 0.3561379860706571 0
0.2736509517613527 0.1639187768674129 0
0.227185072789608 0.6991283914875921 0
0.2202763276279586 0.7157675906193477 0
0.2729234339656826 0.859448861166594 0
0.2564150298801186 0.8672175798158851 0
0.9641675658895554 0.04456857001105941 0
0.9574955713387546 0.02547421744636252 0
0.2319133878972297 0.3423536515002501 0
0.2379733052140925 0.3611737069443834 0
0.9096493488478967 0.9699537636648312 0
0.1242371758636565 0.1546383536640185 0
0.9645133622390171 0.9597927336052551 0
0.7020078591178621 0.03314582611614053 0
0.6902563044268129 0.05164392472223367 0
0.7564710416084512 0.5811060025709853 0
0.4999222815756242 0.03675613176120035 0
0.4301029802664798 0.9792253214199325 0
0.9662486991593298 0.9258810229206615 0
0.2193428779240824 0.3047763574420332 0
0.8599761950835551 0.3718199112627546 0
0.2809138136102107 0.03676974278862954 0
0.1304796048956763 0.2507124145160199 0
0.7737850727049201 0.3274452708932442 0
0.6233975415372826 0.5699398595791388 0
0.03792107568992903 0.1183897446223036 0
0.05131699291635949 0.1039107427349266 0
0.02644745405756699 0.1334805574316377 0
0.03438698618072378 0.1548238871420538 0
0.9625385920464437 0.2364217112701375 0
0.1101068931311246 0.2473215874069662 0
0.2522174554754955 0.3445326867960961 0
0.2936570981820369 0.01857569041380852 0
0.354056881761758 0.324830625296153 0
0.3663217944859776 0.3095403228875329 0
0.3859258584705197 0.3125283371014435 0
0.5784154162339867 0.5227577291784312 0
0.391392999542533 0.2794244657248899 0
0.4037314840783144 0.2641422679395847 0
0.4233487140964878 0.2671239240458643 0
0.6679629036833441 0.3102748881183036 0
0.6483640169829167 0.2997117787264437 0
0.6297299628184052 0.3096146727635199 0
0.6153831079782796 0.2961235267462904 0
0.8890793781170034 0.722243564776902 0
0.3613438394486038 0.3434308590696233 0
0.6971661686963493 0.2918223140189266 0
0.5310370479649281 0.01735949680072524 0
0.03834528137917459 0.5488857702908586 0
0.1959265338667485 0.1234560818838056 0
0.2157453973804059 0.1150306591708198 0
0.8262939345128122 0.798769369581311 0
0.4288947166774997 0.2339889986615102 0
0.3826022077990939 0.638863693112343 0
0.6030522397242175 0.6925097774982607 0
0.6099538484289639 0.710984857047408 0
0.7187404611159385 0.02033898256449296 0
0.4852060844852661 0.9682460024598354 0
0.5803173211749314 0.5852182835434613 0
0.1623646599985347 0.1047906327852006 0
0.4276441916039243 0.3720018953763932 0
0.4147886790234152 0.387209879214182 0
0.3952185173077161 0.383856567802953 0
0.1360729980232241 0.2701476496238564 0
0.4603342995166521 0.7137909793153043 0
0.6885954933745558 0.2427713991639284 0
0.5960722286045735 0.6742447751154055 0
0.1150824115782461 0.2113329836583142 0
0.4895544889554389 0.0177351180787097 0
0.7630187309509091 0.6321943150332074 0
0.7440971145349895 0.6295205732435849 0
0.7308233817674532 0.6440958937499535 0
0.5497334287249084 0.3983692325239461 0
0.5377966652706109 0.3828079559247537 0
0.4769843114914978 0.8453982061680791 0
0.7646111248947943 0.1512596135041845 0
0.167025106488363 0.7434061346776879 0
0.7062345455411796 0.1414014009132582 0
0.7257437948640872 0.1446676800992443 0
0.2334388436822512 0.5808747227899802 0
0.2402287874008131 0.5992917294183283 0
0.226346065920438 0.5623353408155232 0
0.02863026300586297 0.3724265998335267 0
0.0189134537816929 0.3526908957778832 0
0.7698385620429844 0.6507136193819111 0
0.7893210074994147 0.6540400507426811 0
0.6960017008662233 0.2607584162180434 0
0.7012299910689936 0.227577294757533 0
0.07246155148179451 0.3451396708243969 0
0.06559555418411389 0.3266669058733491 0
0.04597427285167938 0.3226470350171567 0
0.681484784246761 0.2242548026999333 0
0.5188784989498531 0.714083695036134 0
0.512052716046925 0.6956570220092441 0
0.08045203981887061 0.6593862639377743 0
0.08324559481358218 0.7645368591782798 0
0.09442076029140445 0.6964559954442013 0
0.08891421441509473 0.7306234779173594 0
0.2256455924581446 0.3231785706998174 0
0.9369369776536669 0.3193323248182905 0
0.4869895966276679 0.4334882047200858 0
0.493749921323246 0.4517931509394845 0
0.821025821442093 0.8327385863674607 0
0.1231566396275763 0.2847206201602605 0
0.8321490946588469 0.2841769155990322 0
0.09724864970659919 0.8017718947593789 0
0.4832535664150659 0.8637192436194912 0
0.0863892067119032 0.382529468814653 0
0.4242531445846492 0.66025357530551 0
0.1518507981567791 0.4115100741243793 0
0.4525214918604475 0.1513795243822775 0
0.4386235609199674 0.8922197678482133 0
0.8870967200851702 0.3815228058839676 0
0.3140090528146173 0.2663826360086492 0
0.1361979143629912 0.3220698167165715 0
0.948415892849564 0.9775259053676094 0
0.01748492938249141 0.4895332677109128 0
0.3058535114171361 0.196128542501826 0
0.2856718734197783 0.1927681404488368 0
0.2119721425447146 0.09472232373472567 0
0.8730233944848858 0.3428221864527772 0
0.923188150499906 0.2823228961032467 0
0.8587242815160427 0.3060424539262288 0
0.8461563538661675 0.321428774473616 0
0.2215671403378969 0.8392520601428471 0
0.01716462634469429 0.1897815293773616 0
0.03406368280151262 0.1775446663333121 0
0.05117432529303589 0.1663972457101376 0
0.03733712744708118 0.2007258217308454 0
0.03407907616202105 0.222531447590752 0
0.0169124151803185 0.2304008469495716 0
0.01692432129457722 0.2500674166171826 0
0.03740322092042198 0.2572920232770781 0
0.03504370632844389 0.2794954788102753 0
0.04994407980445048 0.2714894307451812 0
0.0528908643087288 0.2883027382221798 0
0.03673295237936886 0.3026632876503532 0
0.1889247319142768 0.01982323799508567 0
0.8771939211654876 0.546827330491791 0
0.864593832262033 0.5621133229541523 0
0.8715572489161719 0.5806418062962554 0
0.8534156940484288 0.6298771394530023 0
0.3315362705875738 0.8925772142852302 0
0.5158835034071328 0.8519383924650941 0
0.182592464318467 0.8332887066118649 0
0.1950106321854129 0.817661303398135 0
0.1755147317150493 0.8147047597866528 0
0.4849189966030041 0.139426673968627 0
0.491852943765103 0.1580442217921024 0
0.4721306763313147 0.1547579627952412 0
0.4792843278091874 0.1733816988150436 0
0.713841776771617 0.212303107413666 0
0.8582418332204671 0.5439975708167152 0
0.8451011930106944 0.5588607556823263 0
0.7780026820707217 0.7217763678425448 0
0.7584715566778482 0.7184953127030214 0
0.3927093418205558 0.08945528051966661 0
0.161517383091913 0.7775946770062625 0
0.1810327130477489 0.7808844946114359 0
0.08067156018645566 0.4163514491231506 0
0.230904157262664 0.09807003209935344 0
0.7723934425436887 0.2220734430863303 0
0.2777222627981261 0.1208236275676454 0
0.7761124863365663 0.8602688356182577 0
0.7690329963607365 0.8416779838968662 0
0.4904302645413621 0.882587328958864 0
0.8001333587396904 0.5878058215534739 0
0.6120312637360598 0.8159138252838206 0
0.7564585992214299 0.8570259136198954 0
0.7493759255665384 0.8384334292501181 0
0.7368360345727631 0.8537691936787153 0
0.7297191788268667 0.8351447184950095 0
0.7420737514462866 0.8198620779158063 0
0.7172462161064062 0.8505004547504207 0
0.7099812852983125 0.8318839146707606 0
0.6975866956468064 0.8472747633264051 0
0.6902670145000972 0.8287398380477891 0
0.1154969809786848 0.1325734440828934 0
0.1298888786238909 0.1192854550030648 0
0.09141232846318992 0.1618099274024519 0
0.337165746709175 0.1841929468355619 0
0.2699866569376134 0.9826929636587559 0
0.2600016992175543 0.9659491272355052 0
0.2400537948150516 0.9654940460389911 0
0.249193451451203 0.9485131320925179 0
0.2301428920930749 0.9476511728364646 0
0.2210166008573956 0.9658811592646435 0
0.2792701632564883 0.9664580202355737 0
0.2981196121446238 0.9664593068586189 0
0.3096319797954912 0.9828185700401451 0
0.3188737820301301 0.9621108161553944 0
0.3297645041891692 0.9821759729798321 0
0.3407055672701981 0.9648690048449298 0
0.7406891059710363 0.2851510585285449 0
0.2783474382273082 0.6054014116069379 0
0.7808730898124129 0.2927362794367583 0
0.0762966960987983 0.7459352909776583 0
0.9835258329424013 0.4500004729234389 0
0.9650554224783401 0.4412857207489113 0
0.9665748321252422 0.4200974824452839 0
0.982885969193341 0.4100187183962545 0
0.9659553319857899 0.3999606266958951 0
0.9654920200229227 0.3800386079748237 0
0.9457646122787244 0.3894547576658972 0
0.9485840382064906 0.3691160226657237 0
0.9657101577305598 0.3604316772936296 0
0.02036648704210953 0.4089266498980588 0
0.9829776300710871 0.4900023783814674 0
0.9635626381531071 0.478844196412086 0
0.8882432514369309 0.4327300448462426 0
0.0170081534168004 0.09055216224191609 0
0.03346178548557632 0.07982711901213174 0
0.03442626022021805 0.06001160085157137 0
0.05300573769227157 0.07171445628512602 0
0.05205425541283615 0.05035552283150574 0
0.06916652379882399 0.06005683749926111 0
0.06936992544088144 0.03963516594245692 0
0.08643312443080048 0.05009520460469008 0
0.05175517126640811 0.03026117321924143 0
0.0859535772954157 0.06950291722788648 0
0.1049581766747444 0.06098862359241397 0
0.0876279245545401 0.02973514970025048 0
0.791904082481549 0.22533590425585 0
0.9828719800045667 0.5299969766307632 0
0.9661590617134881 0.5201970475105543 0
0.9648780692227809 0.5421852817616153 0
0.9491116454579341 0.5299440915838247 0
0.6796104951350366 0.1195003543796125 0
0.6669477468811557 0.1348553309180553 0
0.647408217209932 0.1315921906851087 0
0.8407250624716887 0.8359329575617407 0
0.4089920587888621 0.0201241727649028 0
0.5972903039509951 0.726451715472327 0
0.4958952911615333 0.7969567175426351 0
0.8282904198697155 0.6605120764017685 0
0.815739798519171 0.6758099991801962 0
0.743807094620444 0.872418190587632 0
0.01721071667123764 0.05015767280712158 0
0.7723416637394678 0.7556938232552785 0
0.7653584159582298 0.7371369045771372 0
0.7458637759470884 0.7337959587494534 0
0.7389622570701533 0.7152100962084322 0
0.7263450020755626 0.7304039304045662 0
0.7527856035974697 0.7524390235221452 0
0.09866418471728972 0.8542504864492502 0
0.1112875718262635 0.8389278588495922 0
0.9823936962324703 0.2482613509298119 0
0.9671366671192394 0.2165114482762363 0
0.7208922500915379 0.2308874236476494 0
0.7137294785593546 0.7457267396467155 0
0.7067459361851376 0.7272513175880885 0
0.6871221166887966 0.7242666921486092 0
0.6998247802347232 0.7088202385720077 0
0.6804030915284295 0.705575292823641 0
0.6676798596465426 0.7212059183084907 0
0.1154477810660507 0.5093912780584361 0
0.1280571576646377 0.4940787000077061 0
0.1349824869271361 0.5126735343393913 0
0.1223870731423561 0.528003418411663 0
0.9823795109168895 0.6303404608884953 0
0.2308421954268137 0.01627699766503632 0
0.2509998492537517 0.01697184757397235 0
0.01731352961668209 0.449987912954442 0
0.6715079147682861 0.6353860831977026 0
0.7384232869721706 0.1293159508187167 0
0.6357218518368483 0.1992110835276057 0
0.6425693336377738 0.2177397032313338 0
0.8821948300841814 0.7036327898327884 0
0.8945130198067561 0.6880693765294491 0
0.9800718797204829 0.6681832132750248 0
0.2122967720978777 0.2837298692745674 0
0.7529004608628709 0.218835537063768 0
0.524115653017305 0.145910947401058 0
0.1445421009377222 0.3931268327904732 0
0.02050988610553151 0.6507008574732378 0
0.6087453115552866 0.9837742521202497 0
0.1183035432227164 0.857499814638832 0
0.3497123733168082 0.01683724888130256 0
0.3697006621382346 0.01718525685681449 0
0.3590799597996549 0.03516537691601918 0
0.4504706914124472 0.01618285327652041 0
0.01731538470649191 0.6099911260642452 0
0.01684368460474522 0.5706754234576086 0
0.9826846891936233 0.709990998065491 0
0.9660134909980223 0.7010365755578869 0
0.01948962604920101 0.7904585925725423 0
0.1908333931257022 0.4185996456841941 0
0.3699873670539773 0.9833197215190418 0
0.3899896763441691 0.9832366365972378 0
0.3990081609615903 0.9676125496062336 0
0.9829258373381091 0.7499907325620199 0
0.7830913674412134 0.8789172373686107 0
0.9659847797993852 0.7199148140943483 0
0.9470494028679698 0.7107389569701679 0
0.01732050807568852 0.3100000000000001 0
0.3262773946481635 0.2512610614473282 0
0.6403897701675944 0.1129664476877652 0
0.6207574717934934 0.1096907304440575 0
0.6080697323059325 0.1250223492519684 0
0.5885138493902806 0.1217726451730055 0
0.9824385555281395 0.1706386200934107 0
0.7698409975174899 0.01642990035927505 0
0.8099568802219118 0.01720800188026422 0
0.7975735962093583 0.03398126002552304 0
0.8191738377356397 0.03629099439558436 0
0.2277100809410469 0.6149237816271356 0
0.6105658428900909 0.01919707213288346 0
0.5645937788264587 0.2047289951982756 0
0.5520418172872584 0.2200008678467228 0
0.5590216360626251 0.2384821904497715 0
0.5395256847333627 0.2352676251263461 0
0.5464910667319229 0.2537256601838649 0
0.527009406983075 0.2505086333427714 0
0.5340294189757512 0.2689727035353807 0
0.5145491651866183 0.2657655519616304 0
0.4950402039021149 0.2625958437730723 0
0.5020214660879418 0.2809594826875133 0
0.5325539479284972 0.2167692981228044 0
0.5534087399043552 0.2721724924405629 0
0.5699087355062732 0.01659432339946271 0
0.5764311266896095 0.0330179412974636 0
0.6504088334222028 0.9802293764839353 0
0.5158566920745595 0.07479593359675063 0
0.7901346576161812 0.1206698367040462 0
0.9836023345727321 0.5696579128289819 0
0.9831197531167168 0.5890977334406586 0
0.3897820804024307 0.227422110645457 0
0.2127836092560735 0.5256305872349141 0
0.8913386346391265 0.7742776899254891 0
0.9827333766787669 0.7900857018161871 0
0.965410384308703 0.8000131838921538 0
0.9653799885992121 0.8199844291345124 0
0.9480704788807554 0.8099880545798924 0
0.9480785983363835 0.8281202447390323 0
0.964952251410276 0.7798226526560882 0
0.9657631077318878 0.8407331787787151 0
0.1753024600192906 0.5715565093632325 0
0.5115564391361511 0.1612403243262402 0
0.1877238595695164 0.5563355158815049 0
0.19052684171242 0.982987180513743 0
0.2016955668574229 0.9637039546375087 0
0.1706105495877476 0.9834368557563794 0
0.1300010548214025 0.9828173361509617 0
0.3551733718418359 0.1353634772524871 0
0.7045305885541011 0.865927340507988 0
0.9826794919243114 0.35 0
0.9813742105196617 0.2901417638072165 0
0.5499882362878059 0.9826862837067133 0
0.5693573324019362 0.9825560572058312 0
0.2379505301373336 0.8748780153586724 0
0.4122368656210363 0.0926097614271813 0
0.2433549820260038 0.4617244831277134 0
0.1601280492616479 0.4819432168123915 0
0.01673195687773488 0.7301254650945739 0
0.01616744113312663 0.7500202916979037 0
0.8448485471580141 0.2689679291727723 0
0.7114045747976095 0.6414268131148115 0
0.8099693651824429 0.9828194147626441 0
0.7999987790036346 0.965918817797746 0
0.7800218828101835 0.965463276737591 0
0.7915375286279249 0.9492660910491411 0
0.7700461424704228 0.9480666964611648 0
0.7593799752626347 0.9648975259917877 0
0.7506255247748133 0.9459383463324845 0
0.7437967144019879 0.9273993311871991 0
0.730559822709554 0.9422920780882668 0
0.7363005063847921 0.9628790207447321 0
0.7164002700297949 0.9568630983839347 0
0.711023720255774 0.9377825120566562 0
0.6972781943712909 0.9531838005145374 0
0.7035080139505618 0.96986121710943 0
0.6915450171916711 0.9340732277043626 0
0.6847060439564316 0.9669921266517456 0
0.8204583330217154 0.9682194948217451 0
0.3355390954672572 0.5629166050133756 0
0.1100018081095281 0.9827057899619527 0
0.09881708539007511 0.9616930809644655 0
0.07773129690573732 0.9664685361490168 0
0.1210523714450766 0.9641045878677232 0
0.07010896065856159 0.1900911018342493 0
0.8350872207496458 0.8700086912270604 0
0.6522602470056109 0.6322000490108135 0
0.669931539608008 0.01725465346732602 0
0.6803384542742896 0.03417759015111377 0
0.6608369795144342 0.03368928176473157 0
0.6511195293688474 0.01651974686787455 0
0.01754664390680405 0.8312474707831348 0
0.0173210009678797 0.8499860723172743 0
0.6086382363783986 0.6589210792074638 0
0.5892146578950838 0.6557691575002647 0
0.5821023067612905 0.6374662474321038 0
0.4135644055229871 0.1449310529059784 0
0.4924382492029007 0.6927303361319386 0
0.4723979031649454 0.6893059650556537 0
0.852059387918779 0.5774757213515256 0
0.1041891377372821 0.5772286138313034 0
0.1111978063368251 0.5957584284390871 0
0.9827897339450022 0.1300023535210754 0
0.9666774835245837 0.1203212283786998 0
0.9652352897055393 0.09787960702524301 0
0.9674828730415501 0.1395385353733942 0
0.1516222966431224 0.6544004997171278 0
0.7494874373811016 0.9824442751831832 0
0.06964247710801907 0.9837157236187744 0
0.9838846007372301 0.08965657495691204 0
0.9445800077264837 0.09386890965162931 0
0.4573758889067496 0.307982443397786 0
0.4767522247343057 0.3112012010078479 0
0.4642767190948874 0.326371903658949 0
0.4839761375460596 0.3296891987441449 0
0.496496946084995 0.3145032373122174 0
0.1852920495390445 0.4516813561501649 0
0.4412651630844185 0.4086863046967377 0
0.4799410714099355 0.4151244695942464 0
0.420349154628463 0.3535972150084085 0
0.4398206823168077 0.3566485422577005 0
0.7698159123765798 0.9825815623456102 0
0.121076153694107 0.4754639137715788 0
0.5758747651541267 0.137083947370844 0
0.8496142076192625 0.9846664799541813 0
0.5200233939094329 0.2320184575595653 0
0.01720099536510911 0.8899968601554999 0
0.03548369209278224 0.8799517492789661 0
0.03393378399305169 0.9015552257316647 0
0.0171271586257784 0.9101644782315861 0
0.03463536233365 0.92000000017839 0
0.3991068556040249 0.5390292814396993 0
0.9825779593797721 0.04999999999999982 0
0.4488799537795594 0.4784798675474754 0
0.4459947833269005 0.6155582292993069 0
0.7245072793441176 0.6240217785510456 0
0.5694949269695657 0.6529550322235687 0
0.5741676145391487 0.6192013501964183 0
0.5945239432733673 0.6221871971543458 0
0.2557838964945636 0.4465040606716731 0
0.2806397091863879 0.4161918817584341 0
0.225309271983985 0.510409560224059 0
0.5160731901282489 0.31774768462641 0
0.5092101255092559 0.2993768936782089 0
0.5522135814817731 0.7540482565602151 0
0.9100032222021069 0.0171594287783039 0
0.9007877126237888 0.0341469841281874 0
0.9191152215193064 0.03399369442359407 0
0.539659748299226 0.7693049021278776 0
0.5452154418201828 0.7356563443210065 0
0.4059960129801057 0.5573780351412738 0
0.4665687134158613 0.6694460689428114 0
0.3414299488249098 0.09856453297588297 0
0.6299883570879226 0.2329451777412972 0
0.01642984740439618 0.9487451968149668 0
0.9831542384069805 0.8884590191576659 0
0.6161750272760197 0.1959428124445395 0
0.84929698392108 0.7161449878601983 0
0.444653591951745 0.5637992856389316 0
0.3384957890564054 0.4257897284018126 0
0.4777719938846153 0.6037145660143557 0
0.4450650349605872 0.3232116659248738 0
0.1393230384557781 0.426405569266889 0
0.4295441859753315 0.4752772566154481 0
0.3248124582333225 0.1993837123822326 0
0.4308770085430979 0.5270992327126319 0
0.5035501183588614 0.3328865917340049 0
0.4653237507283722 0.6188460640584234 0
0.2301849128906172 0.9827930531293918 0
0.3704037588926351 0.2241998278732992 0
0.5289009055897821 0.5949898483747647 0
0.3895266998473918 0.4171697068061168 0
0.4819907016408013 0.5183726875200204 0
0.6346102865509889 0.9240779004242377 0
0.860408171417845 0.8391675583996516 0
0.4788477038843923 0.3633251882609465 0
0.4957761787197664 0.5550728924133327 0
0.4415594899779981 0.2188649856233114 0
0.2911826301411186 0.5900769373277923 0
0.9827601936003507 0.3700783808780755 0
0.9829988418124564 0.8301395481085081 0
0.677782805889965 0.8441473007739331 0
0.3784529178509973 0.483996044238383 0
0.731513722300507 0.1107244043583326 0
0.4115490173158843 0.523889266061222 0
0.2899517852520638 0.5381298615310365 0
0.5315044473945437 0.6988102988623137 0
0.583368621736387 0.689704670864106 0
0.5258051767016643 0.7324615746617924 0
0.5108969755856138 0.6436377560137591 0
0.9092542677924895 0.2449647333438165 0
0.898509916534199 0.06872362810860444 0
0.3535554709177007 0.5142644851840352 0
0.8280665722427354 0.8513589074655205 0
0.5785215921975445 0.2416992219103574 0
0.08761317590142415 0.4350121254052803 0
0.9224941347788482 0.9533678215500344 0
0.3715728014272039 0.4656597830716856 0
0.5484203612027411 0.5980773272989968 0
0.501327619112547 0.5215825381650893 0
0.9138218197296637 0.8830267617909033 0
0.3592556608789362 0.2912148930957227 0
0.2968346281251441 0.3160888601089176 0
0.7975481265569285 0.7250188969858753 0
0.3109868245255619 0.3525583361082738 0
0.8169496878999927 0.9193078879111201 0
0.7834010524750286 0.1019829365070956 0
0.4894462804335718 0.2960753324851661 0
0.4824270993514862 0.2776525481171752 0
0.8351951753941481 0.09318198016858059 0
0.1796093761138217 0.4854056075046368 0
0.1586223362413912 0.6728514468022823 0
0.8339361412919261 0.6265385512099287 0
0.8492827204127276 0.1826826870607676 0
0.4184362606486213 0.5422370178871833 0
0.7824439005084298 0.6354180029778252 0
0.7515619105949388 0.6999600564798303 0
0.5082179980843651 0.5399332713250393 0
0.1822479404858854 0.5901055697741291 0
0.5434818287543064 0.9263613009491689 0
0.2060157513062563 0.3720774124433218 0
0.2130091528962975 0.3903874064648054 0
0.8941361559006246 0.8797604751632984 0
0.2930580375625641 0.4010735206252666 0
0.5311264329668535 0.1644523278884661 0
0.3316296874966087 0.4074699515754788 0
0.3205073073778499 0.4743766214437727 0
0.1600609679404168 0.7249864993661236 0
0.4226526517133855 0.4569413132121634 0
0.8688279558322873 0.9106045850537724 0
0.107225580065843 0.9256077579917974 0
0.8732896805817941 0.0993436696377793 0
0.9125163196678578 0.8304852544839624 0
0.5177833798728019 0.6620049936221819 0
0.5953156971062421 0.917571577358453 0
0.3024414591610912 0.522995731977614 0
0.8631338961125137 0.2198038323516919 0
0.3548842708760062 0.5661108811896201 0
0.425325216576856 0.5605870264603818 0
0.8885375714331731 0.9138597395458312 0
0.9079755935517091 0.192413832961853 0
0.9306901104671848 0.5375258443421747 0
0.808806690627272 0.6572441632732589 0
0.6456147479558849 0.8562493726714826 0
0.5275519384723192 0.5431417175985985 0
0.2169964539029557 0.6823165076107471 0
0.8745765404922577 0.1520057781396209 0
0.9460620351284489 0.7675013017435374 0
0.4322133604416972 0.5789378130752144 0
0.5995000894418585 0.831236909192232 0
0.6050210527828862 0.7974227730738599 0
0.8160181458074925 0.1423943649240004 0
0.01773627914319831 0.2903597944101048 0
0.540104282064826 0.5280637517984497 0
0.4962868936473391 0.8486733595439492 0
0.4740288469135173 0.207076938101296 0
0.4197828667502738 0.5940065919934975 0
0.4350998733269346 0.4419217541451271 0
0.1001386142885997 0.9069170867379912 0
0.9195770644732146 0.124588910278951 0
0.7501759248622746 0.06150313563325333 0
0.3591362811419798 0.4807861533645971 0
0.361780932451781 0.584450986457793 0
0.4613412974350798 0.2222302948161287 0
0.42668010763607 0.6122397372545112 0
0.6389567530037094 0.06121229601765571 0
0.5827830451065021 0.1556429902478723 0
0.8310762623490546 0.7652797923575309 0
0.6978378990195049 0.07020954817598368 0
0.7906505872321148 0.1730116470141541 0
0.3884677830251786 0.1754238022151441 0
0.6542845824804733 0.6837035938374947 0
0.779359045527753 0.2406294387823314 0
0.8366401276512023 0.1979814142478684 0
0.838833475878492 0.3032651422121376 0
0.14755238627706 0.4973463929417499 0
0.5365305150208376 0.9077573465708533 0
0.8252682862537316 0.2656574833294874 0
0.7403877318051553 0.2341375909289085 0
0.05232799847126118 0.8291671127292994 0
0.585544756551295 0.7942206610292764 0
0.6292791361245441 0.714092945297266 0
0.6564914906681596 0.7886693114333132 0
0.5053323922294887 0.6771375209019515 0
0.3192007016942522 0.422579189255721 0
0.9584090774602967 0.6645873294294211 0
0.6955177232255068 0.7950660174762045 0
0.5872151893144419 0.06958603714584521 0
0.06929976489686235 0.4842838813925091 0
0.07062266835767916 0.5368230289704752 0
0.5409811136336479 0.8214733339551594 0
0.5423278572865556 0.09665105316452249 0
0.288952855500315 0.4864965830454093 0
0.1474735816828753 0.7406095152541478 0
0.1645148659103404 0.8824950430362667 0
0.8213789243949056 0.6419022105532581 0
0.3772787993868246 0.2425789057207738 0
0.3466829566286533 0.4959285177774906 0
0.9232404613477667 0.5717396271167604 0
0.1419104569463788 0.5313385288413107 0
0.4721851531010046 0.931783534730894 0
0.05236905827877197 0.5861446484426281 0
0.862025553045751 0.7007300926225554 0
0.1836408006577557 0.6422820291788975 0
0.7320478268429846 0.6967059690335726 0
0.9051188148394954 0.6209622703229802 0
0.03829935571844384 0.7918947964288632 0
0.4639677201070828 0.0837101466073995 0
0.4149322065400012 0.6270053296061325 0
0.1611008776130393 0.293469097845129 0
0.8966139394025787 0.2602697326057521 0
0.1237413857841396 0.5804097854168666 0
0.5813083794401629 0.8803876485822693 0
0.2388146065311046 0.3074339760011238 0
0.04375912479150956 0.7046855121729052 0
0.03449628229901219 0.04029828438325123 0
0.8507718295320563 0.01886979467021993 0
0.3357426609074378 0.1321911186855025 0
0.8435773451672126 0.2165481732690708 0
0.6494416499759881 0.2361769909612161 0
0.1544702469330191 0.515975761914095 0
0.1740385671637019 0.3309243634846802 0
0.4303048592943644 0.04371138293712945 0
0.380231181004924 0.104819356652239 0
0.9319556248716923 0.4057095633001606 0
0.1641553446475456 0.6390733097495382 0
0.959209772558909 0.9081369259334952 0
0.1840756148501062 0.8856684779476043 0
0.6652167951892319 0.8594880047087666 0
0.3492324318642737 0.5995698251150872 0
0.2177255942375162 0.9302358176506929 0
0.9384832326397597 0.1276482769703695 0
0.4206728492643534 0.9395149679316215 0
0.9011709354252212 0.8984299272119971 0
0.5479076315912602 0.840000345223034 0
0.1307266003643096 0.5989291881440588 0
0.069854894017983 0.1066517660108928 0
0.2967214476600225 0.936953115640771 0
0.09331810686771336 0.4011167135902978 0
0.3350121082981932 0.9448848571485761 0
0.5353316434929878 0.07802901571039994 0
0.6781273950140402 0.06739794301178609 0
0.3227288488136838 0.04000671535028205 0
0.9162166567016352 0.2635900086490753 0
0.1265384846595755 0.06377968717324922 0
0.1783718286181275 0.05465002706771593 0
0.4078975303697902 0.1786253011600548 0
0.3273974152777938 0.492705712287953 0
0.6746843482452539 0.2057261129674677 0
0.1740338146277335 0.7620041456974522 0
0.1309391628552655 0.8422051198382419 0
0.2759879403924745 0.07043594368704187 0
0.7442885309236423 0.03979525365193259 0
0.5410176213737595 0.2874063763988679 0
0.598062764889053 0.7789569117874136 0
0.2298098803664478 0.04653513131959952 0
0.08610218600295333 0.6262598591996515 0
0.3219556313150307 0.09532003006611034 0
0.2999126485000763 0.419378142450787 0
0.734689163158682 0.8014242744787735 0
0.6008647177167054 0.8836333246135311 0
0.7962253942648547 0.6726023124115172 0
0.5954099600965982 0.140338877640544 0
0.6552574368847464 0.736258759873738 0
0.5239199228795171 0.9230799473328719 0
0.04994517625696043 0.4811517956375876 0
0.7813254082732229 0.8263278928858238 0
0.9208742849385116 0.9016849328155522 0
0.5353220344427915 0.8552725473438567 0
0.4790227995093878 0.9500193027090694 0
0.4763368285147058 0.06839060369288119 0
0.9359015192001721 0.5570858607728671 0
0.9247142806620529 0.6241845421344787 0
0.05081800684134641 0.5337065838554382 0
0.3966552597088778 0.2457851403054427 0
0.03254146039413391 0.01849958985595468 0
0.6149649485932319 0.143588816511352 0
0.1238850661052494 0.8236281763045732 0
0.5215700033532921 0.2841778395935152 0
0.8139100665039081 0.8141432119338012 0
0.3826817989508504 0.3989079044669804 0
0.9402695907355509 0.9049825046552695 0
0.7194077325213977 0.7119734015950655 0
0.9104802191971313 0.2974863545408404 0
0.6746342951805616 0.7396435592101541 0
0.5031478352017726 0.09022247793260452 0
0.8561875557134002 0.2012383720488485 0
0.6276539912003805 0.1282616276842779 0
0.09901092264237676 0.3673334930493861 0
0.3019213691621448 0.2821221781008748 0
0.6078773593212963 0.9022367937275568 0
0.6175345407580863 0.7821640985087475 0
0.1715136047611206 0.9010355589155861 0
0.9300768325042164 0.3008659118008404 0
0.1656163419680443 0.691276017986503 0
0.07937164501248095 0.3639093210372845 0
0.1042590024820984 0.8203415951742321 0
0.4989568037606277 0.1765606354380411 0
0.9438234474328617 0.6275920006929144 0
0.6930652196680185 0.6902591695413642 0
0.2874833354611429 0.4345016680069251 0
0.4204402128392954 0.1633851144892954 0
0.654048321399556 0.1501641423515943 0
0.5307432788279122 0.9415882111311686 0
0.4362379535409818 0.2525013637018481 0
0.8688195699146907 0.185907350667697 0
0.2688629414434838 0.0522254075596264 0
0.6149120450030046 0.9208178135741676 0
0.6735943914962669 0.153415712334543 0
0.8186818829176001 0.7804619402857832 0
0.1181657248385321 0.6142153793817368 0
0.3229732634176986 0.3372687705998589 0
0.158920700008772 0.916366206192916 0
0.3988184566117719 0.2979774901136834 0
0.3816430137229389 0.8802365326820651 0
0.1878370364291214 0.7987782606169382 0
0.6864610746823379 0.1380295602599294 0
0.9481164337894228 0.789845455185281 0
0.6620416761876777 0.2209693433891773 0
0.9246048049100972 0.3350404451382916 0
0.1098590615745033 0.7865129339348791 0
0.8784433052923175 0.7897940521172996 0
0.8814674749456411 0.1705782570252069 0
0.5367147711403434 0.9635407438411719 0
0.3369570759277544 0.6146514695800144 0
0.1393410895144048 0.9132137380736308 0
0.08533427354214712 0.3302878605428027 0
0.6470240473891963 0.9086631005386141 0
0.6245226872085442 0.8006482423480645 0
0.3482917662413083 0.1169496644247409 0
0.4456358424577642 0.1328515032875205 0
0.8830061713225694 0.7563692448894096 0
0.7126732617044422 0.1599813354452321 0
0.09860996784940673 0.6110368692205594 0
0.4961860709182201 0.0715458822756756 0
0.4524171063221473 0.3418085174973774 0
0.433031816823597 0.1481331789161574 0
0.2750751917077594 0.4496345100089002 0
0.944337764500196 0.3376710717163282 0
0.06279762005729245 0.08858764573530731 0
0.1530805731499155 0.7066115275434781 0
0.471687434307337 0.3448951259754814 0
0.8958187447657837 0.7408891410176174 0
0.3789000570812858 0.2944590373366323 0
0.6440233061664793 0.8038794259545348 0
0.6539807853662823 0.9271680714493686 0
0.0902302473090959 0.7831577877598626 0
0.07856650870418641 0.3118540537562431 0
0.7322153464834688 0.1632269106007637 0
0.2819814275212483 0.4680521640253799 0
0.3495126224189837 0.3590033397503261 0
0.901070263565859 0.1738589879648533 0
0.3081710967608099 0.4895082095517432 0
0.1266860445557914 0.9287049384359188 0
0.7451411995273033 0.1479322148836109 0
0.6635616992958775 0.8071150718428399 0
0.2143851113313744 0.8192193064736998 0
0.9206831658052195 0.1771569787704657 0
0.0958884134592623 0.7493067008996945 0
0.4666918139123779 0.1885480341161938 0
0.5553392237474918 0.6162853780858408 0
0.487885083787647 0.05266556293107416 0
0.3920928947901517 0.03641407181673106 0
0.1136295063868899 0.9447854241908689 0
0.685735166502474 0.9152003000069885 0
0.6830683732090393 0.8102762317387968 0
0.4163375174311424 0.2490315405199549 0
0.9402619321177517 0.180475490810959 0
0.1493349995793511 0.2572439097294754 0
0.360846397790039 0.1017052852983988 0
0.2957163167422075 0.5047356499052557 0
0.03513998882927605 0.4433906897365232 0
0.7712641203474088 0.1697915383000699 0
0.8870831473838282 0.6698874844085004 0
0.6486093805041306 0.717222372682037 0
0.1921366831949755 0.4702310498212522 0
0.283265217042785 0.5199039440629681 0
0.5682997418245046 0.6007563112456038 0
0.2639661704125865 0.5167377397834896 0
0.5263791987530373 0.4407304120355662 0
0.1014675555910944 0.7153304196138062 0
0.4214921115444733 0.4054483454309871 0
0.2514251651387375 0.5318002511330393 0
0.05862098398488164 0.3076403267221728 0
0.1977607827097387 0.4367487280965791 0
0.1408979959182821 0.9657807042417298 0
0.9457093171732878 0.4425992024529844 0
0.2070482634088835 0.5594968321998476 0
0.4477684377562375 0.4269230775012456 0
0.2321500119089474 0.5286541213038252 0
0.8041184613126448 0.9339008217003159 0
0.46731120848375 0.4301712156122275 0
0.9648852449006791 0.3394133106574228 0
0.22268452058484 0.4070133273187881 0
0.1071758865168804 0.6816397586002861 0
0.8702814683298902 0.9630387349363302 0
0.5000570805134124 0.4700263355894691 0
0.05545801636641484 0.881572563087152 0
0.1027945883931087 0.2285093761905185 0
0.252608145692946 0.583655796630042 0
0.3732831770786459 0.0864081482495262 0
0.08744298930521266 0.6780230159909935 0
0.5522082175989966 0.5140006663485557 0
0.2195556603627755 0.5440028454061605 0
0.6610686405166172 0.7022674375341231 0
0.2408522433230791 0.8375869359583965 0
0.8225647445240616 0.1083565245002854 0
0.3662117327853042 0.06811776037622569 0
0.09317364803472999 0.6445615519103723 0
0.7249044144554402 0.9219677087747469 0
0.4020954250432793 0.4021552491813264 0
0.7026113953742037 0.8134170903437675 0
0.512815848325209 0.4548968394704697 0
0.9631512654108034 0.1811675715154779 0
0.6011015292326212 0.3223387974566346 0
0.7223501973696638 0.8166882923454197 0
0.6165818265339043 0.7296284793557251 0
0.7543180820953552 0.8046040009564464 0
0.7616388185581485 0.8231559220256218 0
0.1719800942031796 0.03621487241539312 0
0.7839816275968838 0.1545019098039574 0
0.2255776820534614 0.3751937880917012 0
0.7938336321941096 0.8110675231163473 0
0.7966860424215185 0.1392014968356631 0
0.9615104531662672 0.630946517975651 0
0.3421431564946463 0.3403292923744361 0
0.8094013918048891 0.123991046122309 0
0.5463223445490192 0.4942722996169435 0
0.9662310751398522 0.5000003377904778 0
0.01626592805551441 0.6906728366646888 0
0.8416288343055345 0.1119232409711142 0
0.8382933300387166 0.7834020773707494 0
0.07355448574207063 0.6411391818112893 0
0.8581647563744506 0.7866633371057214 0
0.1615407568763723 0.3460036101314314 0
0.9067551551445014 0.6729843137181926 0
0.8543100708853637 0.09646065505213852 0
0.05391985849057246 0.6378948331285348 0
0.2830689462223307 0.2792672635747705 0
0.3158450773595987 0.3190427434594282 0
0.866982182079993 0.08126194633529049 0
0.3088133809962893 0.300577337131371 0
0.2482761729475444 0.3769007927414392 0
0.3603191422105554 0.9663836123300392 0
0.8793566927960763 0.06593052097261876 0
0.768627616693057 0.3075103509741449 0
0.03420275115424931 0.3379205059464991 0
0.8025166254383556 0.05308058645616831 0
0.2873393121031843 0.2429501965293224 0
0.2590938782212002 0.602457463685962 0
0.6730184124117521 0.9301141934240307 0
0.1417809757854929 0.2887052653101778 0
0.8252978981885843 0.5568530814659288 0
0.2954462654270381 0.2628456191969586 0
0.2605728133424705 0.03441123400653878 0
0.03063130183747997 0.9843026894942357 0
0.9834066969924512 0.9691861725446028 0
0.2464778226510106 0.6176274861297253 0
0.934829484552876 0.694172930168238 0
0.3109700415611695 0.02536009334080447 0
0.9146605885587179 0.6912437813122763 0
0.2595123031389107 0.3623428758776002 0
0.4133970864139965 0.872008314156886 0
0.2894272899342833 0.1587718181933053 0
0.148326780059212 0.3072979594194123 0
0.1025718761243973 0.1804844429091461 0
0.8360395263550725 0.339031525045878 0
0.2011416718109266 0.7819626397117136 0
0.259026790745977 0.9323684801137224 0
0.8761684656835439 0.4479806907911659 0
0.9842945954411801 0.8696220468797601 0
0.465743544783211 0.9658729039879028 0
0.7845510214343601 0.9305221386281624 0
0.5784853201717384 0.9657745369688296 0
0.3612717044646339 0.6355564640117973 0
0.5717747997974261 0.5681992381913429 0
0.03542978109787165 0.3908816601839082 0
0.3197197073291002 0.6393791705406131 0
0.5707556801952524 0.3254592793123976 0
0.1550827109703532 0.3265602224768601 0
0.9640437337688637 0.6829451056296804 0
0.03377574602203748 0.5805439949934174 0
0.21264242324924 0.7650609788757913 0
0.1041469725053633 0.03905216217132634 0
0.9836618298110722 0.2093438390136996 0
0.9568596817735945 0.857761966535084 0
0.03507628496778742 0.6350052334181795 0
0.5629731721757005 0.3439850551292601 0
0.8372172327518116 0.03258039160721954 0
0.6793933046078023 0.9483593258035374 0
0.1490041731897627 0.3595125865182882 0
0.8907140209358203 0.05022121146169445 0
0.4520749770349243 0.9827635633341816 0
0.03188501542090516 0.2397469512778062 0
0.9322002317240512 0.8361520791952689 0
0.1617776585241363 0.966834521554267 0
0.9033960073051823 0.469302370858312 0
0.7472293849451598 0.5995132949456534 0
0.9090621359607906 0.4868460603074746 0
0.704348384388312 0.6241630696481393 0
0.03414311112547391 0.09905660064443889 0
0.6698808072207385 0.04999950650228135 0
0.05269292461504815 0.1853498043865185 0
0.1564007928294761 0.378666432989094 0
0.8915919880396123 0.9845786136122703 0
0.6922555398726911 0.9841160636520925 0
0.9503299381212914 0.4115873445137442 0
0.5818214380655878 0.05063952719234255 0
0.03393012852178801 0.8227744841162332 0
0.1476942876317302 0.1170792045148074 0
0.4817214206539477 0.7604376237544144 0
0.1640490465217768 0.3979031444043648 0
0.1478697717325596 0.01537614175393354 0
0.8549459267307487 0.4872158570481752 0
0.2522267741706545 0.635887530327798 0
0.3952626507106086 0.6221023525075504 0
0.9725530035783416 0.01438840167888056 0
0.7329098627723862 0.02563429939278722 0
0.9838327032633286 0.9309498696877179 0
0.4787209784293577 0.03412971907264095 0
0.85528969810666 0.3398935355886652 0
0.03937770855647638 0.9694204557517991 0
0.7465774448924096 0.3025498950616466 0
0.03159242557513225 0.7182429319293511 0
0.9664244884014247 0.2577807386023798 0
0.01471970934652667 0.1478530607378603 0
0.6659799006909319 0.9643009424279119 0
0.9330825602265009 0.5074326297580314 0
0.3800813243632999 0.9678105350046099 0
0.1835327063824102 0.4017541431247231 0
0.2159850093521495 0.7337962863009337 0
0.4779453532500647 0.7945435954273702 0
0.2423931942808997 0.6779375013320074 0
0.203070661779513 0.4052506936527712 0
0.03210481468657495 0.4773724248264539 0
0.9498977136612604 0.1123620224000886 0
0.778283786251776 0.03216387146705346 0
0.3582672051524459 0.05326080855803894 0
0.05849067927260571 0.2555225775843027 0
0.4598755979531138 0.03248275616770258 0
0.9677365167306411 0.600102588497142 0
0.2410446364632186 0.03261634885298187 0
0.0814279218244684 0.1762007391672299 0
0.5990773470519375 0.2989487661663019 0
0.6386976038060851 0.5977299043373406 0
0.521129714760494 0.3896412528922916 0
0.2397675820205183 0.6500932986395437 0
0.3892741553926125 0.9000088570776829 0
0.7725003406117945 0.5683098031447688 0
0.1448531502512066 0.1510826693534127 0
0.9677661907741901 0.1990686603298942 0
0.423630370300731 0.6424007657051449 0
0.2950313039115744 0.8874936602667519 0
0.3772067451796738 0.9177492297879776 0
0.664116248534129 0.6185268994882149 0
0.8124080122945879 0.9517516304690905 0
0.5429401917869475 0.4449516365749826 0
0.4317561603114818 0.8754606423598044 0
0.6128080282980657 0.3108623697306571 0
0.05025229001104692 0.9123322864632067 0
0.3838788893744609 0.9359578934906327 0
0.9681230816112094 0.06283316339929312 0
0.2685203607017439 0.9497857215728207 0
0.4914166178047892 0.9853763164710215 0
0.03372737056048292 0.7752775101860823 0
0.2280903608385648 0.2731072275909212 0
0.5983318147223449 0.9675162386469216 0
0.2285571165558282 0.1311891179145986 0
0.1978085120368346 0.1068482538736238 0
0.462157420822623 0.838923869459494 0
0.4439707891430765 0.8609196486520228 0
0.8812900125874288 0.4641370032930747 0
0.6085363294868141 0.5747945459240401 0
0.9665892763489554 0.7609125346908658 0
0.1085815514162877 0.1636234925900003 0
0.6118723557857133 0.2799770722467261 0
0.9670500140130344 0.7378031836204447 0
0.06724802019836729 0.2770290238723158 0
0.8319503042314516 0.9544511467029626 0
0.2662516926574572 0.196262729933897 0
0.2545265226418052 0.8838182235525026 0
0.8830220329789636 0.03289001065457903 0
0.8518664946586245 0.4255661858309862 0
0.6834706381113884 0.6217394397863669 0
0.795561478244879 0.3464973046037511 0
0.1821858598763645 0.9670692470715836 0
0.9857669457304385 0.3104301261519988 0
0.9148824172879647 0.5036299546765216 0
0.6579065146169658 0.6016510414341768 0
0.9345156035544158 0.7998895422657499 0
0.2827107941046195 0.1746283679044394 0
0.2478287876477989 0.1311044055614894 0
0.5959181185837943 0.03405394605368556 0
0.7111474883255862 0.608629357467608 0
0.966842939909487 0.1593866974885791 0
0.05042630534893 0.01339294497387583 0
0.650810384472875 0.04728022964832679 0
0.2700609982035013 0.2454538992243525 0
0.9506270893548132 0.2189160117186614 0
0.03283836112474109 0.9401807621849101 0
0.9097495107013065 0.9875486604903514 0
0.7249401241866273 0.2982552767263915 0
0.5582355515236166 0.03140513398383415 0
0.9506886817159663 0.3530099799643437 0
0.7039195789238484 0.2769159283762587 0
0.1283915600851574 0.01492667721894969 0
0.03049329329333456 0.8599933605648004 0
0.03257725206108641 0.4237052797570848 0
0.949668396368873 0.5125380706702245 0
0.3909235174244274 0.9518003676799676 0
0.09000000000000064 0.01313647990062328 0
0.4410688822435205 0.03128354544472095 0
0.1310370833621125 0.1390200564529812 0
0.9698165889445385 0.4600405295303646 0
0.863238954840577 0.3559909272295055 0
0.05898499317232941 0.9687326244829502 0
0.7117773542975676 0.9848826163858569 0
0.3618102189570656 0.8827204509882604 0
0.408930261227038 0.9530308314179367 0
0.03077786052687842 0.6192706735282394 0
0.6507167096408346 0.2833707243712007 0
0.03006736965988066 0.3199999999999996 0
0.340156517076356 0.03079174424400388 0
0.8534123034239542 0.471335121172526 0
0.7607730081541112 0.03042040182330663 0
0.2212654416557824 0.03091718544172628 0
0.4556361604165881 0.8234769613147216 0
0.4719680323530442 0.7757288602954444 0
0.8704547845310635 0.0135757988969325 0
0.4373340280739597 0.6791080785169491 0
0.8669382238805536 0.5143525689688518 0
0.3289401112787848 0.8708472414640365 0
0.9683098094887488 0.6496046648832365 0
0.3762811889099676 0.03185551214858579 0
0.03288138985241795 0.6662616049636023 0
0.5783865648506256 0.5396254173601952 0
0.2440113427577433 0.8546931008868814 0
0.3069452914148777 0.6428191981610299 0
0.2869391706295684 0.9508479718279579 0
0.9474096710153317 0.5456430796044025 0
0.5106850073315247 0.9859887815784394 0
0.6182053412645433 0.9692763972955243 0
0.06509309148353348 0.1753366641444631 0
0.1886193166924401 0.9525554104649483 0
0.5630915348149246 0.3644833316805085 0
0.6430872385813533 0.03152300754564707 0
0.4669641260975418 0.8098590365972202 0
0.2854390382058724 0.8706933093080336 0
0.07142776567200038 0.07558021151111755 0
0.7927573499743001 0.5730802155942071 0
0.8054953655247158 0.55651450660304 0
0.01220093578364068 0.3701198460736402 0
0.2784201680567645 0.2111339624552118 0
0.3971728531960427 0.8702647226739331 0
0.09869673848243721 0.07907537820310417 0
0.0146410161513772 0.0146410161513772 0
0.01464101615137703 0.985358983848623 0
0.985358983848623 0.985358983848623 0
0.01266563124208631 0.5300626672666058 0
0.9441371334561104 0.01470074541882016 0
0.9508890095681193 0.6945850041208745 0
0.7408756955566278 0.613834538534303 0
0.9680430848667382 0.8945822607775297 0
0.03077112087618744 0.562375133542508 0
0.5528829354947198 0.4737962281827233 0
0.5381381021960421 0.368151177119364 0
0.93344465882679 0.3737544319421543 0
0.9709025118920498 0.5600000000000003 0
0.5455516511394086 0.411773225660606 0
0.4701287816504318 0.7258581129353945 0
0.04734148882883216 0.08841961390529612 0
0.8473564958638093 0.4062290304065029 0
0.8403936733310697 0.9700305169416864 0
0.4150749065563802 0.9680618804258609 0
0.854609823487598 0.5268184064829582 0
0.4551471075599616 0.6800624465485494 0
0.9535946860007228 0.4296416016805706 0
0.02930066607194526 0.7588922231635823 0
0.9303144243864214 0.9674624593731328 0
0.6329654457470029 0.5839459389522863 0
0.9698965819962286 0.941830719254283 0
0.05296781398377148 0.1506612736274786 0
0.4224414114153804 0.03040675054509168 0
0.04942713398329779 0.2173136175113051 0
0.102764457616083 0.197621192788533 0
0.08256927547185766 0.951061789234494 0
0.02844320402099082 0.7003865180606208 0
0.465980972226249 0.7021409651404767 0
0.9541460043981442 0.1300054882660523 0
0.9864196335872295 0.01358036641277044 0
0.118395198434547 0.02971183850459291 0
0.2320806220458823 0.7272343196033795 0
0.2710945809277006 0.1485080995596318 0
0.2485859071609525 0.8195806589664971 0
0.03141231676336392 0.8051215508531295 0
0.303423040485958 0.9514625921987765 0
0.3129391143163286 0.8954920359971068 0
0.2204747946971901 0.7506785432347056 0
0.01098702595902384 0.1300000000000001 0
0.202395840127773 0.02998405022509337 0
0.02815349545772272 0.4599901776655638 0
0.9691482312916704 0.2758004245808874 0
0.5650966891810387 0.5180750806632042 0
0.181013072798326 0.1006850415183076 0
0.5203441177300401 0.9715906837427778 0
0.8717105480161899 0.3812141312118455 0
0.2454382885786834 0.6650444120527689 0
0.2147742663563842 0.9504144029759215 0
0.9703626112813603 0.6179106647849575 0
0.9718576746169578 0.8594298482019898 0
0.7310495860674368 0.01174581572956812 0
0.9502650289824286 0.8438683334773895 0
0.8674475279548139 0.4617336027265077 0
0.03084901666414186 0.9560192303841386 0
0.7197984481341076 0.971691545539814 0
0.3237311134083956 0.6249832593426452 0
0.8079454990942992 0.3295345551346002 0
0.936076532464357 0.5221982330417295 0
0.9721497113074791 0.07999817476326576 0
0.5802992061472338 0.554471864359475 0
0.6338313128870962 0.3279862487764636 0
0.7834860130585599 0.3379616429890662 0
0.3101159305872085 0.0109821930016446 0
0.8334229087247903 0.04678630370043246 0
0.2005145268902117 0.2699379589479289 0
0.1934411780584808 0.1374220069119149 0
0.6808505730641113 0.2959500499447392 0
0.6371191357610008 0.9700940871674611 0
0.5413250946072757 0.02995739895259159 0
0.1306471368421044 0.2015278053373627 0
0.3445616133243684 0.8830760192864624 0
0.2659300536952229 0.1327206979408103 0
0.97099501582625 0.3217916143044761 0
0.04783301370147747 0.8945440719900952 0
0.2311276372112282 0.6851713600150433 0
0.7049660766160264 0.01392626429727045 0
0.8580025698410868 0.9716223006051873 0
0.2052131816324658 0.718656611078532 0
0.7114090574347501 0.2911330980219714 0
0.7011673121167815 0.5977675945052777 0
0.2872434402165716 0.2240583352850377 0
0.6244665446264515 0.02997137260720717 0
0.9352500116483149 0.03098554173368617 0
0.1612803188274624 0.2487711366272971 0
$EndNodes
$Elements
8 5812 1 5812
1 5 1 16
1 1 8 
2 8 9 
3 9 10 
4 10 11 
5 11 12 
6 12 13 
7 13 14 
8 14 15 
9 15 16 
10 16 17 
11 17 18 
12 18 19 
13 19 20 
14 20 21 
15 21 22 
16 22 1 
1 6 1 32
17 2 23 
18 23 24 
19 24 25 
20 25 26 
21 26 27 
22 27 28 
23 28 29 
24 29 30 
25 30 31 
26 31 32 
27 32 33 
28 33 34 
29 34 35 
30 35 36 
31 36 37 
32 37 38 
33 38 39 
34 39 40 
35 40 41 
36 41 42 
37 42 43 
38 43 44 
39 44 45 
40 45 46 
41 46 47 
42 47 48 
43 48 49 
44 49 50 
45 50 51 
46 51 52 
47 52 53 
48 53 2 
1 7 1 40
49 3 54 
50 54 55 
51 55 56 
52 56 57 
53 57 58 
54 58 59 
55 59 60 
56 60 61 
57 61 62 
58 62 63 
59 63 64 
60 64 65 
61 65 66 
62 66 67 
63 67 68 
64 68 69 
65 69 70 
66 70 71 
67 71 72 
68 72 73 
69 73 74 
70 74 75 
71 75 76 
72 76 77 
73 77 78 
74 78 79 
75 79 80 
76 80 81 
77 81 82 
78 82 83 
79 83 84 
80 84 85 
81 85 86 
82 86 87 
83 87 88 
84 88 89 
85 89 90 
86 90 91 
87 91 92 
88 92 3 
1 8 1 50
89 4 93 
90 93 94 
91 94 95 
92 95 96 
93 96 97 
94 97 98 
95 98 99 
96 99 100 
97 100 101 
98 101 102 
99 102 103 
100 103 104 
101 104 105 
102 105 106 
103 106 107 
104 107 108 
105 108 109 
106 109 110 
107 110 111 
108 111 112 
109 112 113 
110 113 114 
111 114 115 
112 115 116 
113 116 117 
114 117 118 
115 118 119 
116 119 120 
117 120 121 
118 121 122 
119 122 123 
120 123 124 
121 124 125 
122 125 126 
123 126 127 
124 127 128 
125 128 129 
126 129 130 
127 130 131 
128 131 132 
129 132 133 
130 133 134 
131 134 135 
132 135 136 
133 136 137 
134 137 138 
135 138 139 
136 139 140 
137 140 141 
138 141 5 
1 9 1 50
139 6 142 
140 142 143 
141 143 144 
142 144 145 
143 145 146 
144 146 147 
145 147 148 
146 148 149 
147 149 150 
148 150 151 
149 151 152 
150 152 153 
151 153 154 
152 154 155 
153 155 156 
154 156 157 
155 157 158 
156 158 159 
157 159 160 
158 160 161 
159 161 162 
160 162 163 
161 163 164 
162 164 165 
163 165 166 
164 166 167 
165 167 168 
166 168 169 
167 169 170 
168 170 171 
169 171 172 
170 172 173 
171 173 174 
172 174 175 
173 175 176 
174 176 177 
175 177 178 
176 178 179 
177 179 180 
178 180 181 
179 181 182 
180 182 183 
181 183 184 
182 184 185 
183 185 186 
184 186 187 
185 187 188 
186 188 189 
187 189 190 
188 190 4 
1 10 1 50
189 5 191 
190 191 192 
191 192 193 
192 193 194 
193 194 195 
194 195 196 
195 196 197 
196 197 198 
197 198 199 
198 199 200 
199 200 201 
200 201 202 
201 202 203 
202 203 204 
203 204 205 
204 205 206 
205 206 207 
206 207 208 
207 208 209 
208 209 210 
209 210 211 
210 211 212 
211 212 213 
212 213 214 
213 214 215 
214 215 216 
215 216 217 
216 217 218 
217 218 219 
218 219 220 
219 220 221 
220 221 222 
221 222 223 
222 223 224 
223 224 225 
224 225 226 
225 226 227 
226 227 228 
227 228 229 
228 229 230 
229 230 231 
230 231 232 
231 232 233 
232 233 234 
233 234 235 
234 235 236 
235 236 237 
236 237 238 
237 238 239 
238 239 7 
1 11 1 50
239 7 240 
240 240 241 
241 241 242 
242 242 243 
243 243 244 
244 244 245 
245 245 246 
246 246 247 
247 247 248 
248 248 249 
249 249 250 
250 250 251 
251 251 252 
252 252 253 
253 253 254 
254 254 255 
255 255 256 
256 256 257 
257 257 258 
258 258 259 
259 259 260 
260 260 261 
261 261 262 
262 262 263 
263 263 264 
264 264 265 
265 265 266 
266 266 267 
267 267 268 
268 268 269 
269 269 270 
270 270 271 
271 271 272 
272 272 273 
273 273 274 
274 274 275 
275 275 276 
276 276 277 
277 277 278 
278 278 279 
279 279 280 
280 280 281 
281 281 282 
282 282 283 
283 283 284 
284 284 285 
285 285 286 
286 286 287 
287 287 288 
288 288 6 
2 1 2 5524
289 1609 2059 1219 
290 2098 2099 944 
291 1485 1749 1487 
292 1747 1755 1617 
293 1794 1893 1892 
294 2100 2478 2308 
295 1117 2575 1712 
296 390 1707 1699 
297 1226 2699 1898 
298 1473 1781 1691 
299 1699 1758 390 
300 1972 2637 1634 
301 1902 2544 1856 
302 310 2574 2066 
303 1739 2825 1494 
304 363 1783 268 
305 318 2676 2369 
306 1648 2523 1997 
307 1712 2639 1117 
308 1794 1892 376 
309 2574 2755 2066 
310 1481 1824 1714 
311 242 1881 241 
312 1730 2811 58 
313 1256 1771 1770 
314 1665 1668 328 
315 28 1670 371 
316 1772 1773 403 
317 2099 2655 944 
318 1781 2709 1691 
319 1494 2825 1464 
320 1898 2654 1226 
321 1607 2773 1944 
322 1819 2676 318 
323 343 2783 2403 
324 47 2635 1819 
325 1657 2153 2152 
326 1616 1747 1617 
327 1385 2524 2142 
328 1754 2580 1903 
329 2403 2620 343 
330 1997 2523 314 
331 1819 2635 1626 
332 1944 2670 1607 
333 405 406 289 
334 300 1705 405 
335 1714 2733 1481 
336 2704 2719 2575 
337 1816 1926 1612 
338 1590 1748 331 
339 356 1467 1445 
340 268 1783 267 
341 2683 2762 1959 
342 1450 1757 1250 
343 106 1798 361 
344 1117 2704 2575 
345 351 2644 1987 
346 57 1730 58 
347 1708 1838 346 
348 1485 2671 1749 
349 1709 1766 297 
350 1191 2400 1956 
351 58 2811 320 
352 2308 2734 2100 
353 1903 2580 370 
354 1719 2762 2683 
355 335 2484 2113 
356 1752 2047 388 
357 1670 2814 371 
358 317 2637 1972 
359 1668 2643 328 
360 1461 2377 1697 
361 2166 2755 1489 
362 1806 2887 347 
363 1457 2608 2070 
364 353 2674 1727 
365 1749 2830 1487 
366 1727 2674 1744 
367 340 1849 174 
368 30 1675 31 
369 1461 2649 2377 
370 1773 2677 403 
371 1735 1782 395 
372 1951 2868 2391 
373 2563 2588 325 
374 2128 2168 2132 
375 2152 2669 1657 
376 1478 1974 1693 
377 1727 1728 348 
378 2668 2753 1449 
379 1219 2059 1583 
380 75 1708 346 
381 77 1709 297 
382 1216 1943 1777 
383 325 2588 1745 
384 1713 2796 69 
385 69 2796 1802 
386 1724 1760 350 
387 82 1806 347 
388 84 1720 1719 
389 1722 1724 350 
390 1675 2792 31 
391 1489 2755 1490 
392 56 1727 348 
393 1342 2627 1750 
394 119 1813 118 
395 241 1881 1512 
396 1704 2787 2730 
397 1791 1793 352 
398 1672 2787 1704 
399 2013 2759 1498 
400 1256 2741 1771 
401 1498 2711 2013 
402 9 405 289 
403 300 405 8 
404 289 1653 10 
405 383 2012 1795 
406 16 1267 17 
407 395 1813 1735 
408 21 1590 331 
409 356 1445 14 
410 1704 2730 1292 
411 2025 2793 2585 
412 1292 2731 1704 
413 2070 2608 2069 
414 2142 2524 2144 
415 2734 2737 2056 
416 1918 1919 1729 
417 2413 2678 337 
418 337 2785 2413 
419 1666 2517 1669 
420 1605 2737 2734 
421 2346 2793 2035 
422 107 1798 106 
423 2086 2753 2668 
424 387 2793 2025 
425 289 2726 1653 
426 1956 2400 1958 
427 1622 1974 1478 
428 1267 2710 17 
429 1768 1769 1539 
430 23 2788 1684 
431 1625 2776 2682 
432 1624 2776 1625 
433 367 2728 20 
434 20 2728 1590 
435 1729 2835 1918 
436 1987 2771 351 
437 2522 2680 1782 
438 1856 2782 1902 
439 2208 2903 1465 
440 1951 2391 1088 
441 2129 2130 951 
442 1885 1926 1816 
443 1943 2773 1777 
444 1494 2717 1739 
445 964 2736 2704 
446 1712 2648 2639 
447 1695 2887 1806 
448 1616 2798 1747 
449 1755 1756 1617 
450 1609 2619 2059 
451 1766 2648 1712 
452 2087 2687 293 
453 1759 2743 1602 
454 2113 2484 1496 
455 1633 2643 2628 
456 414 1797 539 
457 1744 2674 1439 
458 361 1798 1787 
459 1720 2762 1719 
460 1779 2149 307 
461 1901 2544 1902 
462 2040 2647 1621 
463 329 2556 1733 
464 1742 2687 2087 
465 22 2740 1 
466 1265 2740 22 
467 1765 2635 294 
468 174 1849 173 
469 1673 1770 354 
470 999 2738 2699 
471 2632 2653 1520 
472 140 2677 1773 
473 1454 2760 2191 
474 94 2436 93 
475 1660 2790 1874 
476 1889 2627 1342 
477 298 2788 23 
478 1495 1760 1285 
479 375 1881 242 
480 1773 2820 140 
481 416 1797 414 
482 539 1797 1774 
483 1450 1839 1838 
484 300 2813 1705 
485 2308 2478 1123 
486 2391 2868 1422 
487 1733 2665 329 
488 1450 2829 1757 
489 1660 1874 1493 
490 2813 2901 1705 
491 1592 2698 2045 
492 1758 2434 1814 
493 2012 2685 1795 
494 2132 2168 339 
495 1465 2903 1685 
496 2045 2794 1592 
497 1490 2755 2574 
498 1793 2859 352 
499 1757 2540 1250 
500 117 1834 116 
501 1669 2517 1911 
502 1718 2840 66 
503 1699 2434 1758 
504 1758 1814 308 
505 1777 2773 2710 
506 2704 2736 1809 
507 402 2617 1778 
508 388 2642 1752 
509 2127 2129 951 
510 355 2743 1759 
511 1764 2405 1986 
512 2191 2720 1454 
513 1751 2826 1249 
514 1986 2405 1207 
515 1439 2791 1744 
516 301 1813 119 
517 118 1813 395 
518 1466 2208 1465 
519 2142 2846 1385 
520 2035 2641 2346 
521 1807 1808 1452 
522 2090 2091 1500 
523 1778 2617 1512 
524 53 2830 1749 
525 66 2840 1790 
526 1667 2517 1666 
527 1622 2547 1964 
528 1612 2728 1816 
529 823 2130 817 
530 2699 2738 1900 
531 1806 1807 1695 
532 1721 2590 385 
533 1450 2706 1839 
534 86 1789 87 
535 294 2485 1765 
536 1884 2740 1265 
537 1784 2387 359 
538 1969 2385 1019 
539 1982 1984 379 
540 1512 1881 1778 
541 1661 1662 303 
542 1367 2739 2716 
543 321 1768 1663 
544 1674 1675 30 
545 1672 1704 344 
546 316 1666 1665 
547 2128 2132 2129 
548 372 1679 1673 
549 302 1789 86 
550 1702 2713 1679 
551 1890 2566 1185 
552 1000 1796 998 
553 2035 2793 387 
554 390 1882 1707 
555 2436 2816 93 
556 1265 2751 1884 
557 1776 2665 1733 
558 2144 2524 1586 
559 363 2834 1783 
560 2629 2723 1950 
561 1808 2881 1711 
562 2134 2570 2131 
563 1750 2877 1342 
564 403 2193 1772 
565 2628 2643 1668 
566 2582 2603 799 
567 1711 2719 1808 
568 1839 2706 1048 
569 1226 2654 1895 
570 1775 2603 2582 
571 951 2130 823 
572 1782 2680 1834 
573 1890 2517 1667 
574 1780 2149 1779 
575 2648 2805 1249 
576 1898 2699 1900 
577 1766 2805 2648 
578 1774 1864 539 
579 379 1987 1982 
580 1621 2795 2040 
581 1702 2857 2713 
582 340 2607 1849 
583 370 2580 1762 
584 344 1704 1671 
585 998 1796 1254 
586 1467 2559 1833 
587 1776 2761 2665 
588 1249 2805 1751 
589 1964 2774 1622 
590 1422 2868 2106 
591 1048 2826 1839 
592 1728 2835 1729 
593 385 2795 1721 
594 1777 2710 1267 
595 1200 1825 1202 
596 357 2653 2632 
597 1710 1711 79 
598 1715 1716 304 
599 1570 2120 2119 
600 1667 2566 1890 
601 315 2647 2040 
602 333 1723 1722 
603 951 2633 2127 
604 355 1759 1726 
605 2657 2659 1680 
606 1664 2852 39 
607 2106 2804 1422 
608 1182 2723 2629 
609 1682 2854 35 
610 1808 1809 1452 
611 2666 2777 254 
612 1680 2659 1236 
613 72 2825 1739 
614 1745 2825 72 
615 303 1755 1747 
616 1958 2400 1527 
617 1950 1951 1088 
618 1324 2744 2660 
619 47 1819 48 
620 318 1874 49 
621 53 1749 2 
622 43 1747 44 
623 324 1830 52 
624 395 1834 117 
625 116 1834 296 
626 23 1684 24 
627 38 1664 39 
628 1762 2673 370 
629 34 1682 35 
630 27 1670 28 
631 29 1674 30 
632 42 1661 303 
633 2626 2703 1945 
634 41 1663 1661 
635 321 1663 40 
636 1769 2898 1539 
637 37 1665 328 
638 348 1730 57 
639 326 1672 25 
640 316 1665 36 
641 26 1672 344 
642 33 1673 354 
643 372 1673 32 
644 1974 2589 1693 
645 2657 2732 1060 
646 1767 2853 2624 
647 1795 2013 383 
648 2624 2853 1479 
649 2742 2789 349 
650 1895 2844 1226 
651 799 2554 2282 
652 1634 2768 1972 
653 1539 2306 1768 
654 1830 2830 53 
655 1496 2114 2113 
656 2716 2739 2139 
657 1760 2866 1285 
658 2282 2582 799 
659 2115 2797 1771 
660 1725 1786 1724 
661 389 2532 2028 
662 1775 2622 2603 
663 2165 2171 1677 
664 1202 1825 1205 
665 2791 2835 1744 
666 1797 2622 1775 
667 1956 2856 1191 
668 1796 2559 1467 
669 1254 1796 1788 
670 1944 2773 1943 
671 1744 2835 1728 
672 1911 2476 1669 
673 375 2761 1776 
674 1473 2658 1781 
675 1126 2503 1220 
676 1770 2808 1256 
677 2619 2621 1167 
678 1785 2036 1035 
679 1653 2726 2036 
680 1220 1810 1610 
681 1605 2734 2308 
682 1752 2780 2047 
683 1970 2827 1093 
684 2566 2797 1185 
685 2708 2714 1508 
686 74 1708 75 
687 76 1709 77 
688 71 1745 72 
689 70 1802 325 
690 72 1739 73 
691 68 1713 69 
692 65 1718 66 
693 67 1790 330 
694 78 1710 79 
695 62 1731 63 
696 64 1715 304 
697 81 1806 82 
698 1220 2503 1810 
699 83 1720 84 
700 55 1727 56 
701 2069 2608 1611 
702 2474 2504 1803 
703 61 1781 290 
704 85 1719 302 
705 1586 2546 2144 
706 1776 2839 375 
707 333 1722 89 
708 90 1722 350 
709 350 1761 91 
710 54 1726 353 
711 92 1761 355 
712 355 1726 3 
713 351 2851 2644 
714 1650 2714 2708 
715 1602 2630 1759 
716 889 2570 2134 
717 1799 1800 718 
718 2595 2640 2382 
719 2259 2538 2521 
720 1683 2566 1682 
721 1749 2671 298 
722 1035 2374 1785 
723 294 2635 46 
724 2127 2633 2126 
725 463 1801 465 
726 2656 2746 2107 
727 1788 1829 1254 
728 44 2638 45 
729 1652 2631 2216 
730 1245 2844 1894 
731 1893 2663 1892 
732 1093 2764 1970 
733 406 407 289 
734 2091 2701 1500 
735 1731 2900 63 
736 2540 2573 1443 
737 1566 2363 2033 
738 1697 2789 2742 
739 1782 1834 395 
740 1673 2808 1770 
741 356 1788 1467 
742 1894 2663 1245 
743 1088 2629 1950 
744 1272 1864 1274 
745 2465 2527 1818 
746 2131 2570 2130 
747 310 2711 2574 
748 1019 2827 1969 
749 1824 2636 1714 
750 1467 1833 1445 
751 2086 2668 1613 
752 1807 2781 1695 
753 2692 2807 1684 
754 1712 2575 1710 
755 307 2896 1779 
756 1803 1804 489 
757 1708 2829 1838 
758 1813 2889 1735 
759 1688 2112 1737 
760 1632 2643 1633 
761 489 2474 1803 
762 1482 2199 2198 
763 1674 2778 1675 
764 1185 2797 2115 
765 1609 2621 2619 
766 1960 2239 1525 
767 469 1805 471 
768 718 1811 1799 
769 1919 2613 1729 
770 1246 2171 1059 
771 1756 2618 2610 
772 1763 2673 1762 
773 1527 2604 1958 
774 1709 2805 1766 
775 1783 2653 267 
776 1735 2889 1614 
777 1496 2634 2114 
778 1728 1729 348 
779 1727 1744 1728 
780 384 2669 2152 
781 335 2865 2484 
782 1778 2841 402 
783 302 2606 1789 
784 1748 2853 331 
785 1684 2807 326 
786 1724 1786 1760 
787 1611 2697 2069 
788 2207 2208 1466 
789 654 2577 656 
790 2136 2777 2666 
791 1464 2825 2588 
792 459 1811 461 
793 1839 2826 1751 
794 694 2155 1832 
795 649 1998 651 
796 1598 2602 2450 
797 2130 2570 817 
798 1959 2762 1288 
799 2045 2698 1631 
800 1613 2763 2086 
801 2134 2137 889 
802 1031 2594 2482 
803 2129 2131 2130 
804 1810 2033 1610 
805 1800 1801 718 
806 1614 2763 1613 
807 718 1801 463 
808 2588 2825 1745 
809 376 2686 1794 
810 1818 2238 477 
811 2660 2744 1717 
812 1000 2559 1796 
813 411 2374 409 
814 477 2465 1818 
815 2238 2324 477 
816 2403 2783 1631 
817 1820 1821 969 
818 2745 2877 1750 
819 290 2658 1732 
820 1680 2732 2657 
821 1521 2324 2238 
822 359 2679 1784 
823 389 2768 2532 
824 1594 2583 2440 
825 1570 2838 2120 
826 1787 2615 361 
827 324 2848 1830 
828 461 1811 718 
829 2610 2618 1846 
830 2316 2324 1521 
831 1763 2766 2673 
832 1801 2504 2474 
833 1815 1816 367 
834 489 1805 469 
835 1804 1805 489 
836 641 2197 643 
837 1982 1987 1983 
838 1703 2729 1815 
839 1631 2783 2045 
840 460 1828 438 
841 2198 2199 2156 
842 51 2790 324 
843 1874 2790 50 
844 1773 2903 2820 
845 1914 2458 1916 
846 1829 2529 1453 
847 1583 2059 2058 
848 1502 2680 2522 
849 1363 2586 2511 
850 645 2248 647 
851 2033 2363 700 
852 330 2733 1714 
853 1785 1864 1272 
854 1444 1847 1845 
855 1805 2527 2465 
856 1845 1847 1034 
857 1274 1864 1774 
858 690 2535 2424 
859 1125 2503 1126 
860 1519 2520 1517 
861 2222 2496 495 
862 39 2852 321 
863 1826 1827 763 
864 416 2622 1797 
865 2094 2492 1125 
866 31 2792 372 
867 35 2854 316 
868 2178 2542 1336 
869 944 2750 2098 
870 1866 2552 2179 
871 2492 2503 1125 
872 1566 2033 1810 
873 2216 2823 1652 
874 2521 2538 2198 
875 1756 1960 1617 
876 2664 2672 2039 
877 1831 1852 1248 
878 2156 2197 795 
879 1738 2553 2499 
880 1862 2541 1579 
881 1289 1852 1831 
882 1059 2171 1096 
883 1662 1755 303 
884 1617 1960 1525 
885 795 2198 2156 
886 1452 2781 1807 
887 907 2239 1960 
888 694 2197 2155 
889 1677 2171 1246 
890 2051 2725 2367 
891 2094 2482 1596 
892 321 1769 1768 
893 1666 1668 1665 
894 316 1667 1666 
895 1817 2440 678 
896 167 1882 166 
897 372 1702 1679 
898 1801 2474 465 
899 1937 2576 1938 
900 2655 2872 1370 
901 1986 2644 1764 
902 1596 2492 2094 
903 1453 2529 1263 
904 1832 2248 694 
905 308 2819 1758 
906 1494 2573 2540 
907 1831 1853 1289 
908 1248 1852 1507 
909 1313 1837 1311 
910 1623 2697 1611 
911 2599 2614 2450 
912 1864 2374 539 
913 60 2709 1781 
914 320 2709 59 
915 1785 2374 1864 
916 1923 2410 1924 
917 1475 2746 2656 
918 969 2248 1820 
919 1863 2519 1962 
920 678 2470 1817 
921 969 1998 649 
922 331 2853 1767 
923 320 2810 2709 
924 1466 2652 2207 
925 1924 2410 1633 
926 464 2180 462 
927 2175 2227 1054 
928 1805 2465 471 
929 1866 1867 1441 
930 651 1998 654 
931 2176 2227 2175 
932 1323 2460 2019 
933 1441 1867 742 
934 1837 2196 1836 
935 1685 2903 1773 
936 2710 2773 1607 
937 1511 2682 2616 
938 2052 2545 1587 
939 2342 2535 690 
940 1677 2879 2165 
941 1715 1717 1716 
942 333 2745 1750 
943 2203 2227 2176 
944 1439 2674 1681 
945 1250 2540 1443 
946 763 1828 460 
947 2567 2587 1455 
948 2137 2525 889 
949 1998 2577 654 
950 333 1750 1723 
951 1711 2881 79 
952 1663 2693 1661 
953 1723 1724 1722 
954 700 2034 2033 
955 1480 2733 1790 
956 1361 2538 2259 
957 352 2661 1791 
958 409 2374 1035 
959 2176 2204 2203 
960 1789 2882 87 
961 87 2745 88 
962 384 2855 2669 
963 495 2496 2181 
964 492 2271 453 
965 318 2712 1874 
966 539 2374 411 
967 1322 1836 1835 
968 1329 2443 2018 
969 2176 2268 2204 
970 763 2180 1826 
971 1853 1857 751 
972 988 2640 2595 
973 2387 2823 359 
974 2019 2460 2018 
975 1916 2458 484 
976 1827 1828 763 
977 2118 2271 492 
978 1676 2708 2475 
979 2177 2536 1531 
980 795 2197 641 
981 1644 2694 2690 
982 1835 1850 1322 
983 1719 2683 302 
984 2036 2885 1653 
985 643 2197 694 
986 1526 2542 2178 
987 2778 2891 1675 
988 2790 2836 324 
989 664 2015 666 
990 2450 2602 413 
991 1969 2667 2385 
992 2099 2872 2655 
993 1821 1998 969 
994 611 2541 1862 
995 694 2248 645 
996 1851 2276 1348 
997 834 2614 2599 
998 685 2017 2016 
999 1614 2889 2763 
1000 1441 2552 1866 
1001 459 2511 1811 
1002 1625 2760 1454 
1003 2204 2268 2082 
1004 647 2248 969 
1005 616 2519 1863 
1006 1833 2559 1234 
1007 1930 2579 2427 
1008 63 2900 1715 
1009 2482 2594 1596 
1010 954 1915 1876 
1011 1311 1837 1322 
1012 2440 2583 678 
1013 2198 2538 1482 
1014 166 1882 390 
1015 292 1882 167 
1016 1872 2315 843 
1017 406 408 407 
1018 700 2534 2034 
1019 322 2685 2012 
1020 1828 2441 438 
1021 1916 2520 1519 
1022 534 2515 1841 
1023 1850 2276 1851 
1024 1747 2798 44 
1025 2001 2422 2303 
1026 1622 2774 1974 
1027 1831 1857 1853 
1028 1942 2242 1577 
1029 1941 2242 1942 
1030 1521 2520 2316 
1031 1894 2844 1895 
1032 1914 1916 1915 
1033 1876 1915 1519 
1034 79 2881 80 
1035 1840 1872 1292 
1036 1278 2181 1358 
1037 1463 2619 1167 
1038 1520 2653 1783 
1039 1313 2122 1837 
1040 1729 1730 348 
1041 753 2008 2006 
1042 883 2247 1859 
1043 1889 2335 1888 
1044 1342 2335 1889 
1045 1788 1796 1467 
1046 1824 2538 1361 
1047 1704 2731 1671 
1048 1917 2014 1853 
1049 2535 2565 2020 
1050 1829 1869 1254 
1051 1893 2803 2663 
1052 462 2180 763 
1053 2036 2726 1035 
1054 495 2180 464 
1055 1786 2866 1760 
1056 685 2016 2015 
1057 505 2564 2548 
1058 1859 2247 1858 
1059 1840 2315 1872 
1060 2336 2381 2023 
1061 830 2354 1842 
1062 2189 2720 2191 
1063 1322 1837 1836 
1064 1309 1850 1308 
1065 1448 2703 2626 
1066 1858 2247 764 
1067 908 2242 1941 
1068 540 2477 1843 
1069 2158 2159 1557 
1070 2810 2811 1746 
1071 2159 2212 1557 
1072 2020 2565 2019 
1073 2158 2344 1859 
1074 2155 2197 2156 
1075 610 2501 613 
1076 453 2271 450 
1077 443 2545 2052 
1078 2129 2132 2131 
1079 2006 2009 753 
1080 2018 2443 2016 
1081 1860 2562 1582 
1082 2174 2496 2222 
1083 830 2410 1923 
1084 1557 2344 2158 
1085 492 2336 2118 
1086 2114 2634 312 
1087 1781 2658 290 
1088 1853 2014 1289 
1089 1827 2571 1828 
1090 326 2787 1672 
1091 685 2015 664 
1092 2511 2586 1811 
1093 764 2249 1858 
1094 1517 2520 1521 
1095 272 1957 369 
1096 1322 1850 1309 
1097 2542 2571 1827 
1098 2175 2502 2174 
1099 656 2577 690 
1100 2174 2502 2496 
1101 666 2015 753 
1102 1845 2560 1846 
1103 1820 2248 1832 
1104 1956 1958 1957 
1105 476 2081 474 
1106 2268 2269 2082 
1107 1030 2510 2353 
1108 1984 2756 379 
1109 1703 2864 2729 
1110 1623 2785 2697 
1111 1844 2493 1843 
1112 1873 2399 1636 
1113 1938 2576 2420 
1114 1859 2344 883 
1115 992 2456 1854 
1116 2037 2339 582 
1117 1841 2515 1550 
1118 1919 2160 1298 
1119 2509 2515 534 
1120 1348 2303 1851 
1121 1495 2832 1760 
1122 444 2536 2177 
1123 1726 2784 353 
1124 2508 2544 1001 
1125 1759 2784 1726 
1126 2080 2439 2082 
1127 843 1909 730 
1128 753 2015 2008 
1129 1656 2558 2188 
1130 2018 2460 1329 
1131 44 2798 2638 
1132 982 2399 1873 
1133 273 1957 272 
1134 1905 2160 1919 
1135 1883 1884 1593 
1136 492 2381 2336 
1137 2303 2422 1851 
1138 1842 2354 2288 
1139 2078 2080 537 
1140 685 2445 2017 
1141 1643 2672 2664 
1142 2112 2747 1737 
1143 1835 2276 1850 
1144 843 2315 1909 
1145 1844 2509 2493 
1146 545 2448 1995 
1147 2082 2269 2081 
1148 1857 2409 751 
1149 582 2014 1917 
1150 1842 2410 830 
1151 1545 1883 1593 
1152 1855 2487 1854 
1153 2288 2354 613 
1154 341 2106 1952 
1155 980 2039 1875 
1156 650 2210 648 
1157 1826 2181 1278 
1158 1957 1958 369 
1159 582 2339 2014 
1160 1702 2792 1908 
1161 1896 1897 179 
1162 826 2562 1860 
1163 1534 2037 1927 
1164 798 2507 1861 
1165 2424 2535 2020 
1166 1777 2735 1216 
1167 2210 2249 764 
1168 1843 2477 1548 
1169 180 1896 179 
1170 996 1869 993 
1171 730 2429 717 
1172 954 2491 772 
1173 1941 2110 908 
1174 1861 2507 1418 
1175 1114 2552 2549 
1176 537 2081 476 
1177 1336 2542 1827 
1178 1850 1851 1308 
1179 1666 1669 1668 
1180 897 2454 1865 
1181 2080 2081 537 
1182 1995 2448 2062 
1183 1114 2549 2178 
1184 323 2725 2051 
1185 1870 2121 749 
1186 1339 1996 1868 
1187 1962 2519 1861 
1188 1534 2339 2037 
1189 178 1897 368 
1190 2469 2477 540 
1191 634 2457 1871 
1192 1545 2225 1883 
1193 1180 1926 1885 
1194 481 2186 479 
1195 1254 1869 996 
1196 2102 2104 1536 
1197 751 1917 1853 
1198 1955 1957 273 
1199 882 1912 624 
1200 1888 2335 749 
1201 1994 2463 1995 
1202 2040 2795 385 
1203 2060 2313 1902 
1204 1844 2515 2509 
1205 902 2254 1996 
1206 1897 1898 368 
1207 1054 2502 2175 
1208 2032 2214 1546 
1209 495 2181 2180 
1210 993 1869 995 
1211 2409 2479 566 
1212 2017 2018 2016 
1213 743 2005 1920 
1214 1657 2767 2153 
1215 1946 2225 1545 
1216 903 2110 1939 
1217 1854 2456 1639 
1218 2038 2285 2103 
1219 1996 2254 1868 
1220 2370 2612 1453 
1221 2179 2552 1114 
1222 1841 2533 534 
1223 1875 2223 980 
1224 1855 2508 2487 
1225 2000 2356 703 
1226 1058 2866 1786 
1227 274 1955 273 
1228 1876 2491 954 
1229 1920 2005 1921 
1230 2001 2303 2000 
1231 1909 2429 730 
1232 2213 2418 1229 
1233 965 2084 968 
1234 1871 2457 1413 
1235 1579 2541 1863 
1236 1939 2110 1941 
1237 2082 2439 2204 
1238 968 2084 2077 
1239 968 2077 2075 
1240 980 2223 977 
1241 2031 2032 1546 
1242 1906 2160 1905 
1243 1756 2610 1960 
1244 967 2084 965 
1245 1988 2333 1927 
1246 1723 1725 1724 
1247 947 1877 1291 
1248 1577 2526 1942 
1249 2005 2009 2006 
1250 2205 2209 1535 
1251 857 1906 746 
1252 1865 2454 1689 
1253 2022 2183 1301 
1254 1952 2229 341 
1255 843 1931 1872 
1256 537 2186 2078 
1257 2111 2240 1971 
1258 1927 2333 1534 
1259 1843 2493 540 
1260 648 2210 764 
1261 2303 2356 2000 
1262 1285 1878 1021 
1263 210 1966 360 
1264 1994 2469 2463 
1265 193 2193 192 
1266 1936 2002 903 
1267 1649 1884 1883 
1268 2282 2694 1644 
1269 2792 2891 1908 
1270 484 2520 1916 
1271 746 1906 748 
1272 1424 2494 2417 
1273 1966 1967 360 
1274 1355 2116 1922 
1275 2081 2269 474 
1276 903 1939 1936 
1277 521 1917 519 
1278 406 834 408 
1279 1925 2256 1390 
1280 1086 1961 1646 
1281 624 1912 626 
1282 2083 2186 481 
1283 2555 2562 826 
1284 1965 1967 1966 
1285 995 1880 990 
1286 1479 1928 1076 
1287 408 409 407 
1288 1565 2468 2234 
1289 2103 2285 485 
1290 1468 2061 1879 
1291 1915 1916 1519 
1292 2205 2210 650 
1293 848 2404 1887 
1294 1290 1931 892 
1295 2054 2055 363 
1296 978 2256 1925 
1297 1196 1885 1199 
1298 176 2313 2060 
1299 613 2501 2288 
1300 179 1897 178 
1301 1800 2504 1801 
1302 1891 1894 373 
1303 2075 2255 968 
1304 1523 1962 1861 
1305 1076 1928 1078 
1306 1550 2030 1165 
1307 1536 2279 2102 
1308 1560 2272 2167 
1309 1205 1944 1206 
1310 943 1889 1888 
1311 1444 2548 1847 
1312 1922 2116 779 
1313 2017 2445 2020 
1314 2353 2510 1435 
1315 1887 2404 1470 
1316 1546 2217 2031 
1317 2007 2443 2365 
1318 2480 2499 1093 
1319 432 2200 437 
1320 1058 1886 727 
1321 1409 2418 2213 
1322 1994 2477 2469 
1323 269 2054 363 
1324 2427 2579 680 
1325 2022 2336 2023 
1326 1920 2264 743 
1327 483 2083 481 
1328 943 1888 600 
1329 591 2024 555 
1330 1021 1878 916 
1331 745 1907 1293 
1332 751 2409 517 
1333 181 1891 373 
1334 1211 1943 1216 
1335 948 1877 947 
1336 2449 2456 992 
1337 879 1905 1904 
1338 361 2615 2027 
1339 101 1903 370 
1340 1537 2272 1560 
1341 1933 2310 1143 
1342 479 2186 537 
1343 1343 2255 2075 
1344 703 2273 1907 
1345 1101 1908 1237 
1346 810 2389 908 
1347 493 2083 483 
1348 2102 2279 553 
1349 1923 1924 882 
1350 565 2587 2567 
1351 1872 1931 1290 
1352 1352 1914 1913 
1353 582 1917 521 
1354 2023 2360 2024 
1355 1894 1895 373 
1356 361 2027 105 
1357 939 2002 1934 
1358 1991 1992 1990 
1359 1691 1932 1346 
1360 618 2354 830 
1361 519 1917 751 
1362 753 2009 668 
1363 622 1923 882 
1364 1032 1961 1086 
1365 879 1904 880 
1366 2005 2006 1921 
1367 1343 2075 2074 
1368 1973 1974 362 
1369 725 2042 633 
1370 1947 1953 364 
1371 103 2026 377 
1372 668 2009 670 
1373 527 1988 1927 
1374 2132 2133 2131 
1375 1535 2210 2205 
1376 1989 1991 1990 
1377 342 1991 1989 
1378 373 1896 180 
1379 1352 1913 768 
1380 837 1946 788 
1381 2566 2854 1682 
1382 743 2264 682 
1383 376 1892 1891 
1384 970 2183 2022 
1385 1934 2002 1936 
1386 208 2240 2111 
1387 921 1890 1185 
1388 704 2209 2205 
1389 1910 1911 953 
1390 1143 2311 1933 
1391 749 2335 1870 
1392 2128 2182 2168 
1393 1898 1900 1899 
1394 1346 1932 1297 
1395 702 1907 745 
1396 977 2223 976 
1397 1898 1899 368 
1398 749 2121 596 
1399 275 1947 364 
1400 2073 2074 493 
1401 341 2229 278 
1402 494 2073 493 
1403 1281 1959 1288 
1404 186 1976 352 
1405 2481 2507 798 
1406 314 2044 111 
1407 1615 2401 2088 
1408 1528 2604 1527 
1409 1953 1954 364 
1410 2080 2082 2081 
1411 1083 1251 1115 
1412 1353 2310 1933 
1413 1196 1199 1198 
1414 1060 1975 1024 
1415 1180 1885 1196 
1416 850 2024 591 
1417 1319 2147 2029 
1418 1996 2235 902 
1419 1232 1999 1629 
1420 1015 1999 1232 
1421 317 1972 171 
1422 109 2043 343 
1423 399 2193 193 
1424 211 1966 210 
1425 437 2200 2117 
1426 192 2193 403 
1427 1251 1612 1115 
1428 362 1963 213 
1429 214 1973 362 
1430 2121 2338 581 
1431 1185 2115 922 
1432 260 2114 312 
1433 175 2060 340 
1434 1116 1926 1180 
1435 998 1254 996 
1436 2031 2217 511 
1437 876 1910 953 
1438 2023 2381 2360 
1439 800 2200 432 
1440 1569 1962 1523 
1441 633 2042 631 
1442 697 2001 691 
1443 342 1989 217 
1444 1913 1915 954 
1445 1194 1676 1222 
1446 1193 1234 1039 
1447 112 1997 314 
1448 939 1934 1929 
1449 1343 2074 2073 
1450 1078 1928 1083 
1451 1945 2735 2626 
1452 153 2120 323 
1453 1548 1993 1154 
1454 1130 2306 1539 
1455 1209 1943 1211 
1456 2088 2401 854 
1457 1904 1918 1168 
1458 1636 2399 1925 
1459 949 1256 1091 
1460 1905 1918 1904 
1461 2017 2019 2018 
1462 2010 2042 725 
1463 2030 2244 1165 
1464 1194 1222 1063 
1465 529 1988 527 
1466 1879 2061 1169 
1467 1206 1944 1209 
1468 2370 2625 2612 
1469 1892 1894 1891 
1470 1211 1216 1214 
1471 670 2009 2004 
1472 857 2160 1906 
1473 404 2003 189 
1474 364 1955 274 
1475 1231 1495 1285 
1476 1929 2057 939 
1477 1870 2338 2121 
1478 1476 2546 1586 
1479 837 2225 1946 
1480 990 1880 987 
1481 1099 1908 1101 
1482 2044 2045 2043 
1483 2609 2614 834 
1484 1873 2456 2449 
1485 947 1291 1290 
1486 382 1948 1947 
1487 1967 1968 360 
1488 1967 1969 1968 
1489 1101 1237 1103 
1490 404 2376 2003 
1491 993 995 990 
1492 748 1906 879 
1493 332 2091 220 
1494 327 2107 281 
1495 852 1946 1545 
1496 322 2012 203 
1497 1209 1944 1943 
1498 892 1931 842 
1499 1854 2487 992 
1500 2063 2064 1144 
1501 2038 2103 1352 
1502 2316 2520 484 
1503 1963 1964 381 
1504 1492 2442 2387 
1505 2105 2106 341 
1506 947 1290 892 
1507 376 1891 182 
1508 696 2000 703 
1509 221 2025 332 
1510 377 1903 102 
1511 946 2116 1355 
1512 1989 1990 380 
1513 1022 1231 1021 
1514 2150 2151 2148 
1515 821 2065 797 
1516 218 2090 342 
1517 953 1890 921 
1518 523 2037 582 
1519 987 988 985 
1520 1809 2719 2704 
1521 2079 2439 2080 
1522 600 1888 598 
1523 2234 2468 875 
1524 1199 1200 1198 
1525 468 2222 466 
1526 937 1168 1107 
1527 1995 2463 545 
1528 1291 1292 1290 
1529 1855 2544 2508 
1530 1912 2476 1911 
1531 207 2111 345 
1532 902 2235 868 
1533 1231 1285 1021 
1534 1169 2061 918 
1535 626 1912 1910 
1536 1995 2062 1282 
1537 1900 1901 1899 
1538 607 2272 609 
1539 104 2027 2026 
1540 788 1946 787 
1541 1846 2071 1276 
1542 703 2356 2273 
1543 855 2010 725 
1544 168 2028 292 
1545 1637 1873 1636 
1546 840 1058 727 
1547 1905 1919 1918 
1548 722 943 600 
1549 1914 1915 1913 
1550 727 1886 722 
1551 1355 1922 1591 
1552 1641 1854 1639 
1553 378 1977 1976 
1554 876 953 921 
1555 1083 1928 1251 
1556 279 2105 341 
1557 1983 1985 1981 
1558 311 2035 224 
1559 2089 2267 1455 
1560 1949 1950 1948 
1561 1231 1975 1602 
1562 1293 1294 857 
1563 1655 1789 1530 
1564 204 2112 322 
1565 1341 1655 1530 
1566 2189 2191 2190 
1567 819 1032 851 
1568 670 2004 673 
1569 2006 2007 1921 
1570 1545 1593 1073 
1571 2444 2454 897 
1572 315 2040 159 
1573 1948 1953 1947 
1574 786 787 785 
1575 559 2386 2167 
1576 1020 1021 916 
1577 437 2117 442 
1578 2068 2069 393 
1579 1857 2479 2409 
1580 783 785 782 
1581 1341 1530 1300 
1582 1145 2063 1144 
1583 2084 2414 2079 
1584 1968 2240 360 
1585 921 1185 922 
1586 160 2047 315 
1587 308 2048 163 
1588 505 2104 491 
1589 1303 1587 1302 
1590 1032 1086 851 
1591 1296 1746 1298 
1592 852 1545 1073 
1593 258 2041 397 
1594 181 373 180 
1595 183 376 182 
1596 392 2049 226 
1597 103 377 102 
1598 392 2058 2049 
1599 1295 1296 1294 
1600 598 749 596 
1601 937 1107 938 
1602 979 980 977 
1603 369 2053 271 
1604 1063 1877 948 
1605 628 1910 876 
1606 976 1119 1118 
1607 1216 1945 1214 
1608 777 778 776 
1609 2148 2151 125 
1610 1282 2062 1150 
1611 2053 2054 270 
1612 774 777 776 
1613 499 2073 494 
1614 819 851 744 
1615 987 1880 988 
1616 781 782 780 
1617 2167 2386 1560 
1618 970 2022 2021 
1619 893 947 892 
1620 1635 1636 1604 
1621 282 2108 327 
1622 770 954 772 
1623 781 2157 791 
1624 299 2056 228 
1625 151 2051 384 
1626 618 830 620 
1627 1036 1060 1024 
1628 1964 1965 381 
1629 466 2222 495 
1630 1107 1439 1236 
1631 778 781 780 
1632 1983 1986 1985 
1633 1119 1302 1277 
1634 1165 2244 1160 
1635 296 2046 115 
1636 1662 2675 1755 
1637 101 370 100 
1638 731 843 730 
1639 626 1910 628 
1640 1064 1194 1063 
1641 2161 2372 2162 
1642 2068 2070 2069 
1643 178 368 177 
1644 1439 1681 1680 
1645 758 2038 760 
1646 104 2026 103 
1647 722 1886 943 
1648 382 2229 1949 
1649 1237 1508 1103 
1650 876 921 877 
1651 908 2389 2242 
1652 1899 2313 368 
1653 580 819 744 
1654 2103 2458 1914 
1655 186 352 185 
1656 98 351 97 
1657 1301 2336 2022 
1658 620 1923 622 
1659 787 1946 852 
1660 2095 2100 299 
1661 1270 2036 1785 
1662 745 857 746 
1663 110 2044 2043 
1664 983 984 981 
1665 975 976 974 
1666 1604 1925 1390 
1667 1086 1646 1121 
1668 781 783 782 
1669 2015 2016 2008 
1670 778 2157 781 
1671 382 1947 276 
1672 783 786 785 
1673 598 1888 749 
1674 2074 2083 493 
1675 979 981 980 
1676 1533 1627 1128 
1677 1301 2183 1118 
1678 622 882 624 
1679 852 1073 853 
1680 2022 2023 2021 
1681 1579 1863 1572 
1682 786 788 787 
1683 745 1293 857 
1684 109 343 108 
1685 106 361 105 
1686 1971 2240 1968 
1687 1171 1279 1172 
1688 903 2002 816 
1689 1969 1970 1968 
1690 929 2071 1072 
1691 1118 2183 974 
1692 1015 1232 940 
1693 1978 1979 1977 
1694 916 1878 840 
1695 1949 2229 1952 
1696 130 2067 337 
1697 132 2068 393 
1698 860 2057 1350 
1699 1202 1205 1204 
1700 1121 1959 1281 
1701 580 744 570 
1702 983 985 984 
1703 1297 1932 1296 
1704 790 837 788 
1705 382 1949 1948 
1706 1231 1602 1495 
1707 787 852 792 
1708 212 1963 381 
1709 356 2529 1788 
1710 1641 1855 1854 
1711 689 697 691 
1712 1636 1925 1604 
1713 838 911 837 
1714 380 1973 215 
1715 1347 1473 1346 
1716 338 2072 123 
1717 696 703 699 
1718 272 369 271 
1719 1232 1483 1233 
1720 840 1878 1058 
1721 1317 2029 1324 
1722 1303 1588 1587 
1723 976 1118 974 
1724 2168 2182 251 
1725 170 1972 389 
1726 120 2085 301 
1727 216 1989 380 
1728 975 977 976 
1729 1119 1277 1118 
1730 1580 1862 1579 
1731 908 2110 812 
1732 910 2021 850 
1733 176 2060 175 
1734 1573 1579 1572 
1735 2065 2184 797 
1736 1302 1531 1277 
1737 830 1923 620 
1738 270 2054 269 
1739 1646 1959 1121 
1740 1171 2061 1468 
1741 970 2021 910 
1742 189 2003 188 
1743 1293 1295 1294 
1744 2075 2076 2074 
1745 825 940 706 
1746 269 363 268 
1747 275 364 274 
1748 229 2095 299 
1749 198 2066 386 
1750 1473 1691 1346 
1751 1635 1637 1636 
1752 981 2039 980 
1753 1383 2319 2291 
1754 148 2153 319 
1755 1307 1309 1308 
1756 927 949 928 
1757 880 1904 937 
1758 1588 2052 1587 
1759 880 937 936 
1760 2133 2134 2131 
1761 1412 2011 2010 
1762 1128 1999 1015 
1763 1095 1412 1090 
1764 912 1171 911 
1765 1416 1871 1413 
1766 2049 2050 311 
1767 1738 1865 1689 
1768 949 1091 950 
1769 175 340 174 
1770 702 745 720 
1771 2101 2241 313 
1772 1455 2267 1176 
1773 1276 2071 740 
1774 748 879 845 
1775 256 2087 293 
1776 1062 1063 948 
1777 684 689 687 
1778 172 317 171 
1779 110 2043 109 
1780 1279 1649 1172 
1781 693 2000 696 
1782 1345 1346 1297 
1783 378 1976 187 
1784 396 1997 113 
1785 973 974 971 
1786 1993 1994 1282 
1787 556 590 574 
1788 1627 1999 1128 
1789 1171 1172 911 
1790 1302 2177 1531 
1791 590 739 574 
1792 1549 1843 1548 
1793 1349 2146 861 
1794 1594 2440 1868 
1795 1281 1288 1287 
1796 768 1913 770 
1797 1296 1298 1294 
1798 1483 1485 1484 
1799 1523 1861 1418 
1800 1774 1797 1775 
1801 590 740 739 
1802 1119 1303 1302 
1803 1507 1695 1247 
1804 1022 1975 1231 
1805 628 876 630 
1806 1083 1115 1084 
1807 2075 2077 2076 
1808 2146 2254 902 
1809 729 730 717 
1810 266 357 265 
1811 957 958 752 
1812 891 892 842 
1813 772 774 773 
1814 112 314 111 
1815 1296 1932 1746 
1816 1154 1993 1152 
1817 1902 2313 1899 
1818 942 970 910 
1819 1304 1305 697 
1820 219 2091 2090 
1821 1340 1341 1300 
1822 1299 1300 1032 
1823 307 2149 2148 
1824 1074 1479 1076 
1825 2011 2411 2042 
1826 1144 2065 821 
1827 691 2001 693 
1828 959 960 958 
1829 961 962 960 
1830 394 2086 2085 
1831 677 743 682 
1832 861 2146 863 
1833 1597 1841 1550 
1834 1070 1235 1071 
1835 587 2161 822 
1836 1306 1307 1305 
1837 816 2002 818 
1838 774 776 775 
1839 570 1988 529 
1840 277 382 276 
1841 1020 1022 1021 
1842 1173 1550 1165 
1843 1311 1322 1309 
1844 1571 1572 1569 
1845 924 2115 927 
1846 1193 1448 1234 
1847 214 362 213 
1848 920 2094 1125 
1849 1687 1887 1470 
1850 1152 1282 1150 
1851 1927 2037 525 
1852 202 2012 383 
1853 740 929 739 
1854 740 2071 929 
1855 760 2038 766 
1856 1300 1961 1032 
1857 280 2107 2105 
1858 836 2057 860 
1859 1172 2225 911 
1860 212 381 211 
1861 689 691 687 
1862 1832 2155 2154 
1863 1620 1860 1582 
1864 1067 1452 1056 
1865 566 2032 2031 
1866 515 566 513 
1867 1090 2010 855 
1868 216 380 215 
1869 525 2037 523 
1870 358 2142 2141 
1871 210 360 209 
1872 501 752 499 
1873 1156 1548 1154 
1874 1310 1311 1309 
1875 929 1072 1070 
1876 1352 2103 1914 
1877 542 2102 553 
1878 1379 2092 884 
1879 922 2115 924 
1880 1274 1774 1456 
1881 1295 1297 1296 
1882 1353 1933 1574 
1883 759 2184 756 
1884 699 1907 702 
1885 389 2028 169 
1886 2141 2144 2108 
1887 218 342 217 
1888 1483 1484 1233 
1889 1832 2154 1334 
1890 2142 2144 2141 
1891 766 1352 768 
1892 387 2025 222 
1893 790 838 837 
1894 295 2124 2123 
1895 1533 1628 1627 
1896 2058 2059 2050 
1897 1232 1233 940 
1898 182 1891 181 
1899 778 780 779 
1900 825 1015 940 
1901 2172 2222 468 
1902 1307 1308 1305 
1903 442 2117 446 
1904 984 2039 981 
1905 1233 2209 940 
1906 335 2113 262 
1907 1535 2209 1233 
1908 491 2104 504 
1909 1543 1632 1544 
1910 2004 2005 743 
1911 1515 2092 1379 
1912 1095 1413 1412 
1913 2077 2079 2078 
1914 750 2117 1547 
1915 2291 2319 856 
1916 2064 2065 1144 
1917 703 1907 699 
1918 1921 2277 1306 
1919 571 580 570 
1920 961 1056 962 
1921 2113 2114 261 
1922 1214 1945 1217 
1923 1232 1629 1483 
1924 1350 2057 1929 
1925 102 1903 101 
1926 818 2002 939 
1927 295 2182 2125 
1928 2119 2120 154 
1929 1091 1097 1092 
1930 1949 1951 1950 
1931 962 964 963 
1932 336 2119 155 
1933 1390 2256 1033 
1934 2021 2024 850 
1935 607 609 608 
1936 959 961 960 
1937 519 751 517 
1938 208 2111 207 
1939 1152 1993 1282 
1940 305 2070 2068 
1941 573 2167 607 
1942 1339 2440 1817 
1943 501 957 752 
1944 693 2001 2000 
1945 1865 2499 2480 
1946 1345 1347 1346 
1947 957 959 958 
1948 282 327 281 
1949 279 341 278 
1950 523 582 521 
1951 770 772 771 
1952 223 2035 387 
1953 170 389 169 
1954 408 410 409 
1955 2189 2190 2187 
1956 207 345 206 
1957 912 2061 1171 
1958 219 2090 218 
1959 1220 1610 1609 
1960 736 2140 831 
1961 1109 1169 918 
1962 1222 1877 1063 
1963 734 2140 736 
1964 1150 2062 1148 
1965 454 2093 505 
1966 766 2038 1352 
1967 964 966 965 
1968 1317 1324 1315 
1969 1148 2063 1145 
1970 204 322 203 
1971 1907 2273 1293 
1972 1086 1121 1120 
1973 263 335 262 
1974 1868 2440 1339 
1975 1009 2218 1566 
1976 1170 1598 1169 
1977 966 1040 967 
1978 1485 1487 1486 
1979 513 2031 511 
1980 312 2041 259 
1981 1319 2029 1317 
1982 114 2046 396 
1983 2417 2494 615 
1984 158 2040 385 
1985 973 975 974 
1986 1412 2010 1090 
1987 697 2422 2001 
1988 822 2161 1027 
1989 105 2027 104 
1990 673 2004 677 
1991 2161 2162 1423 
1992 295 2123 249 
1993 1162 1165 1160 
1994 1270 1785 1272 
1995 706 2209 704 
1996 791 2331 783 
1997 1549 1844 1843 
1998 323 2051 152 
1999 2365 2443 1329 
2000 1312 1313 1311 
2001 221 332 220 
2002 596 2121 593 
2003 1980 1981 1979 
2004 1535 2249 2210 
2005 814 2110 903 
2006 2149 2150 2148 
2007 1130 1539 1538 
2008 388 2047 161 
2009 162 2048 388 
2010 504 2104 2102 
2011 1156 1549 1548 
2012 2125 2182 2128 
2013 225 2049 311 
2014 924 927 926 
2015 1347 1474 1473 
2016 409 1035 407 
2017 446 750 452 
2018 1937 1938 1935 
2019 1321 2147 1319 
2020 2077 2084 2079 
2021 1171 1468 1279 
2022 114 396 113 
2023 2438 2457 634 
2024 261 2114 260 
2025 918 2061 912 
2026 527 1927 525 
2027 2032 2380 2214 
2028 202 383 201 
2029 556 574 557 
2030 838 912 911 
2031 1350 1427 1351 
2032 1357 2307 757 
2033 957 2217 1546 
2034 745 746 720 
2035 187 1976 186 
2036 1326 1328 1327 
2037 2163 2166 2164 
2038 227 2056 392 
2039 1206 1209 1208 
2040 879 1906 1905 
2041 1540 1543 1542 
2042 501 2217 957 
2043 1845 1846 1276 
2044 989 990 987 
2045 1598 1879 1169 
2046 1485 1486 1484 
2047 1268 2036 1270 
2048 280 2105 279 
2049 2187 2190 146 
2050 1326 1327 1321 
2051 1954 1956 1955 
2052 838 2230 917 
2053 1615 2088 1736 
2054 1314 1315 1313 
2055 1122 1276 740 
2056 789 790 788 
2057 205 2112 204 
2058 319 2188 2187 
2059 1316 1317 1315 
2060 260 312 259 
2061 553 556 554 
2062 391 2096 2095 
2063 2007 2277 1921 
2064 885 1031 886 
2065 1936 1937 1935 
2066 153 323 152 
2067 156 336 155 
2068 223 387 222 
2069 154 2120 153 
2070 451 2202 2093 
2071 942 971 970 
2072 1126 1220 1219 
2073 597 598 596 
2074 1883 2225 1172 
2075 797 2184 759 
2076 929 1070 930 
2077 1994 1995 1282 
2078 1339 1817 1338 
2079 276 1947 275 
2080 271 2053 270 
2081 2017 2020 2019 
2082 2006 2008 2007 
2083 689 1304 697 
2084 1337 1338 1031 
2085 2092 2230 884 
2086 599 600 598 
2087 310 2066 199 
2088 1318 1319 1317 
2089 721 722 600 
2090 770 1913 954 
2091 812 2110 814 
2092 1040 1042 1041 
2093 2011 2042 2010 
2094 2049 2058 2050 
2095 1355 1591 1356 
2096 1934 1935 1930 
2097 200 310 199 
2098 2163 2164 334 
2099 1939 1940 1937 
2100 1353 1574 1354 
2101 824 2057 836 
2102 2033 2034 1610 
2103 1427 1594 1351 
2104 966 1117 1040 
2105 1851 2422 1308 
2106 2077 2078 2076 
2107 1873 2449 982 
2108 158 385 157 
2109 1941 1942 1940 
2110 573 607 606 
2111 1328 2199 1332 
2112 618 620 619 
2113 2079 2080 2078 
2114 1307 1310 1309 
2115 171 1972 170 
2116 986 987 985 
2117 307 2148 126 
2118 111 2044 110 
2119 1027 1423 1184 
2120 1572 1962 1569 
2121 393 2067 131 
2122 124 2151 338 
2123 305 2068 133 
2124 401 2169 286 
2125 866 902 868 
2126 610 613 612 
2127 286 2169 285 
2128 731 1931 843 
2129 860 1350 1349 
2130 729 731 730 
2131 2125 2126 2124 
2132 958 1343 752 
2133 2096 2100 2095 
2134 971 2183 970 
2135 378 1978 1977 
2136 1774 1775 1456 
2137 1109 1170 1169 
2138 1929 1930 1427 
2139 122 2072 394 
2140 1320 1321 1319 
2141 566 2031 513 
2142 225 311 224 
2143 871 885 873 
2144 962 963 960 
2145 750 1030 1028 
2146 1487 1647 1488 
2147 1573 1580 1579 
2148 295 2125 2124 
2149 394 2085 121 
2150 397 2087 257 
2151 1982 1983 1981 
2152 888 2094 920 
2153 160 315 159 
2154 164 308 163 
2155 162 388 161 
2156 1456 2281 1275 
2157 1444 1845 1276 
2158 966 967 965 
2159 790 2230 838 
2160 213 1963 212 
2161 446 2117 750 
2162 215 1973 214 
2163 2155 2156 1333 
2164 113 1997 112 
2165 1173 1597 1550 
2166 166 390 165 
2167 1304 1306 1305 
2168 2181 2496 1358 
2169 227 392 226 
2170 1121 1281 1280 
2171 939 2057 824 
2172 1328 1331 1327 
2173 1027 2161 1423 
2174 879 880 845 
2175 1820 1832 1334 
2176 1040 1041 967 
2177 1571 1573 1572 
2178 614 618 617 
2179 168 292 167 
2180 1350 1351 1349 
2181 1097 1099 1098 
2182 1487 1488 1486 
2183 991 993 990 
2184 1437 1455 1176 
2185 384 2152 150 
2186 1325 1326 1321 
2187 217 1989 216 
2188 964 965 963 
2189 787 792 785 
2190 1078 1083 1080 
2191 1162 1173 1165 
2192 229 299 228 
2193 538 2172 470 
2194 1042 1044 1043 
2195 920 1125 1124 
2196 1332 2199 1482 
2197 978 979 977 
2198 994 996 993 
2199 750 1547 1030 
2200 2125 2127 2126 
2201 1530 1961 1300 
2202 194 2170 399 
2203 726 727 722 
2204 258 397 257 
2205 801 1353 804 
2206 488 2224 543 
2207 2173 2174 2172 
2208 283 2108 282 
2209 644 2247 883 
2210 358 2141 284 
2211 750 1028 452 
2212 96 379 95 
2213 188 378 187 
2214 2062 2063 1148 
2215 470 2172 468 
2216 2135 2137 2134 
2217 777 2157 778 
2218 620 622 621 
2219 921 922 877 
2220 313 2241 232 
2221 1910 1912 1911 
2222 863 2146 866 
2223 381 1966 211 
2224 677 2004 743 
2225 454 505 491 
2226 542 553 552 
2227 885 886 873 
2228 1156 2244 1549 
2229 1044 1046 1045 
2230 2272 2455 609 
2231 2004 2009 2005 
2232 391 2095 230 
2233 386 2166 2163 
2234 504 2102 542 
2235 127 307 126 
2236 130 337 129 
2237 132 393 131 
2238 531 570 529 
2239 134 305 133 
2240 1170 1599 1598 
2241 2188 2189 2187 
2242 151 384 150 
2243 2097 2098 2096 
2244 281 2107 280 
2245 124 338 123 
2246 744 1988 570 
2247 203 2012 202 
2248 937 938 936 
2249 590 1122 740 
2250 1044 1045 1043 
2251 682 684 683 
2252 122 394 121 
2253 1042 1043 1041 
2254 220 2091 219 
2255 885 1337 1031 
2256 195 2170 194 
2257 1513 1515 1379 
2258 814 903 816 
2259 120 301 119 
2260 677 682 681 
2261 595 596 593 
2262 782 2109 784 
2263 1108 1109 918 
2264 2154 2155 1333 
2265 1248 1507 1247 
2266 997 998 996 
2267 118 395 117 
2268 1310 1312 1311 
2269 1068 1247 1067 
2270 1337 1339 1338 
2271 339 2168 252 
2272 116 296 115 
2273 1107 1236 938 
2274 810 908 812 
2275 876 877 630 
2276 222 2025 221 
2277 1315 2122 1313 
2278 2206 2208 2207 
2279 717 2429 714 
2280 1057 1067 1056 
2281 2123 2139 398 
2282 1046 1047 1045 
2283 937 1904 1168 
2284 893 948 947 
2285 917 918 912 
2286 689 2264 1304 
2287 1549 2244 2030 
2288 2152 2153 149 
2289 1555 2195 1224 
2290 656 690 658 
2291 1209 1211 1210 
2292 704 2205 652 
2293 819 1299 1032 
2294 1099 1101 1100 
2295 1328 1332 1331 
2296 682 2264 684 
2297 768 770 769 
2298 2140 2298 1553 
2299 512 513 511 
2300 514 515 513 
2301 283 2141 2108 
2302 946 1355 1241 
2303 652 2205 650 
2304 1151 1152 1150 
2305 982 983 981 
2306 1647 2159 2158 
2307 1149 1150 1148 
2308 1220 1609 1219 
2309 155 2119 154 
2310 691 693 692 
2311 1053 2179 1114 
2312 1180 1196 1195 
2313 963 2255 960 
2314 1439 1680 1236 
2315 1488 2158 1859 
2316 1070 1071 930 
2317 866 2146 902 
2318 1086 1120 851 
2319 516 517 515 
2320 1012 2251 635 
2321 958 2255 1343 
2322 253 339 252 
2323 250 295 249 
2324 256 293 255 
2325 1024 1975 1022 
2326 196 2163 334 
2327 1153 1154 1152 
2328 224 2035 223 
2329 885 2235 1337 
2330 169 2028 168 
2331 518 519 517 
2332 684 687 686 
2333 159 2040 158 
2334 2008 2443 2007 
2335 1350 1929 1427 
2336 1046 1048 1047 
2337 2117 2200 1547 
2338 2190 2191 374 
2339 262 2113 261 
2340 852 853 792 
2341 163 2048 162 
2342 161 2047 160 
2343 446 452 447 
2344 1002 1553 1373 
2345 1125 1126 1124 
2346 2122 2196 1837 
2347 500 501 499 
2348 226 2049 225 
2349 358 2143 2142 
2350 818 939 824 
2351 2124 2139 2123 
2352 1647 2158 1488 
2353 781 791 783 
2354 891 893 892 
2355 1312 1314 1313 
2356 1002 1373 1085 
2357 259 2041 258 
2358 1229 2418 1082 
2359 451 2093 454 
2360 1030 1434 1028 
2361 149 2153 148 
2362 198 386 197 
2363 248 2123 398 
2364 228 2056 227 
2365 1224 2228 1006 
2366 1122 1444 1276 
2367 1281 1287 1286 
2368 319 2187 147 
2369 1314 1316 1315 
2370 1316 1318 1317 
2371 1934 1936 1935 
2372 2195 2228 1224 
2373 662 685 664 
2374 1048 1049 1047 
2375 152 2051 151 
2376 1052 2179 1053 
2377 1318 1320 1319 
2378 831 2140 1002 
2379 1332 1480 1331 
2380 1587 2177 1302 
2381 1326 2154 1333 
2382 115 2046 114 
2383 860 1349 861 
2384 1292 1872 1290 
2385 125 2151 124 
2386 1113 2178 1336 
2387 1155 1156 1154 
2388 1320 1325 1321 
2389 230 2095 229 
2390 1337 2235 1996 
2391 126 2148 125 
2392 131 2067 130 
2393 133 2068 132 
2394 458 2224 488 
2395 123 2072 122 
2396 2164 2165 334 
2397 1196 1198 1197 
2398 1936 1939 1937 
2399 968 2255 963 
2400 231 391 230 
2401 1332 1481 1480 
2402 999 1000 998 
2403 831 1002 846 
2404 1929 1934 1930 
2405 121 2085 120 
2406 2424 2445 660 
2407 543 2224 2194 
2408 839 840 727 
2409 1127 1128 1015 
2410 520 521 519 
2411 510 511 502 
2412 1147 1148 1145 
2413 386 2163 197 
2414 1304 2264 1920 
2415 1567 2295 1013 
2416 1094 1095 1090 
2417 801 2310 1353 
2418 391 2097 2096 
2419 1287 1852 1289 
2420 2206 2207 349 
2421 1331 1529 1327 
2422 868 2235 871 
2423 2173 2175 2174 
2424 538 2173 2172 
2425 1373 1524 1085 
2426 929 930 739 
2427 1044 1249 1046 
2428 786 789 788 
2429 932 1144 821 
2430 666 753 668 
2431 1414 1416 1413 
2432 1600 1601 1599 
2433 442 446 445 
2434 1336 1827 1826 
2435 833 1357 757 
2436 556 557 554 
2437 1073 1074 853 
2438 974 2183 971 
2439 758 2285 2038 
2440 257 2087 256 
2441 866 868 867 
2442 1326 1333 1328 
2443 498 499 494 
2444 486 493 483 
2445 2128 2129 2127 
2446 199 2066 198 
2447 1116 1180 1179 
2448 1939 1941 1940 
2449 391 2241 2097 
2450 868 871 870 
2451 150 2152 149 
2452 590 2279 1122 
2453 1333 2199 1328 
2454 553 2279 556 
2455 1050 1051 1049 
2456 1230 1433 1229 
2457 673 677 676 
2458 146 2190 145 
2459 1539 1540 1538 
2460 693 696 695 
2461 1062 1064 1063 
2462 1634 1635 1604 
2463 2023 2024 2021 
2464 400 2208 2206 
2465 1324 2122 1315 
2466 915 916 840 
2467 871 873 872 
2468 2133 2135 2134 
2469 1574 1575 1354 
2470 836 860 859 
2471 1325 2154 1326 
2472 2078 2186 2076 
2473 1488 1859 1858 
2474 1048 1050 1049 
2475 1052 1053 1051 
2476 1089 1090 855 
2477 148 319 147 
2478 249 2123 248 
2479 1353 1354 804 
2480 252 2168 251 
2481 1863 1962 1572 
2482 145 2190 374 
2483 246 2185 329 
2484 1482 1824 1481 
2485 592 2297 594 
2486 1344 1345 1297 
2487 1299 1340 1300 
2488 1686 1687 1470 
2489 1469 1470 1386 
2490 2097 2099 2098 
2491 1162 2267 1173 
2492 2156 2199 1333 
2493 248 398 247 
2494 1114 2178 1113 
2495 250 2182 295 
2496 1113 1336 1278 
2497 696 699 698 
2498 1587 2545 2177 
2499 147 2187 146 
2500 1053 1113 1112 
2501 1340 1342 1341 
2502 886 888 887 
2503 1336 1826 1278 
2504 1193 2145 1448 
2505 1603 1604 1390 
2506 1978 1980 1979 
2507 2024 2360 555 
2508 1002 2140 1553 
2509 609 610 608 
2510 1064 1650 1194 
2511 1205 1206 1204 
2512 571 581 580 
2513 699 702 701 
2514 291 1708 74 
2515 1050 1052 1051 
2516 1132 2194 1552 
2517 863 866 865 
2518 766 768 767 
2519 1002 1085 846 
2520 75 346 76 
2521 1259 2262 1109 
2522 398 2185 247 
2523 1615 1736 1735 
2524 543 2194 560 
2525 940 2209 706 
2526 1417 1418 1416 
2527 607 608 606 
2528 778 779 776 
2529 346 1709 76 
2530 707 825 706 
2531 479 537 476 
2532 2097 2241 2101 
2533 1053 1112 1051 
2534 1053 1114 1113 
2535 789 884 790 
2536 1638 1639 1637 
2537 1423 1424 1184 
2538 472 538 470 
2539 511 2217 502 
2540 1228 1229 1082 
2541 1173 2267 2089 
2542 646 2247 644 
2543 291 1757 1708 
2544 553 554 552 
2545 522 523 521 
2546 772 773 771 
2547 1113 1278 1112 
2548 622 624 623 
2549 1332 1482 1481 
2550 531 571 570 
2551 1132 1552 1442 
2552 1101 1103 1102 
2553 888 920 919 
2554 1443 1866 1141 
2555 1513 1818 1515 
2556 1141 2179 1052 
2557 73 291 74 
2558 1443 1867 1866 
2559 1121 1280 1120 
2560 648 764 646 
2561 1543 1544 1542 
2562 77 297 78 
2563 560 2194 604 
2564 1866 2179 1141 
2565 2064 2423 2065 
2566 604 1132 742 
2567 911 2225 837 
2568 795 2521 2198 
2569 842 1931 731 
2570 782 784 780 
2571 1159 1160 1157 
2572 73 1739 291 
2573 604 2194 1132 
2574 1018 2251 1012 
2575 705 706 704 
2576 1069 1141 1052 
2577 1019 1020 916 
2578 752 2073 499 
2579 1532 1533 1128 
2580 613 614 612 
2581 2414 2439 2079 
2582 1009 1566 1504 
2583 137 2206 349 
2584 45 294 46 
2585 847 2239 907 
2586 1239 1386 1018 
2587 1522 1523 1418 
2588 284 2141 283 
2589 1038 1039 1000 
2590 1223 1224 1006 
2591 832 2246 738 
2592 251 2182 250 
2593 1029 1584 905 
2594 774 775 773 
2595 1600 1799 1601 
2596 1006 2228 827 
2597 190 404 189 
2598 1377 1401 1400 
2599 1187 1223 1006 
2600 1640 1641 1639 
2601 1132 1442 1441 
2602 1555 2325 2195 
2603 1334 2154 1325 
2604 1112 2236 1051 
2605 359 2216 235 
2606 1108 1259 1109 
2607 1531 2118 1277 
2608 197 2163 196 
2609 1161 1162 1160 
2610 235 2216 234 
2611 285 2169 358 
2612 1887 2454 2444 
2613 325 1745 71 
2614 1250 1443 1141 
2615 1277 1301 1118 
2616 917 1108 918 
2617 1524 1616 1525 
2618 737 933 735 
2619 1143 2310 710 
2620 1594 1868 1351 
2621 1122 2279 1536 
2622 1632 1633 1544 
2623 961 1057 1056 
2624 196 334 195 
2625 137 349 136 
2626 2298 2323 1553 
2627 1737 1738 1689 
2628 334 2170 195 
2629 1223 1493 1224 
2630 1835 1836 1474 
2631 575 899 733 
2632 1493 1555 1224 
2633 972 973 971 
2634 905 2246 832 
2635 400 2206 138 
2636 233 313 232 
2637 1954 1955 364 
2638 285 358 284 
2639 1433 2213 1229 
2640 624 626 625 
2641 188 2003 378 
2642 1069 1250 1141 
2643 1688 1689 1687 
2644 1003 2211 1364 
2645 247 2185 246 
2646 593 2121 581 
2647 544 2226 507 
2648 330 1713 68 
2649 568 2219 1133 
2650 69 1802 70 
2651 1050 1069 1052 
2652 138 2206 137 
2653 827 2221 588 
2654 1223 1660 1493 
2655 1626 1765 1244 
2656 546 2192 575 
2657 957 1546 959 
2658 1175 1176 1163 
2659 927 928 926 
2660 2194 2224 1552 
2661 374 2215 144 
2662 246 329 245 
2663 636 827 588 
2664 194 399 193 
2665 139 400 138 
2666 2174 2222 2172 
2667 920 1124 1123 
2668 67 330 68 
2669 70 325 71 
2670 1177 1437 1176 
2671 760 766 762 
2672 1447 1644 1643 
2673 277 2229 382 
2674 1192 1193 1039 
2675 559 2167 573 
2676 145 374 144 
2677 1132 1441 742 
2678 410 411 409 
2679 1225 1244 1004 
2680 746 748 747 
2681 1294 2160 857 
2682 1551 1559 732 
2683 562 2226 544 
2684 143 2215 1511 
2685 2192 2211 899 
2686 144 2215 143 
2687 583 732 578 
2688 578 2219 568 
2689 1274 1456 1275 
2690 716 717 714 
2691 1920 1921 1306 
2692 287 401 286 
2693 236 359 235 
2694 604 742 741 
2695 192 403 191 
2696 48 1819 318 
2697 644 883 642 
2698 243 375 242 
2699 143 1511 142 
2700 238 402 237 
2701 575 2192 899 
2702 241 1512 240 
2703 2125 2128 2127 
2704 1170 1600 1599 
2705 618 619 617 
2706 466 495 464 
2707 626 628 627 
2708 702 720 719 
2709 949 950 928 
2710 1069 1450 1250 
2711 1005 1006 827 
2712 560 604 603 
2713 1135 1365 1360 
2714 1225 1626 1244 
2715 1551 2195 1559 
2716 1393 1615 1614 
2717 568 1133 562 
2718 732 2219 578 
2719 583 1551 732 
2720 586 588 584 
2721 1005 1187 1006 
2722 899 2211 1003 
2723 346 1838 1751 
2724 1252 1780 1779 
2725 976 2223 1119 
2726 48 318 49 
2727 51 324 52 
2728 869 2300 2290 
2729 589 636 588 
2730 1552 2318 1442 
2731 933 2253 735 
2732 49 1874 50 
2733 899 1003 900 
2734 672 704 652 
2735 2180 2181 1826 
2736 585 1134 755 
2737 1223 2212 1660 
2738 1003 1004 900 
2739 899 900 733 
2740 1003 1364 1007 
2741 1389 1390 1033 
2742 2118 2336 1301 
2743 1190 1494 1464 
2744 439 2220 434 
2745 1401 1402 1400 
2746 64 304 65 
2747 575 733 576 
2748 1007 1225 1004 
2749 583 2221 1551 
2750 860 861 859 
2751 1306 2277 1307 
2752 904 1190 1189 
2753 1358 2236 1112 
2754 461 718 463 
2755 713 714 711 
2756 585 2237 1134 
2757 346 1751 1709 
2758 1284 1558 952 
2759 1275 2281 1447 
2760 1126 1219 1218 
2761 764 2247 646 
2762 1007 1238 1225 
2763 1003 1007 1004 
2764 588 2221 584 
2765 1049 1054 1047 
2766 827 2228 2221 
2767 1211 1214 1213 
2768 1365 1659 1366 
2769 1281 1286 1280 
2770 1051 2236 1049 
2771 330 1714 1713 
2772 871 2235 885 
2773 1134 1135 755 
2774 1568 1569 1523 
2775 1011 1411 1016 
2776 586 589 588 
2777 1365 1366 1360 
2778 1133 2226 562 
2779 546 575 547 
2780 579 583 578 
2781 1068 1248 1247 
2782 866 867 865 
2783 1551 2228 2195 
2784 1303 1875 1588 
2785 455 1138 496 
2786 833 1430 1357 
2787 546 2245 2192 
2788 2167 2272 607 
2789 941 942 910 
2790 1438 2270 1437 
2791 601 2292 602 
2792 569 578 568 
2793 604 741 603 
2794 1484 1535 1233 
2795 584 2221 583 
2796 563 568 562 
2797 561 562 544 
2798 579 584 583 
2799 1488 1858 1486 
2800 589 637 636 
2801 2221 2228 1551 
2802 1187 2212 1223 
2803 585 755 586 
2804 677 681 676 
2805 1057 1068 1067 
2806 868 870 867 
2807 585 586 584 
2808 871 872 870 
2809 512 514 513 
2810 838 917 912 
2811 589 638 637 
2812 1135 1360 1359 
2813 737 934 933 
2814 487 2243 457 
2815 278 2229 277 
2816 569 579 578 
2817 579 585 584 
2818 422 1363 426 
2819 682 683 681 
2820 1838 1839 1751 
2821 1365 2314 1659 
2822 1151 1153 1152 
2823 1149 1151 1150 
2824 563 1362 569 
2825 2076 2083 2074 
2826 209 2240 208 
2827 563 569 568 
2828 1045 2203 1043 
2829 1584 2246 905 
2830 514 516 515 
2831 2364 2386 574 
2832 691 692 687 
2833 639 640 637 
2834 886 887 873 
2835 561 563 562 
2836 1190 1464 1189 
2837 231 2241 391 
2838 586 2231 589 
2839 595 597 596 
2840 755 2231 586 
2841 1258 1367 1065 
2842 638 639 637 
2843 422 2265 1363 
2844 1135 1359 755 
2845 636 1005 827 
2846 360 2240 209 
2847 770 771 769 
2848 805 2304 808 
2849 9 289 10 
2850 1741 1743 1742 
2851 488 506 487 
2852 2437 2448 545 
2853 232 2241 231 
2854 510 512 511 
2855 2224 2289 1552 
2856 1160 2244 1157 
2857 1330 1334 1325 
2858 516 518 517 
2859 304 1718 65 
2860 560 603 561 
2861 455 2232 1138 
2862 524 525 523 
2863 1612 1926 1115 
2864 1023 1024 1022 
2865 456 457 449 
2866 547 1374 508 
2867 741 904 754 
2868 1349 2254 2146 
2869 1147 1149 1148 
2870 741 754 603 
2871 630 2355 629 
2872 560 561 544 
2873 1386 2251 1018 
2874 589 2231 638 
2875 458 487 457 
2876 500 502 501 
2877 446 447 445 
2878 614 2354 618 
2879 488 543 507 
2880 594 2297 1011 
2881 1458 1459 1438 
2882 932 1145 1144 
2883 506 2245 546 
2884 2317 2325 1238 
2885 1 300 8 
2886 1476 1585 1421 
2887 904 1189 952 
2888 2245 2275 2192 
2889 1189 1284 952 
2890 904 952 754 
2891 543 560 544 
2892 440 455 449 
2893 1252 2329 1780 
2894 1581 1582 1580 
2895 1091 1092 950 
2896 2290 2300 1375 
2897 620 621 619 
2898 66 1790 67 
2899 1980 1982 1981 
2900 440 448 439 
2901 1570 1571 1569 
2902 1028 1589 452 
2903 410 413 412 
2904 455 496 456 
2905 956 1383 1140 
2906 884 2230 790 
2907 1565 1741 1740 
2908 1278 1358 1112 
2909 488 507 506 
2910 1153 1155 1154 
2911 1895 1896 373 
2912 425 2201 429 
2913 1524 1525 1085 
2914 1563 1565 1564 
2915 1359 2231 755 
2916 1137 1381 577 
2917 518 520 519 
2918 543 544 507 
2919 1277 2118 1301 
2920 1335 1820 1334 
2921 1382 1407 1381 
2922 8 405 9 
2923 429 800 432 
2924 1549 2030 1844 
2925 1049 2236 1054 
2926 1778 1881 1701 
2927 2165 2170 334 
2928 498 500 499 
2929 297 1766 1712 
2930 1337 1996 1339 
2931 960 2255 958 
2932 458 488 487 
2933 456 458 457 
2934 684 2264 689 
2935 486 494 493 
2936 455 456 449 
2937 419 420 418 
2938 1377 1400 1399 
2939 561 2233 563 
2940 1360 1361 1359 
2941 847 907 906 
2942 440 449 448 
2943 419 422 421 
2944 1327 2147 1321 
2945 1155 1157 1156 
2946 506 546 508 
2947 297 1710 78 
2948 1649 1883 1172 
2949 422 426 423 
2950 744 2333 1988 
2951 569 2237 579 
2952 417 418 416 
2953 426 430 427 
2954 909 910 850 
2955 430 438 433 
2956 563 2233 1362 
2957 435 2232 440 
2958 829 896 895 
2959 603 2233 561 
2960 1459 2270 1438 
2961 579 2237 585 
2962 1362 2237 569 
2963 1557 2212 1187 
2964 1788 2529 1829 
2965 975 978 977 
2966 1138 1526 496 
2967 1658 1701 1403 
2968 1071 1130 1129 
2969 1565 2234 1741 
2970 831 846 832 
2971 2372 2396 2162 
2972 1658 1778 1701 
2973 597 599 598 
2974 1558 2260 952 
2975 1013 2295 1087 
2976 1619 1620 1582 
2977 599 721 600 
2978 1591 1592 1356 
2979 754 2233 603 
2980 1556 1557 1187 
2981 824 836 835 
2982 1043 1055 1041 
2983 2226 2245 507 
2984 440 2232 455 
2985 684 686 683 
2986 1377 2300 1401 
2987 816 818 817 
2988 637 2250 636 
2989 1402 1492 1403 
2990 2231 2259 638 
2991 734 2298 2140 
2992 1402 1403 1400 
2993 1005 1556 1187 
2994 526 527 525 
2995 507 2245 506 
2996 52 1830 53 
2997 410 412 411 
2998 1066 1375 1283 
2999 415 416 414 
3000 1375 1377 1376 
3001 435 440 439 
3002 779 2384 1922 
3003 818 824 823 
3004 1492 1784 1658 
3005 430 433 427 
3006 426 427 423 
3007 1355 1356 1241 
3008 1359 2259 2231 
3009 419 421 420 
3010 2173 2176 2175 
3011 422 423 421 
3012 417 419 418 
3013 841 842 731 
3014 733 734 576 
3015 502 2217 501 
3016 2233 2260 1362 
3017 1513 2238 1818 
3018 2387 2442 1510 
3019 754 2260 2233 
3020 1087 1563 1562 
3021 1492 1658 1403 
3022 575 576 547 
3023 814 816 815 
3024 415 417 416 
3025 448 577 439 
3026 581 2338 580 
3027 1685 1773 1772 
3028 1095 1414 1413 
3029 888 919 887 
3030 412 414 411 
3031 1209 1210 1208 
3032 819 2338 1299 
3033 640 2250 637 
3034 1176 2267 1163 
3035 462 763 460 
3036 983 986 985 
3037 506 508 487 
3038 1120 2333 851 
3039 636 2250 1005 
3040 526 2330 528 
3041 577 2220 439 
3042 358 2169 2143 
3043 1272 1274 1273 
3044 965 968 963 
3045 1965 1966 381 
3046 1381 2220 577 
3047 2243 2258 457 
3048 1287 1289 1286 
3049 546 547 508 
3050 721 726 722 
3051 810 812 811 
3052 959 2214 961 
3053 1383 1385 1384 
3054 1343 2073 752 
3055 1367 2266 1065 
3056 1575 1577 1576 
3057 1105 1466 1465 
3058 728 729 717 
3059 412 415 414 
3060 736 831 738 
3061 1142 1477 1036 
3062 979 982 981 
3063 520 522 521 
3064 1566 1810 1504 
3065 812 814 813 
3066 1295 1344 1297 
3067 602 2292 829 
3068 1025 1036 1024 
3069 1374 2243 508 
3070 808 810 809 
3071 429 2201 800 
3072 1089 1094 1090 
3073 961 2214 1057 
3074 1509 1677 1246 
3075 415 901 417 
3076 920 1123 919 
3077 1371 1372 1369 
3078 1200 1202 1201 
3079 654 656 655 
3080 430 459 438 
3081 1478 1692 1477 
3082 2226 2275 2245 
3083 2076 2186 2083 
3084 547 2253 1374 
3085 1045 2227 2203 
3086 1616 1617 1525 
3087 435 439 434 
3088 883 2294 642 
3089 1369 2261 874 
3090 825 1127 1015 
3091 1701 2257 1403 
3092 836 859 858 
3093 2192 2275 2211 
3094 801 804 802 
3095 1047 2227 1045 
3096 1214 1217 1215 
3097 1546 2214 959 
3098 1377 1399 1376 
3099 1161 1163 1162 
3100 656 658 657 
3101 536 2274 533 
3102 1559 2309 732 
3103 1403 2257 1400 
3104 1173 2089 1597 
3105 952 2260 754 
3106 628 630 629 
3107 686 2218 1009 
3108 63 1715 64 
3109 849 850 591 
3110 1159 1161 1160 
3111 433 434 427 
3112 1400 2257 1399 
3113 1351 2254 1349 
3114 2097 2101 2099 
3115 660 662 661 
3116 712 801 715 
3117 449 2258 448 
3118 457 2258 449 
3119 1347 1835 1474 
3120 1014 2280 878 
3121 473 477 475 
3122 805 808 807 
3123 872 1368 874 
3124 1970 1971 1968 
3125 2278 2305 1134 
3126 1375 1376 1283 
3127 1529 2147 1327 
3128 472 2269 538 
3129 1135 2305 1365 
3130 1071 2306 1130 
3131 1175 1177 1176 
3132 2289 2318 1552 
3133 508 2243 487 
3134 794 1567 1013 
3135 1399 1776 1733 
3136 748 845 844 
3137 710 2310 712 
3138 1239 1469 1386 
3139 861 863 862 
3140 1399 1733 1376 
3141 658 660 659 
3142 1685 1772 1509 
3143 1600 1800 1799 
3144 967 2414 2084 
3145 461 462 460 
3146 448 1136 577 
3147 1157 2244 1156 
3148 1361 2259 1359 
3149 1270 1272 1271 
3150 1126 1218 1124 
3151 734 735 576 
3152 1736 1782 1735 
3153 1558 2305 2278 
3154 887 2293 873 
3155 2281 2282 1644 
3156 1137 1382 1381 
3157 556 2279 590 
3158 768 769 767 
3159 1059 1096 894 
3160 2237 2278 1134 
3161 2275 2299 2211 
3162 1469 1686 1470 
3163 1380 1513 1379 
3164 775 2116 946 
3165 867 869 865 
3166 693 695 692 
3167 1447 2281 1644 
3168 532 1010 535 
3169 463 464 462 
3170 1177 1438 1437 
3171 639 641 640 
3172 467 489 469 
3173 1143 2341 2311 
3174 1005 2250 1556 
3175 419 2265 422 
3176 863 865 864 
3177 177 2313 176 
3178 602 757 567 
3179 1115 1926 1116 
3180 1304 1920 1306 
3181 1260 1803 1259 
3182 2136 2138 2135 
3183 828 833 757 
3184 2211 2299 1364 
3185 1558 2278 2260 
3186 641 642 640 
3187 1407 2345 1381 
3188 1344 1348 1345 
3189 433 435 434 
3190 880 936 935 
3191 1458 1460 1459 
3192 1007 2317 1238 
3193 1320 1330 1325 
3194 1371 1510 1372 
3195 458 2289 2224 
3196 456 2289 458 
3197 1408 2280 1014 
3198 672 2341 705 
3199 517 2409 515 
3200 1372 2261 1369 
3201 1399 2257 1776 
3202 61 290 62 
3203 1298 2160 1294 
3204 639 795 641 
3205 459 460 438 
3206 1308 2422 1305 
3207 1470 2404 1386 
3208 1043 2203 1055 
3209 1411 1578 1016 
3210 872 874 870 
3211 733 2298 734 
3212 1130 1538 1537 
3213 1371 1652 1510 
3214 906 1029 905 
3215 297 1712 1710 
3216 808 2389 810 
3217 413 2263 412 
3218 766 767 762 
3219 1244 2323 1004 
3220 1484 2249 1535 
3221 1865 2480 897 
3222 448 2258 1136 
3223 1122 1536 1444 
3224 1517 1521 1514 
3225 548 565 564 
3226 1307 2277 1310 
3227 1136 1561 1137 
3228 785 2109 782 
3229 1133 2275 2226 
3230 1105 2252 1466 
3231 1368 1369 874 
3232 1368 1370 1369 
3233 417 2265 419 
3234 461 463 462 
3235 1378 1379 884 
3236 640 2294 2250 
3237 1312 1329 1314 
3238 1382 1415 1407 
3239 836 858 835 
3240 1431 1432 1430 
3241 1316 1323 1318 
3242 549 550 536 
3243 1414 1417 1416 
3244 2260 2278 1362 
3245 528 529 527 
3246 1085 2239 846 
3247 900 2298 733 
3248 896 2252 895 
3249 736 737 735 
3250 1362 2278 2237 
3251 459 461 460 
3252 986 989 987 
3253 1109 2262 1170 
3254 708 1143 710 
3255 1115 1116 1084 
3256 824 835 823 
3257 1635 1638 1637 
3258 622 623 621 
3259 538 2269 2268 
3260 1615 1735 1614 
3261 861 862 859 
3262 1949 1952 1951 
3263 1559 2325 2317 
3264 1534 2333 1120 
3265 1136 1137 577 
3266 864 1065 862 
3267 816 817 815 
3268 818 823 817 
3269 1283 1630 1258 
3270 1465 1685 1509 
3271 1133 2299 2275 
3272 1370 1371 1369 
3273 1097 1098 1092 
3274 2299 2309 1364 
3275 1956 1957 1955 
3276 1257 1408 1014 
3277 557 559 558 
3278 1489 1490 1432 
3279 1396 1429 1428 
3280 576 2253 547 
3281 1034 2560 1845 
3282 528 2330 532 
3283 847 905 832 
3284 1166 1167 913 
3285 734 736 735 
3286 724 725 633 
3287 831 832 738 
3288 2203 2204 1055 
3289 447 2202 451 
3290 662 664 663 
3291 1348 2356 2303 
3292 696 698 695 
3293 1083 1084 1080 
3294 1066 1258 1065 
3295 1219 1583 1218 
3296 1066 1283 1258 
3297 895 1105 1059 
3298 901 2265 417 
3299 2220 2286 434 
3300 643 644 642 
3301 1105 1465 1246 
3302 80 306 81 
3303 303 1747 43 
3304 846 847 832 
3305 699 701 698 
3306 550 2274 536 
3307 2219 2299 1133 
3308 412 2263 415 
3309 1417 1522 1418 
3310 863 864 862 
3311 1465 1509 1246 
3312 1054 2227 1047 
3313 1540 1542 1541 
3314 726 839 727 
3315 496 2289 456 
3316 2548 2564 1847 
3317 737 2296 934 
3318 1624 1625 1454 
3319 42 303 43 
3320 85 302 86 
3321 1686 1688 1687 
3322 1170 2262 1600 
3323 1163 2267 1162 
3324 1868 2254 1351 
3325 2011 2457 2438 
3326 1871 2507 2481 
3327 2092 2357 2230 
3328 942 972 971 
3329 1382 1435 1415 
3330 1429 1608 1500 
3331 873 2293 872 
3332 865 2290 864 
3333 522 524 523 
3334 1119 2223 1303 
3335 2 1749 298 
3336 735 2253 576 
3337 632 793 723 
3338 415 2263 901 
3339 2250 2294 1556 
3340 491 504 503 
3341 1105 1246 1059 
3342 452 2202 447 
3343 651 654 653 
3344 1531 2271 2118 
3345 1127 1532 1128 
3346 846 2239 847 
3347 1303 2223 1875 
3348 414 539 411 
3349 1901 1902 1899 
3350 1330 1335 1334 
3351 643 694 645 
3352 423 1008 421 
3353 864 1066 1065 
3354 847 906 905 
3355 686 1009 688 
3356 2133 2136 2135 
3357 1066 2290 1375 
3358 674 680 671 
3359 1383 1384 1140 
3360 1011 2297 1411 
3361 1515 2435 2092 
3362 290 1731 62 
3363 504 542 541 
3364 1525 2239 1085 
3365 687 2218 686 
3366 1424 1426 1425 
3367 944 2293 887 
3368 454 491 490 
3369 814 815 813 
3370 746 747 720 
3371 592 593 581 
3372 1741 1742 1740 
3373 1268 1270 1269 
3374 542 552 551 
3375 1575 1576 1354 
3376 1071 1129 930 
3377 2219 2309 2299 
3378 1335 1821 1820 
3379 609 2501 610 
3380 647 969 649 
3381 82 347 83 
3382 559 573 572 
3383 736 738 737 
3384 2220 2345 2286 
3385 835 951 823 
3386 1533 1840 1628 
3387 2243 2322 2258 
3388 1506 1764 1763 
3389 1034 1436 1029 
3390 895 1059 894 
3391 1027 1184 1183 
3392 1565 1740 1564 
3393 812 813 811 
3394 2 298 23 
3395 1255 1595 688 
3396 1559 2317 2309 
3397 1476 1586 1585 
3398 1174 1175 1163 
3399 810 811 809 
3400 673 676 674 
3401 1134 2305 1135 
3402 1235 2306 1071 
3403 573 606 605 
3404 530 531 529 
3405 41 1661 42 
3406 803 855 725 
3407 1461 1497 1460 
3408 10 1653 11 
3409 610 612 611 
3410 1486 2249 1484 
3411 869 2290 865 
3412 368 2313 177 
3413 1087 2295 1563 
3414 829 2292 896 
3415 895 2252 1105 
3416 641 643 642 
3417 1603 1634 1604 
3418 859 2266 858 
3419 670 673 671 
3420 2261 2283 874 
3421 919 944 887 
3422 833 1431 1430 
3423 1383 2291 1385 
3424 956 2319 1383 
3425 642 2294 640 
3426 1522 1568 1523 
3427 1009 1504 1255 
3428 629 2355 632 
3429 705 707 706 
3430 666 668 667 
3431 306 1808 1807 
3432 1099 1100 1098 
3433 1158 1159 1157 
3434 1641 1856 1855 
3435 1146 1147 1145 
3436 989 991 990 
3437 1108 1260 1259 
3438 84 1719 85 
3439 664 666 665 
3440 1925 2399 978 
3441 662 663 661 
3442 1563 1564 1562 
3443 1573 1581 1580 
3444 713 716 714 
3445 1061 1062 948 
3446 427 2286 423 
3447 1389 1603 1390 
3448 614 617 616 
3449 864 2290 1066 
3450 829 895 894 
3451 705 2341 708 
3452 509 510 502 
3453 1600 2262 1800 
3454 1375 2300 1377 
3455 668 670 669 
3456 656 657 655 
3457 2020 2445 2424 
3458 1457 1458 1438 
3459 478 2316 480 
3460 702 719 701 
3461 822 1027 1026 
3462 660 661 659 
3463 497 498 494 
3464 1458 1461 1460 
3465 602 828 757 
3466 451 454 453 
3467 672 705 704 
3468 2173 2268 2176 
3469 474 2269 472 
3470 538 2268 2173 
3471 1284 2314 1558 
3472 1228 1230 1229 
3473 676 678 674 
3474 972 1033 973 
3475 1930 2427 1427 
3476 906 1034 1029 
3477 808 809 807 
3478 39 321 40 
3479 931 932 821 
3480 2246 2296 738 
3481 60 1781 61 
3482 1394 1831 1248 
3483 485 486 483 
3484 658 659 657 
3485 922 924 923 
3486 890 891 842 
3487 729 841 731 
3488 378 2003 1978 
3489 870 2283 867 
3490 1431 1489 1432 
3491 839 915 840 
3492 1017 1018 1012 
3493 1299 2338 1870 
3494 820 821 797 
3495 732 2309 2219 
3496 1461 1697 1497 
3497 58 320 59 
3498 1688 1737 1689 
3499 482 483 481 
3500 1577 2242 1576 
3501 872 2293 1368 
3502 1017 1111 1110 
3503 524 526 525 
3504 1696 1698 1440 
3505 804 805 802 
3506 1177 1457 1438 
3507 135 2377 134 
3508 1384 1624 1454 
3509 867 2283 869 
3510 496 2318 2289 
3511 1274 1275 1273 
3512 480 481 479 
3513 425 2284 2201 
3514 862 2266 859 
3515 1004 2323 900 
3516 447 451 450 
3517 739 2364 574 
3518 309 1268 1264 
3519 761 797 759 
3520 673 674 671 
3521 2258 2322 1136 
3522 602 829 828 
3523 1095 2340 1414 
3524 1364 2317 1007 
3525 40 1663 41 
3526 526 528 527 
3527 815 889 813 
3528 2305 2314 1365 
3529 1174 1623 1611 
3530 667 679 665 
3531 421 2284 420 
3532 738 2296 737 
3533 37 328 38 
3534 801 802 715 
3535 478 479 476 
3536 915 1019 916 
3537 1218 2308 1124 
3538 654 655 653 
3539 1703 1815 1266 
3540 1348 2276 1345 
3541 1124 2308 1123 
3542 1583 1605 1218 
3543 1020 1023 1022 
3544 480 484 482 
3545 874 2283 870 
3546 956 1140 1139 
3547 475 476 474 
3548 306 1806 81 
3549 1110 1239 1018 
3550 624 625 623 
3551 473 474 472 
3552 471 472 470 
3553 645 646 644 
3554 1871 2481 634 
3555 991 994 993 
3556 1244 2390 2323 
3557 1553 2390 1373 
3558 1161 1174 1163 
3559 1255 1596 1595 
3560 1034 1847 1436 
3561 900 2323 2298 
3562 465 466 464 
3563 776 2116 775 
3564 1568 1570 1569 
3565 420 424 418 
3566 1858 2249 1486 
3567 434 2286 427 
3568 469 470 468 
3569 626 627 625 
3570 1293 2273 1295 
3571 2286 2345 1008 
3572 477 2324 475 
3573 955 1089 855 
3574 1521 2238 1514 
3575 1260 1804 1803 
3576 628 629 627 
3577 1009 1255 688 
3578 934 2408 933 
3579 1514 2238 1513 
3580 670 671 669 
3581 2195 2325 1559 
3582 780 2384 779 
3583 467 468 466 
3584 420 425 424 
3585 88 333 89 
3586 1589 2202 452 
3587 994 997 996 
3588 1065 2266 862 
3589 2064 2448 2437 
3590 724 803 725 
3591 594 595 593 
3592 1526 2318 496 
3593 571 592 581 
3594 463 465 464 
3595 829 894 828 
3596 1561 2287 1137 
3597 557 558 554 
3598 429 432 431 
3599 480 2316 484 
3600 580 2338 819 
3601 909 941 910 
3602 432 437 436 
3603 1101 1102 1100 
3604 425 429 428 
3605 437 442 441 
3606 442 445 444 
3607 789 1378 884 
3608 601 602 567 
3609 1560 2386 2364 
3610 973 2256 975 
3611 668 669 667 
3612 1656 1657 1094 
3613 666 667 665 
3614 1280 1534 1120 
3615 712 2310 801 
3616 2062 2448 2063 
3617 1374 2358 2322 
3618 647 648 646 
3619 564 601 567 
3620 686 688 683 
3621 1581 1619 1582 
3622 1345 2276 1347 
3623 664 665 663 
3624 24 326 25 
3625 1475 1476 1421 
3626 851 2333 744 
3627 431 799 428 
3628 1384 1454 1140 
3629 1155 1158 1157 
3630 1174 1611 1175 
3631 1933 2489 1574 
3632 2300 2394 1401 
3633 1330 1387 1335 
3634 441 443 436 
3635 649 650 648 
3636 1068 1394 1248 
3637 2218 2363 1566 
3638 811 914 809 
3639 2322 2358 1561 
3640 1158 1252 1242 
3641 2371 2404 848 
3642 1619 1621 1620 
3643 528 530 529 
3644 11 309 12 
3645 716 728 717 
3646 825 2351 1127 
3647 1033 2256 973 
3648 651 652 650 
3649 1380 1514 1513 
3650 26 344 27 
3651 594 1011 635 
3652 1149 1164 1151 
3653 757 2307 567 
3654 849 909 850 
3655 1137 2287 1382 
3656 1136 2322 1561 
3657 347 1720 83 
3658 1111 1498 1110 
3659 516 540 518 
3660 510 545 512 
3661 500 509 502 
3662 528 532 530 
3663 714 2395 711 
3664 1200 1201 1198 
3665 1295 2273 1344 
3666 932 1146 1145 
3667 564 567 549 
3668 35 316 36 
3669 1130 1537 1129 
3670 1017 1110 1018 
3671 1289 2014 1286 
3672 659 675 657 
3673 1318 2332 1320 
3674 783 2331 786 
3675 1694 1823 1253 
3676 90 350 91 
3677 643 645 644 
3678 880 935 845 
3679 1698 2326 1440 
3680 1406 1422 1420 
3681 1252 1779 1491 
3682 420 2284 425 
3683 549 2307 550 
3684 486 497 494 
3685 1211 1213 1210 
3686 1548 2477 1993 
3687 803 956 955 
3688 548 564 549 
3689 663 765 661 
3690 1378 1380 1379 
3691 1239 1795 1469 
3692 1011 1016 1012 
3693 820 1391 931 
3694 1146 1449 1440 
3695 1010 2312 535 
3696 2011 2438 2411 
3697 2184 2327 756 
3698 497 758 756 
3699 548 549 536 
3700 1558 2314 2305 
3701 36 1665 37 
3702 1382 2287 1435 
3703 1166 1463 1167 
3704 2309 2317 1364 
3705 54 353 55 
3706 758 760 759 
3707 1391 1393 1392 
3708 1374 2322 2243 
3709 1262 1794 1793 
3710 1540 1541 1538 
3711 975 2256 978 
3712 89 1722 90 
3713 760 762 761 
3714 1347 2276 1835 
3715 1393 1614 1613 
3716 805 806 802 
3717 1180 1195 1179 
3718 1791 1792 1261 
3719 532 535 533 
3720 775 946 945 
3721 548 2312 565 
3722 1605 2308 1218 
3723 803 955 855 
3724 1074 1076 1075 
3725 748 844 747 
3726 535 548 536 
3727 692 2218 687 
3728 1245 2145 1193 
3729 805 807 806 
3730 997 999 998 
3731 1638 1640 1639 
3732 1096 2320 894 
3733 1158 1242 1159 
3734 1272 1273 1271 
3735 24 1684 326 
3736 1089 1656 1094 
3737 25 1672 26 
3738 1016 1017 1012 
3739 532 533 530 
3740 1424 1425 1184 
3741 653 672 652 
3742 956 1139 955 
3743 535 536 533 
3744 610 611 608 
3745 56 348 57 
3746 21 331 22 
3747 423 2286 1008 
3748 447 450 445 
3749 922 923 877 
3750 828 2320 833 
3751 33 354 34 
3752 1257 1496 1408 
3753 712 715 713 
3754 1354 2304 804 
3755 1087 1562 1257 
3756 1146 1440 1147 
3757 592 594 593 
3758 92 355 3 
3759 854 2401 2352 
3760 1578 2301 1016 
3761 1320 2332 1330 
3762 1196 1197 1195 
3763 1531 2536 2271 
3764 833 2320 1431 
3765 924 926 925 
3766 807 875 806 
3767 723 856 724 
3768 614 616 612 
3769 1310 2365 1312 
3770 1924 2476 882 
3771 1547 2510 1030 
3772 804 2304 805 
3773 497 756 498 
3774 820 931 821 
3775 1544 1842 1542 
3776 767 854 762 
3777 2230 2357 917 
3778 482 485 483 
3779 1394 1857 1831 
3780 91 1761 92 
3781 1323 2332 1318 
3782 942 2349 972 
3783 485 2285 486 
3784 306 1807 1806 
3785 1030 2353 1434 
3786 480 482 481 
3787 761 820 797 
3788 594 635 595 
3789 532 2330 1010 
3790 1393 2401 1615 
3791 1532 2315 1533 
3792 946 1241 1240 
3793 1202 1204 1203 
3794 1094 2340 1095 
3795 478 480 479 
3796 1103 1104 1102 
3797 475 478 476 
3798 1556 2344 1557 
3799 2274 2334 533 
3800 522 534 524 
3801 478 2324 2316 
3802 792 2109 785 
3803 469 471 470 
3804 465 467 466 
3805 328 1664 38 
3806 473 475 474 
3807 471 473 472 
3808 2277 2365 1310 
3809 290 1732 1731 
3810 1501 1502 1398 
3811 1252 1491 1242 
3812 883 2344 2294 
3813 2351 2395 1554 
3814 645 647 646 
3815 467 469 468 
3816 794 2373 1567 
3817 1980 1984 1982 
3818 698 700 695 
3819 2280 2337 878 
3820 3 1726 54 
3821 1270 1271 1269 
3822 1275 1447 1446 
3823 1779 1822 1491 
3824 708 709 707 
3825 710 712 711 
3826 1420 1421 1419 
3827 491 503 490 
3828 1299 1870 1340 
3829 651 653 652 
3830 771 898 769 
3831 1013 1087 1014 
3832 712 713 711 
3833 1023 1025 1024 
3834 557 2386 559 
3835 649 651 650 
3836 1420 1475 1421 
3837 1555 2369 2325 
3838 504 541 503 
3839 1449 1696 1440 
3840 647 649 648 
3841 1391 1392 931 
3842 1011 1012 635 
3843 938 1037 936 
3844 708 2341 1143 
3845 1142 1478 1477 
3846 559 572 558 
3847 917 2357 1108 
3848 1414 2340 1690 
3849 705 708 707 
3850 1008 2284 421 
3851 758 759 756 
3852 542 551 541 
3853 1393 1613 1392 
3854 760 761 759 
3855 2294 2344 1556 
3856 454 490 453 
3857 723 724 633 
3858 1025 1142 1036 
3859 1206 1208 1207 
3860 1380 1516 1514 
3861 1520 1654 1181 
3862 1478 1693 1692 
3863 893 1061 948 
3864 1027 1183 1026 
3865 31 372 32 
3866 28 371 29 
3867 1426 1645 1425 
3868 1414 1690 1417 
3869 573 605 572 
3870 1159 2321 1161 
3871 728 2337 729 
3872 1017 2301 1111 
3873 619 798 617 
3874 1087 1257 1014 
3875 606 826 605 
3876 1537 1560 1129 
3877 1595 2328 688 
3878 708 710 709 
3879 567 2307 549 
3880 933 2358 2253 
3881 1429 2432 1608 
3882 597 848 599 
3883 1654 2393 1181 
3884 841 890 842 
3885 1887 2444 848 
3886 794 1013 878 
3887 1429 1500 1428 
3888 1554 1909 1532 
3889 1576 2304 1354 
3890 1401 2428 1402 
3891 1106 1166 913 
3892 1542 2288 1541 
3893 1340 2335 1342 
3894 999 1038 1000 
3895 451 453 450 
3896 134 2377 305 
3897 629 632 631 
3898 710 711 709 
3899 1516 1517 1514 
3900 1016 2301 1017 
3901 595 2371 597 
3902 1275 1446 1273 
3903 747 2366 720 
3904 794 878 728 
3905 32 1673 33 
3906 1146 2348 1449 
3907 716 794 728 
3908 930 2364 739 
3909 490 492 453 
3910 331 1265 22 
3911 881 1106 913 
3912 2352 2401 1391 
3913 425 428 424 
3914 1106 1618 1166 
3915 941 2349 942 
3916 683 2328 681 
3917 1312 2365 1329 
3918 1388 1389 1033 
3919 1518 1519 1517 
3920 894 2320 828 
3921 632 723 633 
3922 662 2445 685 
3923 1447 1643 1642 
3924 719 881 796 
3925 486 2285 497 
3926 347 1812 1720 
3927 719 796 701 
3928 2327 2423 509 
3929 1413 2457 1412 
3930 1575 2516 1577 
3931 1183 1397 1026 
3932 551 555 541 
3933 2251 2404 2371 
3934 613 2354 614 
3935 1214 1215 1213 
3936 1013 1014 878 
3937 1127 2351 1554 
3938 881 913 796 
3939 629 631 627 
3940 1861 2519 798 
3941 1184 2362 1183 
3942 1516 1518 1517 
3943 429 431 428 
3944 1645 1752 1425 
3945 535 2312 548 
3946 498 2327 500 
3947 432 436 431 
3948 1147 2326 1149 
3949 978 2399 979 
3950 437 441 436 
3951 442 444 441 
3952 1381 2345 2220 
3953 605 615 572 
3954 707 2351 825 
3955 1188 1221 941 
3956 1356 1648 1241 
3957 914 2506 2488 
3958 1240 1398 945 
3959 1127 1554 1532 
3960 1153 2329 1155 
3961 530 2334 531 
3962 775 945 773 
3963 1518 1876 1519 
3964 2557 2573 1190 
3965 909 1188 941 
3966 845 2359 844 
3967 1699 1707 1221 
3968 729 2337 841 
3969 17 365 18 
3970 1499 1814 1397 
3971 1581 1721 1619 
3972 632 633 631 
3973 822 849 591 
3974 587 591 555 
3975 2253 2358 1374 
3976 1268 1269 1264 
3977 1242 2321 1159 
3978 1330 2332 1387 
3979 2251 2371 635 
3980 972 1388 1033 
3981 353 1727 55 
3982 1038 1192 1039 
3983 2323 2390 1553 
3984 1186 1678 1253 
3985 1771 2741 2115 
3986 890 1186 1131 
3987 890 1131 891 
3988 688 2328 683 
3989 1076 1078 1077 
3990 1174 2321 1623 
3991 1396 2359 1429 
3992 1041 2414 967 
3993 623 634 621 
3994 13 356 14 
3995 1571 2375 1573 
3996 632 2355 793 
3997 1271 1471 1269 
3998 551 587 555 
3999 587 2372 2161 
4000 19 367 20 
4001 720 2366 719 
4002 20 1590 21 
4003 1909 2315 1532 
4004 1183 1499 1397 
4005 724 2319 803 
4006 1188 1699 1221 
4007 1842 2288 1542 
4008 924 925 923 
4009 822 1026 849 
4010 1161 2321 1174 
4011 587 822 591 
4012 1192 1245 1193 
4013 1286 2339 1280 
4014 1533 2315 1840 
4015 2214 2380 1057 
4016 1440 2326 1147 
4017 354 1682 34 
4018 1108 2357 1260 
4019 779 2116 776 
4020 786 2331 789 
4021 709 2395 2351 
4022 756 2327 498 
4023 936 2302 935 
4024 1550 2515 2030 
4025 344 1670 27 
4026 1657 2340 1094 
4027 721 897 726 
4028 1057 2380 1068 
4029 932 2348 1146 
4030 1240 1501 1398 
4031 1447 1642 1446 
4032 1406 1419 1405 
4033 856 2319 724 
4034 658 2424 660 
4035 1074 1075 853 
4036 497 2285 758 
4037 1402 2442 1492 
4038 925 1405 923 
4039 15 366 16 
4040 946 1240 945 
4041 931 2348 932 
4042 1396 1428 1410 
4043 1020 2385 1023 
4044 1129 2364 930 
4045 597 2371 848 
4046 541 2360 503 
4047 1428 1706 1410 
4048 592 2379 2297 
4049 844 1396 1395 
4050 533 2334 530 
4051 1388 1734 1389 
4052 1227 1228 1082 
4053 1335 2342 1821 
4054 928 1088 926 
4055 574 2386 557 
4056 784 2384 780 
4057 844 1395 747 
4058 475 2324 478 
4059 1406 1420 1419 
4060 1765 2390 1244 
4061 2119 2684 1570 
4062 1396 1410 1395 
4063 972 2349 1388 
4064 1573 2375 1581 
4065 1574 2505 1575 
4066 2200 2498 1547 
4067 1186 1253 1131 
4068 2320 2392 1431 
4069 839 1093 915 
4070 14 1445 15 
4071 803 2319 956 
4072 1149 2326 1164 
4073 2428 2442 1402 
4074 1155 2329 1158 
4075 500 2327 509 
4076 935 2359 845 
4077 1158 2329 1252 
4078 661 2343 659 
4079 1387 2342 1335 
4080 791 2407 2331 
4081 679 2347 665 
4082 1061 1181 1062 
4083 2325 2369 1238 
4084 1202 1203 1201 
4085 1678 1694 1253 
4086 531 2379 571 
4087 552 2372 551 
4088 1802 2796 1659 
4089 1425 2362 1184 
4090 571 2379 592 
4091 1061 1462 1181 
4092 1344 2356 1348 
4093 715 2373 713 
4094 1206 1207 1204 
4095 1942 2572 1940 
4096 1068 2380 1394 
4097 1081 1082 1079 
4098 1280 2339 1534 
4099 1064 1651 1650 
4100 665 2347 663 
4101 1019 2385 1020 
4102 1096 2392 2320 
4103 1081 1404 1227 
4104 354 1770 1683 
4105 2184 2423 2327 
4106 635 2371 595 
4107 765 2343 661 
4108 659 2343 675 
4109 1492 2387 1784 
4110 854 2352 762 
4111 762 2352 761 
4112 1078 1080 1079 
4113 986 992 989 
4114 2014 2339 1286 
4115 925 1406 1405 
4116 1689 2454 1687 
4117 713 2373 716 
4118 820 2352 1391 
4119 1037 2302 936 
4120 371 1674 29 
4121 1395 2366 747 
4122 663 2347 765 
4123 2539 2543 1589 
4124 878 2337 728 
4125 789 2331 1378 
4126 1142 1622 1478 
4127 2304 2389 808 
4128 695 2363 692 
4129 2334 2379 531 
4130 554 2396 552 
4131 1023 1243 1025 
4132 1638 1848 1640 
4133 1639 2456 1637 
4134 1210 1212 1208 
4135 309 1263 12 
4136 1520 1783 1654 
4137 1848 1849 1640 
4138 2283 2394 869 
4139 877 2388 630 
4140 1166 2346 1463 
4141 1092 1182 950 
4142 1077 1409 1075 
4143 2261 2394 2283 
4144 1228 1631 1230 
4145 566 2479 2032 
4146 1076 1077 1075 
4147 1392 2348 931 
4148 1560 2364 1129 
4149 1215 1261 1213 
4150 1183 2362 1499 
4151 2003 2376 1978 
4152 558 2396 554 
4153 2329 2402 1780 
4154 1116 1179 1178 
4155 1201 2406 1198 
4156 1870 2335 1340 
4157 1104 1528 1527 
4158 761 2352 820 
4159 869 2394 2300 
4160 1407 2419 2345 
4161 2242 2389 1576 
4162 2273 2356 1344 
4163 1262 1791 1261 
4164 709 2351 707 
4165 404 2436 2376 
4166 1618 2346 1166 
4167 1404 1787 1451 
4168 1417 2367 1522 
4169 1221 2349 941 
4170 1131 2430 2361 
4171 2368 2431 898 
4172 555 2360 541 
4173 849 2350 909 
4174 1431 2392 1489 
4175 692 2363 2218 
4176 2042 2411 631 
4177 2007 2365 2277 
4178 1100 1191 1098 
4179 773 2368 771 
4180 2394 2428 1401 
4181 1462 1520 1181 
4182 2489 2505 1574 
4183 716 2373 794 
4184 438 2441 433 
4185 700 2363 695 
4186 309 1264 1263 
4187 1215 1262 1261 
4188 1264 1453 1263 
4189 1576 2389 2304 
4190 1506 2405 1764 
4191 435 2441 2232 
4192 1373 2485 1524 
4193 331 1767 1265 
4194 1978 2376 1980 
4195 552 2396 2372 
4196 1581 2375 1721 
4197 1940 2576 1937 
4198 2064 2437 2423 
4199 655 2415 653 
4200 844 2359 1396 
4201 1164 2402 1151 
4202 354 1683 1682 
4203 515 2409 566 
4204 891 2361 893 
4205 509 2437 510 
4206 630 2388 2355 
4207 1752 2362 1425 
4208 1104 1527 1102 
4209 923 2388 877 
4210 1648 2383 1241 
4211 1397 2350 1026 
4212 1242 2413 2321 
4213 669 2420 667 
4214 1131 2361 891 
4215 1026 2350 849 
4216 719 2366 881 
4217 1554 2429 1909 
4218 1406 2391 1422 
4219 1241 2383 1240 
4220 1023 2385 1243 
4221 994 1001 997 
4222 1078 1079 1077 
4223 344 1671 1670 
4224 1262 1793 1791 
4225 1690 2367 1417 
4226 1151 2402 1153 
4227 1792 2397 1261 
4228 1081 1227 1082 
4229 771 2368 898 
4230 1633 2410 1544 
4231 551 2372 587 
4232 1197 1754 1753 
4233 853 2378 792 
4234 979 2399 982 
4235 909 2350 1188 
4236 1544 2410 1842 
4237 982 2449 983 
4238 1506 1763 1762 
4239 1980 2376 1984 
4240 1153 2402 2329 
4241 1269 2370 1264 
4242 1116 1178 1084 
4243 1404 1451 1227 
4244 366 1700 1503 
4245 854 2446 2088 
4246 1770 1771 1683 
4247 672 2415 2341 
4248 926 2391 925 
4249 1273 2382 1271 
4250 806 2421 802 
4251 2321 2413 1623 
4252 1203 1506 1505 
4253 1080 1081 1079 
4254 1380 2407 1516 
4255 893 2361 1061 
4256 365 1266 18 
4257 490 2381 492 
4258 1398 2431 2368 
4259 1204 2405 1203 
4260 945 2368 773 
4261 1804 2527 1805 
4262 1305 2422 697 
4263 1198 2406 1197 
4264 2395 2429 1554 
4265 1818 2527 1515 
4266 1055 2414 1041 
4267 503 2381 490 
4268 1081 2412 1404 
4269 1446 2382 1273 
4270 1823 2430 1253 
4271 711 2395 709 
4272 1398 2368 945 
4273 1787 1798 1451 
4274 631 2411 627 
4275 1203 1505 1201 
4276 1240 2383 1501 
4277 1271 2382 1471 
4278 1088 2391 926 
4279 1197 1753 1195 
4280 627 2411 625 
4281 1391 2401 1393 
4282 2360 2381 503 
4283 1378 2407 1380 
4284 2516 2526 1577 
4285 366 1267 16 
4286 715 2421 2373 
4287 1561 2408 2287 
4288 2098 2478 2096 
4289 2373 2421 1567 
4290 1038 1226 1192 
4291 653 2415 672 
4292 2498 2510 1547 
4293 2358 2408 1561 
4294 1386 2404 2251 
4295 1264 2370 1453 
4296 1471 2370 1269 
4297 888 2482 2094 
4298 1405 2388 923 
4299 2284 2419 2201 
4300 1179 1472 1178 
4301 1430 2512 1357 
4302 1062 2393 1064 
4303 365 1607 1606 
4304 2092 2435 2357 
4305 806 2451 2421 
4306 1424 2417 1426 
4307 2361 2430 1462 
4308 667 2420 679 
4309 792 2378 2109 
4310 1031 2482 886 
4311 1643 2690 2672 
4312 1563 2468 1565 
4313 1061 2361 1462 
4314 1506 1762 1505 
4315 690 2424 658 
4316 1491 2413 1242 
4317 772 2491 774 
4318 2261 2428 2394 
4319 933 2408 2358 
4320 1181 2393 1062 
4321 1008 2419 2284 
4322 1207 2405 1204 
4323 1707 2426 1221 
4324 1505 2406 1201 
4325 925 2391 1406 
4326 1427 2427 1594 
4327 802 2421 715 
4328 1537 2455 2272 
4329 2331 2407 1378 
4330 2423 2437 509 
4331 2572 2576 1940 
4332 1075 2378 853 
4333 2178 2549 1526 
4334 1538 2455 1537 
4335 2065 2423 2184 
4336 2357 2435 1260 
4337 1203 2405 1506 
4338 767 2446 854 
4339 2345 2419 1008 
4340 1397 2434 2350 
4341 1329 2460 1314 
4342 1316 2460 1323 
4343 2337 2425 841 
4344 655 2452 2415 
4345 2341 2415 2311 
4346 1585 2473 1421 
4347 1098 2398 1092 
4348 2350 2434 1188 
4349 898 2446 769 
4350 1213 2397 1210 
4351 890 2425 1186 
4352 848 2444 599 
4353 485 2458 2103 
4354 471 2465 473 
4355 675 2452 657 
4356 953 2517 1890 
4357 1606 1703 1266 
4358 1432 2518 1430 
4359 1503 1777 1267 
4360 1228 2403 1631 
4361 1227 2403 1228 
4362 2407 2462 1516 
4363 1102 2400 1100 
4364 2490 2530 784 
4365 881 2433 1106 
4366 1409 2378 1075 
4367 1064 2393 1651 
4368 357 2632 1823 
4369 714 2429 2395 
4370 623 2438 634 
4371 1863 2541 616 
4372 721 2444 897 
4373 1055 2439 2414 
4374 1599 2602 1598 
4375 1372 2428 2261 
4376 2111 2553 345 
4377 841 2425 890 
4378 465 2474 467 
4379 1261 2397 1213 
4380 1814 2434 1397 
4381 365 1606 1266 
4382 2016 2443 2008 
4383 1084 2412 1080 
4384 510 2437 545 
4385 1606 1825 1703 
4386 1415 2461 1407 
4387 676 2470 678 
4388 2334 2447 2379 
4389 1210 2397 1212 
4390 1195 2416 1179 
4391 1395 2433 2366 
4392 1082 2418 1079 
4393 1507 2765 1812 
4394 2297 2447 1411 
4395 1357 2483 2307 
4396 935 2432 2359 
4397 2425 2464 1186 
4398 482 2458 485 
4399 1372 2442 2428 
4400 366 1503 1267 
4401 901 2472 2265 
4402 2063 2448 2064 
4403 2204 2439 1055 
4404 1407 2461 2419 
4405 1197 2406 1754 
4406 545 2463 512 
4407 2280 2425 2337 
4408 1092 2398 1182 
4409 1423 2494 1424 
4410 625 2438 623 
4411 2421 2451 1567 
4412 1502 2431 1398 
4413 882 2476 1912 
4414 2366 2433 881 
4415 1260 2435 1804 
4416 1080 2412 1081 
4417 433 2441 435 
4418 1388 2426 1734 
4419 2411 2438 625 
4420 1191 2398 1098 
4421 2388 2453 2355 
4422 1100 2400 1191 
4423 1803 2504 1259 
4424 1418 2507 1416 
4425 1598 2450 1879 
4426 599 2444 721 
4427 1510 2442 1372 
4428 1077 2418 1409 
4429 791 2462 2407 
4430 1591 2568 1592 
4431 1432 2528 2518 
4432 660 2445 662 
4433 769 2446 767 
4434 1527 2400 1102 
4435 516 2469 540 
4436 2491 2497 777 
4437 2302 2432 935 
4438 1253 2430 1131 
4439 1490 2528 1432 
4440 2447 2466 1411 
4441 1410 2433 1395 
4442 1188 2434 1699 
4443 1179 2416 1472 
4444 2328 2470 681 
4445 1451 2403 1227 
4446 2157 2462 791 
4447 505 2548 2104 
4448 2359 2432 1429 
4449 986 2449 992 
4450 1405 2453 2388 
4451 2455 2501 609 
4452 983 2449 986 
4453 1741 2506 1743 
4454 1710 2575 1711 
4455 2419 2461 2201 
4456 1178 2412 1084 
4457 2379 2447 2297 
4458 1079 2418 1077 
4459 2280 2464 2425 
4460 680 2579 2578 
4461 875 2451 806 
4462 2433 2459 1106 
4463 1567 2451 2295 
4464 2349 2426 1388 
4465 875 2488 2234 
4466 1892 2663 1894 
4467 2415 2452 2311 
4468 2486 2514 856 
4469 1404 2467 1787 
4470 1753 2416 1195 
4471 2109 2490 784 
4472 2274 2447 2334 
4473 2550 2564 2093 
4474 2236 2502 1054 
4475 615 2471 572 
4476 2143 2846 2142 
4477 1637 2456 1873 
4478 1412 2457 2011 
4479 2376 2436 1984 
4480 558 2471 2396 
4481 1221 2426 2349 
4482 1601 2600 1599 
4483 1687 2454 1887 
4484 2427 2583 1594 
4485 723 2486 856 
4486 657 2452 655 
4487 807 2488 875 
4488 2088 2495 1736 
4489 1363 2511 426 
4490 914 2488 809 
4491 2380 2479 1394 
4492 2488 2506 2234 
4493 2505 2516 1575 
4494 1106 2459 1618 
4495 1255 2492 1596 
4496 1802 2863 325 
4497 2274 2466 2447 
4498 1867 2557 742 
4499 875 2468 2451 
4500 1430 2518 2512 
4501 619 2481 798 
4502 615 2494 2471 
4503 1862 2562 2555 
4504 430 2511 459 
4505 634 2481 621 
4506 484 2458 482 
4507 1419 2453 1405 
4508 2262 2504 1800 
4509 1314 2460 1316 
4510 1924 2628 2476 
4511 1410 2459 2433 
4512 1411 2466 1578 
4513 540 2493 518 
4514 1817 2592 1338 
4515 1541 2455 1538 
4516 1862 2555 611 
4517 897 2480 726 
4518 934 2531 2513 
4519 839 2480 1093 
4520 2451 2468 2295 
4521 1001 2544 1901 
4522 512 2463 514 
4523 2032 2479 2380 
4524 2201 2461 800 
4525 1419 2473 2453 
4526 2453 2473 793 
4527 1799 2586 1601 
4528 522 2509 534 
4529 2355 2453 793 
4530 992 2487 989 
4531 473 2465 477 
4532 2466 2483 1578 
4533 898 2495 2446 
4534 1706 2459 1410 
4535 2412 2467 1404 
4536 2592 2594 1338 
4537 1736 2522 1782 
4538 1516 2462 1518 
4539 1338 2594 1031 
4540 2600 2602 1599 
4541 1186 2464 1678 
4542 1876 2497 2491 
4543 2265 2472 1363 
4544 514 2469 516 
4545 1408 2464 2280 
4546 2396 2471 2162 
4547 2259 2521 638 
4548 639 2521 795 
4549 681 2470 676 
4550 2463 2469 514 
4551 1758 2819 390 
4552 1178 2467 2412 
4553 2048 2642 388 
4554 1765 2485 2390 
4555 550 2466 2274 
4556 467 2474 489 
4557 1408 2484 2464 
4558 2287 2513 1435 
4559 2464 2484 1678 
4560 1536 2548 1444 
4561 1993 2477 1994 
4562 2096 2478 2100 
4563 1435 2513 2353 
4564 572 2471 558 
4565 1421 2473 1419 
4566 2295 2468 1563 
4567 2157 2497 2462 
4568 550 2483 2466 
4569 889 2525 813 
4570 777 2497 2157 
4571 1415 2498 2461 
4572 798 2519 617 
4573 371 2475 1674 
4574 994 2508 1001 
4575 1922 2561 1591 
4576 811 2525 914 
4577 886 2482 888 
4578 2144 2546 2108 
4579 675 2489 2452 
4580 621 2481 619 
4581 1472 2467 1178 
4582 1860 2569 826 
4583 726 2480 839 
4584 2471 2494 2162 
4585 2311 2489 1933 
4586 934 2513 2408 
4587 2390 2485 1373 
4588 1394 2479 1857 
4589 2213 2530 2490 
4590 1585 2486 2473 
4591 1356 2523 1648 
4592 2462 2497 1518 
4593 2307 2483 550 
4594 2446 2495 2088 
4595 1584 2537 2246 
4596 793 2486 723 
4597 1991 2828 1608 
4598 809 2488 807 
4599 774 2491 777 
4600 1541 2501 2455 
4601 1496 2484 1408 
4602 989 2487 991 
4603 1585 2514 2486 
4604 1886 2775 2681 
4605 2513 2531 2353 
4606 2271 2536 450 
4607 1028 2539 1589 
4608 1504 2492 1255 
4609 450 2536 445 
4610 1039 2559 1000 
4611 675 2505 2489 
4612 698 2534 700 
4613 526 2533 2330 
4614 800 2498 2200 
4615 1734 2532 1389 
4616 534 2533 524 
4617 518 2493 520 
4618 2213 2490 1409 
4619 2162 2494 1423 
4620 796 2534 701 
4621 1644 2690 1643 
4622 1357 2512 2483 
4623 1586 2524 2514 
4624 1259 2504 2262 
4625 1738 2499 1865 
4626 2476 2628 1669 
4627 2496 2502 1358 
4628 1358 2502 2236 
4629 2019 2565 1323 
4630 1504 2503 2492 
4631 1601 2586 2472 
4632 1810 2503 1504 
4633 2452 2489 2311 
4634 1436 2543 1029 
4635 1416 2507 1871 
4636 2495 2522 1736 
4637 616 2541 612 
4638 2461 2498 800 
4639 1518 2497 1876 
4640 1586 2514 1585 
4641 2288 2501 1541 
4642 1471 2625 2370 
4643 1626 2676 1819 
4644 520 2509 522 
4645 426 2511 430 
4646 2202 2550 2093 
4647 1435 2510 1415 
4648 1415 2510 2498 
4649 2234 2506 1741 
4650 2493 2509 520 
4651 991 2508 994 
4652 2378 2490 2109 
4653 1893 2842 1217 
4654 1584 2543 2539 
4655 2343 2505 675 
4656 904 2557 1190 
4657 742 2557 741 
4658 2487 2508 991 
4659 2177 2545 444 
4660 2431 2495 898 
4661 2266 2551 858 
4662 1733 2556 1376 
4663 2472 2586 1363 
4664 1283 2556 1630 
4665 1437 2567 1455 
4666 1792 2500 2397 
4667 2473 2486 793 
4668 1578 2512 2301 
4669 1969 2827 1970 
4670 444 2545 441 
4671 2441 2571 2232 
4672 1409 2490 2378 
4673 2514 2524 2291 
4674 1582 2562 1580 
4675 1453 2612 1829 
4676 1526 2549 2318 
4677 443 2554 436 
4678 1911 2517 953 
4679 431 2554 799 
4680 1794 2842 1893 
4681 606 2555 826 
4682 1482 2538 1824 
4683 2533 2581 2330 
4684 856 2514 2291 
4685 1718 2749 2705 
4686 2397 2500 1212 
4687 611 2555 608 
4688 2314 2563 1659 
4689 2030 2515 1844 
4690 906 2560 1034 
4691 1142 2547 1622 
4692 1089 2558 1656 
4693 2483 2512 1578 
4694 1243 2547 1025 
4695 1139 2558 955 
4696 2526 2572 1942 
4697 1471 2640 2625 
4698 1867 2573 2557 
4699 2408 2513 2287 
4700 1515 2527 2435 
4701 1200 2864 1825 
4702 765 2516 2343 
4703 2512 2518 2301 
4704 1610 2621 1609 
4705 638 2521 639 
4706 617 2519 616 
4707 2343 2516 2505 
4708 1828 2571 2441 
4709 2301 2518 1111 
4710 1592 2523 1356 
4711 765 2526 2516 
4712 350 2832 1761 
4713 2435 2527 1804 
4714 2518 2528 1111 
4715 2475 2708 1508 
4716 817 2570 815 
4717 1474 2658 1473 
4718 813 2525 811 
4719 690 2577 2342 
4720 2431 2522 2495 
4721 87 2882 2745 
4722 1323 2565 2332 
4723 2291 2524 1385 
4724 1111 2528 1498 
4725 1436 2564 2550 
4726 826 2569 605 
4727 2347 2526 765 
4728 1626 2635 1765 
4729 2296 2531 934 
4730 1433 2530 2213 
4731 2104 2548 1536 
4732 2561 2568 1591 
4733 1662 2707 2675 
4734 1502 2522 2431 
4735 1935 2579 1930 
4736 2606 2683 1646 
4737 1389 2532 1603 
4738 2553 2764 2499 
4739 784 2530 2384 
4740 524 2533 526 
4741 669 2578 2420 
4742 2353 2531 1434 
4743 701 2534 698 
4744 680 2578 671 
4745 445 2536 444 
4746 1568 2838 1570 
4747 1584 2539 2537 
4748 2296 2537 2531 
4749 1387 2535 2342 
4750 796 2596 2534 
4751 1775 2582 1456 
4752 2281 2582 2282 
4753 2531 2537 1434 
4754 2246 2537 2296 
4755 2420 2578 1938 
4756 1434 2539 1028 
4757 1971 2553 2111 
4758 1990 2589 380 
4759 1361 2636 1824 
4760 674 2583 680 
4761 1597 2581 1841 
4762 1973 2589 1974 
4763 612 2541 611 
4764 1138 2542 1526 
4765 2013 2645 383 
4766 1841 2581 2533 
4767 2108 2546 327 
4768 1436 2550 2543 
4769 1856 2544 1855 
4770 1029 2543 1584 
4771 680 2583 2427 
4772 2093 2564 505 
4773 1597 2584 2581 
4774 156 2590 336 
4775 441 2545 443 
4776 385 2590 157 
4777 2196 2822 1836 
4778 1985 2815 1212 
4779 2549 2552 1442 
4780 2318 2549 1442 
4781 1961 2606 1646 
4782 2634 2727 312 
4783 2089 2584 1597 
4784 1647 2830 1830 
4785 2578 2579 1938 
4786 1464 2588 1189 
4787 1367 2551 2266 
4788 1025 2547 1142 
4789 1790 2733 330 
4790 1387 2565 2535 
4791 1762 2580 1505 
4792 1442 2552 1441 
4793 1816 2728 367 
4794 1589 2550 2202 
4795 2328 2592 2470 
4796 2189 2894 2720 
4797 1511 2874 2682 
4798 901 2600 2472 
4799 608 2555 606 
4800 1376 2556 1283 
4801 1234 2559 1039 
4802 1455 2587 2089 
4803 565 2591 564 
4804 741 2557 904 
4805 2143 2776 1624 
4806 436 2554 431 
4807 1997 2843 1648 
4808 1958 2604 369 
4809 2569 2593 2417 
4810 2347 2572 2526 
4811 1138 2571 2542 
4812 1443 2573 1867 
4813 907 2560 906 
4814 2406 2580 1754 
4815 1167 2596 913 
4816 955 2558 1089 
4817 1580 2562 1862 
4818 2089 2587 2584 
4819 1725 2775 1786 
4820 1446 2595 2382 
4821 410 2599 413 
4822 1284 2563 2314 
4823 1847 2564 1436 
4824 2346 2641 1463 
4825 615 2569 2417 
4826 1789 2606 1530 
4827 1829 2612 1869 
4828 2534 2596 2034 
4829 1811 2586 1799 
4830 2270 2567 1437 
4831 2470 2592 1817 
4832 1433 2561 2530 
4833 2530 2561 2384 
4834 2332 2565 1387 
4835 799 2603 428 
4836 2658 2822 1732 
4837 2472 2600 1601 
4838 1696 2753 2072 
4839 2537 2539 1434 
4840 2384 2561 1922 
4841 304 2749 1718 
4842 1846 2618 2071 
4843 1779 2896 1822 
4844 1490 2574 2528 
4845 1650 2721 2714 
4846 1230 2568 1433 
4847 2342 2577 1821 
4848 413 2599 2450 
4849 1860 2593 2569 
4850 1761 2743 355 
4851 1641 2607 1856 
4852 815 2570 889 
4853 605 2569 615 
4854 1823 2724 357 
4855 2232 2571 1138 
4856 1190 2573 1494 
4857 1611 2608 1175 
4858 1177 2608 1457 
4859 2525 2611 914 
4860 679 2572 2347 
4861 1821 2577 1998 
4862 2551 2633 858 
4863 1849 2607 1640 
4864 679 2576 2572 
4865 322 2862 2685 
4866 2450 2614 1879 
4867 1706 2585 2459 
4868 288 2616 287 
4869 239 2617 238 
4870 2270 2597 2591 
4871 2543 2550 1589 
4872 1528 2689 2604 
4873 1459 2597 2270 
4874 1593 2624 1073 
4875 1651 2721 1650 
4876 2382 2640 1471 
4877 2560 2610 1846 
4878 834 2599 408 
4879 1848 2637 317 
4880 1459 2601 2597 
4881 1074 2624 1479 
4882 1433 2568 2561 
4883 2420 2576 679 
4884 1298 2613 1919 
4885 1460 2601 1459 
4886 418 2622 416 
4887 1679 2808 1673 
4888 1460 2605 2601 
4889 1755 2675 1756 
4890 1476 2656 2546 
4891 324 2836 2159 
4892 671 2578 669 
4893 2506 2611 1743 
4894 1975 2630 1602 
4895 1497 2605 1460 
4896 2688 2748 1692 
4897 1284 2588 2563 
4898 1889 2681 2627 
4899 1451 2620 2403 
4900 1852 2765 1507 
4901 1938 2579 1935 
4902 2567 2591 565 
4903 1449 2753 1696 
4904 2615 2702 2027 
4905 1979 2809 2500 
4906 2137 2611 2525 
4907 1456 2582 2281 
4908 1256 2808 2713 
4909 2330 2581 1010 
4910 678 2583 674 
4911 2528 2574 1498 
4912 1983 2644 1986 
4913 1624 2846 2143 
4914 1207 2815 1986 
4915 2581 2584 1010 
4916 2216 2631 234 
4917 1505 2580 2406 
4918 233 2631 313 
4919 313 2870 2101 
4920 311 2641 2035 
4921 1620 2593 1860 
4922 2369 2712 318 
4923 928 2629 1088 
4924 835 2633 951 
4925 1010 2584 2312 
4926 1895 2654 1896 
4927 1182 2629 950 
4928 1366 2636 1360 
4929 1117 2639 1040 
4930 1634 2637 1635 
4931 2126 2633 2551 
4932 1593 2751 2624 
4933 1257 2634 1496 
4934 2467 2615 1787 
4935 1620 2598 2593 
4936 1621 2598 1620 
4937 1897 2654 1898 
4938 2270 2591 2567 
4939 2459 2585 1618 
4940 1500 2828 2090 
4941 2039 2672 1875 
4942 1638 2637 1848 
4943 2584 2587 2312 
4944 1462 2632 1520 
4945 383 2645 201 
4946 2312 2587 565 
4947 200 2645 310 
4948 1823 2632 2430 
4949 2475 2814 1676 
4950 1167 2621 2596 
4951 988 2651 985 
4952 1044 2648 1249 
4953 1370 2646 1371 
4954 1189 2588 1284 
4955 380 2589 1973 
4956 2377 2649 305 
4957 1752 2642 2362 
4958 2138 2650 2135 
4959 157 2590 156 
4960 1292 2730 1840 
4961 267 2653 266 
4962 302 2683 2606 
4963 1809 2736 1452 
4964 1036 2657 1060 
4965 564 2591 601 
4966 2196 2754 1732 
4967 1595 2594 2592 
4968 1977 2661 1976 
4969 1595 2592 2328 
4970 1368 2655 1370 
4971 2252 2652 1466 
4972 1501 2700 1502 
4973 2591 2597 601 
4974 1487 2830 1647 
4975 1746 2613 1298 
4976 1596 2594 1595 
4977 944 2655 2293 
4978 1642 2595 1446 
4979 601 2597 2292 
4980 2593 2598 1426 
4981 913 2596 796 
4982 2138 2666 293 
4983 2413 2785 1623 
4984 1732 2822 2196 
4985 1960 2610 907 
4986 2417 2593 1426 
4987 408 2599 410 
4988 1780 2662 2149 
4989 2597 2601 2292 
4990 1694 2724 1823 
4991 1426 2598 1645 
4992 379 2771 1987 
4993 329 2665 245 
4994 2263 2600 901 
4995 370 2673 100 
4996 413 2602 2263 
4997 1822 2896 128 
4998 2188 2767 1656 
4999 1629 2671 1483 
5000 2292 2601 896 
5001 2263 2602 2600 
5002 2601 2605 896 
5003 369 2604 2053 
5004 428 2603 424 
5005 1886 2681 943 
5006 1669 2628 1668 
5007 896 2605 2252 
5008 1786 2775 1058 
5009 1613 2668 1392 
5010 1608 2800 1991 
5011 2054 2689 2055 
5012 1992 2800 2302 
5013 2766 2851 351 
5014 1225 2676 1626 
5015 2348 2668 1449 
5016 1657 2669 2340 
5017 1795 2759 2013 
5018 183 2686 376 
5019 1783 2834 1654 
5020 236 2679 359 
5021 402 2679 237 
5022 2369 2676 1238 
5023 1655 2877 2745 
5024 1530 2606 1961 
5025 1640 2607 1641 
5026 1999 2692 1629 
5027 1729 2613 1730 
5028 293 2687 2138 
5029 1869 2612 995 
5030 1468 2614 2609 
5031 1468 2609 1279 
5032 2546 2656 327 
5033 320 2811 2810 
5034 2715 2744 2029 
5035 1633 2628 1924 
5036 1175 2608 1177 
5037 293 2666 255 
5038 1879 2614 1468 
5039 1491 2678 2413 
5040 2402 2662 1780 
5041 1987 2644 1983 
5042 1659 2796 1366 
5043 1795 2685 1469 
5044 2367 2855 2051 
5045 1877 2718 1291 
5046 1671 2623 1670 
5047 2069 2697 393 
5048 2138 2687 2650 
5049 1874 2712 1493 
5050 2603 2622 424 
5051 405 2758 406 
5052 1790 2840 1480 
5053 1825 2670 1205 
5054 2071 2618 1072 
5055 1212 2809 1985 
5056 1070 2707 1235 
5057 1705 2758 405 
5058 287 2616 401 
5059 238 2617 402 
5060 2681 2775 1725 
5061 964 2704 966 
5062 359 2823 2216 
5063 1256 2713 1091 
5064 1945 2703 1217 
5065 1480 2705 1331 
5066 1650 2708 1194 
5067 1481 2733 1480 
5068 1967 2667 1969 
5069 907 2610 2560 
5070 1048 2706 1050 
5071 1069 2706 1450 
5072 2147 2715 2029 
5073 914 2611 2506 
5074 1493 2712 1555 
5075 2034 2621 1610 
5076 1500 2701 1428 
5077 999 2699 1038 
5078 2612 2625 995 
5079 1791 2661 1792 
5080 1798 2620 1451 
5081 1508 2714 1103 
5082 1950 2723 1948 
5083 1472 2615 2467 
5084 1901 2738 1001 
5085 1631 2698 1230 
5086 1676 2623 1222 
5087 2126 2716 2124 
5088 357 2724 265 
5089 107 2883 1798 
5090 2718 2731 1291 
5091 17 2710 365 
5092 299 2734 2056 
5093 424 2622 418 
5094 2101 2870 2646 
5095 1324 2660 2122 
5096 1954 2856 1956 
5097 332 2701 2091 
5098 1570 2684 1571 
5099 2596 2621 2034 
5100 2595 2651 988 
5101 2574 2711 1498 
5102 1073 2624 1074 
5103 2056 2737 392 
5104 1509 2722 1677 
5105 2048 2824 2642 
5106 995 2625 1880 
5107 949 2741 1256 
5108 1750 2627 1723 
5109 1454 2720 1140 
5110 2115 2741 927 
5111 1902 2782 2060 
5112 962 2736 964 
5113 2426 2695 1734 
5114 1452 2736 1056 
5115 1291 2731 1292 
5116 1217 2803 1893 
5117 312 2727 2041 
5118 1522 2725 1568 
5119 2645 2711 310 
5120 2107 2746 2105 
5121 345 2747 206 
5122 205 2747 2112 
5123 1037 2748 2688 
5124 1258 2739 1367 
5125 1642 2664 2651 
5126 1900 2738 1901 
5127 141 2677 140 
5128 1739 2717 291 
5129 443 2694 2554 
5130 2624 2751 1767 
5131 1972 2768 389 
5132 1723 2627 1725 
5133 1236 2748 938 
5134 2072 2753 394 
5135 1700 2626 1503 
5136 386 2755 2166 
5137 997 2738 999 
5138 2611 2650 1743 
5139 317 2812 1848 
5140 1759 2873 2784 
5141 1974 2774 362 
5142 98 2766 351 
5143 2625 2640 1880 
5144 2086 2763 2085 
5145 407 2726 289 
5146 1760 2832 350 
5147 379 2756 95 
5148 1288 2765 1287 
5149 374 2760 2215 
5150 2106 2868 1952 
5151 1060 2630 1975 
5152 1963 2774 1964 
5153 2027 2702 2026 
5154 243 2761 375 
5155 351 2771 97 
5156 2551 2716 2126 
5157 319 2767 2188 
5158 1694 2801 2724 
5159 950 2629 928 
5160 1833 2845 1700 
5161 1825 2864 1703 
5162 1629 2788 2671 
5163 1239 2759 1795 
5164 1498 2759 1110 
5165 96 2771 379 
5166 2149 2662 2150 
5167 1698 2757 2326 
5168 2165 2696 2171 
5169 2169 2776 2143 
5170 2045 2783 2043 
5171 834 2758 2609 
5172 254 2777 253 
5173 234 2631 233 
5174 2164 2696 2165 
5175 2568 2698 1592 
5176 314 2794 2044 
5177 1067 2781 1452 
5178 1695 2781 1247 
5179 858 2633 835 
5180 1479 2892 1928 
5181 1107 2791 1439 
5182 1562 2634 1257 
5183 46 2635 47 
5184 1661 2867 1662 
5185 135 2789 2377 
5186 2430 2632 1462 
5187 1234 2845 1833 
5188 1908 2857 1702 
5189 1524 2876 1616 
5190 2377 2789 1697 
5191 1903 2860 1754 
5192 1607 2670 1606 
5193 1360 2636 1361 
5194 1932 2810 1746 
5195 349 2789 136 
5196 1635 2637 1638 
5197 1643 2664 1642 
5198 1878 2866 1058 
5199 2554 2694 2282 
5200 45 2638 294 
5201 263 2801 335 
5202 2151 2806 338 
5203 1475 2656 1476 
5204 342 2828 1991 
5205 1880 2640 988 
5206 1981 2809 1979 
5207 172 2812 317 
5208 1040 2639 1042 
5209 1654 2779 2393 
5210 2760 2874 2215 
5211 2692 2788 1629 
5212 2050 2641 311 
5213 371 2814 2475 
5214 1721 2795 1619 
5215 1099 2857 1908 
5216 164 2819 308 
5217 390 2819 165 
5218 1539 2898 1540 
5219 343 2883 108 
5220 2623 2814 1670 
5221 375 2839 1881 
5222 404 2816 2436 
5223 352 2859 185 
5224 4 2816 190 
5225 93 2816 4 
5226 142 2817 6 
5227 6 2817 288 
5228 7 2818 239 
5229 240 2818 7 
5230 2604 2689 2053 
5231 1046 2826 1048 
5232 140 2820 139 
5233 128 2896 127 
5234 1268 2885 2036 
5235 1342 2877 1341 
5236 2362 2642 1499 
5237 2806 2902 338 
5238 2641 2821 1463 
5239 18 2886 19 
5240 2165 2879 2170 
5241 337 2871 129 
5242 2523 2794 314 
5243 2652 2742 2207 
5244 2639 2648 1042 
5245 1881 2839 1701 
5246 1658 2841 1778 
5247 1645 2780 1752 
5248 1262 2842 1794 
5249 1590 2752 1748 
5250 1266 2886 18 
5251 2532 2768 1603 
5252 1212 2815 1208 
5253 2257 2839 1776 
5254 306 2881 1808 
5255 1458 2884 1461 
5256 1953 2799 1954 
5257 1384 2846 1624 
5258 1653 2885 11 
5259 1093 2827 915 
5260 367 2886 1815 
5261 11 2885 309 
5262 1217 2842 1215 
5263 1971 2764 2553 
5264 1816 2729 1885 
5265 1642 2651 2595 
5266 201 2645 200 
5267 1652 2823 1510 
5268 15 2890 366 
5269 1445 2890 15 
5270 2302 2800 2432 
5271 2500 2831 1979 
5272 1371 2646 1652 
5273 1606 2670 1825 
5274 1226 2844 1192 
5275 1042 2648 1044 
5276 305 2649 2070 
5277 1849 2812 173 
5278 1965 2667 1967 
5279 2159 2836 2212 
5280 2029 2744 1324 
5281 2135 2650 2137 
5282 985 2651 984 
5283 2660 2754 2196 
5284 1671 2718 2623 
5285 266 2653 357 
5286 2051 2855 384 
5287 1794 2686 1793 
5288 1096 2696 2392 
5289 1896 2654 1897 
5290 2727 2802 2041 
5291 2713 2808 1679 
5292 1472 2702 2615 
5293 2137 2650 2611 
5294 1123 2750 919 
5295 2484 2865 1678 
5296 327 2656 2107 
5297 1812 2887 1507 
5298 2743 2832 1495 
5299 2293 2655 1368 
5300 2651 2664 984 
5301 1477 2657 1036 
5302 1592 2794 2523 
5303 2478 2750 1123 
5304 1477 2659 2657 
5305 2623 2718 1222 
5306 1497 2652 2605 
5307 255 2666 254 
5308 2689 2770 2055 
5309 1976 2661 352 
5310 1692 2659 1477 
5311 2122 2660 2196 
5312 2585 2793 1618 
5313 1497 2742 2652 
5314 2690 2694 2052 
5315 1716 2749 304 
5316 332 2869 2701 
5317 1834 2680 296 
5318 984 2664 2039 
5319 2058 2737 1583 
5320 2650 2687 1743 
5321 1621 2647 2598 
5322 245 2665 244 
5323 2730 2787 1628 
5324 1245 2663 2145 
5325 2136 2666 2138 
5326 1164 2662 2402 
5327 2662 2757 2150 
5328 1583 2737 1605 
5329 2607 2782 1856 
5330 1502 2700 2680 
5331 2702 2786 2026 
5332 1205 2670 1944 
5333 2385 2667 1243 
5334 2620 2883 343 
5335 1756 2675 2618 
5336 1761 2832 2743 
5337 2072 2902 1696 
5338 1392 2668 2348 
5339 2340 2669 1690 
5340 1483 2671 1485 
5341 1608 2828 1500 
5342 1616 2876 2638 
5343 2159 2848 324 
5344 13 2904 356 
5345 1562 2727 2634 
5346 1814 2824 308 
5347 1875 2672 1588 
5348 100 2673 99 
5349 1986 2815 1985 
5350 1238 2676 1225 
5351 2853 2892 1479 
5352 1571 2684 2375 
5353 2013 2711 2645 
5354 1367 2716 2551 
5355 1768 2895 1663 
5356 1992 2769 1990 
5357 1659 2863 1802 
5358 2598 2647 1645 
5359 2070 2884 1457 
5360 943 2681 1889 
5361 1822 2678 1491 
5362 237 2679 236 
5363 1700 2890 1833 
5364 2046 2772 396 
5365 2087 2888 1742 
5366 356 2904 2529 
5367 2672 2690 1588 
5368 1833 2890 1445 
5369 339 2875 2132 
5370 1808 2719 1809 
5371 1646 2683 1959 
5372 2709 2810 1691 
5373 1705 2901 2609 
5374 2659 2748 1236 
5375 336 2684 2119 
5376 1503 2735 1777 
5377 2609 2901 1279 
5378 2605 2652 2252 
5379 184 2686 183 
5380 1469 2685 1686 
5381 1743 2687 1742 
5382 1461 2884 2649 
5383 2053 2689 2054 
5384 1588 2690 2052 
5385 2675 2707 1072 
5386 1693 2688 1692 
5387 2499 2764 1093 
5388 2193 2722 1772 
5389 399 2722 2193 
5390 1763 2851 2766 
5391 2801 2865 335 
5392 1688 2862 2112 
5393 12 2904 13 
5394 1543 2691 1632 
5395 2695 2861 1734 
5396 1263 2904 12 
5397 2139 2833 398 
5398 1627 2692 1999 
5399 1882 2695 1707 
5400 292 2695 1882 
5401 1990 2769 2589 
5402 19 2886 367 
5403 2575 2719 1711 
5404 94 2756 2436 
5405 2171 2696 1096 
5406 2052 2694 443 
5407 2671 2788 298 
5408 2678 2871 337 
5409 2041 2802 397 
5410 393 2697 2067 
5411 296 2700 2046 
5412 1707 2695 2426 
5413 1716 2744 2715 
5414 1422 2804 1420 
5415 2026 2786 377 
5416 1038 2699 1226 
5417 2145 2703 1448 
5418 2722 2879 1677 
5419 966 2704 1117 
5420 1331 2705 1529 
5421 2112 2862 322 
5422 1428 2701 1706 
5423 1977 2831 2661 
5424 1072 2707 1070 
5425 402 2841 2679 
5426 1050 2706 1069 
5427 1667 2854 2566 
5428 2609 2758 1705 
5429 1194 2708 1676 
5430 2416 2702 1472 
5431 1991 2800 1992 
5432 1164 2757 2662 
5433 1602 2743 1495 
5434 59 2709 60 
5435 340 2782 2607 
5436 2665 2761 244 
5437 1885 2729 1199 
5438 1965 2837 2667 
5439 365 2710 1607 
5440 2553 2893 345 
5441 345 2893 2747 
5442 2642 2824 1499 
5443 1751 2805 1709 
5444 2686 2859 1793 
5445 2500 2809 1212 
5446 1237 2778 1508 
5447 1091 2713 1097 
5448 2673 2766 99 
5449 1815 2729 1816 
5450 291 2717 1757 
5451 1555 2712 2369 
5452 2188 2894 2189 
5453 1103 2714 1104 
5454 2050 2821 2641 
5455 1507 2887 1695 
5456 2772 2843 396 
5457 2691 2898 1769 
5458 191 2850 5 
5459 5 2850 141 
5460 2124 2716 2139 
5461 128 2871 1822 
5462 2627 2681 1725 
5463 1529 2715 2147 
5464 1979 2831 1977 
5465 2714 2721 1104 
5466 919 2750 944 
5467 1222 2718 1877 
5468 2618 2675 1072 
5469 1251 2892 2752 
5470 1948 2723 1953 
5471 1140 2720 1139 
5472 1104 2721 1528 
5473 1508 2778 2475 
5474 1230 2698 2568 
5475 1772 2722 1509 
5476 1656 2767 1657 
5477 265 2724 264 
5478 2667 2837 1243 
5479 1060 2732 2630 
5480 2684 2847 2375 
5481 1671 2731 2718 
5482 2367 2725 1522 
5483 2302 2878 1992 
5484 1035 2726 407 
5485 2705 2749 1529 
5486 2682 2776 401 
5487 1564 2727 1562 
5488 1698 2806 2757 
5489 1251 2752 1612 
5490 1717 2744 1716 
5491 1684 2788 2692 
5492 1757 2717 2540 
5493 2616 2682 401 
5494 2799 2856 1954 
5495 1681 2732 1680 
5496 1840 2730 1628 
5497 2100 2734 299 
5498 1216 2735 1945 
5499 2752 2892 1748 
5500 1056 2736 962 
5501 2626 2735 1503 
5502 392 2737 2058 
5503 2802 2888 397 
5504 2558 2894 2188 
5505 336 2847 2684 
5506 353 2784 2674 
5507 2589 2769 1693 
5508 2540 2717 1494 
5509 1654 2834 2779 
5510 927 2741 949 
5511 1884 2751 1593 
5512 1738 2893 2553 
5513 1630 2739 1258 
5514 2207 2742 349 
5515 1 2740 300 
5516 2663 2803 2145 
5517 1001 2738 997 
5518 1697 2742 1497 
5519 1848 2812 1849 
5520 1489 2849 2166 
5521 1675 2891 2792 
5522 308 2824 2048 
5523 2697 2785 2067 
5524 1625 2874 2760 
5525 2105 2746 2106 
5526 88 2745 333 
5527 2669 2855 1690 
5528 2786 2860 377 
5529 206 2747 205 
5530 1732 2754 1731 
5531 2398 2799 1182 
5532 938 2748 1037 
5533 2098 2750 2478 
5534 2701 2869 1706 
5535 338 2902 2072 
5536 184 2859 2686 
5537 2693 2867 1661 
5538 2416 2786 2702 
5539 1767 2751 1265 
5540 2685 2862 1686 
5541 1746 2811 2613 
5542 2066 2755 386 
5543 1830 2848 1647 
5544 394 2753 2086 
5545 1058 2775 1886 
5546 1543 2898 2691 
5547 2392 2849 1489 
5548 406 2758 834 
5549 95 2756 94 
5550 1235 2895 2306 
5551 396 2843 1997 
5552 2720 2894 1139 
5553 2326 2757 1164 
5554 2191 2760 374 
5555 1288 2899 2765 
5556 2132 2875 2133 
5557 1110 2759 1239 
5558 2436 2756 1984 
5559 2724 2801 264 
5560 2085 2763 301 
5561 244 2761 243 
5562 1884 2813 2740 
5563 1970 2764 1971 
5564 1287 2765 1852 
5565 1564 2802 2727 
5566 99 2766 98 
5567 2047 2780 315 
5568 1528 2770 2689 
5569 2713 2857 1097 
5570 1992 2878 2769 
5571 1692 2748 2659 
5572 2153 2767 319 
5573 1734 2861 2532 
5574 1420 2804 1475 
5575 2613 2811 1730 
5576 1603 2768 1634 
5577 362 2774 1963 
5578 97 2771 96 
5579 1698 2902 2806 
5580 401 2776 2169 
5581 253 2777 339 
5582 1628 2807 1627 
5583 2383 2772 1501 
5584 377 2860 1903 
5585 1683 2797 2566 
5586 397 2888 2087 
5587 1838 2829 1450 
5588 372 2792 1702 
5589 2215 2874 1511 
5590 1798 2883 2620 
5591 2060 2782 340 
5592 2475 2778 1674 
5593 1247 2781 1067 
5594 2532 2861 2028 
5595 2393 2779 1651 
5596 1757 2829 1708 
5597 2043 2783 343 
5598 328 2858 1664 
5599 2067 2785 337 
5600 301 2889 1813 
5601 2696 2849 2392 
5602 292 2861 2695 
5603 1168 2791 1107 
5604 2025 2869 332 
5605 136 2789 135 
5606 50 2790 51 
5607 2044 2794 2045 
5608 288 2817 2616 
5609 239 2818 2617 
5610 1753 2786 2416 
5611 2725 2838 1568 
5612 398 2833 2185 
5613 1618 2793 2346 
5614 1619 2795 1621 
5615 2661 2831 1792 
5616 2703 2803 1217 
5617 2133 2875 2136 
5618 2729 2864 1199 
5619 403 2850 191 
5620 1366 2880 2636 
5621 2432 2800 1608 
5622 2680 2700 296 
5623 1771 2797 1683 
5624 264 2801 263 
5625 2383 2843 2772 
5626 2679 2841 1784 
5627 1649 2813 1884 
5628 1168 2835 2791 
5629 1037 2878 2302 
5630 1740 2802 1564 
5631 1480 2840 2705 
5632 2150 2806 2151 
5633 1691 2810 1932 
5634 294 2876 2485 
5635 1985 2809 1981 
5636 173 2812 172 
5637 2739 2833 2139 
5638 1627 2807 2692 
5639 2833 2897 2185 
5640 2059 2821 2050 
5641 190 2816 404 
5642 1511 2817 142 
5643 1512 2818 240 
5644 165 2819 164 
5645 1964 2837 1965 
5646 1753 2860 2786 
5647 2090 2828 342 
5648 139 2820 400 
5649 1208 2815 1207 
5650 2707 2867 1235 
5651 1836 2822 1474 
5652 321 2852 1769 
5653 1651 2779 2770 
5654 315 2780 2647 
5655 316 2854 1667 
5656 1249 2826 1046 
5657 1499 2824 1814 
5658 2715 2749 1716 
5659 1510 2823 2387 
5660 915 2827 1019 
5661 1918 2835 1168 
5662 2055 2834 363 
5663 1714 2880 1713 
5664 1663 2895 2693 
5665 2590 2847 336 
5666 1647 2848 2159 
5667 2120 2838 323 
5668 1649 2901 2813 
5669 1740 2888 2802 
5670 2212 2836 1660 
5671 399 2879 2722 
5672 1701 2839 2257 
5673 1448 2845 1234 
5674 1812 2899 1720 
5675 1784 2841 1658 
5676 2820 2903 400 
5677 1715 2900 1717 
5678 1243 2837 2547 
5679 1215 2842 1262 
5680 2585 2869 2025 
5681 2166 2849 2164 
5682 1648 2843 2383 
5683 2644 2851 1764 
5684 1385 2846 1384 
5685 1285 2866 1878 
5686 1630 2897 2833 
5687 1097 2857 1099 
5688 1192 2844 1245 
5689 1370 2872 2646 
5690 1792 2831 2500 
5691 2185 2897 329 
5692 2375 2847 1721 
5693 1764 2851 1763 
5694 2028 2861 292 
5695 2631 2870 313 
5696 1199 2864 1200 
5697 185 2859 184 
5698 2563 2863 1659 
5699 1908 2891 1237 
5700 1690 2855 2367 
5701 2485 2876 1524 
5702 1501 2772 2700 
5703 1952 2868 1951 
5704 2547 2837 1964 
5705 1686 2862 1688 
5706 1191 2856 2398 
5707 1651 2770 2721 
5708 129 2871 128 
5709 1655 2882 1789 
5710 1754 2860 1753 
5711 1815 2886 1266 
5712 1474 2822 2658 
5713 1678 2865 1694 
5714 1928 2892 1251 
5715 1341 2877 1655 
5716 2101 2872 2099 
5717 2170 2879 399 
5718 108 2883 107 
5719 309 2885 1268 
5720 1540 2898 1543 
5721 1279 2901 1649 
5722 366 2890 1700 
5723 80 2881 306 
5724 127 2896 307 
5725 1457 2884 1458 
5726 1742 2888 1740 
5727 347 2887 1812 
5728 400 2903 2208 
5729 1717 2754 2660 
5730 2306 2895 1768 
5731 1737 2893 1738 
5732 2556 2897 1630 
5733 1696 2902 1698 
5734 1139 2894 2558 
5735 2164 2849 2696 
5736 2700 2772 2046 
5737 2747 2893 1737 
5738 2649 2884 2070 
5739 2630 2873 1759 
5740 2616 2817 1511 
5741 2617 2818 1512 
5742 2529 2904 1263 
5743 2769 2878 2688 
5744 1700 2845 2626 
5745 1706 2869 2585 
5746 2626 2845 1448 
5747 2638 2798 1616 
5748 329 2897 2556 
5749 2693 2895 1235 
5750 2643 2858 328 
5751 325 2863 2563 
5752 1182 2799 2723 
5753 2647 2780 1645 
5754 1660 2836 2790 
5755 1529 2749 2715 
5756 1721 2847 2590 
5757 2619 2821 2059 
5758 2770 2779 2055 
5759 2638 2876 294 
5760 1676 2814 2623 
5761 1694 2865 2801 
5762 2636 2880 1714 
5763 1463 2821 2619 
5764 2728 2752 1590 
5765 1693 2769 2688 
5766 1612 2752 2728 
5767 2757 2806 2150 
5768 1237 2891 2778 
5769 2674 2784 1681 
5770 1769 2852 2691 
5771 2721 2770 1528 
5772 2677 2850 403 
5773 1475 2804 2746 
5774 1822 2871 2678 
5775 2779 2834 2055 
5776 2732 2873 2630 
5777 2398 2856 2799 
5778 1652 2870 2631 
5779 1632 2858 2643 
5780 1664 2858 2691 
5781 2691 2858 1632 
5782 2145 2803 2703 
5783 2763 2889 301 
5784 2765 2899 1812 
5785 2646 2870 1652 
5786 2723 2799 1953 
5787 2740 2813 300 
5788 2646 2872 2101 
5789 2787 2807 1628 
5790 2691 2852 1664 
5791 323 2838 2725 
5792 141 2850 2677 
5793 2136 2875 2777 
5794 2746 2804 2106 
5795 2705 2840 1718 
5796 1235 2867 2693 
5797 1748 2892 2853 
5798 1630 2833 2739 
5799 2682 2874 1625 
5800 2688 2878 1037 
5801 1662 2867 2707 
5802 326 2807 2787 
5803 2784 2873 1681 
5804 1720 2899 2762 
5805 2754 2900 1731 
5806 2745 2882 1655 
5807 1713 2880 2796 
5808 1681 2873 2732 
5809 1717 2900 2754 
5810 2777 2875 339 
5811 2762 2899 1288 
5812 2796 2880 1366 
$EndElements
