$MeshFormat
4.1 0 8
$EndMeshFormat
$PhysicalNames
6
1 2 "bottom"
1 3 "top"
1 4 "left"
1 5 "right"
1 6 "hole_boundary"
2 1 "domain"
$EndPhysicalNames
$Entities
7 7 1 0
5 0.25 0.2 0 0 
6 0.45 0.75 0 0 
7 0.825 0.45 0 0 
8 0 0 0 0 
9 1 0 0 0 
10 0 1 0 0 
11 1 1 0 0 
5 0.1499999 0.1499999 -1e-07 0.2500001 0.2500001 1e-07 1 6 2 5 -5 
6 0.2499999 0.6499999000000001 -1e-07 0.4500001 0.8500000999999999 1e-07 1 6 2 6 -6 
7 0.5749999 0.3249999 -1e-07 0.8250000999999999 0.5750000999999999 1e-07 1 6 2 7 -7 
8 -9.999999994736442e-08 -1e-07 -1e-07 1.0000001 1e-07 1e-07 1 2 2 8 -9 
9 -1e-07 -9.999999994736442e-08 -1e-07 1e-07 1.0000001 1e-07 1 4 2 10 -8 
10 0.9999999000000001 -9.999999994736442e-08 -1e-07 1.0000001 1.0000001 1e-07 1 5 2 9 -11 
11 -9.999999994736442e-08 0.9999999000000001 -1e-07 1.0000001 1.0000001 1e-07 1 3 2 11 -10 
1 -9.999999994736442e-08 -9.999999994736442e-08 -1e-07 1.0000001 1.0000001 1e-07 1 1 7 8 10 11 9 -5 -7 -6 
$EndEntities
$Nodes
15 2796 1 2796
0 5 0 1
1
0.25 0.2 0
0 6 0 1
2
0.45 0.75 0
0 7 0 1
3
0.825 0.45 0
0 8 0 1
4
0 0 0
0 9 0 1
5
1 0 0
0 10 0 1
6
0 1 0
0 11 0 1
7
1 1 0
1 5 0 15
8
9
10
11
12
13
14
15
16
17
18
19
20
21
22
0.2353553390593274 0.2353553390593274 0
0.1999999999999999 0.25 0
0.1646446609406725 0.2353553390593273 0
0.15 0.1999999999999999 0
0.1646446609406727 0.1646446609406726 0
0.2000000000000001 0.15 0
0.2353553390593274 0.1646446609406726 0
0.2461939766255644 0.2191341716182545 0
0.2191341716182544 0.2461939766255644 0
0.1808658283817454 0.2461939766255643 0
0.1538060233744356 0.2191341716182544 0
0.1538060233744357 0.1808658283817454 0
0.1808658283817456 0.1538060233744356 0
0.2191341716182545 0.1538060233744357 0
0.2461939766255644 0.1808658283817455 0
1 6 0 29
23
24
25
26
27
28
29
30
31
32
33
34
35
36
37
38
39
40
41
42
43
44
45
46
47
48
49
50
51
0.44135454576426 0.79067366430758 0
0.4169130606358857 0.8243144825477395 0
0.3809016994374946 0.8451056516295155 0
0.3395471536732343 0.8494521895368273 0
0.2999999999999997 0.8366025403784437 0
0.2690983005625051 0.8087785252292471 0
0.2521852399266193 0.7707911690817757 0
0.2521852399266195 0.7292088309182239 0
0.2690983005625053 0.6912214747707526 0
0.3000000000000002 0.6633974596215561 0
0.3395471536732348 0.6505478104631727 0
0.3809016994374949 0.6548943483704847 0
0.4169130606358858 0.6756855174522606 0
0.4413545457642601 0.70932633569242 0
0.4478147600733806 0.7707911690817759 0
0.4309016994374947 0.8087785252292474 0
0.3999999999999999 0.8366025403784439 0
0.3604528463267651 0.8494521895368273 0
0.319098300562505 0.8451056516295152 0
0.2830869393641139 0.8243144825477392 0
0.2586454542357398 0.7906736643075798 0
0.25 0.7499999999999999 0
0.2586454542357399 0.7093263356924199 0
0.2830869393641143 0.6756855174522605 0
0.3190983005625054 0.6548943483704845 0
0.3604528463267654 0.6505478104631727 0
0.4000000000000001 0.6633974596215562 0
0.4309016994374947 0.6912214747707527 0
0.4478147600733806 0.729208830918224 0
1 7 0 37
52
53
54
55
56
57
58
59
60
61
62
63
64
65
66
67
68
69
70
71
72
73
74
75
76
77
78
79
80
81
82
83
84
85
86
87
88
0.8182271552125793 0.4905874336505854 0
0.7986425636745492 0.5267765890862084 0
0.7683685197653034 0.5546458097828161 0
0.7306856858925999 0.5711750332424163 0
0.6896775818159585 0.5745730616258338 0
0.6497880719183788 0.5644716658318822 0
0.6153398035467824 0.5419654888341416 0
0.5900657810991889 0.5094934241296345 0
0.5767048370746597 0.4705743237850921 0
0.5767048370746596 0.4294256762149085 0
0.5900657810991886 0.3905065758703661 0
0.6153398035467821 0.3580345111658588 0
0.6497880719183784 0.335528334168118 0
0.689677581815958 0.3254269383741663 0
0.7306856858925993 0.3288249667575835 0
0.7683685197653027 0.3453541902171836 0
0.7986425636745487 0.373223410913791 0
0.8182271552125792 0.4094125663494143 0
0.8232951629253402 0.4705743237850917 0
0.8099342189008111 0.5094934241296342 0
0.7846601964532176 0.5419654888341414 0
0.7502119280816212 0.5644716658318821 0
0.7103224181840415 0.5745730616258338 0
0.6693143141074002 0.5711750332424164 0
0.6316314802346967 0.5546458097828162 0
0.6013574363254509 0.5267765890862087 0
0.5817728447874208 0.4905874336505857 0
0.575 0.4500000000000002 0
0.5817728447874205 0.4094125663494149 0
0.6013574363254506 0.3732234109137918 0
0.6316314802346963 0.3453541902171841 0
0.6693143141073996 0.3288249667575838 0
0.710322418184041 0.3254269383741663 0
0.7502119280816205 0.3355283341681176 0
0.7846601964532172 0.3580345111658581 0
0.8099342189008109 0.3905065758703654 0
0.8232951629253402 0.4294256762149081 0
1 8 0 47
89
90
91
92
93
94
95
96
97
98
99
100
101
102
103
104
105
106
107
108
109
110
111
112
113
114
115
116
117
118
119
120
121
122
123
124
125
126
127
128
129
130
131
132
133
134
135
0.04166666666666675 0 0
0.0833333333333335 0 0
0.1250000000000003 0 0
0.1666666666666671 0 0
0.2083333333333339 0 0
0.2500000000000007 0 0
0.2916666666666675 0 0
0.3333333333333343 0 0
0.3750000000000009 0 0
0.4166666666666675 0 0
0.4583333333333341 0 0
0.5000000000000008 0 0
0.5416666666666674 0 0
0.5833333333333339 0 0
0.6250000000000006 0 0
0.6666666666666672 0 0
0.7083333333333337 0 0
0.7500000000000003 0 0
0.791666666666667 0 0
0.8333333333333335 0 0
0.8750000000000001 0 0
0.9166666666666667 0 0
0.9583333333333334 0 0
0.02083333333333338 0 0
0.06250000000000012 0 0
0.1041666666666669 0 0
0.1458333333333337 0 0
0.1875000000000005 0 0
0.2291666666666673 0 0
0.2708333333333341 0 0
0.3125000000000009 0 0
0.3541666666666676 0 0
0.3958333333333342 0 0
0.4375000000000008 0 0
0.4791666666666675 0 0
0.5208333333333341 0 0
0.5625000000000007 0 0
0.6041666666666672 0 0
0.6458333333333339 0 0
0.6875000000000004 0 0
0.729166666666667 0 0
0.7708333333333337 0 0
0.8125000000000002 0 0
0.8541666666666667 0 0
0.8958333333333335 0 0
0.9375 0 0
0.9791666666666667 0 0
1 9 0 47
136
137
138
139
140
141
142
143
144
145
146
147
148
149
150
151
152
153
154
155
156
157
158
159
160
161
162
163
164
165
166
167
168
169
170
171
172
173
174
175
176
177
178
179
180
181
182
0 0.9583333333333333 0
0 0.9166666666666665 0
0 0.8749999999999997 0
0 0.8333333333333329 0
0 0.7916666666666661 0
0 0.7499999999999993 0
0 0.7083333333333325 0
0 0.6666666666666656 0
0 0.6249999999999991 0
0 0.5833333333333325 0
0 0.5416666666666659 0
0 0.4999999999999992 0
0 0.4583333333333326 0
0 0.4166666666666661 0
0 0.3749999999999994 0
0 0.3333333333333328 0
0 0.2916666666666663 0
0 0.2499999999999997 0
0 0.208333333333333 0
0 0.1666666666666665 0
0 0.1249999999999999 0
0 0.08333333333333326 0
0 0.04166666666666663 0
0 0.9791666666666666 0
0 0.9374999999999999 0
0 0.895833333333333 0
0 0.8541666666666663 0
0 0.8124999999999996 0
0 0.7708333333333327 0
0 0.7291666666666659 0
0 0.6874999999999991 0
0 0.6458333333333324 0
0 0.6041666666666659 0
0 0.5624999999999991 0
0 0.5208333333333326 0
0 0.4791666666666659 0
0 0.4374999999999993 0
0 0.3958333333333328 0
0 0.3541666666666661 0
0 0.3124999999999996 0
0 0.270833333333333 0
0 0.2291666666666663 0
0 0.1874999999999998 0
0 0.1458333333333333 0
0 0.1041666666666665 0
0 0.0625 0
0 0.02083333333333326 0
1 10 0 47
183
184
185
186
187
188
189
190
191
192
193
194
195
196
197
198
199
200
201
202
203
204
205
206
207
208
209
210
211
212
213
214
215
216
217
218
219
220
221
222
223
224
225
226
227
228
229
1 0.04166666666666675 0
1 0.0833333333333335 0
1 0.1250000000000003 0
1 0.1666666666666671 0
1 0.2083333333333339 0
1 0.2500000000000007 0
1 0.2916666666666675 0
1 0.3333333333333343 0
1 0.3750000000000009 0
1 0.4166666666666675 0
1 0.4583333333333341 0
1 0.5000000000000008 0
1 0.5416666666666674 0
1 0.5833333333333339 0
1 0.6250000000000006 0
1 0.6666666666666672 0
1 0.7083333333333337 0
1 0.7500000000000003 0
1 0.791666666666667 0
1 0.8333333333333335 0
1 0.8750000000000001 0
1 0.9166666666666667 0
1 0.9583333333333334 0
1 0.02083333333333338 0
1 0.06250000000000012 0
1 0.1041666666666669 0
1 0.1458333333333337 0
1 0.1875000000000005 0
1 0.2291666666666673 0
1 0.2708333333333341 0
1 0.3125000000000009 0
1 0.3541666666666676 0
1 0.3958333333333342 0
1 0.4375000000000008 0
1 0.4791666666666675 0
1 0.5208333333333341 0
1 0.5625000000000007 0
1 0.6041666666666672 0
1 0.6458333333333339 0
1 0.6875000000000004 0
1 0.729166666666667 0
1 0.7708333333333337 0
1 0.8125000000000002 0
1 0.8541666666666667 0
1 0.8958333333333335 0
1 0.9375 0
1 0.9791666666666667 0
1 11 0 47
230
231
232
233
234
235
236
237
238
239
240
241
242
243
244
245
246
247
248
249
250
251
252
253
254
255
256
257
258
259
260
261
262
263
264
265
266
267
268
269
270
271
272
273
274
275
276
0.9583333333333333 1 0
0.9166666666666665 1 0
0.8749999999999997 1 0
0.8333333333333329 1 0
0.7916666666666661 1 0
0.7499999999999993 1 0
0.7083333333333325 1 0
0.6666666666666656 1 0
0.6249999999999991 1 0
0.5833333333333325 1 0
0.5416666666666659 1 0
0.4999999999999992 1 0
0.4583333333333326 1 0
0.4166666666666661 1 0
0.3749999999999994 1 0
0.3333333333333328 1 0
0.2916666666666663 1 0
0.2499999999999997 1 0
0.208333333333333 1 0
0.1666666666666665 1 0
0.1249999999999999 1 0
0.08333333333333326 1 0
0.04166666666666663 1 0
0.9791666666666666 1 0
0.9374999999999999 1 0
0.895833333333333 1 0
0.8541666666666663 1 0
0.8124999999999996 1 0
0.7708333333333327 1 0
0.7291666666666659 1 0
0.6874999999999991 1 0
0.6458333333333324 1 0
0.6041666666666659 1 0
0.5624999999999991 1 0
0.5208333333333326 1 0
0.4791666666666659 1 0
0.4374999999999993 1 0
0.3958333333333328 1 0
0.3541666666666661 1 0
0.3124999999999996 1 0
0.270833333333333 1 0
0.2291666666666663 1 0
0.1874999999999998 1 0
0.1458333333333333 1 0
0.1041666666666665 1 0
0.0625 1 0
0.02083333333333326 1 0
2 1 0 2520
277
278
279
280
281
282
283
284
285
286
287
288
289
290
291
292
293
294
295
296
297
298
299
300
301
302
303
304
305
306
307
308
309
310
311
312
313
314
315
316
317
318
319
320
321
322
323
324
325
326
327
328
329
330
331
332
333
334
335
336
337
338
339
340
341
342
343
344
345
346
347
348
349
350
351
352
353
354
355
356
357
358
359
360
361
362
363
364
365
366
367
368
369
370
371
372
373
374
375
376
377
378
379
380
381
382
383
384
385
386
387
388
389
390
391
392
393
394
395
396
397
398
399
400
401
402
403
404
405
406
407
408
409
410
411
412
413
414
415
416
417
418
419
420
421
422
423
424
425
426
427
428
429
430
431
432
433
434
435
436
437
438
439
440
441
442
443
444
445
446
447
448
449
450
451
452
453
454
455
456
457
458
459
460
461
462
463
464
465
466
467
468
469
470
471
472
473
474
475
476
477
478
479
480
481
482
483
484
485
486
487
488
489
490
491
492
493
494
495
496
497
498
499
500
501
502
503
504
505
506
507
508
509
510
511
512
513
514
515
516
517
518
519
520
521
522
523
524
525
526
527
528
529
530
531
532
533
534
535
536
537
538
539
540
541
542
543
544
545
546
547
548
549
550
551
552
553
554
555
556
557
558
559
560
561
562
563
564
565
566
567
568
569
570
571
572
573
574
575
576
577
578
579
580
581
582
583
584
585
586
587
588
589
590
591
592
593
594
595
596
597
598
599
600
601
602
603
604
605
606
607
608
609
610
611
612
613
614
615
616
617
618
619
620
621
622
623
624
625
626
627
628
629
630
631
632
633
634
635
636
637
638
639
640
641
642
643
644
645
646
647
648
649
650
651
652
653
654
655
656
657
658
659
660
661
662
663
664
665
666
667
668
669
670
671
672
673
674
675
676
677
678
679
680
681
682
683
684
685
686
687
688
689
690
691
692
693
694
695
696
697
698
699
700
701
702
703
704
705
706
707
708
709
710
711
712
713
714
715
716
717
718
719
720
721
722
723
724
725
726
727
728
729
730
731
732
733
734
735
736
737
738
739
740
741
742
743
744
745
746
747
748
749
750
751
752
753
754
755
756
757
758
759
760
761
762
763
764
765
766
767
768
769
770
771
772
773
774
775
776
777
778
779
780
781
782
783
784
785
786
787
788
789
790
791
792
793
794
795
796
797
798
799
800
801
802
803
804
805
806
807
808
809
810
811
812
813
814
815
816
817
818
819
820
821
822
823
824
825
826
827
828
829
830
831
832
833
834
835
836
837
838
839
840
841
842
843
844
845
846
847
848
849
850
851
852
853
854
855
856
857
858
859
860
861
862
863
864
865
866
867
868
869
870
871
872
873
874
875
876
877
878
879
880
881
882
883
884
885
886
887
888
889
890
891
892
893
894
895
896
897
898
899
900
901
902
903
904
905
906
907
908
909
910
911
912
913
914
915
916
917
918
919
920
921
922
923
924
925
926
927
928
929
930
931
932
933
934
935
936
937
938
939
940
941
942
943
944
945
946
947
948
949
950
951
952
953
954
955
956
957
958
959
960
961
962
963
964
965
966
967
968
969
970
971
972
973
974
975
976
977
978
979
980
981
982
983
984
985
986
987
988
989
990
991
992
993
994
995
996
997
998
999
1000
1001
1002
1003
1004
1005
1006
1007
1008
1009
1010
1011
1012
1013
1014
1015
1016
1017
1018
1019
1020
1021
1022
1023
1024
1025
1026
1027
1028
1029
1030
1031
1032
1033
1034
1035
1036
1037
1038
1039
1040
1041
1042
1043
1044
1045
1046
1047
1048
1049
1050
1051
1052
1053
1054
1055
1056
1057
1058
1059
1060
1061
1062
1063
1064
1065
1066
1067
1068
1069
1070
1071
1072
1073
1074
1075
1076
1077
1078
1079
1080
1081
1082
1083
1084
1085
1086
1087
1088
1089
1090
1091
1092
1093
1094
1095
1096
1097
1098
1099
1100
1101
1102
1103
1104
1105
1106
1107
1108
1109
1110
1111
1112
1113
1114
1115
1116
1117
1118
1119
1120
1121
1122
1123
1124
1125
1126
1127
1128
1129
1130
1131
1132
1133
1134
1135
1136
1137
1138
1139
1140
1141
1142
1143
1144
1145
1146
1147
1148
1149
1150
1151
1152
1153
1154
1155
1156
1157
1158
1159
1160
1161
1162
1163
1164
1165
1166
1167
1168
1169
1170
1171
1172
1173
1174
1175
1176
1177
1178
1179
1180
1181
1182
1183
1184
1185
1186
1187
1188
1189
1190
1191
1192
1193
1194
1195
1196
1197
1198
1199
1200
1201
1202
1203
1204
1205
1206
1207
1208
1209
1210
1211
1212
1213
1214
1215
1216
1217
1218
1219
1220
1221
1222
1223
1224
1225
1226
1227
1228
1229
1230
1231
1232
1233
1234
1235
1236
1237
1238
1239
1240
1241
1242
1243
1244
1245
1246
1247
1248
1249
1250
1251
1252
1253
1254
1255
1256
1257
1258
1259
1260
1261
1262
1263
1264
1265
1266
1267
1268
1269
1270
1271
1272
1273
1274
1275
1276
1277
1278
1279
1280
1281
1282
1283
1284
1285
1286
1287
1288
1289
1290
1291
1292
1293
1294
1295
1296
1297
1298
1299
1300
1301
1302
1303
1304
1305
1306
1307
1308
1309
1310
1311
1312
1313
1314
1315
1316
1317
1318
1319
1320
1321
1322
1323
1324
1325
1326
1327
1328
1329
1330
1331
1332
1333
1334
1335
1336
1337
1338
1339
1340
1341
1342
1343
1344
1345
1346
1347
1348
1349
1350
1351
1352
1353
1354
1355
1356
1357
1358
1359
1360
1361
1362
1363
1364
1365
1366
1367
1368
1369
1370
1371
1372
1373
1374
1375
1376
1377
1378
1379
1380
1381
1382
1383
1384
1385
1386
1387
1388
1389
1390
1391
1392
1393
1394
1395
1396
1397
1398
1399
1400
1401
1402
1403
1404
1405
1406
1407
1408
1409
1410
1411
1412
1413
1414
1415
1416
1417
1418
1419
1420
1421
1422
1423
1424
1425
1426
1427
1428
1429
1430
1431
1432
1433
1434
1435
1436
1437
1438
1439
1440
1441
1442
1443
1444
1445
1446
1447
1448
1449
1450
1451
1452
1453
1454
1455
1456
1457
1458
1459
1460
1461
1462
1463
1464
1465
1466
1467
1468
1469
1470
1471
1472
1473
1474
1475
1476
1477
1478
1479
1480
1481
1482
1483
1484
1485
1486
1487
1488
1489
1490
1491
1492
1493
1494
1495
1496
1497
1498
1499
1500
1501
1502
1503
1504
1505
1506
1507
1508
1509
1510
1511
1512
1513
1514
1515
1516
1517
1518
1519
1520
1521
1522
1523
1524
1525
1526
1527
1528
1529
1530
1531
1532
1533
1534
1535
1536
1537
1538
1539
1540
1541
1542
1543
1544
1545
1546
1547
1548
1549
1550
1551
1552
1553
1554
1555
1556
1557
1558
1559
1560
1561
1562
1563
1564
1565
1566
1567
1568
1569
1570
1571
1572
1573
1574
1575
1576
1577
1578
1579
1580
1581
1582
1583
1584
1585
1586
1587
1588
1589
1590
1591
1592
1593
1594
1595
1596
1597
1598
1599
1600
1601
1602
1603
1604
1605
1606
1607
1608
1609
1610
1611
1612
1613
1614
1615
1616
1617
1618
1619
1620
1621
1622
1623
1624
1625
1626
1627
1628
1629
1630
1631
1632
1633
1634
1635
1636
1637
1638
1639
1640
1641
1642
1643
1644
1645
1646
1647
1648
1649
1650
1651
1652
1653
1654
1655
1656
1657
1658
1659
1660
1661
1662
1663
1664
1665
1666
1667
1668
1669
1670
1671
1672
1673
1674
1675
1676
1677
1678
1679
1680
1681
1682
1683
1684
1685
1686
1687
1688
1689
1690
1691
1692
1693
1694
1695
1696
1697
1698
1699
1700
1701
1702
1703
1704
1705
1706
1707
1708
1709
1710
1711
1712
1713
1714
1715
1716
1717
1718
1719
1720
1721
1722
1723
1724
1725
1726
1727
1728
1729
1730
1731
1732
1733
1734
1735
1736
1737
1738
1739
1740
1741
1742
1743
1744
1745
1746
1747
1748
1749
1750
1751
1752
1753
1754
1755
1756
1757
1758
1759
1760
1761
1762
1763
1764
1765
1766
1767
1768
1769
1770
1771
1772
1773
1774
1775
1776
1777
1778
1779
1780
1781
1782
1783
1784
1785
1786
1787
1788
1789
1790
1791
1792
1793
1794
1795
1796
1797
1798
1799
1800
1801
1802
1803
1804
1805
1806
1807
1808
1809
1810
1811
1812
1813
1814
1815
1816
1817
1818
1819
1820
1821
1822
1823
1824
1825
1826
1827
1828
1829
1830
1831
1832
1833
1834
1835
1836
1837
1838
1839
1840
1841
1842
1843
1844
1845
1846
1847
1848
1849
1850
1851
1852
1853
1854
1855
1856
1857
1858
1859
1860
1861
1862
1863
1864
1865
1866
1867
1868
1869
1870
1871
1872
1873
1874
1875
1876
1877
1878
1879
1880
1881
1882
1883
1884
1885
1886
1887
1888
1889
1890
1891
1892
1893
1894
1895
1896
1897
1898
1899
1900
1901
1902
1903
1904
1905
1906
1907
1908
1909
1910
1911
1912
1913
1914
1915
1916
1917
1918
1919
1920
1921
1922
1923
1924
1925
1926
1927
1928
1929
1930
1931
1932
1933
1934
1935
1936
1937
1938
1939
1940
1941
1942
1943
1944
1945
1946
1947
1948
1949
1950
1951
1952
1953
1954
1955
1956
1957
1958
1959
1960
1961
1962
1963
1964
1965
1966
1967
1968
1969
1970
1971
1972
1973
1974
1975
1976
1977
1978
1979
1980
1981
1982
1983
1984
1985
1986
1987
1988
1989
1990
1991
1992
1993
1994
1995
1996
1997
1998
1999
2000
2001
2002
2003
2004
2005
2006
2007
2008
2009
2010
2011
2012
2013
2014
2015
2016
2017
2018
2019
2020
2021
2022
2023
2024
2025
2026
2027
2028
2029
2030
2031
2032
2033
2034
2035
2036
2037
2038
2039
2040
2041
2042
2043
2044
2045
2046
2047
2048
2049
2050
2051
2052
2053
2054
2055
2056
2057
2058
2059
2060
2061
2062
2063
2064
2065
2066
2067
2068
2069
2070
2071
2072
2073
2074
2075
2076
2077
2078
2079
2080
2081
2082
2083
2084
2085
2086
2087
2088
2089
2090
2091
2092
2093
2094
2095
2096
2097
2098
2099
2100
2101
2102
2103
2104
2105
2106
2107
2108
2109
2110
2111
2112
2113
2114
2115
2116
2117
2118
2119
2120
2121
2122
2123
2124
2125
2126
2127
2128
2129
2130
2131
2132
2133
2134
2135
2136
2137
2138
2139
2140
2141
2142
2143
2144
2145
2146
2147
2148
2149
2150
2151
2152
2153
2154
2155
2156
2157
2158
2159
2160
2161
2162
2163
2164
2165
2166
2167
2168
2169
2170
2171
2172
2173
2174
2175
2176
2177
2178
2179
2180
2181
2182
2183
2184
2185
2186
2187
2188
2189
2190
2191
2192
2193
2194
2195
2196
2197
2198
2199
2200
2201
2202
2203
2204
2205
2206
2207
2208
2209
2210
2211
2212
2213
2214
2215
2216
2217
2218
2219
2220
2221
2222
2223
2224
2225
2226
2227
2228
2229
2230
2231
2232
2233
2234
2235
2236
2237
2238
2239
2240
2241
2242
2243
2244
2245
2246
2247
2248
2249
2250
2251
2252
2253
2254
2255
2256
2257
2258
2259
2260
2261
2262
2263
2264
2265
2266
2267
2268
2269
2270
2271
2272
2273
2274
2275
2276
2277
2278
2279
2280
2281
2282
2283
2284
2285
2286
2287
2288
2289
2290
2291
2292
2293
2294
2295
2296
2297
2298
2299
2300
2301
2302
2303
2304
2305
2306
2307
2308
2309
2310
2311
2312
2313
2314
2315
2316
2317
2318
2319
2320
2321
2322
2323
2324
2325
2326
2327
2328
2329
2330
2331
2332
2333
2334
2335
2336
2337
2338
2339
2340
2341
2342
2343
2344
2345
2346
2347
2348
2349
2350
2351
2352
2353
2354
2355
2356
2357
2358
2359
2360
2361
2362
2363
2364
2365
2366
2367
2368
2369
2370
2371
2372
2373
2374
2375
2376
2377
2378
2379
2380
2381
2382
2383
2384
2385
2386
2387
2388
2389
2390
2391
2392
2393
2394
2395
2396
2397
2398
2399
2400
2401
2402
2403
2404
2405
2406
2407
2408
2409
2410
2411
2412
2413
2414
2415
2416
2417
2418
2419
2420
2421
2422
2423
2424
2425
2426
2427
2428
2429
2430
2431
2432
2433
2434
2435
2436
2437
2438
2439
2440
2441
2442
2443
2444
2445
2446
2447
2448
2449
2450
2451
2452
2453
2454
2455
2456
2457
2458
2459
2460
2461
2462
2463
2464
2465
2466
2467
2468
2469
2470
2471
2472
2473
2474
2475
2476
2477
2478
2479
2480
2481
2482
2483
2484
2485
2486
2487
2488
2489
2490
2491
2492
2493
2494
2495
2496
2497
2498
2499
2500
2501
2502
2503
2504
2505
2506
2507
2508
2509
2510
2511
2512
2513
2514
2515
2516
2517
2518
2519
2520
2521
2522
2523
2524
2525
2526
2527
2528
2529
2530
2531
2532
2533
2534
2535
2536
2537
2538
2539
2540
2541
2542
2543
2544
2545
2546
2547
2548
2549
2550
2551
2552
2553
2554
2555
2556
2557
2558
2559
2560
2561
2562
2563
2564
2565
2566
2567
2568
2569
2570
2571
2572
2573
2574
2575
2576
2577
2578
2579
2580
2581
2582
2583
2584
2585
2586
2587
2588
2589
2590
2591
2592
2593
2594
2595
2596
2597
2598
2599
2600
2601
2602
2603
2604
2605
2606
2607
2608
2609
2610
2611
2612
2613
2614
2615
2616
2617
2618
2619
2620
2621
2622
2623
2624
2625
2626
2627
2628
2629
2630
2631
2632
2633
2634
2635
2636
2637
2638
2639
2640
2641
2642
2643
2644
2645
2646
2647
2648
2649
2650
2651
2652
2653
2654
2655
2656
2657
2658
2659
2660
2661
2662
2663
2664
2665
2666
2667
2668
2669
2670
2671
2672
2673
2674
2675
2676
2677
2678
2679
2680
2681
2682
2683
2684
2685
2686
2687
2688
2689
2690
2691
2692
2693
2694
2695
2696
2697
2698
2699
2700
2701
2702
2703
2704
2705
2706
2707
2708
2709
2710
2711
2712
2713
2714
2715
2716
2717
2718
2719
2720
2721
2722
2723
2724
2725
2726
2727
2728
2729
2730
2731
2732
2733
2734
2735
2736
2737
2738
2739
2740
2741
2742
2743
2744
2745
2746
2747
2748
2749
2750
2751
2752
2753
2754
2755
2756
2757
2758
2759
2760
2761
2762
2763
2764
2765
2766
2767
2768
2769
2770
2771
2772
2773
2774
2775
2776
2777
2778
2779
2780
2781
2782
2783
2784
2785
2786
2787
2788
2789
2790
2791
2792
2793
2794
2795
2796
0.3086762625679642 0.6228186533796728 0
0.7701647282191345 0.9624901071515282 0
0.5748570018664738 0.3509765946692581 0
0.6458329488685367 0.9693314897719015 0
0.7140081990869984 0.6077362793733418 0
0.4369953336996034 0.03621627988236498 0
0.0361358547970404 0.4370796026514557 0
0.5459004691836483 0.4555703192756856 0
0.9641894725823299 0.7706115566137405 0
0.7702327153335954 0.3062209674077845 0
0.562308552507636 0.03603073972989079 0
0.4809041109875703 0.7778236508099355 0
0.6879749220373832 0.03539499446412031 0
0.03361317773407102 0.5598451219980612 0
0.8125000000000002 0.03608439182435147 0
0.6620015631697045 0.2949117438167856 0
0.9643781808456776 0.1878694712001739 0
0.03524561680427912 0.8517301362165134 0
0.2348574585690898 0.69867941615816 0
0.9626612196412104 0.6404228952778763 0
0.6177911562816877 0.5880523646863504 0
0.4126878331983069 0.6305138047116825 0
0.2271052521360485 0.8039738669510457 0
0.03608439182435175 0.7291666666666659 0
0.5202819446419721 0.9642373010747562 0
0.1457974836286347 0.9652230288977375 0
0.964661223873501 0.3120790820904381 0
0.8101246346859343 0.5674949583186365 0
0.03321903438801604 0.3540437100408502 0
0.3537708650733666 0.03602902369217675 0
0.9660576676375425 0.8523114103314109 0
0.8539451731322951 0.9597224257334964 0
0.03608439182435147 0.6458333333333324 0
0.9624407622189528 0.1004396338095853 0
0.2291666568998503 0.9650212058730555 0
0.9622522748822296 0.5631302209745779 0
0.04019210584432886 0.1082632791301898 0
0.9649682627232921 0.3958342748163574 0
0.8551018215037706 0.4748877204982938 0
0.4165264956486674 0.8665809703317681 0
0.03367327370308265 0.2734520741811681 0
0.2708388479365655 0.0344610453966982 0
0.8397755873923173 0.3743572348369266 0
0.1699235249795421 0.1258336301217883 0
0.3132301358417805 0.878602369240747 0
0.125856821484152 0.1699421655414906 0
0.106034334943388 0.04155683821785539 0
0.8946593134213665 0.03738380451649448 0
0.9641110721770492 0.4782039296904951 0
0.110739782455228 0.2051177936006764 0
0.2051394957196871 0.110681858110238 0
0.3518379265270118 0.9608615927492014 0
0.437332072658899 0.9662313975229172 0
0.3473654767070187 0.607902870642925 0
0.3172617401243932 0.5820490792885226 0
0.3570053597576106 0.564502011783874 0
0.3238330612622335 0.5408227136008086 0
0.286706002904169 0.5545364446590445 0
0.2953287178837504 0.5145263428505957 0
0.3318012899755005 0.501553993311991 0
0.3038393233806553 0.4749217573335775 0
0.3422800846073119 0.4624927980519762 0
0.2668879964446245 0.4854035886746934 0
0.3127449253545307 0.4355403074540161 0
0.2740743706981628 0.2299699971480113 0
0.351050186643817 0.4231896409751228 0
0.2890867159309743 0.1950045676863866 0
0.312065901143968 0.2255021584934306 0
0.3259238295511045 0.1873495588348771 0
0.3505583360635608 0.2202267022665344 0
0.2299700514650163 0.274068429911141 0
0.1950035917134864 0.2890744795348054 0
0.3647255981899707 0.1830070141159514 0
0.3895015074303702 0.2154394840985948 0
0.3748580898381451 0.2580638491778732 0
0.4140120118077813 0.2471522454092073 0
0.4291510858638087 0.2104052783933282 0
0.3746937940294567 0.4929397679822872 0
0.4536776357844656 0.2414537478749436 0
0.4691871701803944 0.2048019210352855 0
0.442206202088537 0.2813865335190111 0
0.3207033906225553 0.3946020390538252 0
0.2821300888766604 0.4041560110782433 0
0.493721485596622 0.2361860387814849 0
0.509358444809934 0.1994001936568608 0
0.5333023352904452 0.2313162842639508 0
0.5496250365804797 0.1940624067410112 0
0.4840270807468695 0.1687795083284883 0
0.3591889325135124 0.3828911807701362 0
0.3890710183038593 0.4098411762980608 0
0.3278340780340191 0.3534018019559067 0
0.3011124639701577 0.1535846184166895 0
0.225484072490415 0.3120255478688194 0
0.1895431867948131 0.3269474891551482 0
0.1588704068548964 0.3037793043567872 0
0.1531476692659881 0.3419940332162343 0
0.1845058209718677 0.3659016735245424 0
0.1476828271098447 0.3812607657827259 0
0.1792793483936581 0.4056550455919947 0
0.1422698902586464 0.4209893757611194 0
0.1742438096678451 0.4456533828809899 0
0.1376985291588332 0.4613025351264797 0
0.1691939914620842 0.486038998037064 0
0.1322003896582865 0.5017199578760353 0
0.1639444324147797 0.5265979804044681 0
0.5745909356892612 0.2265856040816749 0
0.5900494395404834 0.18659605944136 0
0.5661368449534244 0.1509648591842994 0
0.6060565981246853 0.150831476561764 0
0.6341506276538385 0.1862993075530159 0
0.647206557396123 0.1463367073274332 0
0.6743847687474649 0.1773946647765933 0
0.6871741958830174 0.1401120593989628 0
0.7132731064897921 0.17269726186872 0
0.7278672202624303 0.1342157115752612 0
0.753900828957721 0.1673644943449348 0
0.2952140729476787 0.2610257882861178 0
0.7697042315893564 0.1291174671566553 0
0.7950217388694891 0.1620459778154933 0
0.7789817692679465 0.1989126485876093 0
0.8202143507917991 0.1947235420646467 0
0.8361410221585694 0.1566448235813723 0
0.5159655417514645 0.2715078192067854 0
0.8613361427123158 0.1895608019962401 0
0.846013906792761 0.2273753472730539 0
0.3974127263183667 0.3703510690818675 0
0.4273713968427569 0.3972625374556565 0
0.6217837316592372 0.1127042658802394 0
0.1260092136447625 0.5422612433034456 0
0.1585087222756176 0.5673406004513559 0
0.1203922443741273 0.5830696272209464 0
0.1531102000970033 0.6082489633306456 0
0.1900950657470115 0.5922457758971922 0
0.1218290081779489 0.3176905818326873 0
0.8772756145944588 0.1512952882016072 0
0.6978718758522452 0.2106320161320425 0
0.8866253924950149 0.22243513196016 0
0.8713113751592392 0.2602467487785174 0
0.4519251001148437 0.6559022477500732 0
0.452889757729722 0.613372022639961 0
0.4839620276985583 0.6873294231676538 0
0.4713864254006533 0.8194882911052904 0
0.511663378865946 0.8058064620125642 0
0.521093100241483 0.7670738732775434 0
0.5514088228699368 0.7931661563297072 0
0.5607543280113934 0.7546407397364788 0
0.590951618063028 0.7804190559218209 0
0.5995868559154913 0.7398551712925387 0
0.6303100885877344 0.7672718376502451 0
0.6216848922703494 0.8077933427898735 0
0.6611048819427945 0.7948904646127541 0
0.6697258897360535 0.7542834823822957 0
0.7005470134834225 0.7819984619416108 0
0.6919405208477917 0.8225942726852166 0
0.7313857161822637 0.8097283579372392 0
0.7399855081314527 0.7691302307602829 0
0.7708276890444641 0.7968604177620824 0
0.7794089581772121 0.7562675046347764 0
0.8102828570194858 0.7839927003576479 0
0.8188458929974139 0.7434000318678106 0
0.8016995642529491 0.8246088539925505 0
0.5426721228529381 0.833481857082115 0
0.7880016045998888 0.7156939583683247 0
0.8274047475946094 0.7028278119142997 0
0.8411829272362484 0.8117260854417947 0
0.7227907825472233 0.8503375768948006 0
0.7978448592149612 0.6706512574507002 0
0.8383475937189315 0.6619956876585253 0
0.8672035113820475 0.6899287600357558 0
0.8325957676335456 0.8523728549195049 0
0.5638346589921759 0.7136559764110812 0
0.607263945319645 0.6992485729695537 0
0.6833187545126165 0.863202743066205 0
0.7572017507497736 0.6879833970022824 0
0.578699428894111 0.6730872064953743 0
0.8758127769927994 0.649359722623337 0
0.2086595786151475 0.7672778304909569 0
0.1859076771932772 0.8001543930428615 0
0.1660181712650372 0.7575627017847273 0
0.2024782454445724 0.8375668267836529 0
0.1617029246878649 0.8336752665961051 0
0.1786763436362293 0.8716672623534591 0
0.1373882648521234 0.8673959051374656 0
0.1204746420187217 0.8293816888711827 0
0.2172454840277047 0.876516592592674 0
0.7141978149961037 0.8909785591455204 0
0.8520406380406318 0.1183642246488291 0
0.8699344037166499 0.8390224915146948 0
0.08760801112534744 0.1743530678780968 0
0.1008262455563473 0.1414882663204038 0
0.1743118972933848 0.08752739037477464 0
0.8806748397666286 0.7988058007903238 0
0.03788376457253573 0.9362018774452128 0
0.9379886655365345 0.9654236535960273 0
0.2685604199147077 0.6335008231664554 0
0.4359756394179212 0.3585227386076253 0
0.4660876942959448 0.3857174128443142 0
0.4647992027957076 0.4283494880123607 0
0.4729959761554587 0.3468074744676533 0
0.1092333758045158 0.3977521858032786 0
0.743573643920849 0.09585464285071693 0
0.114868613074177 0.6240065690347266 0
0.1477051627443299 0.6492790702480797 0
0.1094271638848556 0.6651307924351562 0
0.7925916385659098 0.8636432874955663 0
0.8631550505028228 0.8800827412297292 0
0.4886437170101869 0.6356472442336989 0
0.4896670974296127 0.594798438421869 0
0.4541554742737512 0.5723397671843319 0
0.4889931593042414 0.5519928172421991 0
0.4533084912103686 0.5308892170689549 0
0.5233093751363482 0.574908565704026 0
0.6166279272760018 0.6590816171062169 0
0.6462837808457131 0.687338080577116 0
0.3819543630388761 0.8887649386771381 0
0.09480209274165596 0.5172494145651199 0
0.4883689878406168 0.5088634299996326 0
0.9114108888512241 0.2551592522579679 0
0.8954026383722247 0.2933794481139672 0
0.8583581751709916 0.2994904842919801 0
0.2104356809641932 0.4298976902702539 0
0.5390053887273191 0.4116843213227906 0
0.6018246512012426 0.3235090510567501 0
0.7570900460804102 0.5998978098503347 0
0.7008924946308717 0.2858131837221938 0
0.8587018724093318 0.4268623267095655 0
0.8796408262978175 0.3899767069722719 0
0.8987710386297385 0.4261058105933848 0
0.8467496486859731 0.5145511049181372 0
0.8879135420274491 0.5035104312318623 0
0.8777174540009648 0.5463927344757241 0
0.1405086926456278 0.6901876503006524 0
0.1039044599657001 0.7062871605903893 0
0.06842859419162728 0.2135879288617215 0
0.09714931329886545 0.2418828983788507 0
0.8932178408399792 0.1129692507854075 0
0.2115562897013116 0.06739569972329273 0
0.2414386404917851 0.09840164878605878 0
0.6708452730107857 0.6151302579648186 0
0.2008281257114014 0.5107202413528378 0
0.699048295464396 0.6417520080408039 0
0.4059974282218061 0.3319591291830962 0
0.9050449640009836 0.6774499101870299 0
0.8975556876824491 0.7177474514829911 0
0.4522816017039966 0.4908412357936839 0
0.6750848456665289 0.9027330588573386 0
0.6438946881262771 0.8758676396278451 0
0.7033931815777824 0.930212207689239 0
0.8475530373282955 0.6222778897253625 0
0.8825950944624288 0.6100615915106344 0
0.193751389444189 0.9073778183923609 0
0.4196049502937479 0.5502647109929983 0
0.9031457649950871 0.8644328846276357 0
0.8939342778529482 0.9061778455607722 0
0.9335017714372498 0.7035828147167303 0
0.09774539920427738 0.8643187257348789 0
0.1123342474154893 0.900646791149956 0
0.7839314078344629 0.09203300007822934 0
0.5541174605835125 0.5066427667298546 0
0.9184758503892607 0.1459629648793591 0
0.5597832658123363 0.3172321695636089 0
0.5358325740893267 0.3442596092827551 0
0.5202841759450765 0.6654400268143184 0
0.08206648942368983 0.5987586566281478 0
0.4177185582332202 0.9063644116472273 0
0.4528202763610643 0.8854041473492367 0
0.757627557217369 0.06019456358511877 0
0.4808160193270203 0.4680067753179906 0
0.8076409948268627 0.3330707094647947 0
0.5832809462404485 0.6232143741761675 0
0.07411987507309137 0.8292805666690704 0
0.1026192784321384 0.7933575903546577 0
0.06619992089473925 0.791262292696105 0
0.5860677888977835 0.2800217849303406 0
0.804498770172807 0.2878315725304336 0
0.7668285489561624 0.2632097993998344 0
0.5311062496702306 0.6198963366976851 0
0.2675798108117245 0.293890622794434 0
0.2575794291985646 0.3350325546995313 0
0.292642747034081 0.3201991252735419 0
0.576951522490999 0.5400659924123521 0
0.9205922376992272 0.5285857158890247 0
0.8815682784643082 0.3286048149946793 0
0.7437371690011352 0.6346518731050503 0
0.9334894571106682 0.8962477216852442 0
0.1404682087582442 0.1006775481773514 0
0.0719742725400504 0.8982492505726827 0
0.08851351282004127 0.9348159799612515 0
0.2355145658047737 0.9124057701537968 0
0.7492058576560638 0.9214762013054794 0
0.6750931437127472 0.248043935998511 0
0.8715123969725928 0.07789685726388729 0
0.9160183041895648 0.5695463915391598 0
0.6338036281125539 0.2647014597785418 0
0.1745219948504882 0.6761977791671518 0
0.5230730694527027 0.704375083345381 0
0.9437811686448716 0.601592494009054 0
0.04627930240256095 0.1740600882700783 0
0.1736984919939574 0.04605795061788953 0
0.07146999009154698 0.6785501809097048 0
0.6350821744850199 0.9131887059806995 0
0.6043149213879789 0.8882895857733698 0
0.5918388282837603 0.9297313386939645 0
0.5606464495703024 0.8976226505142232 0
0.08612551007762542 0.7525671093841124 0
0.2720568731879297 0.8617445641235235 0
0.8519025528603434 0.5814020353218268 0
0.1275068903393111 0.2766040608400023 0
0.09356951070447178 0.2876921145894603 0
0.08651240862607062 0.3272163168993868 0
0.7842348300336774 0.6315450081342152 0
0.3872877331455419 0.5971440275450655 0
0.1920280740144358 0.7352516918769623 0
0.9314730983139061 0.2136272301686691 0
0.9528684698832273 0.2501319933699266 0
0.5535343729006871 0.5890289479632137 0
0.924467462738096 0.3291774331006457 0
0.2882759552321307 0.361486942043258 0
0.3372050226141824 0.3151803513716356 0
0.2515809024595516 0.3757010720624492 0
0.4965136588506685 0.4113958577830874 0
0.6387775069549939 0.2256344804978216 0
0.1313903765451097 0.7310530018368482 0
0.3835691359720536 0.9282092895801708 0
0.3445519454383627 0.9087095647349437 0
0.3185690526275859 0.938906321209846 0
0.9296145558304566 0.7456100624661692 0
0.8554035842350618 0.9201336942373156 0
0.03504407853855784 0.2315028341951696 0
0.2319405557904501 0.03232738244337224 0
0.3678028537750042 0.3426372344441873 0
0.3799641173139739 0.3026094824725619 0
0.03199613409288343 0.3128565980054914 0
0.3123886108134956 0.03556045190167834 0
0.3329400492874981 0.0713804647446713 0
0.3738589621130969 0.07183287994562154 0
0.3536480413217892 0.1065690403762496 0
0.3937796385373538 0.1073146660317254 0
0.3087942251858376 0.1092346956620207 0
0.3775128298295878 0.1432357302078123 0
0.417066723764687 0.1417790762012572 0
0.4365399284012972 0.1064407783735238 0
0.3951198794439195 0.03609910424108032 0
0.03541065982424918 0.3956366027456982 0
0.07259877880969084 0.3686490146762332 0
0.07152393297989162 0.4160306629485254 0
0.07056618782335355 0.4562222497911407 0
0.03541479978825873 0.4773364209628632 0
0.03402347559144192 0.5174814522998025 0
0.2912699104388993 0.0682752668620662 0
0.03448292613165149 0.06366724129836743 0
0.07245217969218665 0.07382289575228895 0
0.9630256493296325 0.517628464412298 0
0.2749974400220867 0.4445197742846768 0
0.2779129501800501 0.5946312993802003 0
0.2503817575823675 0.5655948626494869 0
0.2423175255317411 0.6054546003090887 0
0.2291937417865604 0.6403178624880869 0
0.7193437586412155 0.06340421831889698 0
0.4164392367469452 0.510768185232368 0
0.416948886581006 0.4699689203441134 0
0.3846139494975572 0.5350332055515929 0
0.4791158579145304 0.03605933955426477 0
0.4580637472684939 0.07182278386273494 0
0.4995737785471394 0.07184414740933914 0
0.478531038919066 0.1058665097577332 0
0.5200206408399157 0.1068096045016432 0
0.5411800415452982 0.07176381964590267 0
0.5569602012677204 0.1095006310614388 0
0.9651699390078257 0.4373456929025623 0
0.9308728404785664 0.4530526516462702 0
0.9636708476134008 0.3533982279595836 0
0.9307172163090811 0.3747611282796633 0
0.7486010248827175 0.7285460161503816 0
0.716849880195521 0.7025753321326558 0
0.709026786625927 0.7416911504766239 0
0.6771210831913683 0.7151357656444722 0
0.6386235379627911 0.7268826154206995 0
0.9643307553902279 0.8121552838835583 0
0.9220569713981362 0.7917994330713577 0
0.9303951948359265 0.8343314474579984 0
0.6041294135704169 0.03597058518615637 0
0.5859918243330646 0.07996289671433482 0
0.6459009389798321 0.03585010039274539 0
0.6729803232955531 0.06930147896577965 0
0.700967285073343 0.1013962639297985 0
0.9582882533456318 0.1446535848432413 0
0.04170211231825344 0.603981957685689 0
0.8523114011380351 0.03946680992692519 0
0.8125069779548968 0.9639196368997867 0
0.791673640911025 0.9278655699186534 0
0.7380748395784087 0.2039442109321425 0
0.7254895893400629 0.2456929578008666 0
0.4897958250791478 0.7361314300229396 0
0.2593076179772622 0.5247595942089266 0
0.5053550454516907 0.8469401769956534 0
0.4790475919634939 0.964373178945687 0
0.5000000005477349 0.9278449537639439 0
0.1875009839816798 0.9658955266734052 0
0.444011384699706 0.3200188845794267 0
0.4827586490652105 0.3066075912699644 0
0.8981624149602487 0.965251903176731 0
0.2694693303801281 0.9694698021144553 0
0.5632742955938607 0.9651786244480515 0
0.937152988500115 0.03507127928839671 0
0.9218633940122323 0.07715316875106243 0
0.8016838622433313 0.237964730565455 0
0.1944753714142274 0.5513145712339791 0
0.1522032831450379 0.9032215631048258 0
0.1450052350509517 0.7957446663531265 0
0.5822246419058938 0.8206953862398297 0
0.9172571007778096 0.6350391705142264 0
0.6525023976099547 0.8354288607368188 0
0.8201495655523361 0.8962136025069829 0
0.8497407523538831 0.7711124416117862 0
0.186918210660408 0.6348277190633713 0
0.7621552227650392 0.8372099660025354 0
0.2048981384193936 0.4701679256368896 0
0.2765710051778661 0.9047193522785479 0
0.456755332919829 0.9252793579081203 0
0.8106170669322379 0.1239402165395662 0
0.9024421934259961 0.1842696633184349 0
0.8583142567283788 0.7305451779286933 0
0.5205708133758477 0.03593282585622926 0
0.7537196628271663 0.8766591799886951 0
0.6130706479598989 0.8482247016390192 0
0.8249839080867567 0.07825581738187543 0
0.8896595106266554 0.7592700612252202 0
0.3810243795043019 0.4500924429170966 0
0.5728266395008527 0.8603742298701224 0
0.08893254638062276 0.5580147578513226 0
0.4433351157759208 0.1738658583971861 0
0.3323557740654803 0.2570173408311563 0
0.5340310533281039 0.8739311979721778 0
0.5248633628260565 0.1620274238926723 0
0.4941750181941836 0.8874381988700799 0
0.4150901017297506 0.07205962566604152 0
0.628589831347371 0.07282295985499787 0
0.2206375956519541 0.3507654282448478 0
0.07660532597596181 0.6388547856257087 0
0.1151673446323432 0.3557604830350911 0
0.5079316595700319 0.373403622938357 0
0.06404122436555787 0.1431269505007469 0
0.1415460261646923 0.06405805245152302 0
0.2153338829082542 0.390180488217484 0
0.7286422352721754 0.963729697960507 0
0.5204339128776909 0.5289383834160142 0
0.1057855594666732 0.43824916313278 0
0.3966758605603401 0.9658708628662251 0
0.4035488101423909 0.177955406902355 0
0.06294563801969921 0.03491498893841011 0
0.6567908831677873 0.6503043900136987 0
0.631776710344557 0.6218803334256501 0
0.9651591712915439 0.06136103313851349 0
0.06434434350688018 0.9682289204147407 0
0.2455493920497491 0.416398332911637 0
0.6868839517900558 0.9668465764751157 0
0.5210150275527461 0.3104629321631409 0
0.963433265796483 0.9344197280522821 0
0.03468584750726256 0.8137861064151573 0
0.337102834120284 0.1437357963514785 0
0.273313629580761 0.1259824141086548 0
0.9356946387635882 0.2867619827858339 0
0.9655999062856775 0.7282264988806875 0
0.03390593939375031 0.8932023078685369 0
0.03490999983858156 0.6904138331496341 0
0.6050605263018495 0.9678725877670216 0
0.1089298906658447 0.07978162945029643 0
0.6597836541091074 0.1071122892262019 0
0.5429695552782703 0.9312615728216822 0
0.4598140371953977 0.1387530059700602 0
0.8339178533402154 0.2670285213873089 0
0.4776659028572599 0.2674283461304379 0
0.7388258068306583 0.2859523750176526 0
0.1022103661159051 0.4776071313830393 0
0.4470608162343588 0.8515813252706079 0
0.2403224222668864 0.8418961104635999 0
0.1044436942111747 0.9684351618957665 0
0.239094634740007 0.4567458430714693 0
0.5504795153377768 0.2598292338670556 0
0.4212368119541896 0.4354235191623115 0
0.9667029226401489 0.6826722297308143 0
0.893251144107711 0.4638642758101394 0
0.8468989191923157 0.3342777299789247 0
0.6091732563457282 0.2397794084264521 0
0.2610786689834868 0.2599524593002185 0
0.9340074384055688 0.4167025889078348 0
0.918135282062519 0.9339645993579497 0
0.2339832600610385 0.1303977519912553 0
0.2694397610607606 0.1663172704833355 0
0.4211491351315936 0.5903240460203705 0
0.1663352134244022 0.2694301105395938 0
0.1304408719907985 0.233902861434 0
0.7280499383937504 0.6673754321116057 0
0.0359710961980122 0.7696889812086162 0
0.9688060151934448 0.8936166937757752 0
0.1351881722155525 0.1353472944940894 0
0.9266277476366058 0.4908075781133483 0
0.06626316495976398 0.2589945320594015 0
0.06988280676045799 0.7184455335282964 0
0.03010252652248951 0.1434233969135362 0
0.1258292062149693 0.9350538009855205 0
0.142589103953741 0.03033456825745356 0
0.929654695499111 0.1133962423797059 0
0.7291666666666671 0.02904031263667128 0
0.687357310209756 0.6774135014200586 0
0.5164379780134487 0.4852200466845666 0
0.3105429533223953 0.2918392556876932 0
0.5012942426273974 0.1359106053196421 0
0.2512153818597552 0.0644690505580679 0
0.2321006439317214 0.4951615618116161 0
0.1262317142741725 0.7660570139426943 0
0.0681982487528654 0.4943276281304504 0
0.404467872723823 0.2795920834956607 0
0.7622117218771824 0.2299448694571816 0
0.549538481070468 0.3741661448167054 0
0.6615843528739953 0.9377556144964165 0
0.6272729828052636 0.3000117471124181 0
0.3508952910771337 0.2854462910752884 0
0.167810531878495 0.9365558771910801 0
0.08264186961643716 0.1093300861694594 0
0.2254608811024769 0.5363244185406579 0
0.5508685438240367 0.6506906544509697 0
0.447216504472384 0.458517987726092 0
0.9688287572079346 0.2206568429175893 0
0.7717780162190524 0.0295369307167177 0
0.9706448665040632 0.2781279449825733 0
0.8242721702178537 0.6016741306611838 0
0.8380311378707147 0.5496383014423432 0
0.9377096823922491 0.6663410285882201 0
0.5475126975212031 0.6836542806530849 0
0.5089910182682035 0.4432986053682221 0
0.7814004559006511 0.8965338953655513 0
0.5371142764951523 0.133133214836992 0
0.8248975271881495 0.9332134149995455 0
0.3113442451426207 0.9726589446353753 0
0.5873858400676264 0.1207928258804153 0
0.9337578054882683 0.1748682561564315 0
0.1645071688293926 0.714298374657347 0
0.03050211698203648 0.03050211698203659 0
0.06438376197556805 0.5362094355464362 0
0.3898226122125042 0.5656814066285742 0
0.9694978830179635 0.03050211698203648 0
0.03050211698203681 0.9694978830179632 0
0.4166554951130149 0.9393646490068221 0
0.9011830884147658 0.3587804745597687 0
0.9697100306435393 0.9697100306435391 0
0.3088413948566437 0.9109207049941128 0
0.2099696988267422 0.9385193459353801 0
0.9756918142893726 0.6041666666666672 0
0.50439397759881 0.3369280758903616 0
0.2726251772998974 0.09545382113964296 0
0.2183646056003439 0.5769697478373454 0
0.7676015251076808 0.6588006577926636 0
0.6477481586648446 0.594523245914323 0
0.7901641778715283 0.05922094071725859 0
0.5217758130319916 0.9029545684351536 0
0.06131257008523272 0.2988881638795133 0
0.06493930889016047 0.8662112096329195 0
0.8850424958495556 0.5787730707710553 0
0.8691072635062898 0.3580728041202738 0
0.9358590057013809 0.8649864147123689 0
0.5327606231648774 0.7363209644277391 0
0.2863657774344515 0.9376999008565059 0
0.8818036111182315 0.9362667440766417 0
0.6120496736965029 0.2100468761154946 0
0.8995581220443446 0.8245007092902431 0
0.8162135302303879 0.6342914507743671 0
0.9120869363037534 0.5997747876241208 0
0.3747115232548937 0.6249815939467888 0
0.2229223024911524 0.7382904904483369 0
0.3516333800446952 0.8776100306222965 0
0.2564955140495413 0.6633829928181321 0
0.1136108773624852 0.1133249649223201 0
0.6655214171911992 0.208793735287151 0
0.5424709750599296 0.2897146768525262 0
0.3530055652965177 0.5268216720473407 0
0.2499986554096194 0.9417319861585511 0
0.4173586835241976 0.3045586426745356 0
0.7935081521190498 0.5992482849717673 0
0.8276336816979584 0.3084428731818907 0
0.06300535296263793 0.5742447007826644 0
0.2484194226883587 0.8828084314849363 0
0.47638292997788 0.8606798475915882 0
0.2104102455132709 0.671143645990071 0
0.6232290148560483 0.9442216482042051 0
0.2107161749135054 0.6141524956599023 0
0.02892896254952021 0.2003170075643207 0
0.1998745407113049 0.7056435663830048 0
0.584410116711073 0.5755640852052799 0
0.2002463151588251 0.02870515777907995 0
0.9094817411782271 0.3971035615695174 0
0.545565176745335 0.5515613780329101 0
0.05586092842512319 0.3331173475421713 0
0.06769890885594293 0.0543689423453495 0
0.0844899864815436 0.03823591357813272 0
0.08924325731778737 0.05768986698507217 0
0.3315133318356943 0.1655426775931778 0
0.3509142161551274 0.163371405233715 0
0.3453247138705376 0.1851782864754143 0
0.06104830313781884 0.7611280452963642 0
0.03602774401118197 0.7494278239376411 0
0.06110495095098856 0.7408668880253891 0
0.8386476546123959 0.05886131365440028 0
0.8187419540433785 0.05717010460311345 0
0.8324057005690176 0.03777560087563836 0
0.3352034895772989 0.9498839569795237 0
0.3315604990329744 0.9238079429723949 0
0.3481949359826873 0.9347855787420726 0
0.4868789263888531 0.7117304265952967 0
0.4655751854217039 0.7227288828576798 0
0.4626582867314092 0.6983278794300369 0
0.1074821128046164 0.06066923383407591 0
0.09069103517901567 0.07680226260129269 0
0.5531219254360654 0.9482200986348668 0
0.5674041917810153 0.9304964557578234 0
0.5775565619388104 0.9474549815710079 0
0.5918820960174948 0.2331825062540635 0
0.5976205226217559 0.2599005966783963 0
0.5803293622935224 0.2533036945060078 0
0.0673458795756956 0.2362912304605614 0
0.05065362174916088 0.2452486831272855 0
0.05173633636509256 0.2225453815284455 0
0.9435112826518881 0.06925710094478799 0
0.9637999667552484 0.0809003334740494 0
0.9421520781155925 0.08879640128032384 0
0.08024389268004584 0.9165326152669672 0
0.0631986386962885 0.9355089287032321 0
0.05492901855629306 0.9172255640089477 0
0.5044639464776317 0.6505436355240086 0
0.5021231018218174 0.676384724990986 0
0.4863028723543726 0.6614883337006764 0
0.9391352895358972 0.5663383062568689 0
0.918305270944396 0.5490660537140922 0
0.9414222562907284 0.5458579684318012 0
0.467943563906701 0.6716158354588635 0
0.4466398229395518 0.6826142917212465 0
0.3640605407052081 0.9184594271575572 0
0.3677035312495327 0.944535441164686 0
0.5838455314757607 0.5993892296907237 0
0.6011006364963803 0.5818082249458152 0
0.600536051261068 0.6056333694312589 0
0.8759765082585214 0.4453633012598525 0
0.8741764828057408 0.4693759981542166 0
0.8569018469565512 0.4508750236039296 0
0.5272078124032894 0.5974024512008556 0
0.5103866735499216 0.607347387559777 0
0.5064882362829805 0.5848535020629475 0
0.4868951105319556 0.4358240466902914 0
0.4949035187976119 0.4556526903431063 0
0.4728076110613639 0.4481781316651756 0
0.5682736521177801 0.2699255093986981 0
0.562535225513519 0.2432074189743653 0
0.05298359929240487 0.7238061000974811 0
0.07800415841904174 0.7355063214562044 0
0.1176474182554049 0.7186700812136187 0
0.1087579433113676 0.7418100556104803 0
0.09501498502166272 0.7294271349872509 0
0.2872130467754593 0.1397835162626722 0
0.2910539273832993 0.1176085548853377 0
0.3049533445779977 0.1314096570393551 0
0.5423203112854589 0.6044626423304494 0
0.5684076595705678 0.6061216610696906 0
0.5571935979553395 0.6215553554369263 0
0.8482481525296748 0.07807633732288133 0
0.8619118990553138 0.05868183359540624 0
0.5518080024242863 0.9144421116679526 0
0.5762426389270314 0.9136769946040938 0
0.9460477288590319 0.1069179380946456 0
0.9257590447556716 0.0952747055653842 0
0.5670747450322426 0.6369525143135686 0
0.5409873967471337 0.6352934955743275 0
0.3149238848241317 0.3176897383225887 0
0.3325195503241007 0.3342910766637711 0
0.3102384125340501 0.3368004636147243 0
0.4702844085625152 0.6457747459918861 0
0.7842562055997468 0.2505872649826447 0
0.8030913162080691 0.2628981515479443 0
0.7856636595644847 0.275520685965134 0
0.6045847858634318 0.1167485458803273 0
0.5866888322003455 0.100377861297375 0
0.6038877779961509 0.09633358129728709 0
0.7116807325961541 0.2281624869664546 0
0.700291366526405 0.2468684468996888 0
0.6864825097824963 0.2293379760652767 0
0.2852030220543955 0.3828214765607506 0
0.304489672927343 0.3780444905485416 0
0.3014167397496078 0.3993790250660342 0
0.1105382005218914 0.2821480877147313 0
0.09535941200166864 0.2647875064841555 0
0.1123281018190883 0.2592434796094265 0
0.6072908278402178 0.07639292828466637 0
0.6251867815033041 0.09276361286761864 0
0.3028785131350371 0.2764325219869055 0
0.28906138206706 0.2928649392410636 0
0.2813969418797017 0.2774582055402759 0
0.719859150730765 0.2858827793699232 0
0.7347557463616288 0.3073886708876181 0
0.7157890902617354 0.3073190752398887 0
0.8178008577917734 0.252496625976382 0
0.8192083117565112 0.2774300469588712 0
0.4344190803753647 0.6657938826011669 0
0.4698979125395739 0.7430657150114698 0
0.4563704855824566 0.8050809777064353 0
0.4441497430182695 0.8219013868265149 0
0.2860284365939647 0.8491735522509836 0
0.2705775868752174 0.8352615446763854 0
0.3573078319749359 0.1434857632796454 0
0.3711192140097793 0.1631213721618819 0
0.3080550166330749 0.3574443719995823 0
0.2904593511331059 0.3408430336584 0
0.1289738811650548 0.2552534611370011 0
0.1483880427076003 0.2516664859867969 0
0.1469210518818567 0.273017085689798 0
0.07933590769982579 0.6188067211269282 0
0.05915371914710765 0.6214183716556989 0
0.06188430087097163 0.6013703071569184 0
0.56897224480588 0.5822965165842469 0
0.08170623912931474 0.2504387152191261 0
0.08278895374524636 0.227735413620286 0
0.4592236208175061 0.8355348081879491 0
0.4319869384351223 0.8379479039091737 0
0.2561896477274081 0.8518203372935618 0
0.2547103614146958 0.8253373178464235 0
0.9399591602095101 0.6377310328960514 0
0.9305191347113406 0.6183158322616402 0
0.953221194143041 0.6210076946434652 0
0.9082613537167994 0.05726848663377848 0
0.8966878954924125 0.07752501300747483 0
0.8830858551969796 0.05764033089019088 0
0.9418089435144299 0.5231070901506614 0
0.9626389621059311 0.5403793426934379 0
0.3229485296530608 0.1264852460067496 0
0.3191076490452209 0.148660207384084 0
0.8960110913687247 0.4449850432017621 0
0.8787364555195352 0.4264840686514751 0
0.6247839333131223 0.6049663490560002 0
0.6075288282925027 0.6225473538009088 0
0.502752338559436 0.4273472315756547 0
0.480656430823188 0.419872672897724 0
0.7504136075407728 0.6172748414776925 0
0.7288726840440668 0.6211940762391961 0
0.7355491225837043 0.6038170446118383 0
0.4734976472776239 0.8864211731096583 0
0.4754651755570063 0.9063587783891002 0
0.4547878046404467 0.9053417526286784 0
0.7873657427532011 0.297026269969109 0
0.8060698824998348 0.3104511409976142 0
0.788936855080229 0.3196458384362896 0
0.8597082068450674 0.3821669709045993 0
0.8691713493535747 0.4084195168409187 0
0.8492387299008246 0.400609780773246 0
0.4970875093709592 0.9076415763170119 0
0.478377666733782 0.9265621558360321 0
0.266855495668106 0.3899285415703462 0
0.2699284288458411 0.3685940070528536 0
0.947194031961241 0.3640796781196234 0
0.9275923395235885 0.3519692806901545 0
0.9440691551757484 0.3412878305301147 0
0.5384218740185177 0.5819687568336199 0
0.3958213403052313 0.4814543441632003 0
0.4166940616639756 0.4903685527882407 0
0.3955665153882009 0.5018539766073276 0
0.5024034829270327 0.4970417383420996 0
0.5184359454455698 0.5070792150502904 0
0.5044014503591538 0.5189009067078234 0
0.05108550854637572 0.7804756369523606 0
0.07616271548618236 0.7719147010401087 0
0.7131910419854672 0.2657530707615302 0
0.6879928191718094 0.2669285598603524 0
0.749403481745655 0.9631099025560176 0
0.7389240464641196 0.9426029496329932 0
0.7596852929375992 0.9419831542285038 0
0.7704397492835444 0.9246708856120665 0
0.7809191845650798 0.9451778385350909 0
0.2713766953207608 0.1461498422959951 0
0.2517115105608996 0.1483575112372954 0
0.2536484448208998 0.1281900830499551 0
0.05634485890015661 0.6423440594795206 0
0.03889325207130245 0.6249076455095107 0
0.1288110454096411 0.7485550078897713 0
0.106178612175899 0.7593120616634034 0
0.7213927322327656 0.6382019405729271 0
0.7065282472756972 0.6247441437070729 0
0.4624824255768737 0.2939970623944877 0
0.4633850168824583 0.3133132379246956 0
0.4431087933941215 0.3007027090492189 0
0.885167175196642 0.779037931007772 0
0.9058582410123959 0.775534747148289 0
0.9013659055823824 0.7953026169308408 0
0.621488442229141 0.2522404341024969 0
0.6099357085051687 0.2723616223544412 0
0.1475427664657355 0.2346291002466636 0
0.1654899371825373 0.2523927247994605 0
0.8734853572797008 0.03842530722170984 0
0.7101555218572793 0.08240024112434774 0
0.6869738041844482 0.08534887144778908 0
0.6961620409683843 0.06635284864233831 0
0.252397550060044 0.1654809657120041 0
0.2346692995601829 0.147521206465964 0
0.4640162618997021 0.4632623815220413 0
0.4560078536340458 0.4434337378692264 0
0.6804776226664682 0.05234823671494998 0
0.7036593403392993 0.04939960639150864 0
0.03589485198314302 0.9147020926568749 0
0.05294010596690035 0.8957257792206098 0
0.3242687343282872 0.374001920504866 0
0.561258349618167 0.5458136852226311 0
0.5498413186644238 0.5291020723813823 0
0.5655344915372558 0.5233543795711033 0
0.9096370332285559 0.7524400618456948 0
0.9258357636142964 0.7687047477687635 0
0.5022226592103503 0.3923997403607222 0
0.5234685241486755 0.3925439721305738 0
0.5177595237889938 0.411540089552939 0
0.4599360524728985 0.2744074398247245 0
0.4802122759612352 0.2870179687002011 0
0.5578551129009893 0.4205549987688496 0
0.5645355849132538 0.4010954485965784 0
0.6085822273740124 0.3407717811113044 0
0.6258063615598105 0.329518692612434 0
0.5654111488290861 0.4886085452574733 0
0.5500089648835804 0.4811065430027701 0
0.5613026531291541 0.4630723215303888 0
0.7528271778934104 0.2745810872087435 0
0.7321576980853606 0.2658226664092596 0
0.7461590691481126 0.2544513786003505 0
0.7438506556086226 0.2378189136290241 0
0.7645201354166724 0.246577334428508 0
0.5098749833402088 0.627771790465692 0
0.4891554072198998 0.6152228413277839 0
0.583508651795094 0.5247797082709933 0
0.5720916208413507 0.5080680954297445 0
0.6952850382234148 0.3056200610481801 0
0.940784273929501 0.9341921637051159 0
0.9258123695865936 0.9151061605215971 0
0.9484613614535756 0.9153337248687632 0
0.8324884019492762 0.5025692692843613 0
0.8226961061802611 0.5206638470021728 0
0.9530167217635506 0.5823613574918159 0
0.9298997364172181 0.5855694427741069 0
0.7438878659865051 0.5855364215463755 0
0.7223469424897991 0.5894556563078791 0
0.7880047572960827 0.3392124498409891 0
0.769300617549449 0.325787578812484 0
0.8031417792507057 0.3531470601892929 0
0.82370829110959 0.3537139721508606 0
0.819209075533433 0.3737903228753588 0
0.9641660357434509 0.3327386550250108 0
0.9445643433057984 0.3206282575955419 0
0.8384645138109555 0.4181374465294899 0
0.8290013713024482 0.3918849005931705 0
0.8418509362046659 0.4384311633547827 0
0.8400509107518852 0.4624438602491469 0
0.6441867427282393 0.08996762454059992 0
0.6407836928841724 0.1099082775532206 0
0.03496573215577081 0.8327581213158353 0
0.05440286129017696 0.8215333365421138 0
0.05468274593868527 0.8405053514427918 0
0.842390393278344 0.5320947031802401 0
0.818336850772632 0.5382074452642758 0
0.2643292398976057 0.2769215410473262 0
0.2781463709655828 0.2604891237931681 0
0.9511477361520565 0.8949322077305097 0
0.9661196404949639 0.9140182109140287 0
0.07991633783211788 0.2733433233244309 0
0.6663819887023303 0.08820688409599076 0
0.6507850773214621 0.07106221941038876 0
0.5184902846521052 0.2909853756849631 0
0.5018868383089783 0.3085352617165526 0
0.4993620954083375 0.2890577052383749 0
0.9075406174261058 0.09506120976823496 0
0.882365118906286 0.09543305402464741 0
0.3135181467606311 0.1704670886257833 0
0.6703072804519732 0.228418835642831 0
0.6816966465217222 0.2097128757095967 0
0.5352777192984806 0.4959314067072106 0
0.5311692235985486 0.4703951829801261 0
0.4968157223043622 0.2694680826686116 0
0.5442719348988936 0.392925233069748 0
0.5698021310848284 0.3823363603435358 0
0.6145488170032531 0.3117603990845841 0
0.638530527361821 0.317770040640268 0
0.52873507032025 0.3737848838775313 0
0.5372756867306017 0.5177905750729344 0
0.7358935536974429 0.651013652608328 0
0.7135491169290733 0.6545637200762048 0
0.1008398766292069 0.3414883999672389 0
0.09388306172101701 0.3622047488556621 0
0.07955559371788073 0.34793266578781 0
0.1122003602184295 0.3767563344191849 0
0.09091607730710333 0.3832006002397559 0
0.0764289281634607 0.9515224501879962 0
0.05111405403970792 0.9522153989299768 0
0.8272699570095893 0.3336742197218597 0
0.8433372532923166 0.3543174824079257 0
0.3905308199859894 0.1605955685550837 0
0.3841372041661808 0.1804812105091532 0
0.6305383054589087 0.2823566034454799 0
0.6066703858515236 0.2900167660213793 0
0.3015928501782382 0.3060191904806175 0
0.2801112789229028 0.3070448740339879 0
0.3654297041955538 0.2940278867739252 0
0.3628766904576394 0.2717550701265808 0
0.3774111035760595 0.2803366658252175 0
0.801816393402492 0.5833716216452018 0
0.7809383359421767 0.5769470473772917 0
0.7892465772256189 0.5610703840507263 0
0.3896629812809841 0.2688279663367669 0
0.3922159950188985 0.2911007829841113 0
0.7545292610821268 0.2960866712127185 0
0.7504592006130973 0.317522967082684 0
0.4005265931222511 0.5229006953919805 0
0.379653871763507 0.51398648676694 0
0.3778590867668793 0.4715161054496919 0
0.3989866330426539 0.460030681630605 0
0.77529909909973 0.599573047411051 0
0.7627292829228568 0.5772718098165754 0
0.7144172526678867 0.1178059877525299 0
0.7222704644970961 0.09862545339025774 0
0.7357204320916397 0.1150351772129891 0
0.113795092644832 0.2378928799064253 0
0.06952959198162589 0.8477458881509949 0
0.0500924628472198 0.8589706729247165 0
0.0179855480990061 0.7806778239376411 0
0.03532847185263738 0.7917375438118868 0
0.01734292375363128 0.8027263865409117 0
0.9661514144629132 0.7054493643057509 0
0.9833514613200744 0.695502781532074 0
0.9827999531428387 0.7182799161070106 0
0.4103077669535389 0.1598672415518061 0
0.3972897767971374 0.1425074032045348 0
0.07403765803375439 0.6587024832677068 0
0.05377719095794919 0.6621917571215186 0
0.8075740429791425 0.06873837904956703 0
0.8013320889357642 0.047652666270805 0
0.07067639842600248 0.6984978572190006 0
0.05239640329951978 0.7044296833389653 0
0.05318999496506427 0.6844820070296695 0
0.5064344472659252 0.7202532566841603 0
0.5035175485756306 0.6958522532565175 0
0.3634958931442583 0.3627642076071618 0
0.3826077900466854 0.3564941517630275 0
0.3783008294159396 0.3766211249260019 0
0.1252379584152685 0.07191984095090975 0
0.1237901805540401 0.05280744533468917 0
0.03549719583146665 0.70979024990815 0
0.06141698773038301 0.1087966826498246 0
0.07334154699099749 0.1262285183351031 0
0.05211666510494339 0.1256951148154684 0
0.04871428207567535 0.0492911151183888 0
0.05346755291191907 0.06874506852532819 0
0.03760413247604055 0.1871885479171995 0
0.01446448127476008 0.1834918371154936 0
0.02313965120128048 0.1703633774683724 0
0.5721730206676734 0.1151467284709271 0
0.5714760128003925 0.09473176388788684 0
0.9240652729441858 0.1296796036295325 0
0.9439714744223714 0.1290249136114736 0
0.9383820518674464 0.1453082748613002 0
0.1834564909127461 0.01435257888954 0
0.1869724035763912 0.03738155419848477 0
0.1701825793303122 0.02302897530894477 0
0.03549719583146649 0.6681235832414832 0
0.01505126326124473 0.1550450317901014 0
0.03819091446252521 0.1587417425918073 0
0.04996821933142331 0.2662233031202848 0
0.03435867612082022 0.2524774541881689 0
0.9511560798958294 0.0482161562134551 0
0.9295081912561736 0.0561122240197296 0
0.3585845699640782 0.3088949169220987 0
0.373883485544489 0.3226233584583746 0
0.3525039381945932 0.3289087929079114 0
0.1581437979738491 0.03819625943767158 0
0.154627885310204 0.01516728412872681 0
0.7160177084249789 0.946970952824873 0
0.7262995196169231 0.9258442044973592 0
0.943123221990233 0.7812054948425491 0
0.9469020142063933 0.7581108095399549 0
0.9099394458721585 0.4773359269617439 0
0.9072706448320275 0.4971590046726053 0
0.8905823430675801 0.4836873535210009 0
0.5329995448115129 0.5402498807244621 0
0.09037865439220372 0.4068914243759021 0
0.07206135589479123 0.3923398388123793 0
0.04707187544402369 0.1432751737071415 0
0.03514731618340916 0.125843338021863 0
0.5256952128076535 0.6426681817560017 0
0.4682973930937799 0.08884464681023407 0
0.4575354836601817 0.1061536440656285 0
0.4473018378348955 0.08913178111812936 0
0.5216786226988896 0.6849075550798497 0
0.6940707404781803 0.1207541616643807 0
0.7075207080727239 0.137163885487112 0
0.2638397404632047 0.4102771719949401 0
0.2485651472546503 0.3960497024870431 0
0.7314587012810323 0.07962943058480698 0
0.844966845365529 0.565520168382085 0
0.8578742959358397 0.5480155179590336 0
0.8648100034306541 0.5638973848987754 0
0.3478184659045117 0.348019518200047 0
0.3435115052737658 0.3681464913630215 0
0.1243117194485645 0.03594570323765445 0
0.1420675650592166 0.04719631035448829 0
0.08689363336307904 0.7123663470593429 0
0.9501854510167298 0.6533819619330482 0
0.9274833915850293 0.6506900995512233 0
0.4365769244991222 0.07194120476438826 0
0.4260427177146769 0.05413795277420325 0
0.4475295404840486 0.05401953187254993 0
0.5239982034977613 0.4274914633455064 0
0.0504428842010009 0.8025241995556311 0
0.4372369455765246 0.9158218847776738 0
0.4352694172971422 0.895884279498232 0
0.3869001409984051 0.3372981818136418 0
0.4017050772700864 0.3511550991324819 0
0.4258150150655239 0.08925020201978268 0
0.598449677292805 0.948801963230493 0
0.5841674109478551 0.9665256061075366 0
0.9603645077822923 0.1225466093264133 0
0.7685306321448789 0.2847153834038094 0
0.6687128702404015 0.5845481537700784 0
0.6487681152916117 0.5794974558731026 0
0.5767613425105254 0.1358788425323573 0
0.5615485231105724 0.1302327451228691 0
0.7706624380570439 0.615721408992275 0
0.7639859995174063 0.6330984406196327 0
0.6592967158378151 0.6048267519395708 0
0.680261427413372 0.5948516597953262 0
0.9501023470386993 0.6931275222237723 0
0.9495508388614636 0.7159046567987088 0
0.889205932463778 0.4080412587828284 0
0.2602734160359179 0.4304590535981569 0
0.2785637644493735 0.42433789268146 0
0.1479487726872512 0.7226756882470975 0
0.1652626700472149 0.735930538221037 0
0.1487042739050735 0.7443078518107877 0
0.9815128246648163 0.5296475655394827 0
0.9815128246648163 0.5088142322061494 0
0.959736491467122 0.6028795803378606 0
0.9691765169652915 0.6222947809722718 0
0.9159501523619235 0.366770801419716 0
0.9128252755764309 0.3439789538302072 0
0.4042184341385677 0.593734036782718 0
0.4169184841649503 0.6104189253660265 0
0.3999877831719244 0.613828916128374 0
0.6442837967561721 0.6360923617196743 0
0.6513109916776714 0.6185052956952344 0
0.6638180780892865 0.6327173239892585 0
0.5482976410785266 0.7249884704194103 0
0.5279168463087901 0.7203480238865601 0
0.5434538642224394 0.7090155298782311 0
0.2570460373810469 0.450632808678073 0
0.2423220133948781 0.4365720879915531 0
0.4384403804800424 0.1402660410856588 0
0.4515745764856592 0.1563094321836231 0
0.4302009197703039 0.1578224672992217 0
0.6521494620730965 0.2172141078924863 0
0.6569353253338706 0.2368392082481663 0
0.2779175539072898 0.9535848514854806 0
0.2988550112885361 0.9551794227459405 0
0.2904067877613744 0.9710643733749152 0
0.405104990586835 0.05407936495356092 0
0.4160576065717614 0.03615769206172265 0
0.5516255607242884 0.1420490370106456 0
0.5470372388814363 0.1213169229492154 0
0.4058932730552935 0.01804955212054016 0
0.4268310001831355 0.01810813994118249 0
0.4234419629591558 0.1759106326497706 0
0.3024674150310187 0.9383031110331759 0
0.3149566488851033 0.9557826329226106 0
0.9635683607533408 0.4979161970513966 0
0.9820555360885246 0.4891019648452479 0
0.9811261374411149 0.5523984438206226 0
0.9287502940575862 0.4719301148798092 0
0.9120619922931388 0.4584584637282048 0
0.07015989798391531 0.8102714296825877 0
0.786537048405838 0.9121997326421023 0
0.8007750107264936 0.8963737489362671 0
0.8059116032316805 0.9120395862128182 0
0.1782676214219142 0.7247750332671546 0
0.1790231226397365 0.7464071968308448 0
0.01770739989412939 0.4678348771480979 0
0.01770739989412939 0.4886682104814312 0
0.9108075467212404 0.8081500711808004 0
0.8901164809054866 0.8116532550402835 0
0.549549774823011 0.5702951629980619 0
0.564987646728204 0.563562731619095 0
0.7653031567783575 0.9090050483355153 0
0.9300810507508421 0.3079697079432399 0
0.9501779313185446 0.299420532438136 0
0.03471913768985035 0.4974089366313328 0
0.01701173779572096 0.5087407261499008 0
0.9114362681695451 0.1131827465825567 0
0.952332510447413 0.8793015542440721 0
0.9509583366694617 0.8586489125218899 0
0.9674318414154937 0.8729640520535931 0
0.3850599397219602 0.01804955212054016 0
0.3433554571804324 0.05370474421842403 0
0.3226643300504968 0.05347045832317482 0
0.3330797379434311 0.03579473779692754 0
0.3901224982661968 0.947040076223198 0
0.374256893543676 0.9633662278077133 0
0.5274457437259259 0.4494344623219539 0
0.5424529289554837 0.4336273202992381 0
0.9608486135455809 0.2353944181437579 0
0.9844143786039673 0.235328421458795 0
0.9764342349416136 0.2500659966849637 0
0.5741501884203504 0.05799681822211278 0
0.5635859329391815 0.07586335818011875 0
0.5517442970264671 0.0538972796878967 0
0.1075094676355945 0.4180006744680293 0
0.0886547462232824 0.4271399130406527 0
0.9853224332520316 0.264063972491287 0
0.9617566681936452 0.26412996917625 0
0.5490701214065092 0.09063222535367077 0
0.3000320678123685 0.08875498126204345 0
0.3121049798631987 0.06982786580336875 0
0.3208671372366678 0.09030758020334601 0
0.3936996782266003 0.6277476993292356 0
0.3809996282002178 0.6110628107459271 0
0.01599806704644169 0.3230949656694121 0
0.03260758424044974 0.3334501540231708 0
0.01660951719400805 0.3436885216870915 0
0.3228609720734149 0.01778022595083917 0
0.3435520992033505 0.01801451184608838 0
0.7021035952026385 0.6899944167763572 0
0.7077036243017533 0.6723944667658321 0
0.7224499092946357 0.6849753821221307 0
0.3018292606261974 0.05191785938187227 0
0.4021094498956526 0.5426489582722956 0
0.4180220935203466 0.5305164481126832 0
0.07391248935565164 0.31305224038945 0
0.07744104039485222 0.2932901392344868 0
0.0900409596652712 0.3074542157444236 0
0.2852761125154591 0.1599509444500125 0
0.5352928834869529 0.694014681999233 0
0.5556736782566895 0.6986551285320831 0
0.2198019936499157 0.6557307542390789 0
0.1986642280868395 0.6529856825267212 0
0.2080559762234843 0.6375727907757291 0
0.5939462200495131 0.3017654179935453 0
0.01770532991212459 0.4061516347061822 0
0.03577325731064479 0.416358102698577 0
0.0180679273985202 0.4268731346590608 0
0.4367054140164219 0.9323220034574713 0
0.4171870266731176 0.9228645303270246 0
0.01724146306582575 0.07350028731585034 0
0.03733751598799018 0.08596526021427864 0
0.02009605292216443 0.09579830623176155 0
0.05346729640207037 0.4058336328471118 0
0.05382989388846604 0.4265551327999906 0
0.05632214276825775 0.0910430874412394 0
0.01701173779572096 0.5295740594832341 0
0.03381832666275647 0.5386632871489319 0
0.01680658886703551 0.5507558943323635 0
0.9326154519010872 0.1942477431625503 0
0.949067993166973 0.1813688636783027 0
0.9479256395797919 0.2007483506844215 0
0.01752203926927892 0.2407514170975846 0
0.01683663685154135 0.2617260370905839 0
0.2513897018635078 0.03339421392003522 0
0.2409702778952254 0.01616369122168615 0
0.2604194239682831 0.01723052269834913 0
0.2601152378558956 0.6000429498446445 0
0.2463496415570543 0.5855247314792877 0
0.2641473538812088 0.5801130810148436 0
0.2810543791877324 0.05136815612938217 0
0.2916137293750305 0.03501074864918829 0
0.5426855275798974 0.3592128770497303 0
0.5218821168296793 0.3588316161105561 0
0.2377109502764118 0.114399700388657 0
0.257376135036273 0.1121920314473568 0
0.03577532729264954 0.4572080118071594 0
0.0180679273985202 0.4477064679923941 0
0.5308754274605729 0.05384832275106599 0
0.5414396829417418 0.03598178279306002 0
0.03283470389798304 0.2931543360933297 0
0.01599806704644169 0.3022616323360788 0
0.01683663685154135 0.2825593704239172 0
0.3020276387400815 0.01778022595083917 0
0.2812527573016165 0.01723052269834913 0
0.2932946063740072 0.6087249763799365 0
0.2975873451522217 0.5883401893343614 0
0.3129690013461787 0.6024338663340977 0
0.2823094765421096 0.5745838720196224 0
0.3019838715142811 0.5682927619737835 0
0.4685898025915122 0.05394106170849988 0
0.4580555958070669 0.03613780971831487 0
0.05290890659885344 0.3613463623585417 0
0.05400471931697004 0.3821428087109657 0
0.03431484710613264 0.3748401563932742 0
0.3312211332538134 0.1079018680191351 0
0.3432940453046437 0.08897475256046045 0
0.3638149135932318 0.05393095181889918 0
0.3533995057002975 0.07160667234514639 0
0.4687245956239323 0.01802966977713238 0
0.4476643335164687 0.01810813994118249 0
0.02009605292216443 0.1166316395650949 0
0.3550054625270642 0.5456618419156074 0
0.3688097573970375 0.5309274387994668 0
0.3708096546275839 0.5497676086677334 0
0.374445372258643 0.03606406396662853 0
0.3643854325366838 0.01801451184608838 0
0.01770532991212459 0.3853183013728488 0
0.01660951719400805 0.3645218550204248 0
0.363753501717443 0.08920096016093559 0
0.4346152441425013 0.4804050780688986 0
0.4343604192254709 0.500804710513026 0
0.4163499480030998 0.1941803426478416 0
0.4362431008198647 0.1921355683952571 0
0.3324317579432378 0.8781061999315216 0
0.3480926627415289 0.8931597976786201 0
0.3288910406400716 0.8936559669878453 0
0.8002241801320327 0.6329182294542912 0
0.8070291947226745 0.6524713541125337 0
0.7910398446243193 0.6510981327924578 0
0.39298077276789 0.3172843058278291 0
0.6578723105770797 0.7210091905325859 0
0.642453659404252 0.7071103479989078 0
0.6617024320185407 0.7012369231107941 0
0.308292124367593 0.4552310323937968 0
0.3275125049809213 0.4490165527529961 0
0.3230597039939836 0.4687072776927769 0
0.316724157988543 0.4150711732539206 0
0.3358767886331862 0.408895840014474 0
0.3318975559991739 0.4293649742145694 0
0.332313608415706 0.5949759749657239 0
0.3280208696374914 0.615360762011299 0
0.2685438802432683 0.5600656536542656 0
0.4348738639786569 0.5208287011506614 0
0.4527950464571826 0.5108652264313194 0
0.0775470246543119 0.09157649096087417 0
0.3205474006933134 0.5614358964446655 0
0.3404192105099221 0.5526623626923413 0
0.3371335499410019 0.5732755455361983 0
0.01752203926927892 0.2199180837642513 0
0.07104506040162262 0.436126456369833 0
0.05335102131019698 0.4466509262212982 0
0.5311187400212576 0.01796641292811463 0
0.5519876095871518 0.0180153698649454 0
0.2995840206322029 0.4947240500920866 0
0.3178203066780779 0.4882378753227843 0
0.3135650039296254 0.5080401680812934 0
0.220136944561892 0.01616369122168615 0
0.6541747138494223 0.7405830489014976 0
0.673423486463711 0.7347096240133839 0
0.07118666852559691 0.330166832220779 0
0.05858674925517793 0.3160027557108422 0
0.3856462341834708 0.1252751981197688 0
0.3655804355756885 0.124902385292031 0
0.3737138399295715 0.1069418532039875 0
0.2910173603939598 0.5345313937548201 0
0.309580889572992 0.5276745282257022 0
0.3052695320832013 0.5476795791299265 0
0.01724146306582575 0.05266695398251703 0
0.1155171674716942 0.02077841910892769 0
0.09468383413836079 0.02077841910892769 0
0.327817175618867 0.5211883534563998 0
0.8225235463702427 0.9147135087532642 0
0.8082855840495873 0.9305394924590995 0
0.2974375071155955 0.4198481592661297 0
0.06422985361740702 0.3508831811092022 0
0.341625532571307 0.2712318159532223 0
0.3307191221997645 0.2886427733814908 0
0.3214493636939378 0.2744282982594247 0
0.3399461615680338 0.3887466099119807 0
0.3521854182323146 0.5862024412133996 0
0.2732366850473789 0.6140660612733279 0
0.2886183412413359 0.6281597382730641 0
0.3434563151901268 0.6292253405530489 0
0.3241117081205995 0.6366832319214227 0
0.9666034690268062 0.2042631570588817 0
0.9501509277609204 0.2171420365431292 0
0.6930739349086477 0.7284134580605481 0
0.6893763381809902 0.7479873164294598 0
0.2938711826883087 0.4400300408693464 0
0.4895579289572656 0.01802966977713238 0
0.4703252947723067 0.4998523328966583 0
0.4708387395254927 0.5198763235342937 0
0.4890524087331027 0.08885532858353618 0
0.4788187629078166 0.07183346563603704 0
0.3370406872914062 0.4820233956819837 0
0.3466651356255645 0.4428412195135495 0
0.4364567207520583 0.5405769640309765 0
0.2076669096917934 0.4500328079535718 0
0.1895709740436194 0.4579106542589397 0
0.1923397453160192 0.4377755365756219 0
0.9478427395161866 0.3852977015480104 0
0.9643195551683464 0.3746162513879705 0
0.4537319827420599 0.5516144921266434 0
0.471150825257305 0.5414410171555769 0
0.4715743167889963 0.5621662922132654 0
0.3043381312839822 0.6431080565006144 0
0.289418381701371 0.4597207658091271 0
0.567320133839405 0.3341043821164335 0
0.5808039585067895 0.3203706103101795 0
0.5883408265338582 0.3372428228630041 0
0.1976517485628144 0.5310174062934084 0
0.1792099019145036 0.5389562758192237 0
0.1823862790630906 0.518659110878653 0
0.5824613914828313 0.3707415852698122 0
0.5950984027066279 0.3545055529175585 0
0.5950606189517409 0.05796674095024557 0
0.5832189830390265 0.03600066245802358 0
0.5553447879779003 0.3476181019760066 0
0.5478079199508316 0.330745889423182 0
0.9825849695039128 0.4270061797846149 0
0.9650691008655589 0.4165899838594598 0
0.982484131361646 0.4062504707415124 0
0.4535226160017366 0.5928558949121464 0
0.471911285851682 0.5835691028031005 0
0.4712784275796674 0.604085230530915 0
0.4893448182308349 0.05395174348180198 0
0.9346742314060246 0.8806170681988066 0
0.9818354238067004 0.3641991139797922 0
0.982484131361646 0.3854171374081791 0
0.4998433356451891 0.03599608270524701 0
0.5100722959614935 0.05388848663278423 0
0.6594406311376926 0.05257578967926252 0
0.6669379305086076 0.03562254742843285 0
0.8813799749252602 0.5625829026233897 0
0.8684725243549496 0.580087553046441 0
0.489330128366927 0.573395627832034 0
0.2842802099573539 0.6484491413940058 0
0.4368802122837496 0.5613022390886651 0
0.7047869000546747 0.7618448062091174 0
0.685136451609738 0.7681409721619532 0
0.2811083571641875 0.4999649657626445 0
0.2853636599126399 0.4801626730041355 0
0.9474919563278078 0.4656282906683827 0
0.9480213897431962 0.4451991722744162 0
0.9646405055924374 0.4577748112965287 0
0.2709427182333556 0.4649616814796851 0
0.4665488105155084 0.4794240055558373 0
0.4845925035838186 0.4884351026588116 0
0.3838193003252254 0.08957377298867347 0
0.4886810735724291 0.5304281236209158 0
0.561302653129154 0.4424979977452971 0
0.5937313734518754 0.01798529259307818 0
0.572820942920485 0.0180153698649454 0
0.622943741641218 0.7130655941951266 0
0.6191051969391412 0.7333688933566191 0
0.6034254006175681 0.7195518721310462 0
0.4986269986702345 0.4766134110012786 0
0.626773863082679 0.6932933267733348 0
0.7327254525391194 0.7155606741415187 0
0.7370258154726473 0.6952793645674691 0
0.7529013878162456 0.7082647065763319 0
0.6562838028232496 0.01792505019637269 0
0.6773207943520252 0.01769749723206016 0
0.3551195595786648 0.4030404108726295 0
0.7683013147413031 0.7221199872593531 0
0.7726016776748312 0.7018386776853036 0
0.6969854816934447 0.7088555488885639 0
0.712938333410724 0.7221332413046399 0
0.7288139057543223 0.7351185833135028 0
0.4327887954640145 0.6219429136758218 0
0.4524074289222828 0.6346371351950171 0
0.4323064666565753 0.6432080262308779 0
0.4707667373699544 0.62450963343683 0
0.5203769100462188 0.07180398352762091 0
0.8240778862783245 0.5585666298804898 0
0.8310135937731389 0.5744484968202316 0
0.9825849695039128 0.4478395131179482 0
0.9820555360885246 0.4682686315119146 0
0.1885066382037098 0.6135367474802818 0
0.1700142053787057 0.6215383411970085 0
0.1716026329220074 0.6002473696139189 0
0.8768804067716081 0.2964349662029736 0
0.8648347751651154 0.2798686165352487 0
0.8833570067657319 0.2768130984462423 0
0.4209865338198637 0.3452409338953608 0
0.416694182868144 0.3644369038447464 0
0.2554389727232244 0.6194777117377721 0
0.7317822144592357 0.2248185843665046 0
0.7179733577153269 0.2072881135320925 0
0.9818354238067004 0.343365780646459 0
0.9823306119367505 0.3227062077118862 0
0.5976636780850564 0.6660844118007956 0
0.6119459362978235 0.6791650950378854 0
0.592981687106878 0.686167889732464 0
0.7775233049823673 0.6793173272264913 0
0.792923231907425 0.6931726079095125 0
0.7245061473786898 0.7554106906184535 0
0.7202662608074376 0.7755643463509468 0
0.9613332170956548 0.1662615280217076 0
0.9791441266728159 0.1556601257549541 0
0.9821890904228388 0.1772680689334205 0
0.2548446877798148 0.5451772284292067 0
0.2730068104407156 0.5396480194339855 0
0.9431938633941821 0.801977358477458 0
0.964260113986279 0.7913834202486494 0
0.5855493021559104 0.7064522746903175 0
0.5817107574538336 0.72675557385181 0
0.982165377695114 0.8019109752751126 0
0.9820947362911649 0.7811391116402038 0
0.5409237141264381 0.7608573065070111 0
0.5560815754406651 0.7739034480330931 0
0.5362509615557098 0.7801200148036254 0
0.8126248034047853 0.6867395346824999 0
0.8077031760972491 0.7092608851413122 0
0.7256739730341004 0.1883207364004312 0
0.7055724911710186 0.1916646390003812 0
0.4853499680333591 0.7569775404164376 0
0.5054444626603154 0.7516026516502415 0
0.5009986056145267 0.7724487620437395 0
0.5809901875672797 0.6481507903357709 0
0.5999544367582251 0.6411479956411923 0
0.4148004469170964 0.6530996610819715 0
0.5801705919634423 0.7472479555145087 0
0.5952692369892596 0.7601371136071798 0
0.5758529730372106 0.7675298978291498 0
0.9473629751130772 0.8232433656707783 0
0.9262260831170314 0.813065440264678 0
0.7640049915299648 0.742406760392579 0
0.7837052813885504 0.7359807315015505 0
0.5712670439431434 0.6933715914532278 0
0.9823306119367505 0.3018728743785528 0
0.6354504694899163 0.01792505019637269 0
0.6250151762751246 0.03591034278945088 0
0.6145647067852088 0.01798529259307818 0
0.7442932665070852 0.7488381234553322 0
0.8428223672356843 0.0197334049634626 0
0.8229166666666669 0.01804219591217571 0
0.4054231811510204 0.1245468711164913 0
0.7596972331543324 0.7626988676975297 0
0.6344668132752628 0.7470772265354724 0
0.650017989161894 0.7607776600162703 0
0.8020903094329609 0.94589260340922 0
0.7913358530870156 0.9632048720256574 0
0.8497277950943194 0.6018399625235946 0
0.8672488236613861 0.5957318134162306 0
0.8650740658953622 0.6161697406179985 0
0.8429503155236135 0.6421367886919439 0
0.8616829071605474 0.6358188061743497 0
0.8570801853558655 0.6556777051409312 0
0.9811261374411149 0.5732317771539559 0
0.8020868223107814 0.9819598184498933 0
0.7809156974429003 0.9812450535757641 0
0.5622944935017846 0.7341483580737801 0
0.6149484722516129 0.7535635044713919 0
0.9813306098206052 0.6535447809722718 0
0.9813306098206052 0.6327114476389384 0
0.8043835991802417 0.5471357737024225 0
0.02085105615912675 0.6144909788428441 0
0.01804219591217571 0.6354166666666657 0
0.8884854584182664 0.3109921315543233 0
0.8699632268176498 0.3140476496433297 0
0.6479025956411291 0.2798066017976637 0
0.6544483859126505 0.2563726978885263 0
0.6685473534412258 0.2714778399076483 0
0.1764920468449225 0.5593275858426675 0
0.1612265773451986 0.5469692904279121 0
0.8034237487986514 0.7295469951180676 0
0.7991274255873131 0.7498337682512934 0
0.9821890904228388 0.1981014022667539 0
0.7585283044231775 0.2014284297598758 0
0.7459878342680648 0.1856543526385387 0
0.7664412991128338 0.183138571466272 0
0.7335869677237565 0.1700308781068274 0
0.8238488845180462 0.2326700389192545 0
0.8109491065175651 0.2163441363150509 0
0.8331141287922801 0.2110494446688503 0
0.5711802204664823 0.7867926061257641 0
0.7903328157556389 0.2184386895765321 0
0.7995980600298728 0.196818095326128 0
0.5315361008679413 0.7994863091711357 0
0.5163782395537145 0.7864401676450538 0
0.3967947663179009 0.6427040765410836 0
0.6654153858394241 0.7745869734975249 0
0.6457074852652644 0.7810811511314997 0
0.9820947362911649 0.7603057783068704 0
0.5061512672202948 0.5634506914731126 0
0.4962837449267581 0.7918150564112498 0
0.6106308533253813 0.773845446786033 0
0.6314558540608575 0.6732098488416665 0
0.5097972096935275 0.08932687595549116 0
0.4992758398794909 0.1063380571296881 0
0.8020833333333336 0.01804219591217571 0
0.6981541276853584 0.01769749723206016 0
0.9482264312367346 0.8433214288947046 0
0.9651942115138852 0.8322333471074846 0
0.8180962264669464 0.6663234725546128 0
0.8328761706567704 0.6824117497864125 0
0.7870017540687178 0.1804793132015513 0
0.7744612839136051 0.1647052360802141 0
0.982165377695114 0.8227443086084458 0
0.9830288338187713 0.8428223718323722 0
0.0376576450261622 0.5819135398418751 0
0.02085105615912675 0.5936576455095107 0
0.01680658886703551 0.5715892276656969 0
0.4654520554937852 0.7639118254049677 0
0.6362905675337738 0.2451679701381817 0
0.7600823641095669 0.9812450535757641 0
0.9159061509607407 0.03622754190244559 0
0.9791441266728159 0.1348267924216208 0
0.9812203811094764 0.1127198169047928 0
0.8789683838271272 0.2413409403693387 0
0.8586626409760001 0.2438110480257857 0
0.866319649643888 0.224905239616607 0
0.4581898323111965 0.9653022882343021 0
0.4686904626484133 0.9821865894728434 0
0.4478327029961158 0.9831156987614587 0
0.8536750247525384 0.208468074634647 0
0.8407752467520575 0.1921421720304434 0
0.8229201556441148 0.9819598184498933 0
0.833226075543596 0.9618210313166415 0
0.8436392532328141 0.9798612128667482 0
0.8636557005690175 0.0197334049634626 0
0.8848296567106833 0.01869190225824724 0
0.4895237962556144 0.9461090663548154 0
0.5101409725948535 0.9460411274193501 0
0.499664768302733 0.9643052400102217 0
0.7751183236108381 0.7765639611984294 0
0.7554065985879584 0.7829953242611827 0
0.8231253202960117 0.7231139218910552 0
0.1870460649407389 0.4781034618369768 0
0.1717189005649646 0.4658461904590269 0
0.7356856121568582 0.7894292943487611 0
0.7159663648328431 0.7958634099394251 0
0.01804219591217571 0.6562499999999991 0
0.1666492338051573 0.9655592777855713 0
0.1770838253241732 0.9829477633367025 0
0.1562320751476506 0.9826115144488687 0
0.1238122567415451 0.7945511283538921 0
0.1327399385348367 0.8125631776121546 0
0.11154696022543 0.8113696396129202 0
0.2493179936399892 0.9672455039937554 0
0.2597346651900639 0.9847349010572277 0
0.239583328449925 0.9825106029365278 0
0.9830288338187713 0.8636557051657056 0
0.57292552735506 0.2986269772469747 0
0.5417781201179164 0.9647079627614039 0
0.5524704811302632 0.9825893122240257 0
0.5309743056543189 0.9821186505373781 0
0.9074145408134576 0.9826259515883655 0
0.9180755402483917 0.9653377783863792 0
0.9273276661016006 0.9827118267980137 0
0.3425856299301723 0.9804307963746006 0
0.3634189632635056 0.9804307963746006 0
0.4895237959817466 0.9821865894728434 0
0.5101409723209857 0.9821186505373781 0
0.2187499951165917 0.9825106029365278 0
0.8644725865661473 0.9798612128667482 0
0.4269993696627825 0.9831156987614587 0
0.5865881299844609 0.8005572210808254 0
0.5668167323879153 0.8069307712847684 0
0.1979171586575064 0.9829477633367025 0
0.2083338204407651 0.9654583662732303 0
0.8760537940462719 0.9624871644551137 0
0.8865812074801243 0.9826259515883655 0
0.6861283222998551 0.1940133404543178 0
0.6938289376186285 0.1750459633226567 0
0.09437239425488192 0.7729623498693851 0
0.08440959966343886 0.7923099415253814 0
0.6354164744342679 0.9846657448859508 0
0.6562498077676012 0.9846657448859508 0
0.5733038144635966 0.9825893122240257 0
0.9269098275833909 0.01753563964419835 0
0.9056629900440166 0.01869190225824724 0
0.08836957675261492 0.811319078511864 0
0.09729725854590654 0.8293311277701265 0
0.01804219591217587 0.7187499999999991 0
0.01804219591217587 0.7395833333333326 0
0.2805679985233972 0.9847349010572277 0
0.01762280840213959 0.8425317347749232 0
0.01762280840213959 0.8633650681082565 0
0.6019547670881217 0.8142443645148516 0
0.6063182551666887 0.7941061993558471 0
0.879203935727614 0.6297106570669857 0
0.9812203811094764 0.0918864835714594 0
0.1353987418143173 0.9826115144488687 0
0.9477431609167242 0.01753563964419835 0
0.9481609994349338 0.9827118267980137 0
0.5470404728614374 0.8133240067059111 0
0.527167750859442 0.8196441595473396 0
0.01894188228626786 0.9264342720559396 0
0.01894188228626786 0.947267605389273 0
0.2003438263147916 0.7512647611839596 0
0.1873388749400924 0.7624202661378421 0
0.807618044830644 0.17838475994007 0
0.4481769827983475 0.122596892171792 0
0.4268033260829921 0.1241099272873906 0
0.9034067636117245 0.2742693501859675 0
0.8913611320052317 0.2577030005182426 0
0.6808259477131084 0.7884444632771825 0
0.4611293283759151 0.7842486575587578 0
0.2435213492478546 0.713944123538192 0
0.2519778795657975 0.6949504454644563 0
0.751106702613364 0.8032943878496608 0
0.1850110585867428 0.4983796196949509 0
0.166569211938432 0.5063184892207661 0
0.8342933226756486 0.7572562367397984 0
0.8300118046866845 0.7775525709847171 0
0.8145643750084499 0.7636963661127293 0
0.2098618647361385 0.8570417096881635 0
0.197960913831967 0.8740919274730665 0
0.1905772945404008 0.854617044568556 0
0.2263800249162392 0.8944611813732354 0
0.2146329776244814 0.9098917942730789 0
0.2054984367359468 0.8919472054925175 0
0.641394887106572 0.8013419037013139 0
0.625997490429042 0.7875325902200593 0
0.3632531542386194 0.898737251706041 0
0.3827617495054648 0.9084871141286545 0
0.4915249021332996 0.8126473765589273 0
0.4761452681941118 0.798655970957613 0
0.2481017763492768 0.8063761960901463 0
0.239645246031334 0.7873825180164107 0
0.1743018940113146 0.5797931881742741 0
0.1558094611863104 0.5877947818910008 0
0.1289314534354225 0.8483887970043241 0
0.1410887833532933 0.8315284777336439 0
0.1495455947699941 0.8505355858667853 0
0.08593263713868438 0.8467996462019747 0
0.1091100206114995 0.8468502073030307 0
0.5085092121588184 0.8263733195041087 0
0.488370735426172 0.8332142340504719 0
0.167311686702369 0.6420533946557255 0
0.1504076814206666 0.6287640167893627 0
0.7948459075983489 0.7701301024962122 0
0.5824806854791407 0.8929561181437965 0
0.5980768748358697 0.9090104622336671 0
0.1004238801177653 0.9177313855556039 0
0.09215425997776983 0.8994480208613194 0
0.3263886447575074 0.8640272793887871 0
0.3066150679208901 0.8576024548095953 0
0.4679014624416615 0.9448262684269036 0
0.4167197781422766 0.8454477264397537 0
0.398714097543081 0.8558433109806417 0
0.217882415375598 0.7856258487210013 0
0.2304224092708834 0.7690344997863663 0
0.8739807676036654 0.2059979669782001 0
0.08485983587216389 0.8812839881537808 0
0.1050398233098834 0.8824827584424175 0
0.1862138665402092 0.88952254037291 0
0.1175668320282004 0.8658573154361722 0
0.8609288835014385 0.8052659431160593 0
0.8753046217416393 0.8189141461525093 0
0.8555586654764491 0.8253742884782447 0
0.1248612561338063 0.8840213481437108 0
0.1759629242291572 0.7788585474137943 0
0.1972836279042123 0.7837161117669093 0
0.4346733860048659 0.8759925588405024 0
0.4171225269409438 0.8864726909894977 0
0.874668931044005 0.9131557698990439 0
0.8592793173689423 0.9001082177335225 0
0.8785446641778856 0.8931302933952507 0
0.2147917487903104 0.8207703468673493 0
0.1941929613189248 0.8188606099132572 0
0.2065064646646628 0.8020641299969535 0
0.2926435045148551 0.8701734666821352 0
0.6196985479364995 0.9007391458770346 0
0.624104804757128 0.8820786127006075 0
0.6394884313056486 0.8945281728042723 0
0.1948575146789256 0.4177763679311243 0
0.1767615790307516 0.4256542142364923 0
0.659489766896403 0.8893003492425919 0
0.6636067213194468 0.8695351913470251 0
0.6792018000895728 0.8829679009617718 0
0.7317018363260838 0.9062273802254999 0
0.7087954982869431 0.9105953834173797 0
0.1580323042441764 0.8695315837454624 0
0.1701896341620471 0.8526712644747821 0
0.1820905850662187 0.835621046689879 0
0.3992404293437717 0.8776729545044532 0
0.3814280312381853 0.8669352951533268 0
0.5240135841523144 0.8402110170388841 0
0.173805300940571 0.8169148298194834 0
0.8454618397950658 0.7914192635267905 0
0.8257328921278672 0.7978593928997213 0
0.4250044064607561 0.3259890068812615 0
0.4399935120588137 0.339270811593526 0
0.1533540798694083 0.8147099664746158 0
0.7905552730319749 0.7904265590598651 0
0.1922852185806195 0.5717801735655856 0
0.562448382379416 0.8270886216609723 0
0.4006438471026369 0.9172868506136991 0
0.3998364606360482 0.8975646751621827 0
0.8125937030997277 0.8580080712075356 0
0.7971456014094294 0.8441260707440583 0
0.8171476659432473 0.8384908544560277 0
0.1654564561221145 0.797949529697994 0
0.1555117031579945 0.7766536840689269 0
0.6481985428681158 0.8556482501823319 0
0.6679105760612856 0.8493158019015119 0
0.1447957739985806 0.8853087341211456 0
0.1322687652802636 0.901934177127391 0
0.1654398133906336 0.8874444127291425 0
0.1729773362946134 0.9052996907485934 0
0.6163596224588941 0.05439677252057712 0
0.9183176110528777 0.88034030315644 0
0.9137118674818082 0.9012127836230083 0
0.8985400214240177 0.885305365094204 0
0.6134605013843901 0.9214600223373319 0
0.8715081441874235 0.6696442413295464 0
0.8527755525504896 0.6759622238471406 0
0.7018428904514784 0.5911546704995878 0
0.7116631185150277 0.8161613153112279 0
0.6962437671656071 0.8022963673134137 0
0.1611135787974091 0.6627384247076158 0
0.157515343748058 0.6831927147339022 0
0.1441069276949788 0.669733360274366 0
0.8831504077489549 0.8722578129286824 0
0.6550835100757744 0.9079608824190191 0
0.7030547685299199 0.8567701599805029 0
0.687629637680204 0.8428985078757107 0
0.7073656516975075 0.8364659247900086 0
0.5961456630188907 0.5410157406232469 0
0.7270882493647435 0.83003296741602 0
0.7408840246100756 0.150790102960098 0
0.7205701633761112 0.1534564867219906 0
0.8512650856750977 0.8456976732170999 0
0.8368893474348971 0.8320494701806498 0
0.8865400843558685 0.8517276880711653 0
0.8665447271097364 0.859552616372212 0
0.8214412457445988 0.8181674697171726 0
0.8059912106362175 0.8043007771750992 0
0.6086927846739388 0.8682571437061946 0
0.6284826680430879 0.8620461706334321 0
0.8990181406731196 0.2387971921090639 0
0.8478754090681841 0.8662277980746171 0
0.6558948175440414 0.3152200389924518 0
0.6758395724928312 0.3101693410954759 0
0.7823629852294227 0.1455817224860743 0
0.7618025302735387 0.1482409807507951 0
0.9315581636338532 0.7245964385914498 0
0.9135851217564528 0.7316787569745802 0
0.9155287295598494 0.7106651330998608 0
0.5102854066879242 0.01796641292811463 0
0.8487385824354426 0.1731028127888062 0
0.8281776864751843 0.1756841828230095 0
0.2773181679305063 0.5196429685297611 0
0.7184942987716635 0.8706580680201605 0
0.6987582847543601 0.8770906511058627 0
0.6946413303313164 0.8968558090014296 0
0.6765227013952931 0.8087423686489854 0
0.6892390136221557 0.9164726332732889 0
0.6337896141000332 0.5762620152591162 0
0.616565479914235 0.5650089267602459 0
0.8652077960602559 0.7849591212010549 0
0.8377765748936989 0.9081736483721493 0
0.8416523080275794 0.8881481718683562 0
0.2226338520411804 0.6849115310741155 0
0.2334528797814061 0.6672633194041016 0
0.2456764863093155 0.681031204488146 0
0.7664914559047518 0.8170351918823089 0
0.7467704694736514 0.8234691619698873 0
0.7862636266487066 0.8107346358773164 0
0.5246339385209549 0.2514120517353681 0
0.5048435136740432 0.2538469289941351 0
0.5135119104435336 0.2337511615227179 0
0.90584684561462 0.1294661078323833 0
0.8978757324918598 0.1486291265404832 0
0.885246727717219 0.1321322694935073 0
0.3721465464515762 0.5808230196644697 0
0.3673266049262803 0.6025234490939952 0
0.6568036397763746 0.8151596626747865 0
0.6370936449401521 0.8216111017633462 0
0.8263726665929408 0.8742932287132439 0
0.8063706020591229 0.8799284450012747 0
0.9099350505551603 0.3112784406073065 0
0.9030178706012021 0.3288911240476625 0
0.1359495345953687 0.7106203260687503 0
0.1222065763056639 0.6982374054455209 0
0.7819273935089942 0.8309094099975429 0
0.2028631320653975 0.4904440834948637 0
0.692426736048892 0.6114332686690802 0
0.8473041294883286 0.6963782859750277 0
0.7384856579292922 0.06179939095200787 0
0.750600600569109 0.07802460321791782 0
0.6722214592288731 0.8290115667110177 0
0.8617765175066123 0.0981305409563582 0
0.8726292394403056 0.1156667377171183 0
0.8155813805140293 0.1593454006984328 0
0.7773734306654745 0.8504266267490508 0
0.6814470289002881 0.2903624637694897 0
0.447043702789364 0.9457553777155188 0
0.7002236511864048 0.1564046606338414 0
0.6807794823152411 0.158753362087778 0
0.8440908300996006 0.1375045241151007 0
0.8646581263175454 0.1348297564252182 0
0.8567083183765142 0.1539700558914898 0
0.08768722502862353 0.692418670750047 0
0.0904485769882013 0.6718404866724306 0
0.1066658119252778 0.6857089765127727 0
0.7424730026561313 0.8437737714486679 0
0.7487857259258933 0.1316665893659583 0
0.9013003258417163 0.6975986808350105 0
0.8823795995322483 0.7038381057593734 0
0.8861242376915156 0.6836893351113928 0
0.3315910858348163 0.9667602686922883 0
0.1249679282652417 0.6776592213679044 0
0.8693058786533874 0.1704280450989237 0
0.9104590219076284 0.165116314098897 0
0.8898589040102274 0.167782475760021 0
0.9192733677191167 0.6905163624518802 0
0.8904288704968915 0.6634048164051835 0
0.8366644883581749 0.4827375770744396 0
0.733958738911635 0.8838188695671079 0
0.7514627602416151 0.8990676906470874 0
0.1285661633145927 0.6572049313416179 0
0.2949005705098233 0.8916608607596475 0
0.2743139391828979 0.8832319582010357 0
0.8999260976201192 0.6225503810124304 0
0.8965349388853046 0.6421994465687817 0
0.7901606492607971 0.1265288418481108 0
0.8028194029008635 0.1429930971775298 0
0.9090492454044605 0.2180311810644145 0
0.9214419935825651 0.2343932412133185 0
0.5667365445355775 0.8789984401921728 0
0.5885707804444158 0.8743319078217461 0
0.248877080850634 0.6369093428272712 0
0.2357556336591508 0.6228862313985878 0
0.6849467842375909 0.6284411330028112 0
0.763752525877656 0.09394382146447311 0
0.7768178197119097 0.1105752336174423 0
0.7566389377551027 0.1124860550036861 0
0.1807201027554481 0.6555127491152616 0
0.8428595021614941 0.7166864949214965 0
0.8385800748628964 0.736972604898252 0
0.9421707840985667 0.2318796117692979 0
0.9321396793672256 0.2526456228139472 0
0.770779482525916 0.07611378183167405 0
0.854027504541131 0.7508288097702398 0
0.5929486437303757 0.8542994657545708 0
0.9111510323893965 0.6562445403506282 0
0.6607956630717939 0.1618656860520132 0
0.6542676982006517 0.1818469861648046 0
0.6406785925249807 0.1663180074402246 0
0.6372453851636015 0.05433653012387163 0
0.7972742373833503 0.1079866083088978 0
0.7579374427961028 0.8569345729956153 0
0.7382552226871948 0.8634983784417479 0
0.8233790445454037 0.1402925200604693 0
0.6201036128892619 0.16856539205739 0
0.6121000335971609 0.186447683497188 0
0.5980530188325843 0.168713768001562 0
0.8509257350948719 0.4947194127082155 0
0.8627588840552132 0.7102369689822245 0
0.5384904210538181 0.108155117781541 0
0.5306003411926069 0.08928671207377292 0
0.8968678790952648 0.5579695630074419 0
0.899154845850096 0.5374892251823744 0
0.881889168069156 0.1869152326573376 0
0.8945337929605055 0.2033523976392975 0
0.773155650696538 0.8701512337421308 0
0.8044576579606098 0.08514440873005236 0
0.8178004875094973 0.1010980169607208 0
0.8313288524864348 0.1211522205941977 0
0.4585036804275824 0.33341317952354 0
0.45448580778669 0.3526651065376393 0
0.6671903766395703 0.143224383363198 0
0.12466794925863 0.2971473213363448 0
0.1431886485971037 0.2901916825983947 0
0.1403497075164227 0.3107349430947373 0
0.8779349722054139 0.7241463147058422 0
0.8385122730636942 0.09831002101535224 0
0.1121478884795163 0.6445686807349414 0
0.1312868879092535 0.6366428196414031 0
0.8828154980142069 0.5249515828537933 0
0.862233551343469 0.5304719196969306 0
0.8673315953567111 0.5090307680749998 0
0.4778773126103346 0.3267075328688088 0
0.8380873615390986 0.5915380829915053 0
0.817198402451894 0.5845845444899102 0
0.6173777701151241 0.8280090222144463 0
0.5976476449328963 0.8344600439394245 0
0.5473387514492031 0.8857769242432005 0
0.5534288464144782 0.8671527139211501 0
0.9169576458699511 0.1989484467435521 0
0.3584869393183843 0.4777162830171317 0
0.3532475420024786 0.4972468806471391 0
0.3844894207785082 0.05396599209335096 0
0.9042528898633382 0.5160480735604436 0
0.393241872311113 0.3900961226899642 0
0.3741299754086859 0.3963661785340985 0
0.1339894065855901 0.6161277661826861 0
0.6327865227849268 0.841826781187919 0
0.8739868836775171 0.7449076195769568 0
0.8697001314902693 0.7651912514185032 0
0.05299049380580612 0.4667793353770019 0
0.6266315777604041 0.1485840919445986 0
0.3137849235065795 0.2590215645586371 0
0.09846755124893342 0.6113826128314372 0
0.1012293668989086 0.5909141419245471 0
0.1176304287241522 0.6035380981278364 0
0.8715076817656098 0.489199075865078 0
0.4316735181303391 0.3778926380316409 0
0.4123920615805617 0.383806803268762 0
0.1367512222355653 0.595659295275796 0
0.1394504833248724 0.5752051138361511 0
0.4695418352257018 0.3662624436559837 0
0.451031666856933 0.3721200757259697 0
0.6139201648919612 0.1317678712210017 0
0.6344951445276801 0.1295204866038363 0
0.8936075991545522 0.7385087563541057 0
0.557880940766952 0.1725136329626553 0
0.578093142246954 0.1687804593128297 0
0.5698372380604816 0.1903292330911856 0
0.5775256407033733 0.840534808054976 0
0.2443709224776226 0.8623522709742681 0
0.2328324533580317 0.8796625120388051 0
0.2287839531472955 0.859206351528137 0
0.5860967215390549 0.1508981678730317 0
0.8429959284344749 0.3039666787369354 0
0.8307757675190869 0.2877356972845998 0
0.8461380142556034 0.2832595028396445 0
0.1232007290094449 0.5626654352621959 0
0.14225896796019 0.5548009218774008 0
0.5621079861348705 0.2103240054113431 0
0.5539466354898532 0.2289509441728129 0
0.5414636859354625 0.212689345502481 0
0.4479419189365013 0.2614201406969773 0
0.4281091069481592 0.2642693894641092 0
0.4338448237961234 0.2443029966420754 0
0.1104056531932092 0.5297553289342827 0
0.1135012411999712 0.5094846862205775 0
0.1291048016515245 0.5219906005897404 0
0.2326626952621719 0.2547118844852342 0
0.2149850257325081 0.2620342149555705 0
0.5823201876148724 0.2065908317615175 0
0.1449768230297711 0.5344296118539569 0
0.3700606024738382 0.4165154086365919 0
0.3821797986342576 0.236751666638234 0
0.3627082129508529 0.2391452757222038 0
0.3700299217469655 0.2178330931825646 0
0.5577493811768953 0.8469280434761186 0
0.2620371853490814 0.2149849985740057 0
0.2547148548787451 0.2326626681036693 0
0.2630978072109433 0.50508159144181 0
0.4467295455693508 0.3914899751499853 0
0.4654434485458262 0.4070334504283374 0
0.4460852998192322 0.4128060127340086 0
0.408221207573308 0.4035518568768587 0
0.538351588090521 0.8537065275271464 0
0.5196930493898972 0.8604356874839156 0
0.3036399870458234 0.2432639733897742 0
0.2846442218229208 0.2454978927170645 0
0.2930701359210655 0.2277360778207209 0
0.4813006765733067 0.3985566353137008 0
0.1480724110365331 0.5141589691402517 0
0.1506971905601854 0.4938794779565496 0
0.4766071254636319 0.1867907146818869 0
0.4966927627784017 0.1840898509926746 0
0.4892728074951642 0.2021010573460731 0
0.5294917406952068 0.196731300198936 0
0.5213303900501896 0.2153582389604058 0
0.4562611429781576 0.1893338897162358 0
0.4491691280221015 0.2076035997143069 0
0.5015399652032779 0.2177931162191729 0
0.1534462603104587 0.4736707665817719 0
0.1559711694133392 0.4534779590037348 0
0.09301624493040872 0.6519927890304325 0
0.4151597834693255 0.1068777222026246 0
0.08549951790215626 0.5783867072397352 0
0.104662395377375 0.5705421925361345 0
0.1349494594085598 0.4815112465012575 0
0.4093262966470894 0.2129223812459615 0
0.421581548835795 0.2287787619012678 0
0.4017567596190757 0.2312958647539011 0
0.3944350508229632 0.2526080472935402 0
0.2113984216012287 0.7219670284156708 0
0.2173659996401974 0.7021614912705825 0
0.228889880530121 0.7184849533032485 0
0.4814543278885082 0.2204939799083852 0
0.4736995606905438 0.2388198933282142 0
0.46143240298243 0.2231278344551145 0
0.2751110881163228 0.3276158399865366 0
0.2625796200051446 0.3144615887469827 0
0.3660372830740595 0.4366410419461097 0
0.3616522320558069 0.4562926204845364 0
0.2545801658290581 0.3553668133809902 0
0.2729276922153477 0.3482597483713946 0
0.4414143608241372 0.2259295131341359 0
0.1582568499632458 0.4333213793210546 0
0.1607746193261523 0.4133222106765571 0
0.1074708800126926 0.5501380005773842 0
0.09186731956113936 0.5376320862082212 0
0.1399842097087398 0.4411459554437996 0
0.5344372759408417 0.563234971868468 0
0.2487749311383705 0.2839795263527875 0
0.2465319416510698 0.3029580853316267 0
0.2277270619777156 0.2930469888899802 0
0.5372441997032681 0.1780449153168417 0
0.5455001038897405 0.1564961415384858 0
0.09573696952506938 0.6314306773302176 0
0.4636810982613951 0.1713226833628372 0
0.1257516330315811 0.409370780782199 0
0.1284581014571803 0.3895064757930023 0
0.1449763586842456 0.4011250707719227 0
0.3850476989040806 0.4299668096075787 0
0.2264974650965483 0.08289867425467579 0
0.2232890681057361 0.1045417534481484 0
0.2083478927104994 0.08903877891676537 0
0.1818925846827629 0.3857783595582686 0
0.1634810877517514 0.3934579056873603 0
0.1660943240408562 0.3735812196536342 0
0.3771135528101704 0.1992232491072731 0
0.3576419671267658 0.2016168581912429 0
0.2529913155923157 0.4710747158730814 0
0.1076992594412104 0.3026913482110738 0
0.5141030357611437 0.8806846984211288 0
0.4997650318229371 0.8671891879328667 0
0.1870245038833404 0.3464245813398453 0
0.1688267451189279 0.3539478533703884 0
0.1713454280304006 0.3344707611856912 0
0.3222108376047241 0.2412597496622935 0
0.137928410742076 0.1849710827707453 0
0.1452507412124123 0.1672934132410815 0
0.5171109038179953 0.1807138087747665 0
0.504445221786463 0.1654034661105803 0
0.3536069319518127 0.2575405950045147 0
0.3414570550645205 0.2386220215488454 0
0.3382410828073327 0.2037881305507058 0
0.3313121186037644 0.2228644303799825 0
0.3189948653475363 0.2064258586641539 0
0.1039445478770467 0.2235003459897635 0
0.08958418832342763 0.2093528612311989 0
0.2428446279180508 0.6518504276531094 0
0.1374883387219685 0.3298423075244608 0
0.1560090380604423 0.3228866687865107 0
0.2950995899505661 0.174294593051538 0
0.3075052727410394 0.1911770632606319 0
0.1973066156509561 0.3979177669047393 0
0.2128847819362237 0.4100390892438689 0
0.718487784302754 0.9818648489802535 0
0.7393211176360873 0.9818648489802535 0
0.1742067968248547 0.3153633967559677 0
0.1769369992841914 0.2964268919457963 0
0.1922733892541497 0.3080109843449768 0
0.2415317508444898 0.3235290512841754 0
0.1041707084020098 0.322453449366037 0
0.1672840929601074 0.1452391455312304 0
0.1849617624897711 0.1379168150608941 0
0.1504152481879164 0.3616273994994801 0
0.4904638178627453 0.3601055487030052 0
0.4870096769329884 0.3795605178913356 0
0.3944745319214237 0.07194625280583156 0
0.4044348701335522 0.08968714584888349 0
0.2124868215892514 0.2815714547229732 0
0.1975017958567432 0.2695372397674027 0
0.2334573926839029 0.3829407801399666 0
0.2179857392801041 0.3704729582311659 0
0.2361092490557528 0.3632332501536485 0
0.2695433579654872 0.1975022838431933 0
0.2815805433145686 0.2124872824171989 0
0.3005763085374712 0.2102533630899086 0
0.2102438321019507 0.3005500137018124 0
0.09421712834084739 0.1579206670992503 0
0.1133415335202497 0.1557152159309472 0
0.1067324163047497 0.1721476167097937 0
0.6397624345047007 0.6082017896699866 0
0.207513629642614 0.3194865185119838 0
0.2391085124252593 0.3428989914721896 0
0.1999198519400609 0.3780410808710132 0
0.2025717083119108 0.3583335508846951 0
0.6976086425616941 0.9834232882375579 0
0.7077630935311157 0.9652881372178114 0
0.130369891227614 0.2025588968003382 0
0.11829830196969 0.1875299795710835 0
0.5047135360909661 0.5404656003291066 0
0.131425085871094 0.3685106244089085 0
0.03198652054403905 0.2159099208797451 0
0.04867877837057377 0.206952468213021 0
0.1551958668688931 0.1132555891495699 0
0.1573900530258145 0.09410246927606303 0
0.1721177111364635 0.1066805102482815 0
0.2230608340711845 0.3313954880568336 0
0.1461249427696049 0.7618098578637108 0
0.344050156845658 0.300313321223462 0
0.1184981764051461 0.3367255324338892 0
0.6498360224225188 0.1975465214200834 0
0.6364640673044162 0.2059668940254188 0
0.1341575069491657 0.3488772581256627 0
0.1875315103496146 0.1182577441160132 0
0.2025697478598436 0.130340929055119 0
0.2050903912233836 0.338856458699998 0
0.3858379302801698 0.9829354314331126 0
0.4066712636135031 0.9829354314331126 0
0.4170039666096195 0.9660511301945712 0
0.1959513073628704 0.7204476291299836 0
0.2074751882527941 0.7367710911626496 0
0.3453754377210366 0.125152418363864 0
0.7819477920602569 0.2339548000113183 0
0.9163892385176535 0.4214041997506098 0
0.9324401394420676 0.4348776202770526 0
0.9148219395541525 0.4395792311198276 0
0.1929340934973482 0.07746154504903369 0
0.1897256965065359 0.09910462424250632 0
0.07801830265848736 0.1939704983699091 0
0.09917389679028771 0.1897354307393866 0
0.2059013024300683 0.04805042875118637 0
0.2160934354746376 0.0305162701112261 0
0.2217484227458809 0.04986154108333252 0
0.2729694034403292 0.1107181176241488 0
0.2907097012428675 0.1023442584008318 0
0.1740051946436711 0.06679267049633208 0
0.1926273908476345 0.05672682517059113 0
0.07313948567651635 0.01745749446920508 0
0.05230615234318298 0.01745749446920508 0
0.05735394829709412 0.1938240085658999 0
0.0669436567639542 0.1742065780740876 0
0.4691725380572319 0.1223097578638967 0
0.6242023188102794 0.6404809752659335 0
0.1240277248626598 0.4296192694469497 0
0.982579585645772 0.07234718323592348 0
0.982579585645772 0.05151384990259011 0
0.2602381479381442 0.8722764978042299 0
0.6951385666839192 0.9485293920821773 0
0.94602302941695 0.1597609204998364 0
0.9261168279387646 0.1604156105178953 0
0.6779195893160916 0.6460281990272512 0
0.07582461774545268 0.1587400091894218 0
0.08243373496095263 0.1423076084105753 0
0.8160662259353826 0.2981372228561621 0
0.6663584503292963 0.9680890331235087 0
0.6767753092283608 0.9834232882375579 0
0.9081488485113839 0.9496082512673404 0
0.9280619737995268 0.9496941264769886 0
0.2494943201881729 0.4902825752431548 0
0.2355976393358642 0.4759537024415427 0
0.3965251587863805 0.1966974455004749 0
0.08817587364501334 0.4472357064619603 0
0.01734292375363128 0.823559719874245 0
0.1410071174614682 0.08236780031443725 0
0.1579289617290385 0.07579272141314886 0
0.3266966701475033 0.9098151348645283 0
0.3110357653492121 0.8947615371174299 0
0.9827999531428387 0.7391132494403438 0
0.9155486385679064 0.2900707154499005 0
0.05516026338405944 0.1585935193854126 0
0.947607231058067 0.7369182806734283 0
0.9648946894340037 0.7494190277472139 0
0.1576222590793248 0.0550580015347063 0
0.9442815543234077 0.2684469880778803 0
0.9235527638074061 0.2709606175219009 0
0.5218716440070196 0.5519234745600201 0
0.111270384014165 0.09655329718630823 0
0.09812637348946118 0.1113275255458898 0
0.09578588014114098 0.09455585780987791 0
0.01745499991929078 0.6785402499081499 0
0.03457577809901469 0.8724662220425251 0
0.01695296969687515 0.8841011539342682 0
0.01745499991929078 0.6993735832414834 0
0.01695296969687515 0.9049344872676017 0
0.5998749601289277 0.5587647870197108 0
0.580680819601036 0.557815038808816 0
0.594196929817591 0.9839362938835108 0
0.6150302631509244 0.9839362938835108 0
0.6254467375851931 0.9686020387694616 0
0.05180652427056209 0.4858320245466568 0
0.05111086217215366 0.5059045402151264 0
0.4054858736720489 0.5780027263244724 0
0.4047137812531261 0.5579730588107863 0
0.4203770427126708 0.5702943785066844 0
0.2632848302937427 0.9232256692185495 0
0.2427566106071966 0.927068878156174 0
0.2560427854913199 0.9085625612161723 0
0.1217420443127532 0.4497758491296298 0
0.9236099926679165 0.5096966470011866 0
0.5316257499601211 0.9477494369482192 0
0.9689720445858011 0.5836484438206225 0
0.05300550508677337 0.9841144602073704 0
0.07383883842010674 0.9841144602073704 0
0.2712426461493273 0.06637215871006708 0
0.2610271148981604 0.04946504797738305 0
0.8526146142497273 0.2636376350829132 0
0.8399658800664882 0.2472019343301814 0
0.4805541399113976 0.1373318056448511 0
0.4926606616871335 0.1523450568240652 0
0.4719205589711336 0.1537662571492743 0
0.3872182808550307 0.5503573060900836 0
0.3734139859850574 0.5650917092062242 0
0.05235373264044568 0.5891133292341767 0
0.07253592119316388 0.5865016787054061 0
0.1988171927869568 0.6244901073616368 0
0.2199549583500329 0.6272351790739945 0
0.4856936942269409 0.2518071924559614 0
0.01505126326124473 0.1342116984567681 0
0.693202802837076 0.6595827547304313 0
0.2214003338557294 0.8397314686236264 0
0.2337138372014674 0.8229349887073227 0
0.4317936559415131 0.8590811478011879 0
0.1147218471055873 0.9842175809478833 0
0.1251205889199047 0.966829095396752 0
0.7827231921613209 0.664725957621682 0
0.7759181775706792 0.6451728329634394 0
0.04453998140656962 0.3435805287915107 0
0.2169916300305193 0.1401988759956276 0
0.6367094052218946 0.6546930035599579 0
0.6515373320067502 0.6688212352954073 0
0.4656717693208627 0.2544410470026907 0
0.8048608411747189 0.6167698678730672 0
0.8088901611684517 0.6004612078164756 0
0.8202428502241208 0.6179827907177755 0
0.4011305957292458 0.442757981039704 0
0.4190928492675978 0.4526962197532124 0
0.06629100536421673 0.5152685318384433 0
0.04920361878350499 0.5268454439231194 0
0.9494878505644304 0.4062684318620962 0
0.9323623273573249 0.3957318585937491 0
0.2304416374790016 0.4032894105645605 0
0.09850622942878051 0.4974282729740795 0
0.1172053778870958 0.4896635446295373 0
0.1402204359953992 0.216951430717 0
0.9495886887066972 0.4270241409051986 0
0.9833514613200744 0.6746694481987408 0
0.1337945519768706 0.01516728412872681 0
0.1626028101396493 0.2866047074481905 0
0.4376523047026724 0.5813319066023512 0
0.8394213501602223 0.9464679203665209 0
0.8401505557116056 0.9266735546184306 0
0.8546743786836785 0.939928059985406 0
0.541890925314111 0.2455727590655032 0
0.7242552126539412 0.04622226547778413 0
0.7433971119420181 0.04461743811089502 0
0.2597198805303803 0.1831586352416678 0
0.4370194464306578 0.6018480343301658 0
0.1831676067122011 0.2597150552697969 0
0.7085707943520252 0.0322176535503958 0
0.6734789249960624 0.1236121743125824 0
0.6803754695912253 0.1042542765780002 0
0.6822391967005621 0.6962746335322655 0
0.4269937838859569 0.9527980232648696 0
0.4430180073749486 0.4318865035873361 0
0.4243041043984732 0.416343028308984 0
0.0179855480990061 0.7598444906043077 0
0.9844030075967224 0.8843083468878876 0
0.2195613778903628 0.1205398050507467 0
0.2279925365069712 0.4231480115909454 0
0.1924661201818796 0.6736707125786114 0
0.9507109656665088 0.9499216908241548 0
0.2415779688251027 0.04839821650072007 0
0.2313858357805334 0.06593237514068029 0
0.4051539151290244 0.4226323477301862 0
0.1205903272230132 0.2195103275173382 0
0.7187500000000004 0.01452015631833564 0
0.1390162446800036 0.9191376820451731 0
0.1190817268152293 0.9178502960677383 0
0.5284238008210363 0.327361270722948 0
0.5403991466825412 0.3138475508633749 0
0.6534951057526153 0.1267244982768175 0
0.2482170040214071 0.247653899179773 0
0.2455243602242516 0.2670104446056797 0
0.2675765198408248 0.2449612282241149 0
0.9817166328982415 0.9463765306928078 0
0.9817166328982415 0.9255431973594744 0
0.2457041309544918 0.5099605780102714 0
0.2792632384958675 0.180660919084861 0
0.1806694025689443 0.2792522950371996 0
0.5621977414684709 0.3625713697429818 0
0.1144254963531555 0.779707302148676 0
0.01446448127476008 0.2043251704488269 0
0.2042898242460795 0.01435257888954 0
0.6424066838650218 0.9409886313503109 0
0.6291555946705341 0.9287051770924523 0
0.6483332636795076 0.9254721602385581 0
0.1356184746625621 0.7809008401479105 0
0.7501432807277955 0.216944540194662 0
0.7705967455725644 0.2144287590223954 0
0.3238739879682889 0.3035098035296644 0
0.4497490530881903 0.4746796117598879 0
0.2247651578521001 0.4433217666708616 0
0.4092399422658022 0.2633721644524341 0
0.9053324147964965 0.3779420180646431 0
0.8945612837380224 0.3935401342708947 0
0.8904119573562916 0.3743785907660203 0
0.3137052237421148 0.9249135131019794 0
0.1600069075117665 0.919888720147953 0
0.1468198690467322 0.9358048390883003 0
0.5112782241220126 0.7362261972253394 0
0.6446372729874841 0.2974617454646018 0
0.6720740966887717 0.6638589457168786 0
0.8899830130392401 0.9507593236266864 0
0.8999694465903753 0.9351156717172957 0
0.1199544476373692 0.4694548332547595 0
0.1039979627912891 0.4579281472579096 0
0.864233598828312 0.331441272486802 0
0.8526285471816537 0.3168841071354524 0
0.2463270111757702 0.08143534967206334 0
0.1305224968498523 0.15264473001779 0
0.1499164165781126 0.149995977717381 0
0.3638496796629872 0.5098807200148139 0
0.7921390081095263 0.03281066127053456 0
0.7817223414428597 0.01476846535835885 0
0.9844143786039673 0.2144950881254616 0
0.7504723414428598 0.02928862167669449 0
0.7647027867182108 0.04486574715091823 0
0.9853224332520316 0.2848973058246204 0
0.2819475438693984 0.08186454400085458 0
0.04942262414195542 0.8797067587507282 0
0.1525558485975473 0.1305904623079389 0
0.3384193132793756 0.5338221928240746 0
0.2681822164220354 0.9397159435075285 0
0.2814683913061587 0.9212096265675269 0
0.9013519435197159 0.8444667969589394 0
0.9149766584401355 0.8294160783741207 0
0.9167704799155068 0.849382166042817 0
0.08638827696962931 0.46691469058709 0
0.8187022525715231 0.9485665259496661 0
0.03608439182435164 0.01525105849101827 0
0.01525105849101827 0.01525105849101827 0
0.01525105849101827 0.03608439182435164 0
0.3015054559046435 0.9863294723176876 0
0.3223387892379768 0.9863294723176876 0
0.2423842495398695 0.5305420063747922 0
0.2287807625170991 0.515742990176137 0
0.7869960472332804 0.8800885914305587 0
0.9878459071446863 0.5937500000000006 0
0.9878459071446863 0.6145833333333339 0
0.5269268617031801 0.7516974188526413 0
0.9847489415089817 0.03608439182435164 0
0.9847489415089817 0.01525105849101827 0
0.9639156081756484 0.01525105849101827 0
0.01525105849101838 0.9639156081756483 0
0.01525105849101838 0.9847489415089816 0
0.03608439182435175 0.9847489415089816 0
0.1695145818399404 0.6952480769122494 0
0.1525079307375102 0.7022430124789998 0
0.8272805619746597 0.6481435692164462 0
0.7675600593639087 0.8865965376771232 0
0.5467574755881354 0.745480852082109 0
0.669953092969332 0.1930942000318722 0
0.9448266984831193 0.5042180212628231 0
0.5967212190961558 0.1358121512210896 0
0.3662675397410949 0.861357841125906 0
0.3455902668589648 0.8635311100795618 0
0.2375537712088859 0.7545408297650563 0
0.2375537712088859 0.7337496606832804 0
0.21579094055315 0.7527841604696469 0
0.3667938715417857 0.8831874846497173 0
0.0813423540472189 0.8652649676838993 0
0.4908689877147854 0.8538100122936207 0
0.4738846776892667 0.8400840693484393 0
0.9453694099068275 0.4845057539019217 0
0.8847462628804972 0.8317616004024689 0
0.3610384999809562 0.616442232294857 0
0.3571293384640642 0.6377647022049807 0
0.9180999994571322 0.1795689597374333 0
0.6010495566184931 0.1983214677784273 0
0.5933203046928821 0.2183162400985847 0
0.2782477570247707 0.6633902262198441 0
0.2625279669821245 0.6484419079922937 0
0.3778066113461943 0.6399379711586367 0
0.9146720185407815 0.6174069790691736 0
0.9279340524743125 0.6006836408165874 0
0.2627969073060233 0.6773022337944423 0
0.7870477928529955 0.07562697039774396 0
0.9640216819884363 0.9848550153217696 0
0.9848550153217697 0.9848550153217696 0
0.9848550153217697 0.9640216819884363 0
0.5214847779130026 0.9295532632928131 0
0.7478257317507156 0.6630880449521346 0
0.7624016379287272 0.6733920273974729 0
0.7426258445717621 0.677679414556944 0
0.3424034276360091 0.5141878326796658 0
0.6345309818622925 0.9567765689880533 0
0.653708650871266 0.9535435521341591 0
0.551127120436133 0.3034734232080675 0
0.5642693819788566 0.2848682308914334 0
0.6254135903257484 0.2178406783066581 0
0.6231001506751707 0.1981730918342552 0
0.4899126407732317 0.1208885575386877 0
0.2619202795798263 0.0799614358488554 0
0.541211131301147 0.9002886094746885 0
0.5279034331800477 0.8884428832036657 0
0.7888714910763637 0.6153966465529913 0
0.6668205455277345 0.6823757909985874 0
0.1246990497120445 0.09022958881382392 0
0.3885551726790231 0.5814127170868199 0
0.9844030075967224 0.905141680221221 0
0.115136450213072 0.9517444814406435 0
0.135813344921802 0.950138414941629 0
0.9200994787436542 0.3859323449245904 0
0.096478603515608 0.951625570928509 0
0.08439401885902742 0.9683320411552536 0
0.09388851377225393 0.9842175809478833 0
0.04899846985481954 0.5480272787722487 0
0.2570319088958413 0.0969277349628509 0
0.4499405462977116 0.8684927363099223 0
0.755669347054408 0.646726265448857 0
0.5647839863590739 0.6618889304731721 0
0.2379213193424222 0.5509596405950724 0
0.2219963865797003 0.4634568843541794 0
0.06845679071510546 0.8822302301028011 0
0.7809710970452903 0.04437893571698814 0
0.180780960661342 0.9219668477917206 0
0.6683345992702622 0.9202443366768776 0
0.8176373382624105 0.3207567913233427 0
0.5332225285446206 0.2656685265369205 0
0.9646820711406797 0.6615475625043453 0
0.4342266582132868 0.4469707534442018 0
0.623975381650361 0.2327069444621369 0
0.2343731815913557 0.5712823052434162 0
0.2219127433514104 0.5566470831890017 0
0.8544414254493036 0.3662150194786002 0
0.8743740449020536 0.3740247555462728 0
0.4617218731061194 0.8561305864310981 0
0.8686035976766466 0.9282002191569787 0
0.8678743921252633 0.947994584905069 0
0.2303410655660425 0.5912121740732171 0
0.9060347799577336 0.920071222459361 0
0.2018605441354656 0.9229485821638705 0
0.1888901153526186 0.9375376115632301 0
0.3986614004190858 0.3035840625735488 0
0.4116780558730019 0.318258885928816 0
0.5323726841551309 0.9171080706284179 0
0.2184993911755575 0.4826647437242529 0
0.08150017074726068 0.5057885213477851 0
0.08520430743438523 0.4859673797567449 0
0.6106114650211155 0.2249131422709734 0
0.06369455746910302 0.5552270681645504 0
0.04830926534835445 0.5670449113903628 0
0.6824887672258888 0.9339839110928277 0
0.513078802726727 0.1489690146061572 0
0.9213773231966162 0.671895469387625 0
0.9356057269147494 0.6849619216524752 0
0.5464752451988532 0.2747719553597909 0
0.11800720888595 0.1384177804072466 0
0.914052620246659 0.5846605895816404 0
0.1378281904868983 0.1180124213357204 0
0.1071713595175053 0.9349348904733861 0
0.7395833333333337 0.01452015631833564 0
0.5338984367331397 0.6745471537337016 0
0.1568040077535648 0.9508894530444088 0
0.2227421323157579 0.9254625580445884 0
0.5106574417336566 0.1213601049106426 0
0.5192042595612748 0.134521910078317 0
0.5309888196606044 0.1475803193648321 0
0.1871982677808966 0.6909206727750783 0
0.1821908547703488 0.7099709705201759 0
0.2265168502226232 0.6098035479844954 0
0.2145403902569246 0.5955611217486239 0
0.2164643848215614 0.5029409015822269 0
0.4935763133320102 0.321767833580163 0
0.4886949768771343 0.3418677751790075 0
0.07959292735861201 0.526729425055778 0
0.42333703740618 0.2804893085073359 0
0.06938221828810948 0.4752749389607955 0
0.5355763598845565 0.658065340632644 0
0.2299841771181808 0.9401256660469657 0
0.5061628185844209 0.3551658494143594 0
0.7608890081095264 0.01476846535835885 0
0.8878689444855898 0.921222294818707 0
0.6742341523320255 0.9523010954857661 0
0.4001123155425342 0.9337869692934965 0
0.2131445034069391 0.5235223299467479 0
0.9531697526338256 0.2824449638842036 0
0.528567458667534 0.1199714096693176 0
0.5201132758440683 0.3405938425865583 0
0.1776557579300874 0.9512257019322427 0
0.2099681262583522 0.5438194948873185 0
0.8973410153830911 0.6049181895673776 0
0.432082695526695 0.4642434540351027 0
0.04672387750086782 0.03270855296022335 0
0.8359126037730745 0.6119760101932731 0
0.9676530451887821 0.2951035135365057 0
0.9673285271547537 0.04593157506027501 0
0.04392853125900331 0.3229869727738313 0
0.6327696574732661 0.5912878053003368 0
0.5631060632076571 0.6783707435742297 0
0.04749292189415766 0.2861701190303407 0
0.0466543520890581 0.3058723809425024 0
0.198735341404211 0.9522074363043926 0
0.9005304000195602 0.5741597311551075 0
0.512704502575778 0.3236955040267512 0
0.2064199885072857 0.5641421595356623 0
0.4066656778366775 0.9526177559365236 0
0.4306850341119518 0.3122887636269812 0
0.4297824428063673 0.2929725880967733 0
0.1072185614594163 0.1274066156213619 0
0.1243995247890188 0.1243361297082047 0
0.03249252155684401 0.04708467914020198 0
0.4646016031694721 0.8730419974704124 0
0.4852789740860318 0.8740590232308341 0
0.09173405758639225 0.1254091762449316 0
0.1270395430603647 0.1070012565498357 0
0.9217445897918979 0.4069030752386762 0
0.8318832837793417 0.6282846702498648 0
0.8851451759605278 0.3584266393400212 0
0.9538493480900369 0.9675668421197833 0
0.529218258405697 0.2806112480296558 0
0.5317430013063378 0.3000888045078335 0
0.9041263899039828 0.4116046860814512 0
0.9533254357590392 0.03278669813521662 0
0.0341929407772863 0.952849880231588 0
0.2624952139331124 0.8937638918817421 0
0.2419669942465662 0.8976071008193665 0
0.891375683439537 0.343692644777224 0
0.9331271002686538 0.8496589310851836 0
0.919502385348234 0.8647096496700023 0
0.2927062000172549 0.9078200286363304 0
0.2195681778632962 0.9517702759042178 0
0.07665815417809541 0.5471120966988794 0
0.952206302516199 0.6745066291595172 0
0.4109132781240104 0.2920753630850982 0
0.5079754156130876 0.8951963836526168 0
0.5108879067898632 0.9153997610995488 0
0.2042298356736777 0.5846077618672688 0
0.04742323024445849 0.968863401716352 0
0.2395826561547348 0.9533765960158034 0
0.5127144981408261 0.4642593260263944 0
0.7738958675444486 0.05970775215118868 0
0.8838187951559922 0.5944173311408449 0
0.2004056203302584 0.6031991357785472 0
0.6141447705789489 0.9560471179856134 0
0.6075339215699043 0.9369764934490847 0
0.2597339928948737 0.9556008941365033 0
0.07596894967163037 0.5661297293169936 0
0.8372663004451371 0.3213603015804077 0
0.9665716482200112 0.9520648793479106 0
0.5491906206726199 0.6671724675520273 0
0.875337770985299 0.3433388095574765 0
0.8580030913493027 0.3461752670495992 0
0.2976035861455476 0.9243103029253094 0
0.06378786752249832 0.2789413479694574 0
0.8985647160766544 0.5892739291975881 0
0.2051423931122879 0.6883936061865379 0
$EndNodes
$Elements
8 1468 1 1468
1 5 8 8
1 1 8 15 
2 8 9 16 
3 9 10 17 
4 10 11 18 
5 11 12 19 
6 12 13 20 
7 13 14 21 
8 14 1 22 
1 6 8 15
9 2 23 37 
10 23 24 38 
11 24 25 39 
12 25 26 40 
13 26 27 41 
14 27 28 42 
15 28 29 43 
16 29 30 44 
17 30 31 45 
18 31 32 46 
19 32 33 47 
20 33 34 48 
21 34 35 49 
22 35 36 50 
23 36 2 51 
1 7 8 19
24 3 52 70 
25 52 53 71 
26 53 54 72 
27 54 55 73 
28 55 56 74 
29 56 57 75 
30 57 58 76 
31 58 59 77 
32 59 60 78 
33 60 61 79 
34 61 62 80 
35 62 63 81 
36 63 64 82 
37 64 65 83 
38 65 66 84 
39 66 67 85 
40 67 68 86 
41 68 69 87 
42 69 3 88 
1 8 8 24
43 4 89 112 
44 89 90 113 
45 90 91 114 
46 91 92 115 
47 92 93 116 
48 93 94 117 
49 94 95 118 
50 95 96 119 
51 96 97 120 
52 97 98 121 
53 98 99 122 
54 99 100 123 
55 100 101 124 
56 101 102 125 
57 102 103 126 
58 103 104 127 
59 104 105 128 
60 105 106 129 
61 106 107 130 
62 107 108 131 
63 108 109 132 
64 109 110 133 
65 110 111 134 
66 111 5 135 
1 9 8 24
67 6 136 159 
68 136 137 160 
69 137 138 161 
70 138 139 162 
71 139 140 163 
72 140 141 164 
73 141 142 165 
74 142 143 166 
75 143 144 167 
76 144 145 168 
77 145 146 169 
78 146 147 170 
79 147 148 171 
80 148 149 172 
81 149 150 173 
82 150 151 174 
83 151 152 175 
84 152 153 176 
85 153 154 177 
86 154 155 178 
87 155 156 179 
88 156 157 180 
89 157 158 181 
90 158 4 182 
1 10 8 24
91 5 183 206 
92 183 184 207 
93 184 185 208 
94 185 186 209 
95 186 187 210 
96 187 188 211 
97 188 189 212 
98 189 190 213 
99 190 191 214 
100 191 192 215 
101 192 193 216 
102 193 194 217 
103 194 195 218 
104 195 196 219 
105 196 197 220 
106 197 198 221 
107 198 199 222 
108 199 200 223 
109 200 201 224 
110 201 202 225 
111 202 203 226 
112 203 204 227 
113 204 205 228 
114 205 7 229 
1 11 8 24
115 7 230 253 
116 230 231 254 
117 231 232 255 
118 232 233 256 
119 233 234 257 
120 234 235 258 
121 235 236 259 
122 236 237 260 
123 237 238 261 
124 238 239 262 
125 239 240 263 
126 240 241 264 
127 241 242 265 
128 242 243 266 
129 243 244 267 
130 244 245 268 
131 245 246 269 
132 246 247 270 
133 247 248 271 
134 248 249 272 
135 249 250 273 
136 250 251 274 
137 251 252 275 
138 252 6 276 
2 1 9 1330
139 628 727 323 871 872 873 
140 345 737 349 874 875 876 
141 581 771 300 877 878 879 
142 665 703 291 880 881 882 
143 328 602 601 883 884 885 
144 417 670 36 886 887 888 
145 323 744 628 889 890 873 
146 680 746 579 891 892 893 
147 382 761 550 894 895 896 
148 510 775 605 897 898 899 
149 682 730 310 900 901 902 
150 563 564 469 903 904 905 
151 483 539 417 906 907 908 
152 312 569 558 909 910 911 
153 415 417 36 912 888 913 
154 328 601 600 885 914 915 
155 546 866 297 916 917 918 
156 502 759 315 919 920 921 
157 488 553 484 922 923 924 
158 474 808 544 925 926 927 
159 550 756 382 928 929 896 
160 300 776 581 930 931 879 
161 509 599 581 932 933 934 
162 368 738 615 935 936 937 
163 553 592 546 938 939 940 
164 568 703 665 941 880 942 
165 579 746 580 892 943 944 
166 310 780 682 945 946 902 
167 546 799 553 947 948 940 
168 556 595 367 949 950 951 
169 415 483 417 952 908 912 
170 552 683 551 953 954 955 
171 404 813 659 956 957 958 
172 412 669 567 959 960 961 
173 359 594 358 962 963 964 
174 584 585 511 965 966 967 
175 659 714 404 968 969 958 
176 393 784 554 970 971 972 
177 501 750 66 973 974 975 
178 683 748 551 976 977 954 
179 35 415 36 978 913 50 
180 36 670 2 887 979 51 
181 23 418 24 980 981 38 
182 27 582 28 982 983 42 
183 349 737 616 875 984 985 
184 367 594 556 986 987 951 
185 584 769 768 988 989 990 
186 540 716 664 991 992 993 
187 592 866 546 994 916 939 
188 511 775 510 995 897 996 
189 418 752 24 997 998 981 
190 582 753 28 999 1000 983 
191 296 688 573 1001 1002 1003 
192 324 682 568 1004 1005 1006 
193 558 629 312 1007 1008 911 
194 615 737 368 1009 1010 937 
195 504 759 502 1011 919 1012 
196 297 729 546 1013 1014 918 
197 597 808 474 1015 925 1016 
198 500 560 281 1017 1018 1019 
199 542 712 696 1020 1021 1022 
200 286 551 545 1023 1024 1025 
201 319 503 502 1026 1027 1028 
202 696 712 674 1021 1029 1030 
203 359 596 594 1031 1032 962 
204 648 649 593 1033 1034 1035 
205 488 592 553 1036 938 922 
206 354 637 636 1037 1038 1039 
207 493 783 723 1040 1041 1042 
208 549 771 581 1043 877 1044 
209 567 669 501 960 1045 1046 
210 278 722 566 1047 1048 1049 
211 566 667 278 1050 1051 1049 
212 738 766 765 1052 1053 1054 
213 664 716 309 992 1055 1056 
214 599 788 581 1057 1058 933 
215 281 560 517 1018 1059 1060 
216 357 677 676 1061 1062 1063 
217 468 704 656 1064 1065 1066 
218 550 761 570 895 1067 1068 
219 768 769 10 989 1069 1070 
220 568 665 324 942 1071 1006 
221 635 662 661 1072 1073 1074 
222 765 766 14 1053 1075 1076 
223 544 800 474 1077 1078 927 
224 635 661 289 1074 1079 1080 
225 469 741 563 1081 1082 905 
226 358 594 367 963 986 1083 
227 557 869 535 1084 1085 1086 
228 656 704 603 1065 1087 1088 
229 597 718 498 1089 1090 1091 
230 357 749 677 1092 1093 1061 
231 61 498 62 1094 1095 80 
232 63 499 64 1096 1097 82 
233 60 535 284 1098 1099 1100 
234 552 750 669 1101 1102 1103 
235 669 791 552 1104 1105 1103 
236 484 553 483 923 1106 1107 
237 59 557 535 1108 1086 1109 
238 65 501 66 1110 975 84 
239 735 764 561 1111 1112 1113 
240 52 505 53 1114 1115 71 
241 312 573 569 1116 1117 909 
242 55 500 281 1118 1019 1119 
243 286 545 67 1025 1120 1121 
244 68 545 319 1122 1123 1124 
245 303 648 593 1125 1035 1126 
246 319 502 69 1028 1127 1128 
247 3 502 315 1129 921 1130 
248 714 745 404 1131 1132 969 
249 294 736 547 1133 1134 1135 
250 505 805 53 1136 1137 1115 
251 554 762 393 1138 1139 972 
252 561 772 735 1140 1141 1113 
253 585 775 511 1142 995 966 
254 661 745 714 1143 1131 1144 
255 399 734 677 1145 1146 1147 
256 568 682 512 1005 1148 1149 
257 368 737 345 1010 874 1150 
258 567 851 412 1151 1152 961 
259 535 783 284 1153 1154 1099 
260 677 749 399 1093 1155 1147 
261 498 792 62 1156 1157 1095 
262 499 794 64 1158 1159 1097 
263 718 792 498 1160 1156 1090 
264 723 783 535 1041 1153 1161 
265 560 770 517 1162 1163 1059 
266 586 717 621 1164 1165 1166 
267 621 717 476 1165 1167 1168 
268 564 731 469 1169 1170 904 
269 545 760 319 1171 1172 1123 
270 616 726 349 1173 1174 985 
271 570 794 550 1175 1176 1068 
272 554 784 556 971 1177 1178 
273 608 795 351 1179 1180 1181 
274 304 856 54 1182 1183 1184 
275 351 790 608 1185 1186 1181 
276 66 750 286 974 1187 1188 
277 636 638 354 1189 1190 1039 
278 354 705 637 1191 1192 1037 
279 54 856 500 1183 1193 1194 
280 391 662 477 1195 1196 1197 
281 511 769 584 1198 988 967 
282 547 835 294 1199 1200 1135 
283 140 771 736 1201 1202 1203 
284 740 758 199 1204 1205 1206 
285 617 726 616 1207 1173 1208 
286 309 716 576 1055 1209 1210 
287 703 832 291 1211 1212 881 
288 576 776 742 1213 1214 1215 
289 572 670 417 1216 886 1217 
290 365 607 402 1218 1219 1220 
291 720 744 323 1221 889 1222 
292 742 776 300 1214 930 1223 
293 313 797 719 1224 1225 1226 
294 627 727 628 1227 871 1228 
295 574 864 155 1229 1230 1231 
296 659 813 645 957 1232 1233 
297 536 780 663 1234 1235 1236 
298 92 867 575 1237 1238 1239 
299 576 742 309 1215 1240 1210 
300 155 777 574 1241 1242 1231 
301 605 775 317 898 1243 1244 
302 681 730 682 1245 900 1246 
303 595 608 607 1247 1248 1249 
304 575 779 92 1250 1251 1239 
305 566 722 524 1048 1252 1253 
306 285 656 603 1254 1088 1255 
307 759 774 506 1256 1257 1258 
308 535 869 723 1085 1259 1161 
309 476 622 621 1260 1261 1168 
310 719 777 313 1262 1263 1226 
311 483 553 539 1106 1264 906 
312 640 642 618 1265 1266 1267 
313 539 572 417 1268 1217 907 
314 389 662 391 1269 1195 1270 
315 359 732 596 1271 1272 1031 
316 477 662 635 1196 1072 1273 
317 583 805 507 1274 1275 1276 
318 367 607 365 1277 1218 1278 
319 323 779 720 1279 1280 1222 
320 581 776 509 931 1281 934 
321 296 806 688 1282 1283 1001 
322 640 713 282 1284 1285 1286 
323 498 808 597 1287 1015 1091 
324 736 771 549 1202 1043 1288 
325 542 696 541 1022 1289 1290 
326 402 607 518 1219 1291 1292 
327 618 713 640 1293 1284 1267 
328 579 743 680 1294 1295 893 
329 663 780 310 1235 945 1296 
330 595 607 367 1249 1277 950 
331 286 552 551 1297 955 1023 
332 56 831 57 1298 1299 75 
333 645 813 384 1232 1300 1301 
334 500 587 560 1302 1303 1017 
335 515 831 56 1304 1298 1305 
336 531 758 740 1306 1204 1307 
337 503 504 502 1308 1012 1027 
338 630 732 359 1309 1271 1310 
339 599 815 455 1311 1312 1313 
340 195 629 194 1314 1315 218 
341 573 826 296 1316 1317 1003 
342 649 822 593 1318 1319 1034 
343 588 767 298 1320 1321 1322 
344 728 729 515 1323 1324 1325 
345 447 839 572 1326 1327 1328 
346 630 755 732 1329 1330 1309 
347 617 747 708 1331 1332 1333 
348 598 851 567 1334 1151 1335 
349 679 840 812 1336 1337 1338 
350 282 713 619 1285 1339 1340 
351 384 810 645 1341 1342 1301 
352 282 619 98 1340 1343 1344 
353 708 726 617 1345 1207 1333 
354 812 840 602 1337 1346 1347 
355 194 629 325 1315 1348 1349 
356 312 629 195 1008 1314 1350 
357 647 774 759 1351 1256 1352 
358 547 736 549 1134 1288 1353 
359 667 809 690 1354 1355 1356 
360 455 815 589 1312 1357 1358 
361 148 624 147 1359 1360 171 
362 656 843 468 1361 1362 1066 
363 592 869 866 1363 1364 994 
364 566 809 667 1365 1354 1050 
365 593 739 303 1366 1367 1126 
366 624 625 147 1368 1369 1360 
367 682 780 512 946 1370 1148 
368 772 838 307 1371 1372 1373 
369 98 619 97 1343 1374 121 
370 306 611 610 1375 1376 1377 
371 600 725 328 1378 1379 915 
372 284 808 498 1380 1287 1381 
373 591 801 188 1382 1383 1384 
374 287 659 644 1385 1386 1387 
375 476 724 622 1388 1389 1260 
376 188 803 591 1390 1391 1384 
377 644 659 645 1386 1233 1392 
378 615 626 611 1393 1394 1395 
379 298 846 588 1396 1397 1322 
380 151 609 305 1398 1399 1400 
381 306 610 96 1377 1401 1402 
382 651 782 770 1403 1404 1405 
383 611 626 610 1394 1406 1376 
384 528 638 636 1407 1189 1408 
385 586 834 585 1409 1410 1411 
386 368 766 738 1412 1052 935 
387 669 750 501 1102 973 1045 
388 572 807 447 1413 1414 1328 
389 634 861 692 1415 1416 1417 
390 550 794 499 1176 1158 1418 
391 149 620 283 1419 1420 1421 
392 696 821 541 1422 1423 1289 
393 157 627 313 1424 1425 1426 
394 620 622 283 1427 1428 1420 
395 627 628 313 1228 1429 1425 
396 146 625 290 1430 1431 1432 
397 590 814 293 1433 1434 1435 
398 153 605 317 1436 1244 1437 
399 318 606 94 1438 1439 1440 
400 631 633 632 1441 1442 1443 
401 610 626 318 1406 1444 1445 
402 538 792 718 1446 1160 1447 
403 738 765 514 1054 1448 1449 
404 283 624 148 1450 1359 1451 
405 644 700 287 1452 1453 1387 
406 317 609 152 1454 1455 1456 
407 95 610 318 1457 1445 1458 
408 147 625 146 1369 1430 170 
409 277 631 331 1459 1460 1461 
410 331 631 334 1460 1462 1463 
411 639 640 282 1464 1286 1465 
412 305 621 620 1466 1467 1468 
413 613 615 611 1469 1395 1470 
414 306 612 611 1471 1472 1375 
415 99 639 282 1473 1465 1474 
416 153 317 152 1437 1456 176 
417 157 313 156 1426 1475 180 
418 95 318 94 1458 1440 118 
419 332 853 638 1476 1477 1478 
420 97 619 306 1374 1479 1480 
421 305 620 150 1468 1481 1482 
422 612 613 611 1483 1470 1472 
423 151 305 150 1400 1482 174 
424 97 306 96 1480 1402 120 
425 636 637 521 1038 1484 1485 
426 353 726 708 1486 1345 1487 
427 321 848 601 1488 1489 1490 
428 587 844 443 1491 1492 1493 
429 607 608 518 1248 1494 1291 
430 653 654 490 1495 1496 1497 
431 337 340 338 1498 1499 1500 
432 340 358 342 1501 1502 1503 
433 277 331 330 1461 1504 1505 
434 631 632 334 1443 1506 1462 
435 487 636 521 1507 1485 1508 
436 628 797 313 1509 1224 1429 
437 331 333 332 1510 1511 1512 
438 154 605 153 1513 1436 177 
439 622 623 283 1514 1515 1428 
440 287 700 101 1453 1516 1517 
441 335 337 336 1518 1519 1520 
442 94 606 93 1439 1521 117 
443 428 654 653 1522 1495 1523 
444 586 870 834 1524 1525 1409 
445 614 616 613 1526 1527 1528 
446 149 283 148 1421 1451 172 
447 99 282 98 1474 1344 122 
448 334 335 333 1529 1530 1531 
449 158 627 157 1532 1424 181 
450 152 609 151 1455 1398 175 
451 96 610 95 1401 1457 119 
452 91 323 90 1533 1534 114 
453 335 336 333 1520 1535 1530 
454 690 811 667 1536 1537 1356 
455 340 359 358 1538 964 1501 
456 621 870 586 1539 1524 1166 
457 709 795 784 1540 1541 1542 
458 358 367 365 1083 1278 1543 
459 331 332 330 1512 1544 1504 
460 471 631 277 1545 1459 1546 
461 277 330 33 1505 1547 1548 
462 293 801 590 1549 1550 1435 
463 428 653 652 1523 1551 1552 
464 340 630 359 1553 1310 1538 
465 100 639 99 1554 1473 123 
466 487 521 493 1508 1555 1556 
467 641 642 640 1557 1265 1558 
468 337 338 336 1500 1559 1519 
469 150 620 149 1481 1419 173 
470 340 342 338 1503 1560 1499 
471 621 622 620 1261 1427 1467 
472 528 636 487 1408 1507 1561 
473 497 694 377 1562 1563 1564 
474 314 649 648 1565 1033 1566 
475 485 487 486 1567 1568 1569 
476 32 277 33 1570 1548 47 
477 337 630 340 1571 1553 1498 
478 279 537 499 1572 1573 1574 
479 516 684 381 1575 1576 1577 
480 62 279 63 1578 1579 81 
481 658 659 287 1580 1385 1581 
482 331 334 333 1463 1531 1510 
483 279 538 537 1582 1583 1572 
484 192 646 314 1584 1585 1586 
485 416 485 484 1587 1588 1589 
486 639 641 640 1590 1558 1464 
487 561 838 772 1591 1371 1140 
488 314 648 191 1566 1592 1593 
489 639 700 641 1594 1595 1590 
490 289 661 660 1079 1596 1597 
491 507 836 583 1598 1599 1276 
492 279 499 63 1574 1096 1579 
493 485 486 484 1569 1600 1588 
494 32 471 277 1601 1546 1570 
495 485 528 487 1602 1561 1567 
496 428 652 429 1552 1603 1604 
497 335 339 337 1605 1606 1518 
498 325 647 646 1607 1608 1609 
499 339 630 337 1610 1571 1606 
500 521 544 493 1611 1612 1555 
501 612 614 613 1613 1528 1483 
502 487 493 486 1556 1614 1568 
503 284 498 61 1381 1094 1615 
504 102 658 287 1616 1581 1617 
505 448 654 424 1618 1619 1620 
506 544 783 493 1621 1040 1612 
507 490 654 448 1496 1618 1622 
508 650 651 450 1623 1624 1625 
509 289 660 104 1597 1626 1627 
510 358 365 342 1543 1628 1502 
511 439 650 450 1629 1625 1630 
512 652 653 651 1551 1631 1632 
513 650 652 651 1633 1632 1623 
514 298 416 415 1634 1635 1636 
515 416 484 483 1589 1107 1637 
516 641 700 644 1595 1452 1638 
517 304 805 583 1639 1274 1640 
518 325 646 193 1609 1641 1642 
519 409 692 408 1643 1644 1645 
520 495 496 414 1646 1647 1648 
521 402 518 472 1292 1649 1650 
522 471 633 631 1651 1441 1545 
523 668 669 412 1652 959 1653 
524 190 648 303 1654 1125 1655 
525 451 489 448 1656 1657 1658 
526 439 450 443 1630 1659 1660 
527 416 483 415 1637 952 1635 
528 429 652 432 1603 1661 1662 
529 293 663 186 1663 1664 1665 
530 632 671 334 1666 1667 1506 
531 655 656 285 1668 1254 1669 
532 447 448 424 1670 1620 1671 
533 201 655 285 1672 1669 1673 
534 420 422 421 1674 1675 1676 
535 194 325 193 1349 1642 217 
536 192 314 191 1586 1593 215 
537 439 443 440 1660 1677 1678 
538 390 668 412 1679 1653 1680 
539 288 670 420 1681 1682 1683 
540 451 546 489 1684 1685 1656 
541 298 415 35 1636 978 1686 
542 422 424 423 1687 1688 1689 
543 655 657 656 1690 1691 1668 
544 434 650 439 1692 1629 1693 
545 447 451 448 1694 1658 1670 
546 190 303 189 1655 1695 213 
547 103 660 658 1696 1697 1698 
548 432 652 650 1661 1633 1699 
549 108 665 291 1700 882 1701 
550 614 617 616 1702 1208 1526 
551 432 650 434 1699 1692 1703 
552 425 654 428 1704 1522 1705 
553 278 667 666 1051 1706 1707 
554 525 583 526 1708 1709 1710 
555 103 658 102 1698 1616 126 
556 444 525 452 1711 1712 1713 
557 196 312 195 1714 1350 219 
558 278 666 234 1707 1715 1716 
559 422 447 424 1717 1671 1687 
560 424 654 425 1619 1704 1718 
561 198 296 197 1719 1720 221 
562 102 287 101 1617 1517 125 
563 53 805 304 1137 1639 1721 
564 144 664 309 1722 1056 1723 
565 495 559 496 1724 1725 1646 
566 292 570 567 1726 1727 1728 
567 381 684 406 1576 1729 1730 
568 434 439 436 1693 1731 1732 
569 187 293 186 1733 1665 210 
570 396 668 392 1734 1735 1736 
571 392 668 390 1735 1679 1737 
572 401 683 397 1738 1739 1740 
573 422 423 421 1689 1741 1675 
574 397 683 396 1739 1742 1743 
575 193 646 192 1641 1584 216 
576 420 421 419 1676 1744 1745 
577 191 648 190 1592 1654 214 
578 34 298 35 1746 1686 49 
579 425 428 427 1705 1747 1748 
580 201 285 200 1673 1749 224 
581 486 488 484 1750 924 1600 
582 288 420 419 1683 1745 1751 
583 424 425 423 1718 1752 1688 
584 489 490 448 1753 1622 1657 
585 641 643 642 1754 1755 1557 
586 108 291 107 1701 1756 131 
587 105 289 104 1757 1627 128 
588 307 657 655 1758 1690 1759 
589 443 444 440 1760 1761 1677 
590 395 396 392 1762 1736 1763 
591 307 655 202 1759 1764 1765 
592 290 664 145 1766 1767 1768 
593 2 670 288 979 1681 1769 
594 570 598 567 1770 1335 1727 
595 235 278 234 1771 1716 258 
596 146 290 145 1432 1768 169 
597 681 682 324 1246 1004 1772 
598 185 663 310 1773 1296 1774 
599 413 414 401 1775 1776 1777 
600 329 673 242 1778 1779 1780 
601 104 660 103 1626 1696 127 
602 400 401 397 1781 1740 1782 
603 186 663 185 1664 1773 209 
604 233 666 308 1783 1784 1785 
605 324 665 109 1071 1786 1787 
606 202 655 201 1764 1672 225 
607 673 674 301 1788 1789 1790 
608 432 434 433 1703 1791 1792 
609 439 440 436 1678 1793 1731 
610 377 694 379 1563 1794 1795 
611 109 665 108 1786 1700 132 
612 429 432 431 1662 1796 1797 
613 144 309 143 1723 1798 167 
614 302 675 249 1799 1800 1801 
615 548 686 460 1802 1803 1804 
616 234 666 233 1715 1783 257 
617 311 679 247 1805 1806 1807 
618 203 307 202 1808 1765 226 
619 537 550 499 1809 1418 1573 
620 301 680 240 1810 1811 1812 
621 231 678 470 1813 1814 1815 
622 245 328 244 1816 1817 268 
623 145 664 144 1767 1722 168 
624 241 673 301 1818 1790 1819 
625 248 311 247 1820 1807 271 
626 233 308 232 1785 1821 256 
627 243 329 242 1822 1780 266 
628 423 687 421 1823 1824 1741 
629 248 675 311 1825 1826 1820 
630 308 678 232 1827 1828 1821 
631 60 284 61 1100 1615 79 
632 390 412 388 1680 1829 1830 
633 549 581 548 1044 1831 1832 
634 238 280 237 1833 1834 261 
635 240 680 239 1811 1835 263 
636 110 681 324 1836 1772 1837 
637 241 301 240 1819 1812 264 
638 547 548 460 1838 1804 1839 
639 142 300 141 1840 1841 165 
640 247 679 246 1806 1842 270 
641 139 294 138 1843 1844 162 
642 242 673 241 1779 1818 265 
643 426 687 423 1845 1823 1846 
644 525 526 452 1710 1847 1712 
645 185 310 184 1774 1848 208 
646 110 324 109 1837 1787 133 
647 250 302 249 1849 1801 273 
648 249 675 248 1800 1825 272 
649 111 681 110 1850 1836 134 
650 232 678 231 1828 1813 255 
651 231 470 230 1815 1851 254 
652 421 438 419 1852 1853 1744 
653 137 469 136 1854 1855 160 
654 59 535 60 1109 1098 78 
655 455 589 453 1358 1856 1857 
656 395 397 396 1858 1743 1762 
657 618 747 617 1859 1331 1860 
658 494 495 414 1861 1648 1862 
659 428 429 427 1604 1863 1747 
660 2 288 23 1769 1864 37 
661 30 295 31 1865 1866 45 
662 432 433 431 1792 1867 1796 
663 379 516 381 1868 1577 1869 
664 436 691 435 1870 1871 1872 
665 456 461 458 1873 1874 1875 
666 547 549 548 1353 1832 1838 
667 461 565 527 1876 1877 1878 
668 425 427 426 1748 1879 1880 
669 600 601 491 914 1881 1882 
670 288 419 418 1751 1883 1884 
671 28 299 29 1885 1886 43 
672 406 409 408 1887 1645 1888 
673 459 460 457 1889 1890 1891 
674 532 547 460 1892 1839 1893 
675 419 672 418 1894 1895 1883 
676 408 692 479 1644 1896 1897 
677 434 436 435 1732 1872 1898 
678 579 580 578 944 1899 1900 
679 533 564 563 1901 903 1902 
680 288 418 23 1884 980 1864 
681 26 321 27 1903 1904 41 
682 673 696 674 1905 1030 1788 
683 24 316 25 1906 1907 39 
684 299 453 29 1908 1909 1886 
685 400 413 401 1910 1777 1781 
686 533 563 532 1902 1911 1912 
687 461 527 458 1878 1913 1874 
688 459 532 460 1914 1893 1889 
689 441 468 464 1915 1916 1917 
690 459 533 532 1918 1912 1914 
691 454 455 453 1919 1857 1920 
692 316 542 541 1921 1290 1922 
693 530 604 482 1923 1924 1925 
694 299 456 454 1926 1927 1928 
695 299 454 453 1928 1920 1908 
696 321 582 27 1929 982 1904 
697 577 578 523 1930 1931 1932 
698 375 497 377 1933 1564 1934 
699 522 523 449 1935 1936 1937 
700 462 566 524 1938 1253 1939 
701 458 459 457 1940 1891 1941 
702 456 458 457 1875 1941 1942 
703 316 491 25 1943 1944 1907 
704 438 672 419 1945 1894 1853 
705 456 457 454 1942 1946 1927 
706 435 691 441 1871 1947 1948 
707 518 676 472 1949 1950 1649 
708 425 426 423 1880 1846 1752 
709 460 686 457 1803 1951 1890 
710 434 435 433 1898 1952 1791 
711 406 684 409 1729 1953 1887 
712 421 687 438 1824 1954 1852 
713 541 600 491 1955 1882 1956 
714 316 541 491 1922 1956 1943 
715 446 481 437 1957 1958 1959 
716 454 686 455 1960 1961 1919 
717 523 689 449 1962 1963 1936 
718 459 685 533 1964 1965 1918 
719 458 685 459 1966 1964 1940 
720 527 685 458 1967 1966 1913 
721 658 714 659 1968 968 1580 
722 529 561 530 1969 1970 1971 
723 577 579 578 1972 1900 1930 
724 457 686 454 1951 1960 1946 
725 444 452 445 1713 1973 1974 
726 55 281 56 1119 1975 74 
727 429 431 430 1797 1976 1977 
728 479 571 508 1978 1979 1980 
729 529 530 482 1971 1925 1981 
730 522 577 523 1982 1932 1935 
731 442 449 430 1983 1984 1985 
732 58 557 59 1986 1108 77 
733 431 442 430 1987 1985 1976 
734 66 286 67 1188 1121 85 
735 391 392 390 1988 1737 1989 
736 441 464 446 1917 1990 1991 
737 464 529 482 1992 1981 1993 
738 435 441 437 1948 1994 1995 
739 578 702 523 1996 1997 1931 
740 413 494 414 1998 1862 1775 
741 464 482 446 1993 1999 1990 
742 64 292 65 2000 2001 83 
743 441 446 437 1991 1959 1994 
744 394 395 392 2002 1763 2003 
745 531 603 520 2004 2005 2006 
746 100 700 639 2007 1594 1554 
747 398 400 397 2008 1782 2009 
748 334 671 335 1667 2010 1529 
749 442 462 449 2011 2012 1983 
750 462 522 449 2013 1937 2012 
751 429 430 427 1977 2014 1863 
752 462 524 522 1939 2015 2013 
753 57 297 58 2016 2017 76 
754 441 691 468 1947 2018 1915 
755 604 690 482 2019 2020 1924 
756 295 861 849 2021 2022 2023 
757 433 693 431 2024 2025 1867 
758 435 437 433 1995 2026 1952 
759 362 399 360 2027 2028 2029 
760 512 536 411 2030 2031 2032 
761 332 588 330 2033 2034 1544 
762 427 689 426 2035 2036 1879 
763 67 545 68 1120 1122 86 
764 446 690 481 2037 2038 1957 
765 54 500 55 1194 1118 73 
766 495 593 559 2039 2040 1724 
767 508 599 509 2041 932 2042 
768 437 693 433 2043 2024 2026 
769 379 694 516 1794 2044 1868 
770 281 515 56 2045 1305 1975 
771 53 304 54 1721 1184 72 
772 444 445 440 1974 2046 1761 
773 477 635 543 1273 2047 2048 
774 430 689 427 2049 2035 2014 
775 463 568 512 2050 1149 2051 
776 395 398 397 2052 2009 1858 
777 482 690 446 2020 2037 1999 
778 481 693 437 2053 2043 1958 
779 68 319 69 1124 1128 87 
780 292 501 65 2054 1110 2001 
781 329 696 673 2055 1905 1778 
782 389 390 388 2056 1830 2057 
783 449 689 430 1963 2049 1984 
784 398 463 411 2058 2059 2060 
785 509 576 480 2061 2062 2063 
786 431 693 442 2025 2064 1987 
787 391 394 392 2065 2003 1988 
788 519 520 445 2066 2067 2068 
789 328 812 602 2069 1347 883 
790 292 567 501 1728 1046 2054 
791 508 509 480 2042 2063 2070 
792 398 411 400 2060 2071 2008 
793 536 698 411 2072 2073 2031 
794 519 531 520 2074 2006 2066 
795 452 519 445 2075 2068 1973 
796 3 315 52 1130 2076 70 
797 462 701 566 2077 2078 1938 
798 463 512 411 2051 2032 2059 
799 479 508 480 1980 2070 2079 
800 321 695 582 2080 2081 1929 
801 526 688 452 2082 2083 1847 
802 101 700 100 1516 2007 124 
803 389 391 390 1270 1989 2056 
804 394 697 395 2084 2085 2002 
805 413 590 494 2086 2087 1998 
806 69 502 3 1127 1129 88 
807 580 706 578 2088 2089 1899 
808 471 634 633 2090 2091 1651 
809 281 517 515 1060 2092 2045 
810 477 534 394 2093 2094 2095 
811 479 692 571 1896 2096 1978 
812 440 699 436 2097 2098 1793 
813 590 591 494 2099 2100 2087 
814 477 543 534 2048 2101 2093 
815 436 699 691 2098 2102 1870 
816 391 477 394 1197 2095 2065 
817 578 706 702 2089 2103 1996 
818 452 688 519 2083 2104 2075 
819 387 388 386 2105 2106 2107 
820 661 714 660 1144 2108 1596 
821 534 697 394 2109 2084 2094 
822 693 701 442 2110 2111 2064 
823 395 697 398 2085 2112 2052 
824 385 386 383 2113 2114 2115 
825 315 505 52 2116 1114 2076 
826 445 699 440 2117 2097 2046 
827 644 645 643 1392 2118 2119 
828 558 569 507 910 2120 2121 
829 400 698 413 2122 2123 1910 
830 411 698 400 2073 2122 2071 
831 481 701 693 2124 2110 2053 
832 534 703 697 2125 2126 2109 
833 398 697 463 2112 2127 2058 
834 472 676 475 1950 2128 2129 
835 387 389 388 2130 2057 2105 
836 410 584 371 2131 2132 2133 
837 520 699 445 2134 2117 2067 
838 697 703 463 2126 2135 2127 
839 442 701 462 2111 2077 2011 
840 479 480 478 2079 2136 2137 
841 506 507 505 2138 2139 2140 
842 676 677 475 1062 2141 2128 
843 583 804 304 2142 2143 1640 
844 426 702 687 2144 2145 1845 
845 580 710 706 2146 2147 2088 
846 413 698 590 2123 2148 2086 
847 338 354 336 2149 2150 1559 
848 306 619 612 1479 2151 1471 
849 506 558 507 2152 2121 2138 
850 365 402 366 1220 2153 2154 
851 408 479 478 1897 2137 2155 
852 689 702 426 2156 2144 2036 
853 699 704 691 2157 2158 2102 
854 623 624 283 2159 1450 1515 
855 523 702 689 1997 2156 1962 
856 385 387 386 2160 2107 2113 
857 709 784 393 1542 970 2161 
858 478 540 407 2162 2163 2164 
859 315 506 505 2165 2140 2116 
860 402 472 403 1650 2166 2167 
861 406 408 407 1888 2168 2169 
862 472 475 473 2129 2170 2171 
863 385 404 387 2172 2173 2160 
864 520 704 699 2174 2157 2134 
865 463 703 568 2135 941 2050 
866 408 478 407 2155 2164 2168 
867 363 384 383 2175 2176 2177 
868 603 704 520 1087 2174 2005 
869 702 706 687 2103 2178 2145 
870 753 859 461 2179 2180 2181 
871 384 385 383 2182 2115 2176 
872 641 644 643 1638 2119 1754 
873 496 857 748 2183 2184 2185 
874 406 407 405 2169 2186 2187 
875 363 382 362 2188 2189 2190 
876 355 357 352 2191 2192 2193 
877 405 492 380 2194 2195 2196 
878 691 704 468 2158 1064 2018 
879 8 347 9 2197 2198 16 
880 363 383 382 2177 2199 2188 
881 381 406 405 1730 2187 2200 
882 365 366 342 2154 2201 1628 
883 350 351 346 2202 2203 2204 
884 687 706 438 2178 2205 1954 
885 1 341 8 2206 2207 15 
886 335 671 339 2010 2208 1605 
887 472 473 403 2171 2209 2166 
888 473 474 403 2210 2211 2209 
889 402 403 366 2167 2212 2153 
890 706 710 438 2147 2213 2205 
891 438 710 672 2213 2214 1945 
892 344 393 341 2215 2216 2217 
893 473 597 474 2218 1016 2210 
894 379 381 380 1869 2219 2220 
895 356 364 361 2221 2222 2223 
896 361 363 362 2224 2190 2225 
897 353 708 356 1487 2226 2227 
898 361 362 360 2225 2029 2228 
899 377 379 378 1795 2229 2230 
900 381 405 380 2200 2196 2219 
901 576 716 480 1209 2231 2062 
902 614 618 617 2232 1860 1702 
903 540 707 407 2233 2234 2163 
904 379 380 378 2220 2235 2229 
905 350 353 352 2236 2237 2238 
906 350 352 351 2238 2239 2202 
907 847 865 295 2240 2241 2242 
908 356 360 355 2243 2244 2245 
909 554 556 555 1178 2246 2247 
910 342 705 338 2248 2249 1560 
911 594 596 555 1032 2250 2251 
912 353 355 352 2252 2193 2237 
913 375 377 376 1934 2253 2254 
914 407 707 405 2234 2255 2186 
915 405 707 492 2255 2256 2194 
916 338 705 354 2249 1191 2149 
917 377 378 376 2230 2257 2253 
918 488 869 592 2258 1363 1036 
919 347 554 369 2259 2260 2261 
920 356 361 360 2223 2228 2243 
921 363 711 384 2262 2263 2175 
922 353 356 355 2227 2245 2252 
923 478 716 540 2264 991 2162 
924 356 708 364 2226 2265 2221 
925 376 476 374 2266 2267 2268 
926 366 705 342 2269 2248 2201 
927 513 514 327 2270 2271 2272 
928 556 594 555 987 2251 2246 
929 373 375 374 2273 2274 2275 
930 660 714 658 2108 1968 1697 
931 349 350 346 2276 2204 2277 
932 339 755 630 2278 1329 1610 
933 410 585 584 2279 965 2131 
934 710 712 672 2280 2281 2214 
935 370 373 372 2282 2283 2284 
936 375 376 374 2254 2268 2274 
937 344 709 393 2285 2161 2215 
938 11 322 12 2286 2287 19 
939 361 711 363 2288 2262 2224 
940 364 711 361 2289 2288 2222 
941 351 709 346 2290 2291 2203 
942 345 346 344 2292 2293 2294 
943 326 511 510 2295 996 2296 
944 480 716 478 2231 2264 2136 
945 849 861 634 2022 1415 2297 
946 372 410 371 2298 2133 2299 
947 343 368 345 2300 1150 2301 
948 375 721 497 2302 2303 1933 
949 346 709 344 2291 2285 2293 
950 236 722 235 2304 2305 259 
951 370 371 348 2306 2307 2308 
952 554 555 369 2247 2309 2260 
953 410 586 585 2310 1411 2279 
954 12 320 13 2311 2312 20 
955 373 374 372 2275 2313 2283 
956 475 718 473 2314 2315 2170 
957 612 713 614 2316 2317 1613 
958 345 349 346 876 2277 2292 
959 347 348 9 2318 2319 2198 
960 596 721 715 2320 2321 2322 
961 619 713 612 1339 2316 2151 
962 1 343 341 2323 2324 2206 
963 370 372 371 2284 2299 2306 
964 343 344 341 2325 2217 2324 
965 343 345 344 2301 2294 2325 
966 614 713 618 2317 1293 2232 
967 347 369 348 2261 2326 2318 
968 465 466 322 2327 2328 2329 
969 729 831 515 2330 1304 1324 
970 369 370 348 2331 2308 2326 
971 596 715 555 2322 2332 2250 
972 715 721 373 2321 2333 2334 
973 236 733 722 2335 2336 2304 
974 11 326 322 2337 2338 2286 
975 493 723 486 1042 2339 1614 
976 476 717 374 1167 2340 2267 
977 605 864 510 2341 2342 899 
978 320 562 467 2343 2344 2345 
979 555 715 369 2332 2346 2309 
980 455 788 599 2347 1057 1313 
981 595 795 608 2348 1179 1247 
982 410 717 586 2349 1164 2310 
983 386 851 598 2350 1334 2351 
984 372 717 410 2352 2349 2298 
985 320 327 13 2353 2354 2312 
986 473 718 597 2315 1089 2218 
987 374 717 372 2340 2352 2313 
988 370 715 373 2355 2334 2282 
989 328 725 244 1379 2356 1817 
990 243 725 329 2357 2358 1822 
991 589 865 847 2359 2240 2360 
992 369 715 370 2346 2355 2331 
993 613 737 615 2361 1009 1469 
994 552 791 683 1105 2362 953 
995 504 763 647 2363 2364 2365 
996 467 513 327 2366 2272 2367 
997 326 510 465 2296 2368 2369 
998 513 867 606 2370 2371 2372 
999 738 828 615 2373 2374 936 
1000 235 722 278 2305 1047 1771 
1001 326 465 322 2369 2329 2338 
1002 467 575 513 2375 2376 2366 
1003 90 727 89 2377 2378 113 
1004 510 574 465 2379 2380 2368 
1005 642 747 618 2381 1859 1266 
1006 320 467 327 2345 2367 2353 
1007 546 729 489 1014 2382 1685 
1008 507 805 505 1275 1136 2139 
1009 376 724 476 2383 1388 2266 
1010 373 721 375 2333 2302 2273 
1011 184 730 183 2384 2385 207 
1012 582 859 753 2386 2179 999 
1013 722 733 524 2336 2387 1252 
1014 663 814 536 2388 2389 1236 
1015 517 728 515 2390 1325 2092 
1016 465 719 466 2391 2392 2327 
1017 748 857 551 2184 2393 977 
1018 280 733 237 2394 2395 1834 
1019 678 764 470 2396 2397 1814 
1020 339 787 755 2398 2399 2278 
1021 350 726 353 2400 1486 2236 
1022 510 864 574 2342 1229 2379 
1023 622 724 623 1389 2401 1514 
1024 140 736 139 1203 2402 163 
1025 562 720 467 2403 2404 2344 
1026 601 824 321 2405 2406 1490 
1027 200 740 199 2407 1206 223 
1028 495 739 593 2408 1366 2039 
1029 574 719 465 2409 2391 2380 
1030 575 867 513 1238 2370 2376 
1031 603 740 285 2410 2411 1255 
1032 467 720 575 2404 2412 2375 
1033 591 739 494 2413 2414 2100 
1034 486 723 488 2339 2415 1750 
1035 744 850 797 2416 2417 2418 
1036 309 742 143 1240 2419 1798 
1037 294 741 138 2420 2421 1844 
1038 142 742 300 2422 1223 1840 
1039 137 741 469 2423 1081 1854 
1040 58 866 557 2424 2425 1986 
1041 680 743 239 1295 2426 1835 
1042 297 866 58 917 2424 2017 
1043 238 743 280 2427 2428 1833 
1044 866 869 557 1364 1084 2425 
1045 624 789 625 2429 2430 1368 
1046 767 818 528 2431 2432 2433 
1047 695 854 565 2434 2435 2436 
1048 378 724 376 2437 2383 2257 
1049 506 774 558 1257 2438 2152 
1050 301 746 680 2439 891 1810 
1051 312 826 573 2440 1316 1116 
1052 244 725 243 2356 2357 267 
1053 252 731 251 2441 2442 275 
1054 744 797 628 2418 1509 890 
1055 647 759 504 1352 1011 2365 
1056 626 786 318 2443 2444 1444 
1057 496 748 414 2185 2445 1647 
1058 401 748 683 2446 976 1738 
1059 747 785 364 2447 2448 2449 
1060 638 818 332 2450 2451 1478 
1061 664 858 540 2452 2453 993 
1062 692 863 634 2454 2455 1417 
1063 399 749 360 1155 2456 2028 
1064 313 777 156 1263 2457 1475 
1065 323 727 90 872 2377 1534 
1066 770 782 517 1404 2458 1163 
1067 456 753 461 2459 2181 1873 
1068 28 753 299 1000 2460 1885 
1069 24 752 316 998 2461 1906 
1070 708 747 364 1332 2449 2265 
1071 250 754 302 2462 2463 1849 
1072 349 726 350 1174 2400 2276 
1073 443 830 587 2464 2465 1493 
1074 305 870 621 2466 1539 1466 
1075 13 765 14 2467 1076 21 
1076 489 728 490 2468 2469 1753 
1077 355 749 357 2470 1092 2191 
1078 844 856 804 2471 2472 2473 
1079 705 757 637 2474 2475 1192 
1080 789 817 625 2476 2477 2430 
1081 314 763 649 2478 2479 1565 
1082 596 732 721 1272 2480 2320 
1083 492 751 380 2481 2482 2195 
1084 10 769 11 1069 2483 18 
1085 647 763 646 2364 2484 1608 
1086 199 758 198 1205 2485 222 
1087 91 779 323 2486 1279 1533 
1088 584 768 371 990 2487 2132 
1089 485 767 528 2488 2433 1602 
1090 308 811 604 2489 2490 2491 
1091 382 756 362 929 2492 2189 
1092 635 781 543 2493 2494 2047 
1093 310 730 184 901 2384 1848 
1094 14 766 1 1075 2495 22 
1095 298 767 416 1321 2496 1634 
1096 9 768 10 2497 1070 17 
1097 289 781 635 2498 2493 1080 
1098 389 745 662 2499 2500 1269 
1099 653 782 651 2501 1403 1631 
1100 329 821 696 2502 1422 2055 
1101 474 757 403 2503 2504 2211 
1102 141 771 140 2505 1201 164 
1103 203 772 307 2506 1373 1808 
1104 327 765 13 2507 2467 2354 
1105 721 732 497 2480 2508 2303 
1106 692 861 571 1416 2509 2096 
1107 470 764 735 2397 1111 2510 
1108 606 786 513 2511 2512 2372 
1109 366 757 705 2513 2474 2269 
1110 11 769 326 2483 2514 2337 
1111 105 781 289 2515 2498 1757 
1112 237 733 236 2395 2335 260 
1113 685 778 533 2516 2517 1965 
1114 538 734 537 2518 2519 1583 
1115 387 745 389 2520 2499 2130 
1116 8 762 347 2521 2522 2197 
1117 341 762 8 2523 2521 2207 
1118 205 735 204 2524 2525 228 
1119 671 787 339 2526 2398 2208 
1120 616 737 613 984 2361 1527 
1121 1 766 343 2495 2527 2323 
1122 348 768 9 2528 2497 2319 
1123 62 792 279 1157 2529 1578 
1124 531 740 603 1307 2410 2004 
1125 581 788 548 1058 2530 1831 
1126 139 736 294 2402 1133 1843 
1127 404 745 387 1132 2520 2173 
1128 155 864 154 1230 2531 178 
1129 93 867 92 2532 1237 116 
1130 793 862 577 2533 2534 2535 
1131 686 788 455 2536 2347 1961 
1132 668 791 669 2537 1104 1652 
1133 683 791 396 2362 2538 1742 
1134 556 784 595 1177 2539 949 
1135 285 740 200 2411 2407 1749 
1136 521 800 544 2540 1077 1611 
1137 351 795 709 1180 1540 2290 
1138 494 739 495 2414 2408 1861 
1139 732 755 497 1330 2541 2508 
1140 352 790 351 2542 1185 2239 
1141 822 868 503 2543 2544 2545 
1142 602 824 601 2546 2405 884 
1143 685 796 778 2547 2548 2516 
1144 572 839 670 1327 2549 1216 
1145 64 794 292 1159 2550 2000 
1146 517 782 728 2458 2551 2390 
1147 678 841 764 2552 2553 2396 
1148 378 751 724 2554 2555 2437 
1149 559 760 496 2556 2557 1725 
1150 513 786 514 2512 2558 2270 
1151 322 773 12 2559 2560 2287 
1152 638 853 354 1477 2561 1190 
1153 291 802 107 2562 2563 1756 
1154 188 801 187 1383 2564 211 
1155 781 802 543 2565 2566 2494 
1156 189 803 188 2567 1390 212 
1157 615 828 626 2374 2568 1393 
1158 294 835 741 1200 2569 2420 
1159 12 773 320 2560 2570 2311 
1160 333 853 332 2571 1476 1511 
1161 840 854 695 2572 2434 2573 
1162 529 843 657 2574 2575 2576 
1163 724 751 623 2555 2577 2401 
1164 138 741 137 2421 2423 161 
1165 666 811 308 2578 2489 1784 
1166 143 742 142 2419 2422 166 
1167 89 816 4 2579 2580 112 
1168 4 816 158 2580 2581 182 
1169 679 812 246 1338 2582 1842 
1170 245 812 328 2583 2069 1816 
1171 671 798 787 2584 2585 2526 
1172 690 809 481 1355 2586 2038 
1173 196 826 312 2587 2440 1714 
1174 296 826 197 1317 2588 1720 
1175 239 743 238 2426 2427 262 
1176 670 839 420 2549 2589 1682 
1177 183 819 5 2590 2591 206 
1178 5 819 111 2591 2592 135 
1179 136 820 6 2593 2594 159 
1180 6 820 252 2594 2595 276 
1181 571 815 508 2596 2597 1979 
1182 443 844 444 1492 2598 1760 
1183 662 745 661 2500 1143 1073 
1184 701 809 566 2599 1365 2078 
1185 422 839 447 2600 1326 1717 
1186 388 851 386 2601 2350 2106 
1187 558 774 629 2438 2602 1007 
1188 384 813 385 1300 2603 2182 
1189 25 848 26 2604 2605 40 
1190 29 847 30 2606 2607 44 
1191 453 847 29 2608 2606 1909 
1192 491 848 25 2609 2604 1944 
1193 532 835 547 2610 1199 1892 
1194 489 729 728 2382 1323 2468 
1195 672 860 418 2611 2612 1895 
1196 629 774 325 2602 2613 1348 
1197 464 843 529 2614 2574 1992 
1198 330 846 33 2615 2616 1547 
1199 698 814 590 2617 1433 2148 
1200 383 842 382 2618 2619 2199 
1201 657 843 656 2575 1361 1691 
1202 32 849 471 2620 2621 1601 
1203 33 846 34 2616 2622 48 
1204 688 845 573 2623 2624 1002 
1205 31 849 32 2625 2620 46 
1206 534 832 703 2626 1211 2125 
1207 230 823 7 2627 2628 253 
1208 7 823 205 2628 2629 229 
1209 674 746 301 2630 2439 1789 
1210 770 830 450 2631 2632 2633 
1211 286 750 552 1187 1101 1297 
1212 354 853 336 2561 2634 2150 
1213 280 862 793 2635 2533 2636 
1214 537 852 550 2637 2638 1809 
1215 34 846 298 2622 1396 1746 
1216 598 842 386 2639 2640 2351 
1217 642 785 747 2641 2447 2381 
1218 626 828 786 2568 2642 2443 
1219 295 849 31 2023 2625 1866 
1220 580 833 710 2643 2644 2146 
1221 587 856 844 2645 2471 1491 
1222 509 776 576 1281 1213 2061 
1223 30 847 295 2607 2242 1865 
1224 728 782 490 2551 2646 2469 
1225 26 848 321 2605 1488 1903 
1226 562 744 720 2647 1221 2403 
1227 293 814 663 1434 2388 1663 
1228 588 818 767 2648 2431 1320 
1229 735 772 204 1141 2649 2525 
1230 414 748 401 2445 2446 1776 
1231 590 801 591 1550 1382 2099 
1232 754 778 302 2650 2651 2463 
1233 649 868 822 2652 2543 1318 
1234 360 749 355 2456 2470 2244 
1235 651 770 450 1405 2633 1624 
1236 564 754 731 2653 2654 1169 
1237 731 754 251 2654 2655 2442 
1238 625 817 290 2477 2656 1431 
1239 514 828 738 2657 2373 1449 
1240 316 752 542 2461 2658 1921 
1241 299 753 456 2460 2459 1926 
1242 560 830 770 2659 2631 1162 
1243 380 751 378 2482 2554 2235 
1244 451 799 546 2660 947 1684 
1245 632 798 671 2661 2584 1666 
1246 251 754 250 2655 2462 274 
1247 497 755 694 2541 2662 1562 
1248 741 835 563 2569 2663 1082 
1249 291 832 802 1212 2664 2562 
1250 574 777 719 1242 1262 2409 
1251 527 796 685 2665 2547 1967 
1252 522 793 577 2666 2535 1982 
1253 551 857 545 2393 2667 1024 
1254 362 756 399 2492 2668 2027 
1255 720 779 575 1280 1250 2412 
1256 198 758 296 2485 2669 1719 
1257 403 757 366 2504 2513 2212 
1258 315 759 506 920 1258 2165 
1259 474 800 757 1078 2670 2503 
1260 604 811 690 2490 1536 2019 
1261 570 761 598 1067 2671 1770 
1262 632 829 798 2672 2673 2661 
1263 319 837 503 2674 2675 1026 
1264 418 860 752 2612 2676 997 
1265 604 841 308 2677 2678 2491 
1266 633 829 632 2679 2672 1442 
1267 646 763 314 2484 2478 1585 
1268 561 764 530 1112 2680 1970 
1269 416 767 485 2496 2488 1587 
1270 393 762 341 1139 2523 2216 
1271 527 825 796 2681 2682 2665 
1272 608 855 518 2683 2684 1494 
1273 746 833 580 2685 2643 943 
1274 755 787 694 2399 2686 2662 
1275 514 765 327 1448 2507 2271 
1276 347 762 554 2522 1138 2259 
1277 326 769 511 2514 1198 2295 
1278 492 789 751 2687 2688 2481 
1279 382 842 761 2619 2689 894 
1280 300 771 141 878 2505 1841 
1281 343 766 368 2527 1412 2300 
1282 371 768 348 2487 2528 2307 
1283 817 858 290 2690 2691 2656 
1284 784 795 595 1541 2348 2539 
1285 204 772 203 2649 2506 227 
1286 325 774 647 2613 1351 1607 
1287 524 793 522 2692 2666 2015 
1288 364 785 711 2448 2693 2289 
1289 519 806 531 2694 2695 2074 
1290 550 852 756 2638 2696 928 
1291 466 773 322 2697 2559 2328 
1292 573 845 569 2624 2698 1117 
1293 320 773 562 2570 2699 2343 
1294 490 782 653 2646 2501 1497 
1295 156 777 155 2457 1241 179 
1296 533 778 564 2517 2700 1901 
1297 318 786 606 2444 2511 1438 
1298 92 779 91 1251 2486 115 
1299 512 780 536 1370 1234 2030 
1300 106 781 105 2701 2515 129 
1301 539 807 572 2702 1413 1268 
1302 778 796 302 2548 2703 2651 
1303 688 806 519 1283 2694 2104 
1304 290 858 664 2691 2452 1766 
1305 565 825 527 2704 2681 1877 
1306 308 841 678 2678 2552 1827 
1307 643 785 642 2705 2641 1755 
1308 785 810 711 2706 2707 2693 
1309 571 865 815 2708 2709 2596 
1310 633 863 829 2710 2711 2679 
1311 694 787 516 2686 2712 2044 
1312 677 827 475 2713 2714 2141 
1313 492 817 789 2715 2476 2687 
1314 548 788 686 2530 2536 1802 
1315 357 790 352 2716 2542 2192 
1316 623 789 624 2717 2429 2159 
1317 553 799 539 948 2718 1264 
1318 528 818 638 2432 2450 1407 
1319 565 854 825 2435 2719 2704 
1320 475 827 718 2714 2720 2314 
1321 564 778 754 2700 2650 2653 
1322 634 863 633 2455 2710 2091 
1323 106 802 781 2721 2565 2701 
1324 396 791 668 2538 2537 1734 
1325 764 841 530 2553 2722 2680 
1326 280 793 733 2636 2723 2394 
1327 541 821 600 1423 2724 1955 
1328 787 798 516 2585 2725 2712 
1329 587 830 560 2465 2659 1303 
1330 279 792 538 2529 1446 1582 
1331 591 803 739 1391 2726 2413 
1332 292 794 570 2550 1175 1726 
1333 643 810 785 2727 2706 2705 
1334 718 827 538 2720 2728 1447 
1335 733 793 524 2723 2692 2387 
1336 302 796 675 2703 2729 1799 
1337 516 798 684 2725 2730 1575 
1338 526 845 688 2731 2623 2082 
1339 637 800 521 2732 2540 1484 
1340 727 816 89 2733 2579 2378 
1341 187 801 293 2564 1549 1733 
1342 525 804 583 2734 2142 1708 
1343 303 803 189 2735 2567 1695 
1344 711 810 384 2707 1341 2263 
1345 730 819 183 2736 2590 2385 
1346 609 870 305 2737 2466 1399 
1347 107 802 106 2563 2721 130 
1348 757 800 637 2670 2732 2475 
1349 57 831 297 1299 2738 2016 
1350 447 807 451 1414 2739 1694 
1351 645 810 643 1342 2727 2118 
1352 317 834 609 2740 2741 1454 
1353 796 825 675 2682 2742 2729 
1354 569 836 507 2743 1598 2120 
1355 734 827 677 2744 2713 1146 
1356 481 809 701 2586 2599 2124 
1357 798 829 684 2673 2745 2730 
1358 600 821 725 2724 2746 1378 
1359 667 811 666 1537 2578 1706 
1360 676 855 357 2747 2748 1063 
1361 466 850 773 2749 2750 2697 
1362 751 789 623 2688 2717 2577 
1363 158 816 627 2581 2751 1532 
1364 246 812 245 2582 2583 269 
1365 542 860 712 2752 2753 1020 
1366 719 797 466 1225 2754 2392 
1367 385 813 404 2603 956 2172 
1368 773 850 562 2750 2755 2699 
1369 500 856 587 1193 2645 1302 
1370 536 814 698 2389 2617 2072 
1371 508 815 599 2597 1311 2041 
1372 763 868 649 2756 2652 2479 
1373 525 844 804 2757 2473 2734 
1374 503 837 822 2675 2758 2545 
1375 786 828 514 2642 2657 2558 
1376 725 821 329 2746 2502 2358 
1377 332 818 588 2451 2648 2033 
1378 470 823 230 2759 2627 1851 
1379 399 852 734 2760 2761 1145 
1380 503 868 504 2544 2762 1308 
1381 111 819 681 2592 2763 1850 
1382 469 820 136 2764 2593 1855 
1383 695 859 582 2765 2386 2081 
1384 565 859 695 2766 2765 2436 
1385 593 822 559 1319 2767 2040 
1386 657 838 529 2768 2769 2576 
1387 321 824 695 2406 2770 2080 
1388 675 825 311 2742 2771 1826 
1389 707 817 492 2772 2715 2256 
1390 197 826 196 2588 2587 220 
1391 154 864 605 2531 2341 1513 
1392 450 830 443 2632 2464 1659 
1393 531 806 758 2695 2773 1306 
1394 606 867 93 2371 2532 1521 
1395 790 855 608 2774 2683 1186 
1396 712 833 674 2775 2776 1029 
1397 684 829 409 2745 2777 1953 
1398 252 820 731 2595 2778 2441 
1399 825 854 311 2719 2779 2771 
1400 544 808 783 926 2780 1621 
1401 543 832 534 2781 2626 2101 
1402 783 808 284 2780 1380 1154 
1403 529 838 561 2769 1591 1969 
1404 583 836 526 1599 2782 1709 
1405 563 835 532 2663 2610 1911 
1406 307 838 657 1372 2768 1758 
1407 420 839 422 2589 2600 1674 
1408 739 803 303 2726 2735 1367 
1409 829 863 409 2711 2783 2777 
1410 444 844 525 2598 2757 1711 
1411 530 841 604 2722 2677 1923 
1412 743 862 280 2784 2635 2428 
1413 710 833 712 2644 2775 2280 
1414 386 842 383 2640 2618 2114 
1415 468 843 464 1362 2614 1916 
1416 589 847 453 2360 2608 1856 
1417 601 848 491 1489 2609 1881 
1418 518 855 676 2684 2747 1949 
1419 412 851 388 1152 2601 1829 
1420 627 816 727 2751 2733 1227 
1421 577 862 579 2534 2785 1972 
1422 311 854 679 2779 2786 1805 
1423 409 863 692 2783 2454 1643 
1424 707 858 817 2787 2690 2772 
1425 336 853 333 2634 2571 1535 
1426 471 849 634 2621 2297 2090 
1427 461 859 565 2180 2766 1876 
1428 588 846 330 1397 2615 2034 
1429 540 858 707 2453 2787 2233 
1430 297 831 729 2738 2330 1013 
1431 681 819 730 2763 2736 1245 
1432 712 860 672 2753 2611 2281 
1433 760 857 496 2788 2183 2557 
1434 834 870 609 1525 2737 2741 
1435 802 832 543 2664 2781 2566 
1436 731 820 469 2778 2764 1170 
1437 735 823 470 2789 2759 2510 
1438 205 823 735 2629 2789 2524 
1439 538 827 734 2728 2744 2518 
1440 723 869 488 1259 2258 2415 
1441 674 833 746 2776 2685 2630 
1442 758 806 296 2773 1282 2669 
1443 761 842 598 2689 2639 2671 
1444 752 860 542 2676 2752 2658 
1445 734 852 537 2761 2637 2519 
1446 562 850 744 2755 2416 2647 
1447 579 862 743 2785 2784 1294 
1448 451 807 799 2739 2790 2660 
1449 799 807 539 2790 2702 2718 
1450 822 837 559 2758 2791 2767 
1451 760 837 319 2792 2674 1172 
1452 559 837 760 2791 2792 2556 
1453 545 857 760 2667 2788 1171 
1454 824 840 695 2793 2573 2770 
1455 602 840 824 1346 2793 2546 
1456 756 852 399 2696 2760 2668 
1457 775 834 317 2794 2740 1243 
1458 815 865 589 2709 2359 1357 
1459 804 856 304 2472 1182 2143 
1460 836 845 526 2795 2731 2782 
1461 569 845 836 2698 2795 2743 
1462 357 855 790 2748 2774 2716 
1463 585 834 775 1410 2794 1142 
1464 504 868 763 2762 2756 2363 
1465 679 854 840 2786 2572 1336 
1466 797 850 466 2417 2749 2754 
1467 861 865 571 2796 2708 2509 
1468 295 865 861 2241 2796 2021 
$EndElements
