$MeshFormat
4.1 0 8
$EndMeshFormat
$PhysicalNames
6
1 2 "bottom"
1 3 "top"
1 4 "left"
1 5 "right"
1 6 "hole_boundary"
2 1 "domain"
$EndPhysicalNames
$Entities
7 7 1 0
5 0.25 0.2 0 0 
6 0.45 0.75 0 0 
7 0.825 0.45 0 0 
8 0 0 0 0 
9 1 0 0 0 
10 0 1 0 0 
11 1 1 0 0 
5 0.1499999 0.1499999 -1e-07 0.2500001 0.2500001 1e-07 1 6 2 5 -5 
6 0.2499999 0.6499999000000001 -1e-07 0.4500001 0.8500000999999999 1e-07 1 6 2 6 -6 
7 0.5749999 0.3249999 -1e-07 0.8250000999999999 0.5750000999999999 1e-07 1 6 2 7 -7 
8 -9.999999994736442e-08 -1e-07 -1e-07 1.0000001 1e-07 1e-07 1 2 2 8 -9 
9 -1e-07 -9.999999994736442e-08 -1e-07 1e-07 1.0000001 1e-07 1 4 2 10 -8 
10 0.9999999000000001 -9.999999994736442e-08 -1e-07 1.0000001 1.0000001 1e-07 1 5 2 9 -11 
11 -9.999999994736442e-08 0.9999999000000001 -1e-07 1.0000001 1.0000001 1e-07 1 3 2 11 -10 
1 -9.999999994736442e-08 -9.999999994736442e-08 -1e-07 1.0000001 1.0000001 1e-07 1 1 7 8 10 11 9 -5 -7 -6 
$EndEntities
$Nodes
15 5303 1 5303
0 5 0 1
1
0.25 0.2 0
0 6 0 1
2
0.45 0.75 0
0 7 0 1
3
0.825 0.45 0
0 8 0 1
4
0 0 0
0 9 0 1
5
1 0 0
0 10 0 1
6
0 1 0
0 11 0 1
7
1 1 0
1 5 0 21
8
9
10
11
12
13
14
15
16
17
18
19
20
21
22
23
24
25
26
27
28
0.2420626766415591 0.2270320408727799 0
0.2207707506500944 0.2454815997677259 0
0.1928842580863358 0.2494910720940466 0
0.1672569633027358 0.2377874787177129 0
0.1520253513192752 0.2140866278420716 0
0.1520253513192751 0.1859133721579287 0
0.1672569633027355 0.1622125212822873 0
0.1928842580863354 0.1505089279059534 0
0.220770750650094 0.154518400232274 0
0.2420626766415589 0.17296795912722 0
0.2479746486807249 0.2140866278420715 0
0.2327430366972643 0.2377874787177129 0
0.2071157419136643 0.2494910720940466 0
0.1792292493499057 0.2454815997677259 0
0.157937323358441 0.2270320408727799 0
0.15 0.2000000000000002 0
0.1579373233584408 0.1729679591272203 0
0.1792292493499054 0.1545184002322742 0
0.2071157419136639 0.1505089279059533 0
0.2327430366972641 0.1622125212822869 0
0.2479746486807248 0.1859133721579284 0
1 6 0 41
29
30
31
32
33
34
35
36
37
38
39
40
41
42
43
44
45
46
47
48
49
50
51
52
53
54
55
56
57
58
59
60
61
62
63
64
65
66
67
68
69
0.445557280578614 0.7794755174410904 0
0.4326238774315995 0.8063320058063621 0
0.4123489801858734 0.8281831482468029 0
0.3865341024366395 0.8430873748644204 0
0.3574730093586425 0.849720379718118 0
0.3277479066043686 0.8474927912181824 0
0.3 0.8366025403784438 0
0.2766948128170174 0.818017273777092 0
0.2599031132097581 0.7933883739117559 0
0.2511169173774871 0.7649042266176177 0
0.2511169173774871 0.7350957733823829 0
0.2599031132097578 0.7066116260882447 0
0.276694812817017 0.6819827262229085 0
0.2999999999999993 0.6633974596215565 0
0.3277479066043678 0.6525072087818178 0
0.3574730093586415 0.6502796202818819 0
0.3865341024366388 0.6569126251355792 0
0.4123489801858729 0.6718168517531966 0
0.4326238774315992 0.6936679941936374 0
0.445557280578614 0.7205244825589093 0
0.4488830826225129 0.7649042266176175 0
0.4400968867902419 0.7933883739117558 0
0.4233051871829827 0.8180172737770919 0
0.4 0.8366025403784438 0
0.3722520933956315 0.8474927912181823 0
0.3425269906413577 0.8497203797181181 0
0.3134658975633605 0.8430873748644204 0
0.2876510198141267 0.8281831482468031 0
0.2673761225684005 0.8063320058063622 0
0.254442719421386 0.7794755174410906 0
0.25 0.7500000000000003 0
0.2544427194213857 0.72052448255891 0
0.2673761225684002 0.6936679941936382 0
0.2876510198141261 0.6718168517531974 0
0.3134658975633597 0.6569126251355799 0
0.3425269906413567 0.650279620281882 0
0.3722520933956306 0.6525072087818174 0
0.3999999999999995 0.6633974596215558 0
0.4233051871829823 0.6819827262229077 0
0.4400968867902418 0.7066116260882439 0
0.4488830826225128 0.7350957733823825 0
1 7 0 53
70
71
72
73
74
75
76
77
78
79
80
81
82
83
84
85
86
87
88
89
90
91
92
93
94
95
96
97
98
99
100
101
102
103
104
105
106
107
108
109
110
111
112
113
114
115
116
117
118
119
120
121
122
0.821630608822478 0.478826983842805 0
0.8117040800404265 0.5060998975250577 0
0.7957555553898723 0.5303484512108173 0
0.7746448239628484 0.5502653990943803 0
0.7495099707548949 0.5647770133600342 0
0.7217060222083667 0.573100969126526 0
0.692731896386191 0.5747885197839085 0
0.6641495959111143 0.5697486890394363 0
0.6375000000000006 0.5582531754730552 0
0.6142197952664089 0.5409217051966317 0
0.5955640235733834 0.5186886222588516 0
0.5825384224017618 0.4927525179157096 0
0.5758452052822572 0.464511614265655 0
0.5758452052822569 0.4354883857343475 0
0.5825384224017609 0.4072474820842927 0
0.5955640235733821 0.3813113777411505 0
0.6142197952664072 0.3590782948033699 0
0.6374999999999987 0.3417468245269459 0
0.6641495959111124 0.3302513109605643 0
0.6927318963861894 0.3252114802160916 0
0.7217060222083653 0.3268990308734738 0
0.7495099707548938 0.3352229866399654 0
0.7746448239628477 0.3497346009056192 0
0.7957555553898719 0.3696515487891822 0
0.8117040800404263 0.3939001024749419 0
0.8216306088224778 0.4211730161571947 0
0.8241547947177428 0.4645116142656537 0
0.8174615775982386 0.4927525179157085 0
0.8044359764266171 0.5186886222588506 0
0.7857802047335918 0.540921705196631 0
0.7625000000000002 0.5582531754730548 0
0.7358504040888866 0.569748689039436 0
0.7072681036138099 0.5747885197839085 0
0.6782939777916343 0.5731009691265261 0
0.650490029245106 0.5647770133600345 0
0.6253551760371523 0.550265399094381 0
0.6042444446101283 0.5303484512108181 0
0.5882959199595739 0.5060998975250587 0
0.5783693911775223 0.4788269838428061 0
0.575 0.4500000000000012 0
0.5783693911775216 0.4211730161571963 0
0.5882959199595728 0.3939001024749435 0
0.6042444446101267 0.3696515487891837 0
0.6253551760371505 0.3497346009056204 0
0.6504900292451041 0.3352229866399663 0
0.6782939777916325 0.3268990308734742 0
0.7072681036138083 0.3252114802160914 0
0.7358504040888854 0.3302513109605636 0
0.7624999999999993 0.3417468245269448 0
0.7857802047335912 0.3590782948033686 0
0.8044359764266168 0.3813113777411489 0
0.8174615775982383 0.4072474820842911 0
0.8241547947177428 0.4354883857343461 0
1 8 0 67
123
124
125
126
127
128
129
130
131
132
133
134
135
136
137
138
139
140
141
142
143
144
145
146
147
148
149
150
151
152
153
154
155
156
157
158
159
160
161
162
163
164
165
166
167
168
169
170
171
172
173
174
175
176
177
178
179
180
181
182
183
184
185
186
187
188
189
0.02941176470588239 0 0
0.05882352941176477 0 0
0.08823529411764718 0 0
0.1176470588235296 0 0
0.147058823529412 0 0
0.1764705882352943 0 0
0.2058823529411767 0 0
0.235294117647059 0 0
0.2647058823529415 0 0
0.2941176470588239 0 0
0.3235294117647065 0 0
0.3529411764705889 0 0
0.3823529411764713 0 0
0.4117647058823538 0 0
0.4411764705882362 0 0
0.4705882352941187 0 0
0.5000000000000011 0 0
0.5294117647058832 0 0
0.5588235294117656 0 0
0.5882352941176479 0 0
0.6176470588235301 0 0
0.6470588235294124 0 0
0.6764705882352946 0 0
0.7058823529411768 0 0
0.7352941176470592 0 0
0.7647058823529413 0 0
0.7941176470588236 0 0
0.823529411764706 0 0
0.8529411764705882 0 0
0.8823529411764703 0 0
0.9117647058823527 0 0
0.9411764705882349 0 0
0.9705882352941173 0 0
0.0147058823529412 0 0
0.04411764705882358 0 0
0.07352941176470598 0 0
0.1029411764705884 0 0
0.1323529411764708 0 0
0.1617647058823531 0 0
0.1911764705882355 0 0
0.2205882352941179 0 0
0.2500000000000003 0 0
0.2794117647058827 0 0
0.3088235294117652 0 0
0.3382352941176477 0 0
0.3676470588235301 0 0
0.3970588235294126 0 0
0.426470588235295 0 0
0.4558823529411775 0 0
0.4852941176470599 0 0
0.5147058823529422 0 0
0.5441176470588244 0 0
0.5735294117647067 0 0
0.602941176470589 0 0
0.6323529411764712 0 0
0.6617647058823535 0 0
0.6911764705882357 0 0
0.720588235294118 0 0
0.7500000000000003 0 0
0.7794117647058825 0 0
0.8088235294117647 0 0
0.8382352941176471 0 0
0.8676470588235293 0 0
0.8970588235294115 0 0
0.9264705882352938 0 0
0.9558823529411761 0 0
0.9852941176470587 0 0
1 9 0 67
190
191
192
193
194
195
196
197
198
199
200
201
202
203
204
205
206
207
208
209
210
211
212
213
214
215
216
217
218
219
220
221
222
223
224
225
226
227
228
229
230
231
232
233
234
235
236
237
238
239
240
241
242
243
244
245
246
247
248
249
250
251
252
253
254
255
256
0 0.9705882352941176 0
0 0.9411764705882353 0
0 0.9117647058823528 0
0 0.8823529411764705 0
0 0.8529411764705881 0
0 0.8235294117647057 0
0 0.7941176470588234 0
0 0.7647058823529409 0
0 0.7352941176470585 0
0 0.7058823529411761 0
0 0.6764705882352935 0
0 0.6470588235294111 0
0 0.6176470588235287 0
0 0.5882352941176462 0
0 0.5588235294117638 0
0 0.5294117647058814 0
0 0.4999999999999989 0
0 0.4705882352941168 0
0 0.4411764705882344 0
0 0.4117647058823521 0
0 0.3823529411764699 0
0 0.3529411764705876 0
0 0.3235294117647054 0
0 0.2941176470588232 0
0 0.2647058823529408 0
0 0.2352941176470587 0
0 0.2058823529411764 0
0 0.176470588235294 0
0 0.1470588235294118 0
0 0.1176470588235297 0
0 0.0882352941176473 0
0 0.05882352941176505 0
0 0.02941176470588269 0
0 0.9852941176470588 0
0 0.9558823529411764 0
0 0.926470588235294 0
0 0.8970588235294116 0
0 0.8676470588235292 0
0 0.8382352941176469 0
0 0.8088235294117645 0
0 0.7794117647058821 0
0 0.7499999999999998 0
0 0.7205882352941173 0
0 0.6911764705882348 0
0 0.6617647058823524 0
0 0.6323529411764699 0
0 0.6029411764705874 0
0 0.573529411764705 0
0 0.5441176470588225 0
0 0.51470588235294 0
0 0.4852941176470578 0
0 0.4558823529411756 0
0 0.4264705882352933 0
0 0.397058823529411 0
0 0.3676470588235288 0
0 0.3382352941176465 0
0 0.3088235294117643 0
0 0.279411764705882 0
0 0.2499999999999997 0
0 0.2205882352941175 0
0 0.1911764705882353 0
0 0.1617647058823529 0
0 0.1323529411764707 0
0 0.1029411764705885 0
0 0.07352941176470618 0
0 0.04411764705882393 0
0 0.01470588235294135 0
1 10 0 67
257
258
259
260
261
262
263
264
265
266
267
268
269
270
271
272
273
274
275
276
277
278
279
280
281
282
283
284
285
286
287
288
289
290
291
292
293
294
295
296
297
298
299
300
301
302
303
304
305
306
307
308
309
310
311
312
313
314
315
316
317
318
319
320
321
322
323
1 0.02941176470588239 0
1 0.05882352941176477 0
1 0.08823529411764718 0
1 0.1176470588235296 0
1 0.147058823529412 0
1 0.1764705882352943 0
1 0.2058823529411767 0
1 0.235294117647059 0
1 0.2647058823529415 0
1 0.2941176470588239 0
1 0.3235294117647065 0
1 0.3529411764705889 0
1 0.3823529411764713 0
1 0.4117647058823538 0
1 0.4411764705882362 0
1 0.4705882352941187 0
1 0.5000000000000011 0
1 0.5294117647058832 0
1 0.5588235294117656 0
1 0.5882352941176479 0
1 0.6176470588235301 0
1 0.6470588235294124 0
1 0.6764705882352946 0
1 0.7058823529411768 0
1 0.7352941176470592 0
1 0.7647058823529413 0
1 0.7941176470588236 0
1 0.823529411764706 0
1 0.8529411764705882 0
1 0.8823529411764703 0
1 0.9117647058823527 0
1 0.9411764705882349 0
1 0.9705882352941173 0
1 0.0147058823529412 0
1 0.04411764705882358 0
1 0.07352941176470598 0
1 0.1029411764705884 0
1 0.1323529411764708 0
1 0.1617647058823531 0
1 0.1911764705882355 0
1 0.2205882352941179 0
1 0.2500000000000003 0
1 0.2794117647058827 0
1 0.3088235294117652 0
1 0.3382352941176477 0
1 0.3676470588235301 0
1 0.3970588235294126 0
1 0.426470588235295 0
1 0.4558823529411775 0
1 0.4852941176470599 0
1 0.5147058823529422 0
1 0.5441176470588244 0
1 0.5735294117647067 0
1 0.602941176470589 0
1 0.6323529411764712 0
1 0.6617647058823535 0
1 0.6911764705882357 0
1 0.720588235294118 0
1 0.7500000000000003 0
1 0.7794117647058825 0
1 0.8088235294117647 0
1 0.8382352941176471 0
1 0.8676470588235293 0
1 0.8970588235294115 0
1 0.9264705882352938 0
1 0.9558823529411761 0
1 0.9852941176470587 0
1 11 0 67
324
325
326
327
328
329
330
331
332
333
334
335
336
337
338
339
340
341
342
343
344
345
346
347
348
349
350
351
352
353
354
355
356
357
358
359
360
361
362
363
364
365
366
367
368
369
370
371
372
373
374
375
376
377
378
379
380
381
382
383
384
385
386
387
388
389
390
0.9705882352941176 1 0
0.9411764705882353 1 0
0.9117647058823528 1 0
0.8823529411764705 1 0
0.8529411764705881 1 0
0.8235294117647057 1 0
0.7941176470588234 1 0
0.7647058823529409 1 0
0.7352941176470585 1 0
0.7058823529411761 1 0
0.6764705882352935 1 0
0.6470588235294111 1 0
0.6176470588235287 1 0
0.5882352941176462 1 0
0.5588235294117638 1 0
0.5294117647058814 1 0
0.4999999999999989 1 0
0.4705882352941168 1 0
0.4411764705882344 1 0
0.4117647058823521 1 0
0.3823529411764699 1 0
0.3529411764705876 1 0
0.3235294117647054 1 0
0.2941176470588232 1 0
0.2647058823529408 1 0
0.2352941176470587 1 0
0.2058823529411764 1 0
0.176470588235294 1 0
0.1470588235294118 1 0
0.1176470588235297 1 0
0.0882352941176473 1 0
0.05882352941176505 1 0
0.02941176470588269 1 0
0.9852941176470588 1 0
0.9558823529411764 1 0
0.926470588235294 1 0
0.8970588235294116 1 0
0.8676470588235292 1 0
0.8382352941176469 1 0
0.8088235294117645 1 0
0.7794117647058821 1 0
0.7499999999999998 1 0
0.7205882352941173 1 0
0.6911764705882348 1 0
0.6617647058823524 1 0
0.6323529411764699 1 0
0.6029411764705874 1 0
0.573529411764705 1 0
0.5441176470588225 1 0
0.51470588235294 1 0
0.4852941176470578 1 0
0.4558823529411756 1 0
0.4264705882352933 1 0
0.397058823529411 1 0
0.3676470588235288 1 0
0.3382352941176465 1 0
0.3088235294117643 1 0
0.279411764705882 1 0
0.2499999999999997 1 0
0.2205882352941175 1 0
0.1911764705882353 1 0
0.1617647058823529 1 0
0.1323529411764707 1 0
0.1029411764705885 1 0
0.07352941176470618 1 0
0.04411764705882393 1 0
0.01470588235294135 1 0
2 1 0 4913
391
392
393
394
395
396
397
398
399
400
401
402
403
404
405
406
407
408
409
410
411
412
413
414
415
416
417
418
419
420
421
422
423
424
425
426
427
428
429
430
431
432
433
434
435
436
437
438
439
440
441
442
443
444
445
446
447
448
449
450
451
452
453
454
455
456
457
458
459
460
461
462
463
464
465
466
467
468
469
470
471
472
473
474
475
476
477
478
479
480
481
482
483
484
485
486
487
488
489
490
491
492
493
494
495
496
497
498
499
500
501
502
503
504
505
506
507
508
509
510
511
512
513
514
515
516
517
518
519
520
521
522
523
524
525
526
527
528
529
530
531
532
533
534
535
536
537
538
539
540
541
542
543
544
545
546
547
548
549
550
551
552
553
554
555
556
557
558
559
560
561
562
563
564
565
566
567
568
569
570
571
572
573
574
575
576
577
578
579
580
581
582
583
584
585
586
587
588
589
590
591
592
593
594
595
596
597
598
599
600
601
602
603
604
605
606
607
608
609
610
611
612
613
614
615
616
617
618
619
620
621
622
623
624
625
626
627
628
629
630
631
632
633
634
635
636
637
638
639
640
641
642
643
644
645
646
647
648
649
650
651
652
653
654
655
656
657
658
659
660
661
662
663
664
665
666
667
668
669
670
671
672
673
674
675
676
677
678
679
680
681
682
683
684
685
686
687
688
689
690
691
692
693
694
695
696
697
698
699
700
701
702
703
704
705
706
707
708
709
710
711
712
713
714
715
716
717
718
719
720
721
722
723
724
725
726
727
728
729
730
731
732
733
734
735
736
737
738
739
740
741
742
743
744
745
746
747
748
749
750
751
752
753
754
755
756
757
758
759
760
761
762
763
764
765
766
767
768
769
770
771
772
773
774
775
776
777
778
779
780
781
782
783
784
785
786
787
788
789
790
791
792
793
794
795
796
797
798
799
800
801
802
803
804
805
806
807
808
809
810
811
812
813
814
815
816
817
818
819
820
821
822
823
824
825
826
827
828
829
830
831
832
833
834
835
836
837
838
839
840
841
842
843
844
845
846
847
848
849
850
851
852
853
854
855
856
857
858
859
860
861
862
863
864
865
866
867
868
869
870
871
872
873
874
875
876
877
878
879
880
881
882
883
884
885
886
887
888
889
890
891
892
893
894
895
896
897
898
899
900
901
902
903
904
905
906
907
908
909
910
911
912
913
914
915
916
917
918
919
920
921
922
923
924
925
926
927
928
929
930
931
932
933
934
935
936
937
938
939
940
941
942
943
944
945
946
947
948
949
950
951
952
953
954
955
956
957
958
959
960
961
962
963
964
965
966
967
968
969
970
971
972
973
974
975
976
977
978
979
980
981
982
983
984
985
986
987
988
989
990
991
992
993
994
995
996
997
998
999
1000
1001
1002
1003
1004
1005
1006
1007
1008
1009
1010
1011
1012
1013
1014
1015
1016
1017
1018
1019
1020
1021
1022
1023
1024
1025
1026
1027
1028
1029
1030
1031
1032
1033
1034
1035
1036
1037
1038
1039
1040
1041
1042
1043
1044
1045
1046
1047
1048
1049
1050
1051
1052
1053
1054
1055
1056
1057
1058
1059
1060
1061
1062
1063
1064
1065
1066
1067
1068
1069
1070
1071
1072
1073
1074
1075
1076
1077
1078
1079
1080
1081
1082
1083
1084
1085
1086
1087
1088
1089
1090
1091
1092
1093
1094
1095
1096
1097
1098
1099
1100
1101
1102
1103
1104
1105
1106
1107
1108
1109
1110
1111
1112
1113
1114
1115
1116
1117
1118
1119
1120
1121
1122
1123
1124
1125
1126
1127
1128
1129
1130
1131
1132
1133
1134
1135
1136
1137
1138
1139
1140
1141
1142
1143
1144
1145
1146
1147
1148
1149
1150
1151
1152
1153
1154
1155
1156
1157
1158
1159
1160
1161
1162
1163
1164
1165
1166
1167
1168
1169
1170
1171
1172
1173
1174
1175
1176
1177
1178
1179
1180
1181
1182
1183
1184
1185
1186
1187
1188
1189
1190
1191
1192
1193
1194
1195
1196
1197
1198
1199
1200
1201
1202
1203
1204
1205
1206
1207
1208
1209
1210
1211
1212
1213
1214
1215
1216
1217
1218
1219
1220
1221
1222
1223
1224
1225
1226
1227
1228
1229
1230
1231
1232
1233
1234
1235
1236
1237
1238
1239
1240
1241
1242
1243
1244
1245
1246
1247
1248
1249
1250
1251
1252
1253
1254
1255
1256
1257
1258
1259
1260
1261
1262
1263
1264
1265
1266
1267
1268
1269
1270
1271
1272
1273
1274
1275
1276
1277
1278
1279
1280
1281
1282
1283
1284
1285
1286
1287
1288
1289
1290
1291
1292
1293
1294
1295
1296
1297
1298
1299
1300
1301
1302
1303
1304
1305
1306
1307
1308
1309
1310
1311
1312
1313
1314
1315
1316
1317
1318
1319
1320
1321
1322
1323
1324
1325
1326
1327
1328
1329
1330
1331
1332
1333
1334
1335
1336
1337
1338
1339
1340
1341
1342
1343
1344
1345
1346
1347
1348
1349
1350
1351
1352
1353
1354
1355
1356
1357
1358
1359
1360
1361
1362
1363
1364
1365
1366
1367
1368
1369
1370
1371
1372
1373
1374
1375
1376
1377
1378
1379
1380
1381
1382
1383
1384
1385
1386
1387
1388
1389
1390
1391
1392
1393
1394
1395
1396
1397
1398
1399
1400
1401
1402
1403
1404
1405
1406
1407
1408
1409
1410
1411
1412
1413
1414
1415
1416
1417
1418
1419
1420
1421
1422
1423
1424
1425
1426
1427
1428
1429
1430
1431
1432
1433
1434
1435
1436
1437
1438
1439
1440
1441
1442
1443
1444
1445
1446
1447
1448
1449
1450
1451
1452
1453
1454
1455
1456
1457
1458
1459
1460
1461
1462
1463
1464
1465
1466
1467
1468
1469
1470
1471
1472
1473
1474
1475
1476
1477
1478
1479
1480
1481
1482
1483
1484
1485
1486
1487
1488
1489
1490
1491
1492
1493
1494
1495
1496
1497
1498
1499
1500
1501
1502
1503
1504
1505
1506
1507
1508
1509
1510
1511
1512
1513
1514
1515
1516
1517
1518
1519
1520
1521
1522
1523
1524
1525
1526
1527
1528
1529
1530
1531
1532
1533
1534
1535
1536
1537
1538
1539
1540
1541
1542
1543
1544
1545
1546
1547
1548
1549
1550
1551
1552
1553
1554
1555
1556
1557
1558
1559
1560
1561
1562
1563
1564
1565
1566
1567
1568
1569
1570
1571
1572
1573
1574
1575
1576
1577
1578
1579
1580
1581
1582
1583
1584
1585
1586
1587
1588
1589
1590
1591
1592
1593
1594
1595
1596
1597
1598
1599
1600
1601
1602
1603
1604
1605
1606
1607
1608
1609
1610
1611
1612
1613
1614
1615
1616
1617
1618
1619
1620
1621
1622
1623
1624
1625
1626
1627
1628
1629
1630
1631
1632
1633
1634
1635
1636
1637
1638
1639
1640
1641
1642
1643
1644
1645
1646
1647
1648
1649
1650
1651
1652
1653
1654
1655
1656
1657
1658
1659
1660
1661
1662
1663
1664
1665
1666
1667
1668
1669
1670
1671
1672
1673
1674
1675
1676
1677
1678
1679
1680
1681
1682
1683
1684
1685
1686
1687
1688
1689
1690
1691
1692
1693
1694
1695
1696
1697
1698
1699
1700
1701
1702
1703
1704
1705
1706
1707
1708
1709
1710
1711
1712
1713
1714
1715
1716
1717
1718
1719
1720
1721
1722
1723
1724
1725
1726
1727
1728
1729
1730
1731
1732
1733
1734
1735
1736
1737
1738
1739
1740
1741
1742
1743
1744
1745
1746
1747
1748
1749
1750
1751
1752
1753
1754
1755
1756
1757
1758
1759
1760
1761
1762
1763
1764
1765
1766
1767
1768
1769
1770
1771
1772
1773
1774
1775
1776
1777
1778
1779
1780
1781
1782
1783
1784
1785
1786
1787
1788
1789
1790
1791
1792
1793
1794
1795
1796
1797
1798
1799
1800
1801
1802
1803
1804
1805
1806
1807
1808
1809
1810
1811
1812
1813
1814
1815
1816
1817
1818
1819
1820
1821
1822
1823
1824
1825
1826
1827
1828
1829
1830
1831
1832
1833
1834
1835
1836
1837
1838
1839
1840
1841
1842
1843
1844
1845
1846
1847
1848
1849
1850
1851
1852
1853
1854
1855
1856
1857
1858
1859
1860
1861
1862
1863
1864
1865
1866
1867
1868
1869
1870
1871
1872
1873
1874
1875
1876
1877
1878
1879
1880
1881
1882
1883
1884
1885
1886
1887
1888
1889
1890
1891
1892
1893
1894
1895
1896
1897
1898
1899
1900
1901
1902
1903
1904
1905
1906
1907
1908
1909
1910
1911
1912
1913
1914
1915
1916
1917
1918
1919
1920
1921
1922
1923
1924
1925
1926
1927
1928
1929
1930
1931
1932
1933
1934
1935
1936
1937
1938
1939
1940
1941
1942
1943
1944
1945
1946
1947
1948
1949
1950
1951
1952
1953
1954
1955
1956
1957
1958
1959
1960
1961
1962
1963
1964
1965
1966
1967
1968
1969
1970
1971
1972
1973
1974
1975
1976
1977
1978
1979
1980
1981
1982
1983
1984
1985
1986
1987
1988
1989
1990
1991
1992
1993
1994
1995
1996
1997
1998
1999
2000
2001
2002
2003
2004
2005
2006
2007
2008
2009
2010
2011
2012
2013
2014
2015
2016
2017
2018
2019
2020
2021
2022
2023
2024
2025
2026
2027
2028
2029
2030
2031
2032
2033
2034
2035
2036
2037
2038
2039
2040
2041
2042
2043
2044
2045
2046
2047
2048
2049
2050
2051
2052
2053
2054
2055
2056
2057
2058
2059
2060
2061
2062
2063
2064
2065
2066
2067
2068
2069
2070
2071
2072
2073
2074
2075
2076
2077
2078
2079
2080
2081
2082
2083
2084
2085
2086
2087
2088
2089
2090
2091
2092
2093
2094
2095
2096
2097
2098
2099
2100
2101
2102
2103
2104
2105
2106
2107
2108
2109
2110
2111
2112
2113
2114
2115
2116
2117
2118
2119
2120
2121
2122
2123
2124
2125
2126
2127
2128
2129
2130
2131
2132
2133
2134
2135
2136
2137
2138
2139
2140
2141
2142
2143
2144
2145
2146
2147
2148
2149
2150
2151
2152
2153
2154
2155
2156
2157
2158
2159
2160
2161
2162
2163
2164
2165
2166
2167
2168
2169
2170
2171
2172
2173
2174
2175
2176
2177
2178
2179
2180
2181
2182
2183
2184
2185
2186
2187
2188
2189
2190
2191
2192
2193
2194
2195
2196
2197
2198
2199
2200
2201
2202
2203
2204
2205
2206
2207
2208
2209
2210
2211
2212
2213
2214
2215
2216
2217
2218
2219
2220
2221
2222
2223
2224
2225
2226
2227
2228
2229
2230
2231
2232
2233
2234
2235
2236
2237
2238
2239
2240
2241
2242
2243
2244
2245
2246
2247
2248
2249
2250
2251
2252
2253
2254
2255
2256
2257
2258
2259
2260
2261
2262
2263
2264
2265
2266
2267
2268
2269
2270
2271
2272
2273
2274
2275
2276
2277
2278
2279
2280
2281
2282
2283
2284
2285
2286
2287
2288
2289
2290
2291
2292
2293
2294
2295
2296
2297
2298
2299
2300
2301
2302
2303
2304
2305
2306
2307
2308
2309
2310
2311
2312
2313
2314
2315
2316
2317
2318
2319
2320
2321
2322
2323
2324
2325
2326
2327
2328
2329
2330
2331
2332
2333
2334
2335
2336
2337
2338
2339
2340
2341
2342
2343
2344
2345
2346
2347
2348
2349
2350
2351
2352
2353
2354
2355
2356
2357
2358
2359
2360
2361
2362
2363
2364
2365
2366
2367
2368
2369
2370
2371
2372
2373
2374
2375
2376
2377
2378
2379
2380
2381
2382
2383
2384
2385
2386
2387
2388
2389
2390
2391
2392
2393
2394
2395
2396
2397
2398
2399
2400
2401
2402
2403
2404
2405
2406
2407
2408
2409
2410
2411
2412
2413
2414
2415
2416
2417
2418
2419
2420
2421
2422
2423
2424
2425
2426
2427
2428
2429
2430
2431
2432
2433
2434
2435
2436
2437
2438
2439
2440
2441
2442
2443
2444
2445
2446
2447
2448
2449
2450
2451
2452
2453
2454
2455
2456
2457
2458
2459
2460
2461
2462
2463
2464
2465
2466
2467
2468
2469
2470
2471
2472
2473
2474
2475
2476
2477
2478
2479
2480
2481
2482
2483
2484
2485
2486
2487
2488
2489
2490
2491
2492
2493
2494
2495
2496
2497
2498
2499
2500
2501
2502
2503
2504
2505
2506
2507
2508
2509
2510
2511
2512
2513
2514
2515
2516
2517
2518
2519
2520
2521
2522
2523
2524
2525
2526
2527
2528
2529
2530
2531
2532
2533
2534
2535
2536
2537
2538
2539
2540
2541
2542
2543
2544
2545
2546
2547
2548
2549
2550
2551
2552
2553
2554
2555
2556
2557
2558
2559
2560
2561
2562
2563
2564
2565
2566
2567
2568
2569
2570
2571
2572
2573
2574
2575
2576
2577
2578
2579
2580
2581
2582
2583
2584
2585
2586
2587
2588
2589
2590
2591
2592
2593
2594
2595
2596
2597
2598
2599
2600
2601
2602
2603
2604
2605
2606
2607
2608
2609
2610
2611
2612
2613
2614
2615
2616
2617
2618
2619
2620
2621
2622
2623
2624
2625
2626
2627
2628
2629
2630
2631
2632
2633
2634
2635
2636
2637
2638
2639
2640
2641
2642
2643
2644
2645
2646
2647
2648
2649
2650
2651
2652
2653
2654
2655
2656
2657
2658
2659
2660
2661
2662
2663
2664
2665
2666
2667
2668
2669
2670
2671
2672
2673
2674
2675
2676
2677
2678
2679
2680
2681
2682
2683
2684
2685
2686
2687
2688
2689
2690
2691
2692
2693
2694
2695
2696
2697
2698
2699
2700
2701
2702
2703
2704
2705
2706
2707
2708
2709
2710
2711
2712
2713
2714
2715
2716
2717
2718
2719
2720
2721
2722
2723
2724
2725
2726
2727
2728
2729
2730
2731
2732
2733
2734
2735
2736
2737
2738
2739
2740
2741
2742
2743
2744
2745
2746
2747
2748
2749
2750
2751
2752
2753
2754
2755
2756
2757
2758
2759
2760
2761
2762
2763
2764
2765
2766
2767
2768
2769
2770
2771
2772
2773
2774
2775
2776
2777
2778
2779
2780
2781
2782
2783
2784
2785
2786
2787
2788
2789
2790
2791
2792
2793
2794
2795
2796
2797
2798
2799
2800
2801
2802
2803
2804
2805
2806
2807
2808
2809
2810
2811
2812
2813
2814
2815
2816
2817
2818
2819
2820
2821
2822
2823
2824
2825
2826
2827
2828
2829
2830
2831
2832
2833
2834
2835
2836
2837
2838
2839
2840
2841
2842
2843
2844
2845
2846
2847
2848
2849
2850
2851
2852
2853
2854
2855
2856
2857
2858
2859
2860
2861
2862
2863
2864
2865
2866
2867
2868
2869
2870
2871
2872
2873
2874
2875
2876
2877
2878
2879
2880
2881
2882
2883
2884
2885
2886
2887
2888
2889
2890
2891
2892
2893
2894
2895
2896
2897
2898
2899
2900
2901
2902
2903
2904
2905
2906
2907
2908
2909
2910
2911
2912
2913
2914
2915
2916
2917
2918
2919
2920
2921
2922
2923
2924
2925
2926
2927
2928
2929
2930
2931
2932
2933
2934
2935
2936
2937
2938
2939
2940
2941
2942
2943
2944
2945
2946
2947
2948
2949
2950
2951
2952
2953
2954
2955
2956
2957
2958
2959
2960
2961
2962
2963
2964
2965
2966
2967
2968
2969
2970
2971
2972
2973
2974
2975
2976
2977
2978
2979
2980
2981
2982
2983
2984
2985
2986
2987
2988
2989
2990
2991
2992
2993
2994
2995
2996
2997
2998
2999
3000
3001
3002
3003
3004
3005
3006
3007
3008
3009
3010
3011
3012
3013
3014
3015
3016
3017
3018
3019
3020
3021
3022
3023
3024
3025
3026
3027
3028
3029
3030
3031
3032
3033
3034
3035
3036
3037
3038
3039
3040
3041
3042
3043
3044
3045
3046
3047
3048
3049
3050
3051
3052
3053
3054
3055
3056
3057
3058
3059
3060
3061
3062
3063
3064
3065
3066
3067
3068
3069
3070
3071
3072
3073
3074
3075
3076
3077
3078
3079
3080
3081
3082
3083
3084
3085
3086
3087
3088
3089
3090
3091
3092
3093
3094
3095
3096
3097
3098
3099
3100
3101
3102
3103
3104
3105
3106
3107
3108
3109
3110
3111
3112
3113
3114
3115
3116
3117
3118
3119
3120
3121
3122
3123
3124
3125
3126
3127
3128
3129
3130
3131
3132
3133
3134
3135
3136
3137
3138
3139
3140
3141
3142
3143
3144
3145
3146
3147
3148
3149
3150
3151
3152
3153
3154
3155
3156
3157
3158
3159
3160
3161
3162
3163
3164
3165
3166
3167
3168
3169
3170
3171
3172
3173
3174
3175
3176
3177
3178
3179
3180
3181
3182
3183
3184
3185
3186
3187
3188
3189
3190
3191
3192
3193
3194
3195
3196
3197
3198
3199
3200
3201
3202
3203
3204
3205
3206
3207
3208
3209
3210
3211
3212
3213
3214
3215
3216
3217
3218
3219
3220
3221
3222
3223
3224
3225
3226
3227
3228
3229
3230
3231
3232
3233
3234
3235
3236
3237
3238
3239
3240
3241
3242
3243
3244
3245
3246
3247
3248
3249
3250
3251
3252
3253
3254
3255
3256
3257
3258
3259
3260
3261
3262
3263
3264
3265
3266
3267
3268
3269
3270
3271
3272
3273
3274
3275
3276
3277
3278
3279
3280
3281
3282
3283
3284
3285
3286
3287
3288
3289
3290
3291
3292
3293
3294
3295
3296
3297
3298
3299
3300
3301
3302
3303
3304
3305
3306
3307
3308
3309
3310
3311
3312
3313
3314
3315
3316
3317
3318
3319
3320
3321
3322
3323
3324
3325
3326
3327
3328
3329
3330
3331
3332
3333
3334
3335
3336
3337
3338
3339
3340
3341
3342
3343
3344
3345
3346
3347
3348
3349
3350
3351
3352
3353
3354
3355
3356
3357
3358
3359
3360
3361
3362
3363
3364
3365
3366
3367
3368
3369
3370
3371
3372
3373
3374
3375
3376
3377
3378
3379
3380
3381
3382
3383
3384
3385
3386
3387
3388
3389
3390
3391
3392
3393
3394
3395
3396
3397
3398
3399
3400
3401
3402
3403
3404
3405
3406
3407
3408
3409
3410
3411
3412
3413
3414
3415
3416
3417
3418
3419
3420
3421
3422
3423
3424
3425
3426
3427
3428
3429
3430
3431
3432
3433
3434
3435
3436
3437
3438
3439
3440
3441
3442
3443
3444
3445
3446
3447
3448
3449
3450
3451
3452
3453
3454
3455
3456
3457
3458
3459
3460
3461
3462
3463
3464
3465
3466
3467
3468
3469
3470
3471
3472
3473
3474
3475
3476
3477
3478
3479
3480
3481
3482
3483
3484
3485
3486
3487
3488
3489
3490
3491
3492
3493
3494
3495
3496
3497
3498
3499
3500
3501
3502
3503
3504
3505
3506
3507
3508
3509
3510
3511
3512
3513
3514
3515
3516
3517
3518
3519
3520
3521
3522
3523
3524
3525
3526
3527
3528
3529
3530
3531
3532
3533
3534
3535
3536
3537
3538
3539
3540
3541
3542
3543
3544
3545
3546
3547
3548
3549
3550
3551
3552
3553
3554
3555
3556
3557
3558
3559
3560
3561
3562
3563
3564
3565
3566
3567
3568
3569
3570
3571
3572
3573
3574
3575
3576
3577
3578
3579
3580
3581
3582
3583
3584
3585
3586
3587
3588
3589
3590
3591
3592
3593
3594
3595
3596
3597
3598
3599
3600
3601
3602
3603
3604
3605
3606
3607
3608
3609
3610
3611
3612
3613
3614
3615
3616
3617
3618
3619
3620
3621
3622
3623
3624
3625
3626
3627
3628
3629
3630
3631
3632
3633
3634
3635
3636
3637
3638
3639
3640
3641
3642
3643
3644
3645
3646
3647
3648
3649
3650
3651
3652
3653
3654
3655
3656
3657
3658
3659
3660
3661
3662
3663
3664
3665
3666
3667
3668
3669
3670
3671
3672
3673
3674
3675
3676
3677
3678
3679
3680
3681
3682
3683
3684
3685
3686
3687
3688
3689
3690
3691
3692
3693
3694
3695
3696
3697
3698
3699
3700
3701
3702
3703
3704
3705
3706
3707
3708
3709
3710
3711
3712
3713
3714
3715
3716
3717
3718
3719
3720
3721
3722
3723
3724
3725
3726
3727
3728
3729
3730
3731
3732
3733
3734
3735
3736
3737
3738
3739
3740
3741
3742
3743
3744
3745
3746
3747
3748
3749
3750
3751
3752
3753
3754
3755
3756
3757
3758
3759
3760
3761
3762
3763
3764
3765
3766
3767
3768
3769
3770
3771
3772
3773
3774
3775
3776
3777
3778
3779
3780
3781
3782
3783
3784
3785
3786
3787
3788
3789
3790
3791
3792
3793
3794
3795
3796
3797
3798
3799
3800
3801
3802
3803
3804
3805
3806
3807
3808
3809
3810
3811
3812
3813
3814
3815
3816
3817
3818
3819
3820
3821
3822
3823
3824
3825
3826
3827
3828
3829
3830
3831
3832
3833
3834
3835
3836
3837
3838
3839
3840
3841
3842
3843
3844
3845
3846
3847
3848
3849
3850
3851
3852
3853
3854
3855
3856
3857
3858
3859
3860
3861
3862
3863
3864
3865
3866
3867
3868
3869
3870
3871
3872
3873
3874
3875
3876
3877
3878
3879
3880
3881
3882
3883
3884
3885
3886
3887
3888
3889
3890
3891
3892
3893
3894
3895
3896
3897
3898
3899
3900
3901
3902
3903
3904
3905
3906
3907
3908
3909
3910
3911
3912
3913
3914
3915
3916
3917
3918
3919
3920
3921
3922
3923
3924
3925
3926
3927
3928
3929
3930
3931
3932
3933
3934
3935
3936
3937
3938
3939
3940
3941
3942
3943
3944
3945
3946
3947
3948
3949
3950
3951
3952
3953
3954
3955
3956
3957
3958
3959
3960
3961
3962
3963
3964
3965
3966
3967
3968
3969
3970
3971
3972
3973
3974
3975
3976
3977
3978
3979
3980
3981
3982
3983
3984
3985
3986
3987
3988
3989
3990
3991
3992
3993
3994
3995
3996
3997
3998
3999
4000
4001
4002
4003
4004
4005
4006
4007
4008
4009
4010
4011
4012
4013
4014
4015
4016
4017
4018
4019
4020
4021
4022
4023
4024
4025
4026
4027
4028
4029
4030
4031
4032
4033
4034
4035
4036
4037
4038
4039
4040
4041
4042
4043
4044
4045
4046
4047
4048
4049
4050
4051
4052
4053
4054
4055
4056
4057
4058
4059
4060
4061
4062
4063
4064
4065
4066
4067
4068
4069
4070
4071
4072
4073
4074
4075
4076
4077
4078
4079
4080
4081
4082
4083
4084
4085
4086
4087
4088
4089
4090
4091
4092
4093
4094
4095
4096
4097
4098
4099
4100
4101
4102
4103
4104
4105
4106
4107
4108
4109
4110
4111
4112
4113
4114
4115
4116
4117
4118
4119
4120
4121
4122
4123
4124
4125
4126
4127
4128
4129
4130
4131
4132
4133
4134
4135
4136
4137
4138
4139
4140
4141
4142
4143
4144
4145
4146
4147
4148
4149
4150
4151
4152
4153
4154
4155
4156
4157
4158
4159
4160
4161
4162
4163
4164
4165
4166
4167
4168
4169
4170
4171
4172
4173
4174
4175
4176
4177
4178
4179
4180
4181
4182
4183
4184
4185
4186
4187
4188
4189
4190
4191
4192
4193
4194
4195
4196
4197
4198
4199
4200
4201
4202
4203
4204
4205
4206
4207
4208
4209
4210
4211
4212
4213
4214
4215
4216
4217
4218
4219
4220
4221
4222
4223
4224
4225
4226
4227
4228
4229
4230
4231
4232
4233
4234
4235
4236
4237
4238
4239
4240
4241
4242
4243
4244
4245
4246
4247
4248
4249
4250
4251
4252
4253
4254
4255
4256
4257
4258
4259
4260
4261
4262
4263
4264
4265
4266
4267
4268
4269
4270
4271
4272
4273
4274
4275
4276
4277
4278
4279
4280
4281
4282
4283
4284
4285
4286
4287
4288
4289
4290
4291
4292
4293
4294
4295
4296
4297
4298
4299
4300
4301
4302
4303
4304
4305
4306
4307
4308
4309
4310
4311
4312
4313
4314
4315
4316
4317
4318
4319
4320
4321
4322
4323
4324
4325
4326
4327
4328
4329
4330
4331
4332
4333
4334
4335
4336
4337
4338
4339
4340
4341
4342
4343
4344
4345
4346
4347
4348
4349
4350
4351
4352
4353
4354
4355
4356
4357
4358
4359
4360
4361
4362
4363
4364
4365
4366
4367
4368
4369
4370
4371
4372
4373
4374
4375
4376
4377
4378
4379
4380
4381
4382
4383
4384
4385
4386
4387
4388
4389
4390
4391
4392
4393
4394
4395
4396
4397
4398
4399
4400
4401
4402
4403
4404
4405
4406
4407
4408
4409
4410
4411
4412
4413
4414
4415
4416
4417
4418
4419
4420
4421
4422
4423
4424
4425
4426
4427
4428
4429
4430
4431
4432
4433
4434
4435
4436
4437
4438
4439
4440
4441
4442
4443
4444
4445
4446
4447
4448
4449
4450
4451
4452
4453
4454
4455
4456
4457
4458
4459
4460
4461
4462
4463
4464
4465
4466
4467
4468
4469
4470
4471
4472
4473
4474
4475
4476
4477
4478
4479
4480
4481
4482
4483
4484
4485
4486
4487
4488
4489
4490
4491
4492
4493
4494
4495
4496
4497
4498
4499
4500
4501
4502
4503
4504
4505
4506
4507
4508
4509
4510
4511
4512
4513
4514
4515
4516
4517
4518
4519
4520
4521
4522
4523
4524
4525
4526
4527
4528
4529
4530
4531
4532
4533
4534
4535
4536
4537
4538
4539
4540
4541
4542
4543
4544
4545
4546
4547
4548
4549
4550
4551
4552
4553
4554
4555
4556
4557
4558
4559
4560
4561
4562
4563
4564
4565
4566
4567
4568
4569
4570
4571
4572
4573
4574
4575
4576
4577
4578
4579
4580
4581
4582
4583
4584
4585
4586
4587
4588
4589
4590
4591
4592
4593
4594
4595
4596
4597
4598
4599
4600
4601
4602
4603
4604
4605
4606
4607
4608
4609
4610
4611
4612
4613
4614
4615
4616
4617
4618
4619
4620
4621
4622
4623
4624
4625
4626
4627
4628
4629
4630
4631
4632
4633
4634
4635
4636
4637
4638
4639
4640
4641
4642
4643
4644
4645
4646
4647
4648
4649
4650
4651
4652
4653
4654
4655
4656
4657
4658
4659
4660
4661
4662
4663
4664
4665
4666
4667
4668
4669
4670
4671
4672
4673
4674
4675
4676
4677
4678
4679
4680
4681
4682
4683
4684
4685
4686
4687
4688
4689
4690
4691
4692
4693
4694
4695
4696
4697
4698
4699
4700
4701
4702
4703
4704
4705
4706
4707
4708
4709
4710
4711
4712
4713
4714
4715
4716
4717
4718
4719
4720
4721
4722
4723
4724
4725
4726
4727
4728
4729
4730
4731
4732
4733
4734
4735
4736
4737
4738
4739
4740
4741
4742
4743
4744
4745
4746
4747
4748
4749
4750
4751
4752
4753
4754
4755
4756
4757
4758
4759
4760
4761
4762
4763
4764
4765
4766
4767
4768
4769
4770
4771
4772
4773
4774
4775
4776
4777
4778
4779
4780
4781
4782
4783
4784
4785
4786
4787
4788
4789
4790
4791
4792
4793
4794
4795
4796
4797
4798
4799
4800
4801
4802
4803
4804
4805
4806
4807
4808
4809
4810
4811
4812
4813
4814
4815
4816
4817
4818
4819
4820
4821
4822
4823
4824
4825
4826
4827
4828
4829
4830
4831
4832
4833
4834
4835
4836
4837
4838
4839
4840
4841
4842
4843
4844
4845
4846
4847
4848
4849
4850
4851
4852
4853
4854
4855
4856
4857
4858
4859
4860
4861
4862
4863
4864
4865
4866
4867
4868
4869
4870
4871
4872
4873
4874
4875
4876
4877
4878
4879
4880
4881
4882
4883
4884
4885
4886
4887
4888
4889
4890
4891
4892
4893
4894
4895
4896
4897
4898
4899
4900
4901
4902
4903
4904
4905
4906
4907
4908
4909
4910
4911
4912
4913
4914
4915
4916
4917
4918
4919
4920
4921
4922
4923
4924
4925
4926
4927
4928
4929
4930
4931
4932
4933
4934
4935
4936
4937
4938
4939
4940
4941
4942
4943
4944
4945
4946
4947
4948
4949
4950
4951
4952
4953
4954
4955
4956
4957
4958
4959
4960
4961
4962
4963
4964
4965
4966
4967
4968
4969
4970
4971
4972
4973
4974
4975
4976
4977
4978
4979
4980
4981
4982
4983
4984
4985
4986
4987
4988
4989
4990
4991
4992
4993
4994
4995
4996
4997
4998
4999
5000
5001
5002
5003
5004
5005
5006
5007
5008
5009
5010
5011
5012
5013
5014
5015
5016
5017
5018
5019
5020
5021
5022
5023
5024
5025
5026
5027
5028
5029
5030
5031
5032
5033
5034
5035
5036
5037
5038
5039
5040
5041
5042
5043
5044
5045
5046
5047
5048
5049
5050
5051
5052
5053
5054
5055
5056
5057
5058
5059
5060
5061
5062
5063
5064
5065
5066
5067
5068
5069
5070
5071
5072
5073
5074
5075
5076
5077
5078
5079
5080
5081
5082
5083
5084
5085
5086
5087
5088
5089
5090
5091
5092
5093
5094
5095
5096
5097
5098
5099
5100
5101
5102
5103
5104
5105
5106
5107
5108
5109
5110
5111
5112
5113
5114
5115
5116
5117
5118
5119
5120
5121
5122
5123
5124
5125
5126
5127
5128
5129
5130
5131
5132
5133
5134
5135
5136
5137
5138
5139
5140
5141
5142
5143
5144
5145
5146
5147
5148
5149
5150
5151
5152
5153
5154
5155
5156
5157
5158
5159
5160
5161
5162
5163
5164
5165
5166
5167
5168
5169
5170
5171
5172
5173
5174
5175
5176
5177
5178
5179
5180
5181
5182
5183
5184
5185
5186
5187
5188
5189
5190
5191
5192
5193
5194
5195
5196
5197
5198
5199
5200
5201
5202
5203
5204
5205
5206
5207
5208
5209
5210
5211
5212
5213
5214
5215
5216
5217
5218
5219
5220
5221
5222
5223
5224
5225
5226
5227
5228
5229
5230
5231
5232
5233
5234
5235
5236
5237
5238
5239
5240
5241
5242
5243
5244
5245
5246
5247
5248
5249
5250
5251
5252
5253
5254
5255
5256
5257
5258
5259
5260
5261
5262
5263
5264
5265
5266
5267
5268
5269
5270
5271
5272
5273
5274
5275
5276
5277
5278
5279
5280
5281
5282
5283
5284
5285
5286
5287
5288
5289
5290
5291
5292
5293
5294
5295
5296
5297
5298
5299
5300
5301
5302
5303
0.2095534492613969 0.271212562645578 0
0.7787202889651657 0.9750020537030084 0
0.6626434153136882 0.9745839901023887 0
0.3346136047940398 0.6258020805321145 0
0.4559177332283383 0.02545240807338001 0
0.5859425223259097 0.3552536244706045 0
0.7408298669130361 0.5951927584227892 0
0.5554402158088877 0.4149707024164535 0
0.02999195801655175 0.4827078711210199 0
0.9745431338938777 0.7811174646954162 0
0.6745914712912495 0.5968469009789333 0
0.2694417724327461 0.2203899441028514 0
0.4726562547362917 0.7708866654881484 0
0.5749886405924431 0.02549190126628548 0
0.8088020874351901 0.02546434993519886 0
0.9759448198507883 0.1908866349494757 0
0.2775639319824873 0.6502650763917448 0
0.7079506347740144 0.301060628571514 0
0.6408214553108486 0.3060724897537172 0
0.6622095537208067 0.02614850135029267 0
0.5547703310044871 0.4886021325330224 0
0.9746112235125232 0.6911719485018968 0
0.02553529198672705 0.5735740955402141 0
0.7786347351966822 0.3219520817739774 0
0.02547133540542457 0.397058823529411 0
0.5738700117338739 0.9767694887089878 0
0.3674436719513872 0.02565722320782826 0
0.0259714440146705 0.6600275277846525 0
0.0261584099139201 0.8377867366797023 0
0.9746896742228256 0.8676474869855088 0
0.6092967756250787 0.5696027821688362 0
0.1590334693436446 0.9740434262758061 0
0.02926885673432222 0.7475147024703634 0
0.7989909946928019 0.5620945828150566 0
0.4128617516206954 0.6434056780175186 0
0.2308543366991798 0.7132588479984711 0
0.2305888629365475 0.787947793561901 0
0.976852709518901 0.2805989130138395 0
0.4609948247551242 0.6952782498430679 0
0.8676470588235292 0.9745286645945753 0
0.4407033252700825 0.8341598598987985 0
0.9737039372421491 0.6036171741212482 0
0.8978172621985538 0.02616283643182504 0
0.8246881735936742 0.364114287700652 0
0.02451901709148913 0.3088235283528015 0
0.2706595020829258 0.8487550576675867 0
0.2511433900719643 0.144077295137261 0
0.02630712362337517 0.1052273579252924 0
0.8401412277858098 0.5000454148756268 0
0.9732717746266121 0.3978866794537517 0
0.4846630687509693 0.9743640676206108 0
0.1364730684987843 0.02224232606848364 0
0.1362890809433953 0.237522802159584 0
0.9745286645945754 0.4852941176470599 0
0.9770790547472239 0.102046236063832 0
0.849374515154711 0.4317045148236743 0
0.1391121308531597 0.1598449106815837 0
0.3972649953547989 0.9766573083926537 0
0.2512255032045442 0.9771882170220063 0
0.3085225879423458 0.02875698815538663 0
0.5137808677333894 0.02931429408525199 0
0.9745286645945754 0.5441176470588245 0
0.9731054287290765 0.3368615054175655 0
0.7165912234298488 0.02839501906201747 0
0.7171125917451634 0.9734306385118958 0
0.02675699124687314 0.8962330095341773 0
0.1041195075063436 0.9728957361227012 0
0.3085546251117876 0.975168292522838 0
0.1897838348427797 0.02285110468195761 0
0.97452878119182 0.9264691013382116 0
0.02398719895912449 0.1915163483615529 0
0.2511174757745134 0.02108520644281187 0
0.02452364524827294 0.2499997882095057 0
0.3402054544305717 0.8745485338584218 0
0.07324091979464187 0.02906411763281763 0
0.2679286070014172 0.1801914522789024 0
0.2467437895784965 0.2537276729436255 0
0.1699501855419094 0.2645139473077971 0
0.1534108146555186 0.13623125534573 0
0.1257867304478438 0.1355035780380414 0
0.131042290556177 0.2006081762755619 0
0.2101850950798864 0.1274316406046137 0
0.1411853812069559 0.1115623444127065 0
0.1127871321211726 0.110305544875569 0
0.09730043897814572 0.1345527403038972 0
0.924803462219614 0.9759248313677684 0
0.04470812621565873 0.9781249812179102 0
0.9560045015438203 0.02837043742939038 0
0.08410748014104968 0.1089900755871491 0
0.09962222087350209 0.08474226149483555 0
0.06857438287553624 0.1333026494176534 0
0.08188151611733424 0.1589541067166439 0
0.07160167476322526 0.08381941414998012 0
0.0249890384856945 0.04425255769523639 0
0.3866626080458879 0.6287505321482499 0
0.4124290897362555 0.6128135427507572 0
0.4384777080594363 0.6283298571763121 0
0.4379906746639762 0.597555906354613 0
0.4123842982250079 0.5828118580679498 0
0.4636870285710646 0.6124748580163037 0
0.4379257263346743 0.568002295355311 0
0.4124164991123609 0.5532547472264184 0
0.4378525300782173 0.5385220106493264 0
0.4124498777928333 0.5238512278539663 0
0.4377960071479325 0.5091946451150575 0
0.4124770218330832 0.4945630174347758 0
0.3872479139063426 0.5090052441512599 0
0.3871901861152573 0.4799493085044731 0
0.3620265807327896 0.4943250988892716 0
0.3619472903882572 0.4653575941811313 0
0.3367297954635368 0.4798703198790368 0
0.3871043032881624 0.4508531481541176 0
0.3367530105015824 0.4508052817293667 0
0.3115476360950075 0.4653089253297751 0
0.3116198134248137 0.4362634915340264 0
0.2864875397509045 0.4507172670793832 0
0.2863347281326647 0.4798162228319039 0
0.2612186624331886 0.4651962315216355 0
0.2611368559260281 0.4942849948047879 0
0.2358750371120428 0.4797110700545229 0
0.2360811450285333 0.4505612760138913 0
0.210687479112718 0.4650603992928715 0
0.2106123969476252 0.4941748015846271 0
0.2108920270559032 0.4359541022831168 0
0.1855274796644765 0.4504218789306959 0
0.1856330156636122 0.4213654422641561 0
0.2109914532091847 0.4069187477734986 0
0.1603233776466539 0.4357720583136 0
0.1605951350297805 0.4067147489860862 0
0.3367338215442823 0.4217783659235714 0
0.3116918334292688 0.4072893310899708 0
0.336718153820453 0.3928770415010476 0
0.311718941180732 0.3784314024833961 0
0.3366937374419214 0.3640548034530631 0
0.4377731759150115 0.4799971785034975 0
0.4633408690476787 0.5531798345001242 0
0.3616600832104842 0.3784510159519657 0
0.3614733020131755 0.3493819156592814 0
0.38652849935846 0.363989262461321 0
0.3863465923656301 0.3349199477105666 0
0.411447637432723 0.3495750247133422 0
0.4114273959147455 0.3207711407707141 0
0.3864892664894316 0.3064567259668133 0
0.4114164325344075 0.2919760256431487 0
0.4364304817159282 0.3063762701032531 0
0.4363927802032396 0.2775170706358888 0
0.4113522803365828 0.2631210056757583 0
0.4363450534390305 0.2486377011835322 0
0.4111215715405729 0.2340997154522543 0
0.4362658234107765 0.2197084214078851 0
0.4613838768577165 0.2341330397371246 0
0.4107851622117744 0.2050277716405468 0
0.4613038406915309 0.2051671802025679 0
0.4864842731850557 0.2196180169304943 0
0.4863836084632264 0.1905734414948904 0
0.511611599650188 0.2050569923055092 0
0.5115353950749468 0.175976751310956 0
0.5367595180945014 0.1904656089583204 0
0.5368247760836504 0.2195539209935499 0
0.5619804903461005 0.2049651525065813 0
0.5619336102866573 0.1758628108048237 0
0.5871784301786984 0.1903690408802216 0
0.5871395553604019 0.1612372149158481 0
0.6124097438231813 0.1757563540183509 0
0.4862822955574432 0.1614920800505362 0
0.6123635509270112 0.1465940251452019 0
0.6376590066354876 0.1611387637277208 0
0.637672322625731 0.1902905039594769 0
0.6629474357232039 0.1756979053144954 0
0.6629432893123601 0.1465106545988059 0
0.688223228760138 0.1610777838364029 0
0.5114683942230774 0.1468674303404389 0
0.4865722096195246 0.2486556635046756 0
0.1602284640380961 0.4649158704462856 0
0.3372465124295961 0.5087198044765882 0
0.3366138171033755 0.3351168218207051 0
0.3859354203450555 0.248304695244544 0
0.1349965548411236 0.4502222705386048 0
0.134906098121506 0.4794397150073327 0
0.6871804353704536 0.1907634429891142 0
0.712935865364223 0.1750317334622803 0
0.7134240475573441 0.1463702729260679 0
0.7387076318227004 0.1609241731595361 0
0.7388228198749176 0.1902683722909318 0
0.7641260181793706 0.1756478046422509 0
0.7634550733801373 0.1475368201837818 0
0.7893514600508638 0.1612188521915915 0
0.7894491218932935 0.1903238448379241 0
0.8147909730968692 0.1757118483077716 0
0.8147857945011862 0.2049395122797137 0
0.814791916432372 0.1464332035246628 0
0.840171688635722 0.1610658757625356 0
0.8403311273801276 0.1320226758072076 0
0.8655797417543586 0.14646063254418 0
0.8655478213967204 0.1757344896475896 0
0.5620230700147979 0.2340501309578564 0
0.4862025249068464 0.1323810941652651 0
0.5870875507199547 0.1320701740124838 0
0.7894719544787906 0.2195414603143595 0
0.8147651827490104 0.2341468400594365 0
0.6123263283097353 0.1173872227712639 0
0.5114023211217882 0.117721156113781 0
0.865730864812887 0.1173969419082878 0
0.8164127674297272 0.118416947090902 0
0.4610151164815587 0.1470153772735902 0
0.4609261403455344 0.1178956096817299 0
0.4357358971171797 0.1325235749034831 0
0.4354247970863118 0.1038164761585817 0
0.4104403527677821 0.1181014000739588 0
0.4115098827254788 0.3783772087860915 0
0.4364634943799104 0.364033472638891 0
0.4365033506953678 0.3928618488543874 0
0.4615227264804173 0.3784719488004235 0
0.4615663487470884 0.4073164155581334 0
0.4630639627926303 0.4945468672485776 0
0.8909391577934502 0.1610914697323104 0
0.8908590593958504 0.1903728406888471 0
0.3870002030670296 0.5678978888206982 0
0.1092736292531164 0.4653788471095707 0
0.1089049216416226 0.4945438937460031 0
0.1347308496455407 0.5088046974394209 0
0.1084937543045995 0.5237476057082873 0
0.1345979630471044 0.5381375826820247 0
0.1096991055783141 0.4356036129475811 0
0.1078914045972131 0.5538853581252436 0
0.1344369361192177 0.5676620001018842 0
0.107919801279218 0.5829907047778222 0
0.1336698410211747 0.5970885203469173 0
0.159982906543508 0.5822954895674052 0
0.1599272272598923 0.6117689763987554 0
0.1336235062328962 0.626446446784348 0
0.1856559671722448 0.597043369183617 0
0.1598599200992707 0.6412734087555635 0
0.1342127625529654 0.65597157480915 0
0.1595436640767334 0.6708276466109532 0
0.1341836629500773 0.6855440163806997 0
0.1069767068066027 0.6426867542385262 0
0.1582592131412889 0.7004083436676771 0
0.1338971987156758 0.7151191026978128 0
0.1085488936351759 0.700248677597223 0
0.1081935008655943 0.7302574286308817 0
0.1339721141675235 0.74477854938704 0
0.1081893754839858 0.7601368691857691 0
0.1335151318430949 0.7744255017461757 0
0.1082690131550654 0.7889842972712289 0
0.1332895048079571 0.8040317811173155 0
0.1080723385432873 0.8185797832083451 0
0.1335211800747559 0.833611884007573 0
0.1080077222473673 0.8481459260946116 0
0.1335447734806959 0.8630333010202207 0
0.159131927825108 0.8484991399355296 0
0.1590951024465747 0.8779290000036104 0
0.1079254658857691 0.8776647482069067 0
0.1838811798498985 0.8647873397986718 0
0.184523117305231 0.8930748932602409 0
0.1829727718185092 0.6557880145176322 0
0.5870265258919639 0.102856639327323 0
0.6122781253631121 0.08814259351170606 0
0.2867346619485115 0.392795546222113 0
0.2867788830192672 0.3639883265642554 0
0.1857790884506398 0.5675064526113875 0
0.2113045619056071 0.582320705484498 0
0.1596425962069662 0.759598469996457 0
0.4101300704058293 0.08942366508607125 0
0.3852313317707644 0.1036934689659569 0
0.385324626070244 0.1326091815673817 0
0.3602234614326763 0.1182421688402573 0
0.3602917138387449 0.1471081179021178 0
0.3352418223685232 0.1327679752851552 0
0.3351247555992635 0.1039242422810253 0
0.3353394415615931 0.1615496933435792 0
0.790056121301385 0.2477231309986136 0
0.8157769647701845 0.2615582921495216 0
0.8402086912425734 0.2484674825669007 0
0.8405676961010305 0.2770079187044855 0
0.8654397314089735 0.2631699586293216 0
0.8654129350581916 0.2923934903072207 0
0.890500287280038 0.2776475770044403 0
0.8907987438925603 0.3059825967249563 0
0.4862982955173414 0.392426562920452 0
0.486532700283423 0.3639196591664206 0
0.485661531349673 0.4207870331600398 0
0.08394255958821639 0.4507808517252597 0
0.07988964023555367 0.5419862686282291 0
0.3102098716517052 0.1184217013769827 0
0.2092895914159457 0.8799594569022395 0
0.2100411671017219 0.9080656927140202 0
0.158987156027999 0.9074722071446005 0
0.08264879418371524 0.715445548714142 0
0.08261163319568504 0.8036753053600925 0
0.08463092822240625 0.4212378160631191 0
0.4598180472897152 0.09060509956598584 0
0.3100926473067853 0.08962515846292313 0
0.2357150491999984 0.8933899603815978 0
0.1878556211690723 0.8343843256546515 0
0.2852247333649272 0.1041378364152116 0
0.8399908007018004 0.3071564781263352 0
0.08242381751866706 0.8627964634040042 0
0.08232046684457123 0.8923102711229605 0
0.5113053490274632 0.3778606242405629 0
0.5115567375071122 0.3494583373128364 0
0.3603138070134017 0.1758797143564183 0
0.3354353118983736 0.1902688017606101 0
0.2618405600984562 0.3783214927714859 0
0.2619312330723266 0.3495696266708173 0
0.2867844584398878 0.3352942700829974 0
0.2619984783976134 0.3209381744561753 0
0.2372072772381751 0.3351750163963586 0
0.286788976090394 0.3066648107479069 0
0.1099361105734945 0.4064259270830194 0
0.08344806549204686 0.3929116094488734 0
0.1100962258586625 0.377497436117807 0
0.08322519036966697 0.3636608774024565 0
0.1100777404436927 0.3483942023234617 0
0.08477446434724711 0.3336988686180573 0
0.1101519607740077 0.3191016680638044 0
0.135188220636171 0.3336182278232891 0
0.08516322974768797 0.3045495878532446 0
0.08325660900925758 0.6859131790755792 0
0.7651240145653776 0.2339709588857618 0
0.7675178277387891 0.2678561533753278 0
0.7389496946695063 0.2487311925549995 0
0.5368788763789853 0.2486307917015519 0
0.5620680627426616 0.2631214186567969 0
0.5872177724082397 0.2485487292788495 0
0.536901294133362 0.2776236935751611 0
0.5875210127395345 0.2771581240691643 0
0.6110353393337421 0.2629764634599795 0
0.1084027842485188 0.9083767157648786 0
0.08230934000776829 0.9219924760701679 0
0.2112411827728446 0.5527886564787452 0
0.2368754375870167 0.5676140820453455 0
0.2368407056395241 0.5971317323204164 0
0.2624244343316169 0.5824069314908374 0
0.2622722258398407 0.5528660384921171 0
0.2879763927501581 0.5676853656378584 0
0.2894424198639097 0.6023927360961673 0
0.2850798409577107 0.0753095087903749 0
0.2614462224244238 0.09130049043798721 0
0.4865272809710905 0.335093983801627 0
0.6376449726332037 0.1027308457476126 0
0.8906582267452763 0.2486938045819478 0
0.9158010420410057 0.2630449677523286 0
0.4614364103909001 0.2919796502379389 0
0.1601453467642122 0.5234335498056902 0
0.9160093402015576 0.2340987143772868 0
0.9162674989275306 0.1757120621365513 0
0.9163341912052447 0.1464216238808408 0
0.4368283488043717 0.4217059333689305 0
0.3139978487026973 0.5827671361900052 0
0.1102490476203674 0.290083046732127 0
0.08534446615754898 0.2755582966461223 0
0.3374799892960775 0.07291488736311968 0
0.2866920828589489 0.5087632229738022 0
0.05283786964351006 0.3468114523532806 0
0.05914304947983373 0.4352635771846031 0
0.467394949838328 0.6425675544686766 0
0.4903633191980954 0.6262084168743161 0
0.4892533661061551 0.5974112649540313 0
0.5149022121212514 0.6120011293907905 0
0.5155376273957328 0.6405430927634941 0
0.5148944125376174 0.5799572294031236 0
0.540390431413234 0.6265787736592496 0
0.5407660612469053 0.6555199813688121 0
0.5658485307094601 0.6412500603241321 0
0.5662271668772054 0.6701815415204019 0
0.5913238999977228 0.6558763688748429 0
0.5914441260988623 0.6852384161731419 0
0.6167449732206283 0.6705504264300143 0
0.6168579300730538 0.699890124903995 0
0.6421776241568236 0.6851638966823714 0
0.6423207617132241 0.7144291586590611 0
0.6170076277714776 0.7291752994552709 0
0.6424478515926545 0.7437524789070357 0
0.6677762487067351 0.7289608803937484 0
0.6678931619947747 0.7583202121474116 0
0.6932857278469883 0.7434966440621957 0
0.6933668054113264 0.7728453881698292 0
0.7188013574319485 0.7580037510836664 0
0.6425587450007171 0.7730404007249905 0
0.7188412755193606 0.7873790951160169 0
0.7442072754125268 0.7725653803000599 0
0.7443049353822341 0.8019220583954451 0
0.7696289479428061 0.787124897875512 0
0.7695399213305218 0.7577800949667076 0
0.7949465466477456 0.7723301697559535 0
0.7948097545244723 0.743018396019766 0
0.7951111976630527 0.8016546645055914 0
0.7189660740386142 0.8167208337868459 0
0.8202446232491083 0.7575452188364944 0
0.8200985115022983 0.7282373256716689 0
0.8455366670641944 0.7427631328655121 0
0.845391842127873 0.7134562995992846 0
0.7947230698377213 0.7136687051516134 0
0.744442076683659 0.8312653851200488 0
0.7191015784023458 0.8460645364508717 0
0.6933201829896104 0.714116025799876 0
0.8457078645764644 0.7720585314300396 0
0.7445933019950135 0.8606125919820568 0
0.5665181956664193 0.6999368912394324 0
0.8708393830324936 0.7279855902421992 0
0.8706855207889732 0.6986867153413236 0
0.8452470560783187 0.6841628330966185 0
0.8705244739839563 0.6693996895708768 0
0.7195873272192517 0.8748156539688369 0
0.693806685964109 0.860763551652834 0
0.8450922852569172 0.6549060607377716 0
0.8703535321112911 0.6401349283348537 0
0.7451397623365079 0.8892678699980683 0
0.7701610932417282 0.8750414068463949 0
0.8957539058948765 0.6546218459300421 0
0.8955972543777128 0.6253538710540677 0
0.6938439159938631 0.8900402206985647 0
0.6683927407636333 0.8756644798374864 0
0.870191387007164 0.610875401405489 0
0.8954255070247492 0.5961010678381836 0
0.8961496257531067 0.713207301324131 0
0.8962999967061372 0.742524126351343 0
0.8700319779794441 0.5816403467405344 0
0.8952625240851347 0.566864317556011 0
0.6682662696950444 0.8462745501787193 0
0.6428808709622793 0.8610864435209311 0
0.6430210042065672 0.8904943882469758 0
0.6174914926546488 0.8759116988112856 0
0.6173532401176767 0.8464881472082075 0
0.5919286187316689 0.8613279282954956 0
0.5917981785006392 0.8318692856507934 0
0.5663395946716447 0.8467256044658855 0
0.5662084722161079 0.8172396261336377 0
0.5664599872243828 0.8762101066439408 0
0.5408514044015271 0.8615912193827715 0
0.5409738758183085 0.8911150725064878 0
0.515409598567506 0.8765852767430572 0
0.5165154675949188 0.8485633621422974 0
0.6176291126042514 0.905321413655088 0
0.6166285961047582 0.6412650369932479 0
0.5154966514486805 0.9060260496168668 0
0.4899050033253139 0.8914971045658376 0
0.7709159933715874 0.9033401829328543 0
0.7957243757978867 0.8894912179312222 0
0.921062100320857 0.6398384973448843 0
0.9220530183060497 0.7265596926837965 0
0.7964787804201375 0.9178014695271526 0
0.8203069911354679 0.9040200205348058 0
0.8209580664491561 0.8748888668969499 0
0.8485695825634598 0.8936210608148427 0
0.8466718042576954 0.8607674067191717 0
0.8718367281364112 0.8746252663817426 0
0.8717428010411672 0.8453695759981782 0
0.897041573409426 0.8598279867476637 0
0.8968443953336147 0.8304241730571555 0
0.8975018982171508 0.888533009497178 0
0.8452191982402226 0.5951123033170822 0
0.564576656288323 0.6132532738213534 0
0.8203041274973448 0.9333946250585978 0
0.5411177775732504 0.9206411514611053 0
0.819843864747511 0.6696498227346465 0
0.8197829981244449 0.6405800563194882 0
0.7944937481270393 0.6551820653818561 0
0.7936305846504065 0.6271727317975555 0
0.7687341110063222 0.6398882258448444 0
0.7692080041490708 0.6697322080865149 0
0.7436167143733877 0.6546071701552241 0
0.7440030905098608 0.6844224953539964 0
0.7186242863195464 0.6699561946927717 0
0.7180174958733028 0.6407047297105305 0
0.6931879445310345 0.6554924522617063 0
0.5119854094224665 0.6713839162510646 0
0.9217731018621944 0.7570719293739988 0
0.9216855958673055 0.6977364549024151 0
0.8964493150252373 0.771836263897268 0
0.5916696132679908 0.8024129406706717 0
0.566087709199162 0.787746047418153 0
0.8462337069638581 0.8308476582460179 0
0.5410341636665366 0.8025973443384271 0
0.5405346350509791 0.773072974387258 0
0.9223509902767254 0.7857397662065022 0
0.5661174005815123 0.7583723645671607 0
0.5426587393589047 0.7441472400449489 0
0.7467625402865248 0.9208490592808494 0
0.9203315204755783 0.5807442355387448 0
0.9204446063185914 0.5519792021270631 0
0.8967865956708786 0.5375939930956446 0
0.9205901270649177 0.5228114495581022 0
0.8969517167686085 0.5083563718987123 0
0.9205136433266784 0.4935925628921452 0
0.8958277520558537 0.4803291420970769 0
0.9201876919609395 0.4645727702309225 0
0.9225650364144951 0.8449872132444184 0
0.6431696200792774 0.9199014142412043 0
0.6177835486101312 0.9347317376599383 0
0.05612126909045068 0.7008363758225815 0
0.490220053767529 0.9205343720564776 0
0.465461578217723 0.9062117121621189 0
0.235596998633903 0.9224968489294952 0
0.2614866018817879 0.9079350050218947 0
0.2099246296909221 0.9370853362397725 0
0.6376050701244654 0.07325495948954763 0
0.6629924063393534 0.08801245763730442 0
0.8921522064453675 0.4501153817369468 0
0.9200885759676132 0.4337895667712746 0
0.8947062979839175 0.4193053112455652 0
0.9199907557007421 0.4033928908936466 0
0.8956694471400738 0.3908250657275893 0
0.9193286495098039 0.3755314338835168 0
0.8949300306925692 0.3626535716504098 0
0.9186678088740314 0.3476532823835101 0
0.3849968428499596 0.07523640759775929 0
0.4102952078153007 0.05695157814122509 0
0.3603309242051386 0.204599133058615 0
0.3355138743385594 0.2189303778593006 0
0.9479399275699263 0.7396641136556199 0
0.4739244578575156 0.7227327548141417 0
0.3119572528503289 0.8706007797707322 0
0.3240020205495872 0.8986786244993585 0
0.3530006533656523 0.9013497220987789 0
0.3370149063934176 0.9256085210603378 0
0.3659675729064927 0.9266824073964701 0
0.3830763299015239 0.9034235408745357 0
0.4645272907277496 0.8140606607313363 0
0.240145802341213 0.814581923496193 0
0.224735512124195 0.7411456710824814 0
0.2405524265886916 0.6858128286645613 0
0.4169646521334729 0.8542552399153376 0
0.3088868528547494 0.9238713768591849 0
0.6123763733006505 0.05908850230127016 0
0.9466877047620152 0.4464806997180127 0
0.261727670212734 0.4071536106118366 0
0.5922172995967626 0.9201834035409909 0
0.6121748675272931 0.2339599924551137 0
0.6338337125733313 0.2480696317840747 0
0.5370267156149018 0.3646330271574491 0
0.5350256127524301 0.3352616592724953 0
0.8654493881595637 0.2049771510941274 0
0.4358516071651646 0.161660129104707 0
0.5367017963806781 0.1322470259473001 0
0.536635511942906 0.1030591647495909 0
0.5113707252319618 0.08863644719901387 0
0.5358781626885223 0.07331233181211438 0
0.462808143819107 0.4653495924198379 0
0.487107505875376 0.4822253725414344 0
0.488645507103545 0.5122788316365482 0
0.465901141755882 0.9340358561121025 0
0.4407720005641723 0.9216321021276811 0
0.4402390244240015 0.9510549393696192 0
0.313320550933158 0.5529145223798714 0
0.1684511679149385 0.1121958479677917 0
0.1565780897974502 0.08749285367580018 0
0.184405989999409 0.08840274069065068 0
0.940820478724934 0.2478028497091571 0
0.3522560229539362 0.9508142787600944 0
0.3389311037740182 0.5676623200000883 0
0.9411599535364636 0.160098394789261 0
0.4132476566548432 0.9360686083745161 0
0.8463805549954975 0.5661147776927957 0
0.4668053198925525 0.8757915297550678 0
0.5162856679577643 0.7857854971618066 0
0.3112046909912243 0.2046978724096885 0
0.3119502187016669 0.2332596869749521 0
0.3357313885219939 0.2475072931609534 0
0.3110033723707951 0.2618743092611953 0
0.335555788078952 0.2761834704262822 0
0.2035199783218543 0.7158546801639527 0
0.2378284771910229 0.3075319142205572 0
0.2129598474020181 0.3215527605150607 0
0.2124496727844877 0.349521476748251 0
0.1872672754474753 0.3348537283001348 0
0.1872384568749954 0.3636007663622888 0
0.6034218571148365 0.3334675090056429 0
0.5492815666268197 0.4427945885550227 0
0.1859338492630011 0.3080105771292018 0
0.7338094045748644 0.3028985236202258 0
0.6735911284978159 0.2998936772113555 0
0.6901251961820477 0.2765368374058468 0
0.7751223100806719 0.5822743001109282 0
0.8002655479709002 0.340662247449213 0
0.8496194333213218 0.4680429296895172 0
0.8402863805155032 0.3989399332194143 0
0.5639367641773144 0.514474075631707 0
0.536984325625722 0.5093328531910706 0
0.5454640604580943 0.5375790929897363 0
0.6476909716949079 0.5905735885624261 0
0.6574277581650215 0.6174969517878026 0
0.5887149276239403 0.5523907182118772 0
0.0530828103874994 0.1576903359353696 0
0.06573378353645953 0.1815807652032366 0
0.9407342791920381 0.2204338654717776 0
0.9401172712712844 0.1315818731009289 0
0.9160767987689973 0.1170359400665523 0
0.5756148540847161 0.3258440333937307 0
0.1721140126277311 0.06470268850426181 0
0.200871986250124 0.06640482483320842 0
0.2138381443929465 0.09270280708964995 0
0.2289921289894474 0.06532891492804793 0
0.7066617953666349 0.5969209529886726 0
0.2812771957985034 0.1357347725064638 0
0.8538303802734217 0.3735967659112198 0
0.8010485205890335 0.5869739717960862 0
0.8297216892238783 0.5256868296722372 0
0.5279323912242516 0.4237601800776629 0
0.5202689473280374 0.4521291019830999 0
0.06184887668281314 0.286466940156351 0
0.2621154757629838 0.9353715549353561 0
0.2353508119707265 0.8627836855270796 0
0.1435814225494074 0.06385694657785834 0
0.05739867797486475 0.4663716036168437 0
0.8044256274964056 0.3114364946012979 0
0.3035233363702657 0.6332457282752385 0
0.9449525361988687 0.3599028428507488 0
0.6502564344342013 0.2838449198541113 0
0.1073959007618117 0.9404314265063404 0
0.85617637696617 0.5231872859807826 0
0.8443465426809453 0.3435115014061285 0
0.06225392677515351 0.2568004801498757 0
0.08582885805866558 0.2459602875310516 0
0.06561876363074415 0.2275881089913002 0
0.08730859109052913 0.2171987887508388 0
0.5158482716132604 0.5305012135308584 0
0.0560619802484929 0.7311565469358172 0
0.9455541079727285 0.5080460345497355 0
0.4704259856459629 0.8414072572141809 0
0.4906325979178111 0.8196108340650807 0
0.05653765303234592 0.8778613476480495 0
0.9464184555871025 0.5642451247456285 0
0.0930953756620112 0.1858945337465689 0
0.08664387169472487 0.05817130371651702 0
0.5845299842587973 0.5807719821918531 0
0.6066742421932134 0.5981480724337089 0
0.6124446577321746 0.2921181029823571 0
0.2096273676147546 0.8097637290047497 0
0.2021852005496622 0.7815679711642718 0
0.5646408818146309 0.3808372421947052 0
0.4919949278661245 0.6981612553451213 0
0.5030430582818497 0.7259825681931593 0
0.03026217173200441 0.4531124111513701 0
0.0556315003772056 0.4965569274495185 0
0.02790390533574899 0.5138464985342877 0
0.05345311388700219 0.05694634001280169 0
0.9451161019764889 0.2791845461099619 0
0.5123021699495187 0.06016206941219338 0
0.6913274795119161 0.6241115110533091 0
0.2861177663622705 0.2475535628323965 0
0.9417770502402284 0.1023834687418198 0
0.9163043035228877 0.08767963650273902 0
0.9402248115916123 0.07334801955526815 0
0.9136046766704053 0.05433361746964355 0
0.8896860285897557 0.07427690142118454 0
0.1908137473456172 0.7481051028072399 0
0.7868322151158988 0.2940891633808219 0
0.05385721155925682 0.6731616457341203 0
0.6628407772137788 0.05797105599952301 0
0.6877466497544062 0.07323003161038777 0
0.6882088768661065 0.1026303269275168 0
0.7108738284375788 0.08775004638421802 0
0.6883217164930242 0.04404326827186339 0
0.3944583190029952 0.8738086622917172 0
0.4205276202709772 0.8824200059311437 0
0.05558747687412952 0.8496084024792172 0
0.4791305585356932 0.6714004066138394 0
0.9625425998408104 0.2345403694375379 0
0.1816352181416589 0.801977676999275 0
0.0275914071840716 0.7182464998934478 0
0.05653516805661729 0.7617156173243731 0
0.02911011251912798 0.7782247169792025 0
0.2209111352362451 0.836544241652885 0
0.04083406551234958 0.1330025454982597 0
0.9671864919763808 0.1464485604616302 0
0.7685835775071899 0.610272268087818 0
0.1612976955325998 0.3486480084091367 0
0.7191658001203802 0.2734446014563883 0
0.701625872309702 0.2501229853837843 0
0.7169401761921546 0.2277329753844133 0
0.6764190257152867 0.2539713889908395 0
0.6879768353345865 0.2228316334661755 0
0.08158890664755014 0.9512623277496656 0
0.05517594699871398 0.9366414722732452 0
0.1313040818801514 0.9584270321380257 0
0.2591149602103682 0.06267476009120254 0
0.2844796584333199 0.04820917041562156 0
0.4428347811801618 0.6641817717739638 0
0.105680928659088 0.03158634639267288 0
0.2867982027221746 0.2781895843054987 0
0.1369520375950781 0.9263535753409705 0
0.5279012662981902 0.481751803953507 0
0.9432523132006385 0.329423731267753 0
0.9622735223526223 0.3083875147550802 0
0.6454111463227304 0.9515460108176295 0
0.6687111429001829 0.9344688283361376 0
0.6892463683462647 0.9576522615358019 0
0.6179316616653395 0.9641405117826413 0
0.559239771065804 0.5613916610280464 0
0.794591226250025 0.9489331334570716 0
0.8217707435368942 0.9642423809295362 0
0.8477502267266956 0.9484094906582379 0
0.743330018585902 0.6265129219075658 0
0.9169757696499985 0.3185774539470093 0
0.3854410729174845 0.1903687927881973 0
0.213129298502686 0.04340349440387214 0
0.6366028774697167 0.04422013319247287 0
0.3856542073131499 0.2192667764543547 0
0.8700870101890121 0.4956946142817774 0
0.5195360196429032 0.7040266716998502 0
0.1105884155263935 0.2324008992036173 0
0.6085184028097921 0.02834084589281111 0
0.2367653555550345 0.39262602990595 0
0.1602141649588645 0.04048280630766571 0
0.7187407294099297 0.6992908617090727 0
0.7441601467745562 0.7138111137420717 0
0.08230205902913157 0.481404546779135 0
0.8691606572779972 0.4027979431509114 0
0.02650575677352568 0.5441128519311279 0
0.05252680478849492 0.5587972296758823 0
0.05108580252402056 0.5884807321945675 0
0.07845805591859989 0.5723162596257148 0
0.0771486163070676 0.6022621266359691 0
0.05059567772601259 0.6173264614396786 0
0.07887802831146418 0.6295372346137236 0
0.1056249964928961 0.6125459870758002 0
0.3602736741182977 0.2617856730284149 0
0.3604284875573395 0.2905500806852345 0
0.3356351634906699 0.3049792882816733 0
0.4874243292985917 0.5675450528309768 0
0.3115152772255965 0.3209636330538631 0
0.08251147392386388 0.7456806118678121 0
0.02835450789136001 0.8069374375790521 0
0.116091175629469 0.25941964737665 0
0.1340486109694958 0.2808027797477239 0
0.1348844414073302 0.3056732642846558 0
0.1606896024444319 0.3203701283512039 0
0.1355732875593939 0.3629806883658513 0
0.3098680265254233 0.1472956157139267 0
0.3116097692179263 0.1756204541115481 0
0.410683398639198 0.1760700575636769 0
0.02302091258924832 0.2206348983523805 0
0.02441130693971549 0.279467138386456 0
0.258304742378628 0.1178141666825664 0
0.7187563342007285 0.728644903680945 0
0.4104998776978768 0.147079469364162 0
0.3381699326199623 0.02543359892714142 0
0.3526080242053802 0.04882857161304122 0
0.3620120687737002 0.4362865516569314 0
0.3869150454639165 0.4217752054645518 0
0.262690150552086 0.2938341251592508 0
0.9726473997480751 0.3689949600375917 0
0.3862473442676659 0.2773624570069239 0
0.3608397787384932 0.3195815455086211 0
0.1855426782241539 0.5380575970276904 0
0.6932862388651639 0.6848334729412091 0
0.667941175880292 0.6706187996001798 0
0.4123399621872693 0.4654329896190929 0
0.5117659467879668 0.2631795240201355 0
0.5116446756561844 0.292040975777538 0
0.5394565167012233 0.5989560731943586 0
0.5934481849517541 0.6245726319682703 0
0.02524252070408822 0.07309388341815981 0
0.02543049995766405 0.3381645650473755 0
0.02576222109892584 0.3666055219762744 0
0.05518657916939057 0.3791645024761241 0
0.2122607971166419 0.6899026006241715 0
0.2205867540572383 0.6627304243308738 0
0.4852520387528964 0.02544704114455204 0
0.4695620719084272 0.04839952285019622 0
0.4418608227884702 0.05028932781548762 0
0.4265157120457801 0.02627635482756119 0
0.3960181018158466 0.0262017941854033 0
0.8451176932438483 0.6256220760917437 0
0.1852927757872729 0.9210461382094189 0
0.1814707874866029 0.9504675302899311 0
0.207908060256541 0.9657347926806968 0
0.4632703323370234 0.58269486866856 0
0.1086395608384116 0.6714718762585389 0
0.8199722588596146 0.6989071661811291 0
0.641844356532542 0.6573838483481564 0
0.2907763080296838 0.8959398780673211 0
0.8703525939191492 0.5489195938141755 0
0.6678037053853082 0.699687039012741 0
0.9745402566900996 0.5146858042545281 0
0.5441285065619451 0.02546506566837464 0
0.5602749369714566 0.05350295049002812 0
0.3875748209961025 0.5978009402895638 0
0.9735248220895824 0.5747350818129742 0
0.2363464926525701 0.4215367830592553 0
0.7651485605196809 0.2048854818575215 0
0.5159109040690906 0.9350723944180257 0
0.5409473583355791 0.9482464324644484 0
0.515225051691758 0.9689867175592153 0
0.5658685393738113 0.9334511566327022 0
0.3874193375402345 0.5382685145795447 0
0.3112161299964303 0.2914758493460699 0
0.3618102133592348 0.4073558286755564 0
0.236350275150324 0.5380580657792861 0
0.05673295462490979 0.9069402944498614 0
0.02790581955311533 0.8665638756148423 0
0.4614829235602846 0.3495828522926261 0
0.9741656623809812 0.4567198063284678 0
0.9738711171498555 0.4276355478923325 0
0.9460674133665559 0.4160741604165316 0
0.1341512199474393 0.8934715912468645 0
0.4611757457988388 0.1761253683587365 0
0.7493040287735946 0.9744320948938916 0
0.7631070541232197 0.949317607631163 0
0.7352941154986007 0.9490799485342399 0
0.7158740006270969 0.9264010241588845 0
0.9744438862244796 0.6324633340392033 0
0.9484141257422689 0.6188603293328168 0
0.9745521871726363 0.6617616826299813 0
0.9490919042494464 0.6764570276231151 0
0.8658945900564091 0.3220839000779895 0
0.5916484032194493 0.7730786568170924 0
0.3116903942186841 0.3496591288010918 0
0.820875504375826 0.8456657140918402 0
0.8206505681955965 0.8162119302542393 0
0.1351731050748021 0.421130352047941 0
0.9745164173153028 0.721315814281155 0
0.5631199216041283 0.2963948297412312 0
0.08228261658834896 0.8335263153652215 0
0.05644024463746461 0.8190223365320697 0
0.6172533664792336 0.8170408038339081 0
0.8714354648903122 0.8159304965496601 0
0.9746939823764238 0.8092510063935096 0
0.7493228746106175 0.02594796815026718 0
0.7365421869857742 0.05200976630560222 0
0.7646673857985047 0.0509204353763229 0
0.75179291448288 0.07594102271180025 0
0.7793382312902801 0.07626425223573974 0
0.7683614288685567 0.1019451413695107 0
0.7940662883657466 0.05089845559707878 0
0.8079635531938345 0.07513110602255541 0
0.8382224177754889 0.02546641601110483 0
0.8233377596141191 0.05072451484679463 0
0.8400936665307999 0.07568461024810907 0
0.8535089646657852 0.04848574653138704 0
0.8676198427547209 0.02548704482645331 0
0.7954540092602297 0.8603331324492604 0
0.9747455112616248 0.8383068261734666 0
0.9490823402089699 0.8255733322619778 0
0.4888437280521311 0.5387344182252765 0
0.5116942189922126 0.2341298928439347 0
0.9267010454738127 0.02572626273298623 0
0.6627726276174525 0.2049385843573454 0
0.9754832456358267 0.0735416704192603 0
0.9745562341816993 0.8970588606552214 0
0.9493776430850809 0.9123063667005731 0
0.9515137151349879 0.9418083992246953 0
0.9264155932917009 0.9292807321648873 0
0.9493023445584083 0.8841062022692419 0
0.9750377737961449 0.9558192460760639 0
0.769947702054516 0.845786308243106 0
0.896780809662665 0.9751342909435106 0
0.8823529411576749 0.9490594415674876 0
0.8649692696787303 0.9225775326735074 0
0.7792803609369706 0.02553853484314467 0
0.8401490387323429 0.1903403203075361 0
0.6427705079716055 0.8317008852650583 0
0.6681522451316713 0.8169478856222127 0
0.6679313070168127 0.9050382550227536 0
0.6936313428170453 0.8314912492193945 0
0.02636219468704148 0.9254818534590609 0
0.794608279873549 0.6843525694323381 0
0.7697658761966426 0.8164665172117942 0
0.8959829235953942 0.6839116324196846 0
0.7377238330887042 0.1331749879365453 0
0.6935007049152577 0.8021676191520718 0
0.7864134887123282 0.1286288034439033 0
0.1860589827688227 0.3924061069852877 0
0.7953008096243105 0.8310197111259718 0
0.8204163346812727 0.7868567867154024 0
0.4372204571378719 0.4507723012786851 0
0.5871657160247906 0.2194609429981034 0
0.2795711978566433 0.9767602907720072 0
0.8709956450600964 0.7572786847486065 0
0.2359857728692829 0.5087288072614186 0
0.4865076717866585 0.2775521640545786 0
0.890947206742471 0.1317713045256146 0
0.89070486649386 0.1026476279170945 0
0.8661240580974822 0.08997790404488376 0
0.5869023037595681 0.07355482196495805 0
0.8459663345165258 0.8013904358969062 0
0.287228737408189 0.5380021083158634 0
0.2606259928218563 0.6120650446677182 0
0.2346889488143705 0.6307564016969747 0
0.4632571007036891 0.524409434562485 0
0.5916627471185636 0.7145366562287789 0
0.6123689400745609 0.2048736824777677 0
0.1591753437080142 0.7305461791813639 0
0.8401123475579879 0.2195127513527788 0
0.3386841420236952 0.5382159495432928 0
0.1601593219826468 0.4941295858391138 0
0.6376180595465545 0.1319513506736367 0
0.5920451488711829 0.8907855279692767 0
0.1102753358711814 0.1587623283852787 0
0.6680464865735287 0.7876212629981321 0
0.5162847715581866 0.7537663424502712 0
0.5361104210491512 0.3933143755101733 0
0.5367159269853899 0.1613662478131296 0
0.6629915907820785 0.1172841284694662 0
0.4860049837141849 0.1036548042068836 0
0.1601328095382479 0.5528009316191018 0
0.2632573061179106 0.8796902818489777 0
0.9460638219003251 0.536511041978223 0
0.8956318033311843 0.9215324290178609 0
0.1848561648891108 0.6260087321083458 0
0.5664471047429498 0.9053977364590839 0
0.9459160049199 0.477714636197496 0
0.6364064758208274 0.2189847008776208 0
0.7693902493413037 0.6990326428730951 0
0.4901986539565879 0.451423609815493 0
0.5414547645866117 0.8323657740123045 0
0.5896135944616848 0.9518806872846675 0
0.6171465747431237 0.787724651615582 0
0.2866471372700438 0.4217043630507614 0
0.2370821039277363 0.363869073476821 0
0.1354442267003209 0.3920719856172273 0
0.4364375123512766 0.3351957492279567 0
0.4614396670495117 0.2630792148922898 0
0.7694755004266522 0.7284103297403401 0
0.2110546331841543 0.6118575416601786 0
0.3117236258926998 0.4942044463425703 0
0.3603110926588737 0.2332005505419706 0
0.8653990157109036 0.234111972566684 0
0.6882204144266983 0.1319139955711124 0
0.3853046654087784 0.1614401804583209 0
0.1854224312096028 0.4795711287167507 0
0.6426546543166466 0.8023459816766472 0
0.5618993999178147 0.1467436077059254 0
0.3612957017015876 0.09041872301091336 0
0.4360109296528805 0.1906264880463534 0
0.3866720230780231 0.3928246559520377 0
0.06058616580685361 0.3159901029699995 0
0.4614258053742641 0.3207743437066022 0
0.7441925623728436 0.7431773368606467 0
0.9207905955622792 0.6101269934084688 0
0.8712031892650896 0.7865912519764542 0
0.4556107936943328 0.9764870711970328 0
0.05635509585733217 0.1082367106540918 0
0.5618415893661414 0.1175709513333213 0
0.6170967036853764 0.7584268097418974 0
0.0253632045566794 0.602938585013834 0
0.7125834780816092 0.1174469817237083 0
0.2614761641663866 0.4361054961402543 0
0.8907481480948014 0.2195410931149082 0
0.8966348850316053 0.800990254494929 0
0.128133100707992 0.0864223603990838 0
0.3091852989009375 0.06037424574897177 0
0.9452957383209745 0.190483307653047 0
0.9490076378420818 0.6477583365364546 0
0.5614265051034264 0.08730947661288935 0
0.2120610538451135 0.3780628710463444 0
0.9166523440221254 0.2051069805737364 0
0.1853448430219897 0.5087298692430795 0
0.921271676014183 0.6684782154786163 0
0.1612914961057912 0.377682761102659 0
0.02516153440516183 0.6316548815532115 0
0.5916517442821851 0.7437966035799367 0
0.4864260318423482 0.306395700003149 0
0.5113258528368756 0.3207686420920063 0
0.5367747782920885 0.306361196384392 0
0.9490751683618415 0.7069520160850629 0
0.4117008116345867 0.4073117216460201 0
0.2896687231758107 0.9489687802516774 0
0.1150443576994639 0.06057421135773294 0
0.5668812004290031 0.7296299323231268 0
0.9739532253177283 0.7522864287817385 0
0.2108461914977035 0.5234229662291411 0
0.3675688651921177 0.9758852647478234 0
0.4120181547526964 0.4363085499218997 0
0.05363968982277501 0.5276532728448806 0
0.948588927274259 0.7688860420006672 0
0.3382688003434917 0.5966699249358289 0
0.0256152432232028 0.1595252546083232 0
0.4623805806357834 0.4362258142668533 0
0.2616109916754356 0.5234505396045459 0
0.9226325148746761 0.8145426510992611 0
0.4839509493197559 0.07219877726401841 0
0.4906517874983718 0.8625060682759512 0
0.9486810058872535 0.8558315122395144 0
0.1589016240788368 0.8195865446321458 0
0.816551647756657 0.6076912012772322 0
0.9234270410971883 0.8722668684130899 0
0.3124826085910479 0.5234700090053314 0
0.04757604477370381 0.2055699231914014 0
0.1593643233666615 0.2890349883410005 0
0.05695567842572813 0.7902316579888066 0
0.3624947966349714 0.5230061557438226 0
0.08251205704015763 0.7750707264996803 0
0.4264425580728638 0.9771053699011677 0
0.3629043015511352 0.5529033893746192 0
0.2371224628209364 0.9536714320802171 0
0.04454715573718482 0.02497554420048453 0
0.9781250090788554 0.04512409845839954 0
0.9534579519816797 0.9723408123258175 0
0.5301015168568474 0.5561954544525317 0
0.02972738494273508 0.9556035997352417 0
0.3631259550612249 0.5825161293017095 0
0.8926664237551207 0.3345203737867325 0
0.3856617630368214 0.9501653759671415 0
0.7964863878759328 0.09930172690194222 0
0.841520223668649 0.1048205317247388 0
0.7378278254234737 0.1022718277887705 0
0.3219159859648454 0.9499994344548963 0
0.2366724941716495 0.2768072425503525 0
0.2374589301706962 0.1045032228173542 0
0.9164796511922833 0.2913153777072151 0
0.08087795724209268 0.5108785929995981 0
0.1838248206399506 0.6864360337203752 0
0.05715321711497973 0.4080338396342556 0
0.9097671377583474 0.9508828574537161 0
0.6662134581158512 0.6430806176219216 0
0.157186799372712 0.7891779069745501 0
0.2867131990449959 0.1594335311559537 0
0.03049097637406012 0.4238773725974278 0
0.0735294117647059 0.9770976462779464 0
0.3379203325405157 0.9758143099418739 0
0.5587222888319405 0.3470921169514337 0
0.545967260426046 0.9756547876103391 0
0.4912339362800455 0.9481552791126502 0
0.5164151885229817 0.8174722692667657 0
0.4882303247521098 0.7939421514101345 0
0.02725688864140829 0.6891041650685452 0
0.4345476107692971 0.07661169862302897 0
0.05318710434882606 0.6450291344292403 0
0.3691246447493375 0.8743230356176653 0
0.08079920347896985 0.6579666373916214 0
0.3612864664332314 0.6136365379148914 0
0.4888811287459351 0.7479180662879266 0
0.5921044761099199 0.3057647393288021 0
0.6296547392448972 0.6132272914998528 0
0.2498166200833939 0.6579391878963128 0
0.8823512021366972 0.0477213277550948 0
0.315415187030297 0.6088623621350326 0
0.1553242280534652 0.9486055376557614 0
0.8681632223904068 0.4499999999999998 0
0.5415145457632604 0.6853227648556868 0
0.5437558582087105 0.7153209653525424 0
0.5885652603786284 0.0476082447742287 0
0.2067596710898314 0.6418120825441644 0
0.7101697886923862 0.05867474845598358 0
0.5095342286533546 0.4053272632758172 0
0.6930546949876499 0.9216030925941084 0
0.9236093872634521 0.9013376013438051 0
0.9486486481508219 0.7975183771095556 0
0.8714405767326706 0.3522265231960701 0
0.8242918790851561 0.3276505266631345 0
0.9390656497356207 0.04816892397328398 0
0.9456620881715664 0.5921797176518646 0
0.2783719189134384 0.02255132087461648 0
0.7202206384343693 0.9025244833676549 0
0.8168194413900778 0.2889032831537967 0
0.2478724712508091 0.8386079827904623 0
0.2106426892050907 0.2950480968403864 0
0.9460430881917763 0.3869638279226312 0
0.9368194716744063 0.3053777247574039 0
0.659038347827964 0.233551093909422 0
0.7440136872392604 0.2790917831482947 0
0.2855555635423409 0.8693381044283865 0
0.8427277234644825 0.9774361072364699 0
0.7110704296166851 0.2005827030521742 0
0.8744344235887777 0.8997136657209867 0
0.5338336728522052 0.04837593723827371 0
0.7427117775717889 0.2190749312487305 0
0.1861530516526518 0.9780491498492869 0
0.5112482810247987 0.4993816962323689 0
0.3785579235336453 0.04929695962864433 0
0.2825867923410031 0.9224173190270868 0
0.2910979452859476 0.1904772102855306 0
0.4150232411409387 0.9099885549972371 0
0.4453508949819378 0.8604221678802296 0
0.8403800395203398 0.9204045459479984 0
0.6905227034330288 0.01968879049913214 0
0.2785219338339382 0.6272597988557791 0
0.1907355667751121 0.1110799177968331 0
0.04670584822845708 0.0850782213462159 0
0.5974595241604146 0.9785581375552592 0
0.3907278697020979 0.9266168636507326 0
0.1777581910040998 0.7759941585191513 0
0.8220094988491595 0.5780578187047765 0
0.4928823728780632 0.6504206773942782 0
0.6381384211309395 0.9780541025405319 0
0.9618446937539054 0.2584253356540994 0
0.2925390604889161 0.219048738560115 0
0.6331809479776311 0.01948142661033386 0
0.3294570694693858 0.04742976130640447 0
0.4452890964734762 0.8915670173447001 0
0.9627080030709358 0.1699363207471534 0
0.2344486963336005 0.128426057430964 0
0.8025458635151228 0.9776355136179233 0
0.1089071555420004 0.2056123111931422 0
0.8472016500230204 0.5436689244121483 0
0.5614403100079928 0.5874339747806123 0
0.179118620631345 0.7162700679081218 0
0.7954005140632671 0.2720260046116163 0
0.2640987872540394 0.2666023369671086 0
0.7101163542409551 0.9456333930669861 0
0.2198880480667018 0.7647341530467024 0
0.7739701249654074 0.927609355917917 0
0.179433061117457 0.1336737901450848 0
0.506352465031271 0.433060634161146 0
0.9793555697301339 0.1259985923107328 0
0.132352941176471 0.9819559339137626 0
0.5456134633079583 0.4659578482580614 0
0.221177828630825 0.01905624093347302 0
0.7606257090927622 0.3025284447345324 0
0.2411135703187374 0.04513931968456786 0
0.6911764705882348 0.9820418564371276 0
0.8233433238623716 0.5509952307513053 0
0.9622803236753739 0.2112511243286757 0
0.5705839093797073 0.5369048340240437 0
0.1237228288046626 0.1796274917074956 0
0.188054792454066 0.2795518740596684 0
0.5407858062037049 0.5756726807950591 0
0.6179935061849777 0.3144802479560073 0
0.02153090610496727 0.02153090610496711 0
0.0435170720349472 0.1790075751919556 0
0.9784677899514128 0.978467789951413 0
0.9784690938950329 0.02153090610496727 0
0.02114241073144063 0.9796906598921864 0
0.759650288405446 0.1235510270500285 0
0.5540831463990544 0.3207231152196175 0
0.7201141547237982 0.617532887179487 0
0.1471667232922779 0.2615136072750781 0
0.2638172709529328 0.2422568400386026 0
0.8769754929375581 0.3769930263439404 0
0.8746923211957329 0.4696864247618527 0
0.01709041602112565 0.132352941176471 0
0.05694595531387275 0.9597460054508018 0
0.265825013711688 0.1584810020411602 0
0.87471137985048 0.4307846301914195 0
0.2602434855072092 0.6356571019017059 0
0.4927597727766342 0.04681175487088984 0
0.187222659436437 0.04756898374619317 0
0.6404006923360295 0.6341517961293467 0
0.4705273748733819 0.9575157245050707 0
0.8204288577608703 0.09542411124904204 0
0.6302623879651782 0.2771489805968513 0
0.412599358493463 0.9584329004477006 0
0.4607190056452729 0.7929394001754144 0
0.4964676295500575 0.7704597445596575 0
0.866352784004104 0.06722929800013189 0
0.5849562238139685 0.6026690627127933 0
0.4579479004151331 0.06762088522374343 0
0.2280548186819394 0.9791337802794807 0
0.7285242888352007 0.0717789079436304 0
0.5074588261964137 0.4710769289885072 0
0.1617647058823531 0.01612498639082788 0
0.9585441291224814 0.08791043980488522 0
0.9589165811161064 0.1167069056280065 0
0.9822910880288578 0.22030824413553 0
0.9826878383592745 0.2496278463460284 0
0.9819636197483212 0.164904334241096 0
0.1279282583886172 0.2189033559143608 0
0.6248462541540257 0.5860165188843145 0
0.4942026545517454 0.8411082267743095 0
0.1637997613439541 0.9286305275618973 0
0.6534919186373802 0.2627362579627366 0
0.5624344647162794 0.9566347123935539 0
0.363835108371267 0.06790827874457273 0
0.5074224516716895 0.5545866736885534 0
0.7899645289159369 0.6045953004755801 0
0.2647058823529408 0.9587956344271806 0
0.2734977465542582 0.2010313617578978 0
0.9587932133984528 0.05906628267913155 0
0.2628395167300754 0.03993195550176409 0
0.2002728993940059 0.670818250918117 0
0.07026610843035513 0.2038477808924898 0
0.8794675524095819 0.5229946584200932 0
0.1311968852761425 0.04495189919060505 0
0.9326182168872457 0.9543654196607823 0
0.9840897608085178 0.3087781463907149 0
0.2404226633552674 0.08417907026833832 0
0.04276769581546691 0.2368954651434898 0
0.04070964066798644 0.2654206246779899 0
0.4032713775791088 0.8924101910236584 0
0.2067895601668058 0.8562731877515277 0
0.6665030182207166 0.9545627726979894 0
0.04074418883459435 0.2950369055489762 0
0.6693126403788691 0.2759635141076781 0
0.5254264483917724 0.7288622919522096 0
0.03999945911099834 0.3235142951925561 0
0.01524548818703009 0.41782103923989 0
0.01524548818703009 0.4325269215928311 0
0.4814027933017254 0.7353254105510341 0
0.4694405643729676 0.7489590331439633 0
0.4619622289287578 0.7363663774070708 0
0.0151310858660022 0.4618503232227434 0
0.03012706487427808 0.467910141136195 0
0.01499597900827587 0.4766480532075683 0
0.05401222440645032 0.3629879774147023 0
0.04047440013415821 0.3728850122261992 0
0.03930004537121795 0.3567084871647775 0
0.02559636052829495 0.3523850435118249 0
0.03913418480058706 0.342488008700328 0
0.09317473025790651 0.5631008088754792 0
0.07917384807707678 0.5571512641269719 0
0.0938905224163834 0.5479358133767364 0
0.2735511047550957 0.147107887273812 0
0.2584842018918262 0.1512791485892106 0
0.2662102929352338 0.1399060338218624 0
0.04383042485343458 0.4597420073841069 0
0.04369531799570825 0.4745397373689318 0
0.9695631159357617 0.2944932138844598 0
0.9536948121645555 0.2937860304325211 0
0.9609844057476949 0.2798917295619007 0
0.06920588476952877 0.3714126899392903 0
0.06803153000658851 0.3552361648778685 0
0.2547240662252962 0.1309457309099137 0
0.2697909690885657 0.1267744695945151 0
0.0654924303535474 0.5655567446507985 0
0.0662082225120243 0.5503917491520557 0
0.6115514620983257 0.6188999617340615 0
0.6231416676748277 0.6272461642465503 0
0.6050383905282561 0.632918834480759 0
0.5076125258458785 0.9844933587796076 0
0.5223184081988197 0.9844933587796076 0
0.9330779946670845 0.4249318635939031 0
0.9463775590642856 0.4312774300672721 0
0.9333881403648142 0.4401351332446436 0
0.8122787135280282 0.3341563870561738 0
0.8244900263394151 0.3458824071818932 0
0.8124768607822872 0.3523882675749325 0
0.06931732233071874 0.3860380559624987 0
0.08333662793085694 0.378286243425665 0
0.6181644907190553 0.6056876819667809 0
0.6000612135724838 0.6113603522009896 0
0.9599692652582057 0.421854854154432 0
0.9602794109559354 0.4370581238051726 0
0.59837684846372 0.01417042294640558 0
0.5917535217011176 0.02691637357954829 0
0.5816119673550455 0.01274595063314277 0
0.2256485372818213 0.0986030149535021 0
0.2238220126252913 0.115967431710984 0
0.2120116197364165 0.1100672238471319 0
0.0151310858660022 0.4471444408698023 0
0.8343192108830507 0.3355810140346315 0
0.8345173581373098 0.3538128945533903 0
0.0565150891760352 0.4814642655331811 0
0.0428117291968787 0.4896323992852692 0
0.1417279021178366 0.249518204717331 0
0.1316289494608734 0.2604666273258641 0
0.1261901282864322 0.248471224768117 0
0.440656244619799 0.646255814475138 0
0.4278482664004286 0.6537937248957412 0
0.4256697298400658 0.6358677675969153 0
0.451914802967643 0.6797300108085158 0
0.4609826698579275 0.6677910891939016 0
0.4700626916454087 0.6833393282284537 0
0.9495464970135143 0.306882619756242 0
0.9409677868254476 0.2922811354336829 0
0.03037657405303229 0.4384948918743989 0
0.1406076671308868 0.271158193511401 0
0.1250698932994824 0.270111213562187 0
0.228721622410872 0.2611444211590392 0
0.2231129717165232 0.2740099025979653 0
0.2151620999557456 0.258347081206652 0
0.09253420879314278 0.5926264157068957 0
0.07780333611283374 0.5872891931308419 0
0.09318892859890893 0.5776534822017685 0
0.8192805733029083 0.5928745099910043 0
0.8336143485446911 0.5865850610109293 0
0.8308854229984398 0.6014017522971571 0
0.5741644044314972 0.08043214928892373 0
0.5608507210374415 0.07040621355145871 0
0.5735886203655123 0.06352888622749309 0
0.1079056029382156 0.5684380314515329 0
0.0137957035920358 0.7267703087702532 0
0.02843013195919691 0.7328806011819057 0
0.01463442836716111 0.741404410058711 0
0.1988041208577314 0.2753822183526232 0
0.1904695252702009 0.2645214730768575 0
0.2012188536738663 0.2603518173698123 0
0.3593797378959365 0.6319580790983867 0
0.3739745372395596 0.6211935350315707 0
0.3720678087022647 0.6395150762150659 0
0.2417081418750731 0.265267457746989 0
0.2337572701142955 0.2496046363556757 0
0.04182669371628223 0.7247015234146326 0
0.04266541849140759 0.7393356247030903 0
0.2422527844488822 0.6443477947966437 0
0.2352016870703161 0.6603348061135933 0
0.2276378514358044 0.6467434130139242 0
0.2451845233360427 0.671876008280437 0
0.2632557164502054 0.6699609570596106 0
0.2586236197028543 0.6838977774437349 0
0.7015855246143026 0.9336182428305473 0
0.6996813612936099 0.9516428273013939 0
0.6911505316669573 0.9396276770649552 0
0.04168907886592949 0.6949702704455634 0
0.04055705010033256 0.6811329054013329 0
0.05498924032485375 0.686999010778351 0
0.4551148655092449 0.6533746631213202 0
0.4732627541870106 0.6569839805412581 0
0.1212770020979791 0.9009241535058716 0
0.1355516287712587 0.9099125832939176 0
0.1226774109217985 0.9173651455529246 0
0.2136732125735349 0.6522712534375191 0
0.220724309952101 0.6362842421205696 0
0.2910226351021019 0.6302527635655087 0
0.283982176848924 0.6148262674759732 0
0.2964828781170877 0.6178192321857029 0
0.3024288034471034 0.6056275491156 0
0.3094692617002813 0.6210540452051355 0
0.2669584041004182 0.8642226697582822 0
0.2493040590443186 0.8712369836880286 0
0.2530051570268262 0.8557693715973331 0
0.1116639937413088 0.01579317319633644 0
0.09695811138836757 0.01579317319633644 0
0.9122591538361833 0.02594454958240566 0
0.920152861072109 0.04002994010131489 0
0.9057109694344796 0.04024822695073427 0
0.7737289621043306 0.2983088040576771 0
0.7640717684157756 0.28519229905493 0
0.7771750214273441 0.2809726583780748 0
0.1594089699574902 0.7450723245889104 0
0.1749945455268157 0.7393256409943019 0
0.1752281717762917 0.7538517864018484 0
0.7523196981660114 0.2908101139414135 0
0.7557657574890249 0.2734739682618113 0
0.4807686917411134 0.7594023658880376 0
0.4613281273681458 0.7604433327440743 0
0.1193499913209816 0.9494292293221831 0
0.1177117946932475 0.9656613841303634 0
0.1057577041340777 0.9566635813145208 0
0.9105556427403014 0.8949353054204916 0
0.9096205952973182 0.911435015180833 0
0.8965668507741675 0.9050327192575194 0
0.6991254324935694 0.1956730730206442 0
0.6995236324756359 0.2117071682591749 0
0.6875786353525202 0.2067975382276449 0
0.8979779394035513 0.05102747261236917 0
0.8900842321676256 0.03694208209345995 0
0.2416116416107679 0.8506958341587709 0
0.2592659866668675 0.8436815202290245 0
0.1067723988860571 0.5977683459268112 0
0.09138680639998187 0.6074040568558847 0
0.8115290097190965 0.5825158952504315 0
0.8088000841728453 0.5973325865366592 0
0.6808829189439164 0.928035960465123 0
0.6789787556232239 0.9460605449359698 0
0.9355640933339455 0.7167558543844297 0
0.9485075479658839 0.7233080648703414 0
0.934996472937988 0.7331119031697082 0
0.8529426953791048 0.3146201891021623 0
0.8551205663686772 0.3327977007420589 0
0.8421686716913729 0.3253339897662318 0
0.05629857415255513 0.7464360821300952 0
0.04290201239546976 0.7546151598973683 0
0.07004849279086356 0.05755882186465933 0
0.063347016840822 0.04300522882280966 0
0.07994239574468337 0.04361771067466735 0
0.3778293735929885 0.8587052052410429 0
0.36329882705399 0.8620217076678917 0
0.7092830242509283 0.2389279803840988 0
0.7279449354308304 0.2382320839697064 0
0.7202877834896041 0.2494270889693919 0
0.7824239083722448 0.1006234341357265 0
0.7914499382941306 0.1139652651729228 0
0.7773874587904425 0.115286972406707 0
0.2623719539998492 0.8938126434354362 0
0.2770168070737972 0.8878150799581495 0
0.2761314549557358 0.901937441544608 0
0.3817914818761664 0.8740658489546913 0
0.3904962107198174 0.8584480185780687 0
0.4184054599305403 0.04161396648439314 0
0.4341882674171251 0.03828284132152437 0
0.4260780153018854 0.05362045297835638 0
0.0137957035920358 0.7120644264173119 0
0.4999440602213637 0.9716753925899131 0
0.4923315343754841 0.9871820338103054 0
0.1790024889979877 0.2720329106837328 0
0.1814172218141226 0.2570025097009219 0
0.4038914038491002 0.01310089709270168 0
0.389185521496159 0.01310089709270168 0
0.05308324730563496 0.5432252512603815 0
0.06676466502916434 0.5348197707365548 0
0.7730318885588872 0.1260899152469659 0
0.7640058586370013 0.1127480842097696 0
0.9617957928385721 0.7141339151831089 0
0.9612281724426146 0.7304899639683875 0
0.5023227566375458 0.8057072103384502 0
0.5022579963549371 0.7898638242859705 0
0.516350428240373 0.8016288832142862 0
0.4031566548155736 0.04157668616331422 0
0.4112669069308134 0.02623907450648222 0
0.7140053029044198 0.2141578392182938 0
0.7024585057633705 0.2252823044252944 0
0.4529363289488821 0.6354487058224944 0
0.4894314613349605 0.8067764927376075 0
0.5035238932203965 0.8185415516659232 0
0.2004603309274993 0.1192557792007234 0
0.2022868555840293 0.1018913624432415 0
0.09285420707694692 0.9620790319361834 0
0.09449240370468093 0.945846877128003 0
0.2622836420339132 0.8283126282837772 0
0.2440091367960111 0.8265949531433276 0
0.2584203075791152 0.8162995986366425 0
0.4855627432009089 0.6847808309794804 0
0.4955579839790799 0.6713921614324521 0
0.5019901686442956 0.6847725857980931 0
0.9441024246997536 0.3446632870592509 0
0.9581788709648575 0.3331426183426593 0
0.9590289824639726 0.3483821741341572 0
0.02661416632803937 0.6745658464265989 0
0.03991432778696369 0.6665945867593864 0
0.7103958362150411 0.2617837934200863 0
0.7290577473949432 0.2610878970056939 0
0.03934781729554521 0.06502011171548072 0
0.02511577959489136 0.0586732205566981 0
0.03922107618634835 0.05059944885401901 0
0.5486523338959743 0.08031090421250187 0
0.5480765498299894 0.06340764115107123 0
0.04129932727569235 0.828404536605886 0
0.05601386075579706 0.8343153695056434 0
0.04087294339402481 0.8436975695794597 0
0.9596574314091941 0.3924252536881915 0
0.9593452439699257 0.3779793939801115 0
0.9729595871873435 0.3834408197456717 0
0.1691469821696796 0.7234081235447428 0
0.1849661839884811 0.7321875853576808 0
0.7133805060611175 0.0435348837590005 0
0.6992457525927052 0.05135900836392349 0
0.7024564699614365 0.03621914366694046 0
0.7407672987233532 0.2046716517698312 0
0.7268911035942369 0.2098288171504524 0
0.7249466247458014 0.195425537671553 0
0.04239737626441231 0.8129798870555609 0
0.02725645890264006 0.8223620871293772 0
0.9728764142385757 0.3529282327275786 0
0.9587999679734719 0.3644489014441702 0
0.4057114855682341 0.8640319511035274 0
0.4017493772850562 0.8486713073898789 0
0.05663530382862786 0.8924008210489554 0
0.04174497293589147 0.9015866519920194 0
0.04164732213960953 0.8870471785911134 0
0.09225151240218016 0.6210416108447619 0
0.1063008516497495 0.6276163706571631 0
0.09292736755903341 0.6361119944261249 0
0.7298259768819717 0.2234039533165719 0
0.04900013481209353 0.04096094210664314 0
0.05889403776591334 0.02701983091665106 0
0.6213535228486764 0.2846335417896041 0
0.6355419216380134 0.2916107351752842 0
0.6266330565215116 0.2990952963680371 0
0.1936723994809024 0.701145356942164 0
0.1980428088782963 0.6881693171722734 0
0.2078903877192481 0.7028786403940621 0
0.04154757465597564 0.9162110739544611 0
0.02655959296695731 0.9108574314966191 0
0.859853221755167 0.4818687719856473 0
0.855114118987411 0.4978700145787021 0
0.8448803305535658 0.484044172282572 0
0.04076907084287773 0.931061662866153 0
0.05595445081181188 0.9217908833615533 0
0.8615020030761187 0.8966673632679146 0
0.869701846633754 0.911145599197247 0
0.8567694261210951 0.908099296744175 0
0.8526746545995351 0.9214910393107528 0
0.8444748110418998 0.9070128033814204 0
0.8321413398934783 0.3174035023947349 0
0.0426550931585441 0.7985845477839293 0
0.05669796153159634 0.8046269972604381 0
0.2987564081963349 0.8699694420995594 0
0.2927777817711704 0.8529703224034152 0
0.3059786264251645 0.853601660074588 0
0.1913192994765996 0.7160623740360372 0
0.1814717206356478 0.7013530508142485 0
0.933029084533649 0.4097335256550891 0
0.9200396658341776 0.4185912288324606 0
0.01395195266787452 0.5069232492671433 0
0.01395195266787452 0.5216291316200845 0
0.8614955187757094 0.3881973545310656 0
0.8547235188967502 0.4008689381851629 0
0.8470583803944625 0.3862683495653171 0
0.3479500356136356 0.6197193092235029 0
0.3460433070763407 0.6380408504069982 0
0.2359538132521484 0.1164646401241591 0
0.2223168957067435 0.1279288490177888 0
0.5478745022234212 0.3558625720544414 0
0.5616815853232857 0.3639646795730694 0
0.5508337987147663 0.3727351346760772 0
0.2636902760329406 0.6541021321440288 0
0.2771293723997521 0.6661239013073266 0
0.9740183897654184 0.4421776771104001 0
0.9604266835714982 0.4516002530232403 0
0.8592675862163541 0.4172512289872929 0
0.8448304478351072 0.4153222240215444 0
0.8650515839421853 0.9487344661128627 0
0.8749999999906021 0.9617940530810315 0
0.8576986427751124 0.9614690776264067 0
0.6130827308166611 0.01417042294640558 0
0.1133397955779313 0.2459102732901337 0
0.1234387482348944 0.2349618506816007 0
0.05606095115629339 0.9481937388620235 0
0.04333667012830389 0.9576748025930217 0
0.04245166597072453 0.9461225360042435 0
0.5985418315942103 0.0379745453335199 0
0.5817769504855358 0.03655007302025709 0
0.06699315391389793 0.6514978859104308 0
0.06732820751911334 0.6655641415628708 0
0.05352215795404147 0.6590953900816803 0
0.02804478981488828 0.9405427265971513 0
0.01455505625956399 0.7714652996660717 0
0.01455505625956399 0.7861711820190129 0
0.07983861589521701 0.6437519360026724 0
0.06603256633014509 0.6372831845214819 0
0.6753747314760195 0.2138851089117605 0
0.6749765314939531 0.1978510136732298 0
0.9600408336504407 0.4672172212629819 0
0.9463018548409576 0.4620976679577544 0
0.1465691879877191 0.9004718991957326 0
0.1479695968115385 0.9169128912427855 0
0.9602223347572377 0.4815043769222779 0
0.9743471634877783 0.4710069619877638 0
0.9250124902775765 0.9153091667543461 0
0.9110236983114426 0.925406580591374 0
0.03476809711143969 0.03461405094786046 0
0.1993487408295783 0.2872999854500274 0
0.2100980692332438 0.2831303297429822 0
0.5305961560589021 0.9723207525847772 0
0.5376895125659636 0.9878273938051696 0
0.9596830127068577 0.5978984458865564 0
0.9595934551305744 0.5834573997324194 0
0.9736143796658657 0.5891761279671112 0
0.5723324055789252 0.3511728707110191 0
0.5752917020702704 0.3680454333326548 0
0.5776121988570241 0.3010797845350166 0
0.583859665097318 0.3158043863612664 0
0.5693673878444222 0.311119431567481 0
0.9457350564463143 0.4928803353736158 0
0.960041386283652 0.4966700760983978 0
0.856359748202713 0.9354935116658727 0
0.8736611054182026 0.9358184871204975 0
0.9745344606423375 0.499989960950794 0
0.9600471823314141 0.5113659194021318 0
0.2152692514254999 0.8231539853288175 0
0.2043833782026587 0.8354642836537682 0
0.1987414943919135 0.8220740273297007 0
0.08946092422686491 0.03032523201274528 0
0.09616240017690642 0.04487882505459495 0
0.02733140539999424 0.8813984425745098 0
0.04222173629273063 0.8722126116314458 0
0.1210769985789361 0.02691433623057826 0
0.127060063661157 0.01112116303424182 0
0.550375651431891 0.3870758088524393 0
0.5365685683320265 0.3789737013338112 0
0.08073810695614453 0.01453205881640884 0
0.04303289547242806 0.7842281874840045 0
0.02873231020524403 0.7925810772791273 0
0.6402594111996898 0.2804969502254813 0
0.6455389448725249 0.2949587048039143 0
0.9603020392952124 0.5255984231163755 0
0.9458089649365269 0.5222785382639793 0
0.5648490002418853 0.3232835743066741 0
0.5586015340015913 0.3085589724804244 0
0.9602962432474503 0.5403143445185237 0
0.9745344606423375 0.5294017256566763 0
0.3156356214873167 0.6428764685285282 0
0.3190684705821528 0.6295239044036764 0
0.3311807556992038 0.6391546446569661 0
0.4377293293058805 0.6789248829838006 0
0.4468093510933617 0.6944731220183527 0
0.4275918806830173 0.6679993117635803 0
0.4126053659032841 0.6576112648853576 0
0.3088539434216417 0.0445656169521792 0
0.2968324786671287 0.05429170808229666 0
0.2965011231878328 0.0384830792855041 0
0.2905436341763765 0.6417554023334916 0
0.3017616681851325 0.6483215939483975 0
0.2887819659912433 0.6568312680066506 0
0.3865983552412633 0.6428315786419146 0
0.4597408692180648 0.7216286186865255 0
0.4146568161596731 0.8412191940810703 0
0.3198525797273488 0.8590467854944572 0
0.2500244577754855 0.8039851487039744 0
0.2379262147508411 0.7530249488500496 0
0.237926214750841 0.7381207222324322 0
0.2502277698992247 0.696212227376403 0
0.1221739691784449 0.9333925009236554 0
0.1078993425051653 0.9244040711356095 0
0.7492005848109102 0.9491987780827015 0
0.7410283278925627 0.9349645039075447 0
0.7549347972048722 0.9350833334560062 0
0.1847454196553656 0.8181810013269633 0
0.1956312928782068 0.8058707030020124 0
0.6619237814660086 0.2918692985327335 0
0.6572062919043322 0.3029830834825364 0
0.6818581623399318 0.2882152573086011 0
0.6990379154780311 0.2887987329886804 0
0.6907708816359152 0.3004771528914348 0
0.7718529437939309 0.5962732840993731 0
0.7547067222101129 0.6027325132553036 0
0.7579760884968539 0.5887335292668587 0
0.8000197576409177 0.5745342773055715 0
0.7880854153348527 0.5846241359535073 0
0.7870566523867368 0.5721844414629924 0
0.7915301813465438 0.3166942881876376 0
0.8023455877336528 0.3260493710252554 0
0.7894501415837912 0.3313071646115952 0
0.839259276933548 0.3688555268059359 0
0.8324872770545887 0.3815271104600332 0
0.6948013538221443 0.2364773094249799 0
0.9462411387437138 0.5503780833619257 0
0.960473560090839 0.5541813859022264 0
0.5504605449015182 0.5119034644113888 0
0.5458773283151045 0.4989674928620464 0
0.5593535475909008 0.5015381040823647 0
0.6989946374392755 0.6105162320209909 0
0.6829594754015829 0.6104792060161213 0
0.6906266333289421 0.596883926983803 0
0.9740267433420789 0.5594263644358992 0
0.9599716388383425 0.5694901032793013 0
0.5457753184290195 0.4041425389633134 0
0.5600405488117592 0.3979039723055794 0
0.5023459998326957 0.5346178158780674 0
0.488744617577838 0.5255066249309123 0
0.5022468893584027 0.5213900225837033 0
0.7070322772141162 0.8962823520331098 0
0.7066376667110096 0.9120637879808817 0
0.6934493054907565 0.9058216566463366 0
0.09468585577334609 0.5173130993539427 0
0.09489143944185763 0.5027112433728006 0
0.108699337973111 0.5091457497271451 0
0.3817308868836169 0.02592950869661581 0
0.3748983065639293 0.01282861160391413 0
0.04174664821362239 0.8580861390470298 0
0.02703211473351774 0.8521753061472723 0
0.6894222099630265 0.03186602938549776 0
0.7035569634314388 0.02404190478057477 0
0.419140208964067 0.01313817741378059 0
0.3250143959121684 0.6173322213335736 0
0.05616989814218515 0.3935991710551898 0
0.04131227626020217 0.4025463315818333 0
0.0403289572874076 0.3881116630027676 0
0.02798115588974237 0.4104680980634194 0
0.01273566770271228 0.4044117647058816 0
0.07801332230926589 0.6158996806248463 0
0.6922577120214752 0.6398019816575078 0
0.7046724876926094 0.6324081203819198 0
0.7056027202021686 0.6480985909861184 0
0.8654029366054898 0.37529489612758 0
0.8730680751077776 0.3898954847474259 0
0.8322492335006884 0.970839244083003 0
0.8331285676145941 0.9887180536182349 0
0.8226500776507999 0.9821211904647681 0
0.2744064348301257 0.8745141931386822 0
0.2881659357860124 0.8826389912478538 0
0.8106225344432416 0.3001698888775473 0
0.8284051210459391 0.298029880640066 0
0.8222082140991031 0.3092964863638165 0
0.04382209674451992 0.4159556061158417 0
0.09578784414112396 0.4733916969443528 0
0.08312230930867398 0.4660926992521973 0
0.09660809442066642 0.4580798494174152 0
0.5607293342951077 0.4652347312618582 0
0.547447514967389 0.4543762184065421 0
0.5625633859545385 0.4536531014103389 0
0.5446706439613257 0.558793557740289 0
0.5377827886574709 0.546887273721134 0
0.5523519157619492 0.5494853770088913 0
0.9351396569281324 0.6581182760075355 0
0.92116688816752 0.6541583564117504 0
0.9350348690814694 0.6437984169406694 0
0.8130376376399142 0.9888177568089617 0
0.8121583035260085 0.9709389472737298 0
0.9351817901318147 0.6724676215508657 0
0.949049771045764 0.6621076820797849 0
0.7472175568338133 0.3027134841773791 0
0.755067839923828 0.3188757156872489 0
0.7416596876648791 0.3190607551300956 0
0.826532506543125 0.5383410302117713 0
0.809549439626122 0.5406718409810612 0
0.8127386223068753 0.5280176404415272 0
0.2780429329082127 0.6387624376237619 0
0.9487108817921753 0.6333093329346358 0
0.934738113031563 0.6293494133388505 0
0.5796494185018237 0.5446477761179604 0
0.5830739664765454 0.5277967281414476 0
0.5921394755986619 0.5355396702353644 0
0.920926347941568 0.6249827453766765 0
0.934602360652274 0.6144936613706428 0
0.5157607145326849 0.6877052939754575 0
0.5057654737545139 0.7010939635224858 0
0.6743776188384688 0.620804231420556 0
0.6660096147281356 0.607171926383368 0
0.9454978121953225 0.37343333538669 0
0.9056671163145761 0.3410868280851214 0
0.9048210967025596 0.3265489138668709 0
0.917821789262015 0.3331153681652597 0
0.8143587532907809 0.3195435106322161 0
0.1196242513628962 0.6194962169300742 0
0.1196474187570354 0.6048172537113587 0
0.1336466736270355 0.6117674835656327 0
0.445319995727707 0.8759945926124648 0
0.4329083583722267 0.8869935116379219 0
0.4329392576264575 0.8714210869056866 0
0.712995177434026 0.9360172086129352 0
0.7044643478073733 0.9240020583764964 0
0.9612710762959937 0.7605862353912028 0
0.9482644274220927 0.7542750778281436 0
0.9609465764438273 0.7459752712186792 0
0.9615660305840683 0.7750017533480418 0
0.974248179605803 0.7667019467385774 0
0.2355024827220945 0.76481918983216 0
0.2223117800954484 0.7529399120645919 0
0.5500127886347544 0.5685321709115527 0
0.5354436615302761 0.5659340676237954 0
0.7434733664796449 0.6405600460313949 0
0.7560320647961121 0.6332005738762051 0
0.756175412689855 0.6472476980000342 0
0.5744200986750425 0.05055559763212841 0
0.5877337820690982 0.06058153336959338 0
0.1869943208585335 0.2937812255944351 0
0.1982882692340459 0.3015293369847941 0
0.9353803821145734 0.702344235493739 0
0.9218693070866776 0.7121480737931059 0
0.6752656351069155 0.03509588481107806 0
0.6755812468534015 0.05100716213569323 0
0.6625251654672928 0.04205977867490784 0
0.7304720108184172 0.6063628228011381 0
0.7133879750452166 0.6072269200840799 0
0.7237458311398355 0.596056855705731 0
0.9354998192137737 0.791629071658029 0
0.9356405815127491 0.8060305141044084 0
0.9224917525757008 0.8001412086528816 0
0.6107076816499071 0.3239738784808251 0
0.6277467530924883 0.3281135362414766 0
0.6204609285574176 0.3376071667662944 0
0.0289479316761504 0.4982771848276538 0
0.01499597900827587 0.4913539355605094 0
0.8018258282529883 0.2914962232673093 0
0.7956289213061523 0.3027628289910598 0
0.949083536305644 0.6917045218540889 0
0.935388750058376 0.6870967412627651 0
0.9214786359407443 0.6831073351905157 0
0.5801024526940065 0.3810743099679278 0
0.5907532729496459 0.3682825011058775 0
0.9360540234922209 0.8640491903263021 0
0.9229960387558417 0.8586270408287542 0
0.9356230211508743 0.8504093627419664 0
0.5735896521081959 0.3940423621394989 0
0.5689893191053244 0.4111090922503731 0
0.9363646928277983 0.878186535341166 0
0.9489916752228309 0.8699688572543781 0
0.4805388865721674 0.8519566627450661 0
0.4787285536954622 0.8691487990155096 0
0.4686156527692577 0.8585993934846243 0
0.7135582174471973 0.2872526150139512 0
0.7264876023476223 0.288171562538307 0
0.7208800196744395 0.3019795760958699 0
0.6088208261906218 0.3462729019045064 0
0.5625633859545383 0.4391414871446851 0
0.7277577133916149 0.3148987772468498 0
0.02720483105463734 0.5289796752327078 0
0.01325287838676281 0.5367623083185046 0
0.8207128846321525 0.5158933635986475 0
0.6688703622044642 0.3150724940859599 0
0.6524855256109805 0.3181619003571408 0
0.6831615124420025 0.3125525787137236 0
0.7003412655801019 0.3131360543938028 0
0.6014673614451745 0.5466562117042545 0
0.7623161404177834 0.5735256567354812 0
0.7451699188339654 0.5799848858914116 0
0.655920283803011 0.5801611388009312 0
0.6425954858474543 0.5744133820177406 0
0.7748835670217601 0.5662698496026543 0
0.7868179093278251 0.5561799909547185 0
0.7874551859668739 0.3451984241774161 0
0.776639779579765 0.3358433413397983 0
0.7141839087875008 0.5850109610575993 0
0.7312679445607013 0.5841468637746576 0
0.798010551680386 0.3551568981191976 0
0.810221864491773 0.3668829182449171 0
0.8259952302779647 0.3964200178471782 0
0.8181961268170502 0.379007195087797 0
0.8309584946689905 0.4100564746883045 0
0.8355025619885944 0.4264387654904346 0
0.4311577735577053 0.8573387038977835 0
0.418746136202225 0.8683376229232407 0
0.8356250210718998 0.473434956766161 0
0.8308859183041439 0.4894361993592159 0
0.8494969742380164 0.4498737222565958 0
0.8373097166606609 0.4590214648447586 0
0.8371872575773555 0.4408522574118372 0
0.5732375932895382 0.5036132967737083 0
0.5686543767031245 0.490677325224366 0
0.699696845876413 0.5858547363862906 0
0.6836616838387203 0.5858177103814209 0
0.2736771574499716 0.8333861657223394 0
0.2461155230466254 0.03311226306368986 0
0.2311456994747811 0.03209778030902044 0
0.2361476522026691 0.02007072368814244 0
0.0291894846267251 0.762869709724783 0
0.01463442836716111 0.7561102924116523 0
0.9742348213165155 0.7368011215314467 0
0.2271214344107117 0.04427140704422 0
0.2171535635667555 0.03122986766867258 0
0.6294074807479131 0.3102763688548623 0
0.6152190819585761 0.3032991754691822 0
0.230528468788729 0.825563082574539 0
0.2248865849779838 0.8121728262504714 0
0.4972831660358948 0.4766511507649708 0
0.5093535536106062 0.4852293126104381 0
0.4991778934500873 0.4908035343869017 0
0.791116364589583 0.2830575839962191 0
0.8061099777266724 0.2804646438827065 0
0.01417725394568004 0.8005275423189377 0
0.9460402718793345 0.5782124211987466 0
0.01395290977655766 0.8597525260427151 0
0.01395290977655766 0.8744584083956564 0
0.07030064130351332 0.4004727245415645 0
0.8860186153632265 0.06099911458813967 0
0.9016453526300805 0.06430525944541404 0
0.7559567980465459 0.6183925949976918 0
0.768658844256756 0.6250802469663312 0
0.05007948105772964 0.07101228067950882 0
0.03597418446627265 0.07908605238218785 0
0.4999468940641719 0.5058302639344585 0
0.5135482763190296 0.5149414548816137 0
0.6075532914919717 0.9892790687776296 0
0.6076955929128771 0.9713493246689502 0
0.6177893602444341 0.9820702558913206 0
0.6280350413981396 0.9710973071615866 0
0.6278927399772342 0.9890270512702659 0
0.05606256495323769 0.8637348750636333 0
0.7180473195307331 0.9144627537632697 0
0.03271497953433122 0.3308394301199657 0
0.04641866437725417 0.3351628737729183 0
0.05463559509999028 0.5121051001471996 0
0.04077179757926197 0.5207498856895841 0
0.0417677028564773 0.5052017129919031 0
0.09535248739472912 0.737969020249347 0
0.08258013405378956 0.7305630802909771 0
0.0954211475246548 0.7228514886725119 0
0.3189898287058658 0.03809337473089558 0
0.3193211841851617 0.05390200352768815 0
0.7603663326259662 0.9242292075993832 0
0.7685385895443135 0.9384634817745401 0
0.02742414791273995 0.7036753324809966 0
0.04185633813726114 0.7095414378580147 0
0.6497218273417478 0.05109559459599794 0
0.6494062155952617 0.03518431727138277 0
0.1739784389459536 0.3276119283256693 0
0.1733117258537165 0.3141903527402028 0
0.1866005623552383 0.3214321527146683 0
0.4560781074372452 0.8681068488176487 0
0.4578884403139504 0.8509147125472053 0
0.4860064657068782 0.6609105420040587 0
0.5024338911502649 0.6609022968226714 0
0.9642478628889123 0.9640800292009408 0
0.9524858335583338 0.9570746057752564 0
0.9632757444655664 0.9488138226503796 0
0.3817773831918025 0.06226668361320181 0
0.394426565674473 0.05312426888493471 0
0.3976460253326302 0.06609399286949219 0
0.9225987756445856 0.8297649321718397 0
0.935857427541823 0.8200579916806194 0
0.9358236883117325 0.835280272753198 0
0.1971668628337357 0.7319798914855963 0
0.06825472880964911 0.5037177602245583 0
0.06725882353243384 0.5192659329222393 0
0.7306737572296024 0.6336088258090482 0
0.7308171051233452 0.6476559499328773 0
0.0787873497604421 0.2105232848216643 0
0.08168074204618314 0.1948711573195294 0
0.09020198337627017 0.2015466612487039 0
0.6787704688138836 0.6335960643376153 0
0.6618206081404363 0.6302887847048622 0
0.08159000813561212 0.4961415698893666 0
0.09560349033537707 0.487974220262569 0
0.5551370269375649 0.7076289282959873 0
0.5426352019859855 0.7003218651041145 0
0.5540163707148398 0.6926298280475596 0
0.8917325838238406 0.3202514852558444 0
0.9038872567712795 0.3122800253359828 0
0.05082704076476574 0.9689354933343561 0
0.03721775557919693 0.9668642904765761 0
0.1842859691748585 0.7620496306631956 0
0.168700393605533 0.7677963142578041 0
0.2781075328126333 0.8590465810479866 0
0.2853297510414629 0.8426787990230153 0
0.9026994705447658 0.9362076432357885 0
0.8960600394580112 0.9499711495106019 0
0.8889923722444296 0.9352959352926743 0
0.9488816730481117 0.8407024222507461 0
0.1609936489885158 0.3345090683801703 0
0.1742824854900376 0.3417508683546358 0
0.1600269629055467 0.3047025583461022 0
0.1726490863148313 0.2985227827351011 0
0.4301561688072075 0.9007777861709686 0
0.4430305485188243 0.9065995597361907 0
0.4278976208525556 0.915810328562459 0
0.1090892754473695 0.4799613704277869 0
0.1010012656020058 0.1957534224698556 0
0.09810787331626475 0.2114055499719905 0
0.06985036850199816 0.4738880751979893 0
0.07067061878154057 0.4585762276710517 0
0.1479389115403014 0.3269941780872465 0
0.1482429580843854 0.3411331181162129 0
0.7233559878390803 0.0553422573807929 0
0.7265667052078115 0.04020239268380987 0
0.387288012674746 0.03774937690702385 0
0.4466714415384362 0.7996357029908883 0
0.4626231481865113 0.8035000304533754 0
0.4485755840796746 0.8101963332688492 0
0.1948090780986718 0.1305527153748492 0
0.1850843139462846 0.1223768539709589 0
0.4531381431119435 0.7862074588082524 0
0.1207948211501964 0.5900396125623697 0
0.1203001065197494 0.6345666005114371 0
0.03934902680535113 0.1586077952718464 0
0.03322465436777622 0.1462639000532915 0
0.04695843794992449 0.1453464407168147 0
0.1532655233294697 0.2752742978080393 0
0.1467064671680787 0.2849188840443622 0
0.1484354915459968 0.355814348387494 0
0.1353807540977824 0.3482994580945702 0
0.1861586596018962 0.1420913590255191 0
0.2015346765831109 0.1389702842552836 0
0.0413311097403537 0.1067320342896921 0
0.0485945806848409 0.1206196280761758 0
0.03357059456786238 0.1191149517117761 0
0.1585584544170937 0.2630137772914376 0
0.1646572544542855 0.2767744678243989 0
0.2343918032435271 0.8375761122216737 0
0.5320214061367015 0.4085372777939181 0
0.5416863035165697 0.4193654412470582 0
0.7811070810787982 0.6187224999426868 0
0.7811823478283644 0.6335304788211999 0
0.1084091022333369 0.1827610127270323 0
0.1163149921733315 0.1926199014503189 0
0.6362686129244668 0.5882950537233703 0
0.6311731270770131 0.5721348471786849 0
0.1456932052600578 0.9779996800947843 0
0.1318285115283112 0.9701914830258942 0
0.145168775611898 0.9662352292069158 0
0.04007272329815037 0.5358830623880042 0
0.1341280597376147 0.9423903037394981 0
0.09388795514278625 0.6503266958150737 0
0.8587688687725589 0.4408522574118371 0
0.8588913278558643 0.4590214648447585 0
0.3611565403758343 0.3344817305839513 0
0.3735931855520616 0.3272507466095939 0
0.3739099471894028 0.342150931684924 0
0.04282264028787264 0.7699701671517878 0
0.948865494179896 0.8115458546857668 0
0.06896677970316856 0.4889807371143267 0
0.03951628078101033 0.551455040803505 0
0.2723511340519935 0.9288944369812214 0
0.2861277577584069 0.935693049639382 0
0.2758920994693973 0.9421701675935168 0
0.9180913655250241 0.9400817948093017 0
0.01337849562343657 0.8892929753553238 0
0.01307920495696002 0.8453639565751452 0
0.7696302221447222 0.3122402632542549 0
0.764072352975788 0.3285875342069714 0
0.5501918971562227 0.4772799903955419 0
0.5653077681433722 0.4765568733993387 0
0.7709136715441927 0.9621598306670858 0
0.7788491401866223 0.9491253705441174 0
0.7866557576075953 0.96196759358004 0
0.8111671592775868 0.5565449067831809 0
0.7973732750413371 0.546221517012937 0
0.1433141549668083 0.9535162848968936 0
0.1571788486985549 0.9613244819657837 0
0.5672603367785108 0.5256894548278753 0
0.579750393875349 0.5165813489452793 0
0.27473956332124 0.3002494679535788 0
0.2747441766371303 0.2860118547323747 0
0.2867935894062843 0.2924271975267028 0
0.863131693577591 0.50944095013128 0
0.84815880237599 0.5116163504282047 0
0.4878765064894605 0.4972521020889913 0
0.06928672708617839 0.7384185794018147 0
0.06935538721610407 0.7233010478249796 0
0.4074929696369862 0.8781143341114305 0
0.5238072702927973 0.03884511566176285 0
0.523067921400862 0.05426900332523354 0
0.5130415188414541 0.04473818174872268 0
0.09535042470392485 0.7529087405267906 0
0.10819143817479 0.7451971489083253 0
0.417775430705958 0.8962042804641903 0
0.5142347533368111 0.7274224300726845 0
0.5208556099749795 0.7413143172012404 0
0.5096639149200182 0.7398744553217153 0
0.2771873027643758 0.9538822073394291 0
0.2634106790579623 0.9470835946812683 0
0.5025829501520609 0.7508422043690989 0
0.4959620935138924 0.7369503172405429 0
0.1228255140015433 0.3556874453446566 0
0.1228347567090282 0.3702390622418291 0
0.1100869831511776 0.3629458192206343 0
0.1609894354206088 0.02830389634924679 0
0.1757742703625664 0.01948804553639272 0
0.1749989999008221 0.03166695549481169 0
0.3129015797621029 0.5381922656926014 0
0.3255833753073715 0.530842979274312 0
0.3260023464784266 0.5455652359615821 0
0.7255840580628488 0.9377404863465622 0
0.7313182704568109 0.9236250417198669 0
0.2866815501853435 0.909178598547204 0
0.2720366971113955 0.9151761620244907 0
0.324064547164486 0.3280402274372841 0
0.3235752203581332 0.3129714606677682 0
0.3361244902970227 0.3200480550511892 0
0.06952332099024061 0.7536981145960926 0
0.1885032471396083 0.03521004421407536 0
0.1737184121976508 0.04402589502692944 0
0.3733379159125027 0.2839562688460792 0
0.3863683053785488 0.2919095914868686 0
0.3734588770233855 0.2985034033260239 0
0.7315897436798203 0.2762681923023415 0
0.7389115459070625 0.2909951533842602 0
0.3482374711145815 0.3122804168951472 0
0.3487267979209343 0.3273491836646631 0
0.3731232565019646 0.2407526228932573 0
0.3729826499860118 0.2262336634981627 0
0.3857948138291027 0.2337857358494494 0
0.2990071663593025 0.2848327168257843 0
0.2990025530434122 0.2990703300469884 0
0.3983878894268614 0.2266832459533045 0
0.3985284959428142 0.2412022053483991 0
0.7057208171178572 0.620822199116398 0
0.7190658252985505 0.6291188084450088 0
0.3860913823063608 0.2628335761257339 0
0.3732605091929818 0.2695740650176694 0
0.3731045472316766 0.2550451841364795 0
0.7041445311666992 0.9777362474745117 0
0.6902114194672497 0.9698470589864647 0
0.7031794800457141 0.9655414500238488 0
0.1226329805399319 0.3410062150733754 0
0.9430380844344627 0.9633531159933 0
0.9420659660111168 0.9480869094427388 0
0.4129235075741531 0.9472507544111083 0
0.3991305607651422 0.954299138207421 0
0.3994547098458323 0.9431169921708288 0
0.3736645226139624 0.3130191357377172 0
0.3606341331479163 0.3050658130969278 0
0.2035162852419187 0.6563151667311407 0
0.1916228356062576 0.6633031327178747 0
0.1948662214541703 0.6488000485308983 0
0.4763788077399297 0.8040014060707354 0
0.4775799443227803 0.8168357473982085 0
0.9328833476047167 0.03694759335313513 0
0.926335163203013 0.05125127072146374 0
0.1273825596804198 0.1901178339915288 0
0.1199747230490887 0.203110243734352 0
0.01362844432070415 0.6974932590048606 0
0.5025309713630765 0.05348691214154161 0
0.5032703202550118 0.03806302447807092 0
0.375814667971657 0.9384238916818057 0
0.3689588929953788 0.950489827363618 0
0.3591117979302144 0.9387483430782823 0
0.3603510808378186 0.2761678768568247 0
0.7317220866548502 0.6220229045435264 0
0.7420799427494691 0.6108528401651775 0
0.5324427959619561 0.4955423285722888 0
0.5413357986513387 0.4851769682432647 0
0.704645498151214 0.2749907194311175 0
0.7827334751562905 0.3080206225773996 0
0.5176800462473019 0.4764143664710072 0
0.5195747736614944 0.490566750092938 0
0.8490884614771835 0.3585541336586741 0
0.8850331134599809 0.9106230473694238 0
0.8859681609029642 0.8941233376090822 0
0.5547004123177044 0.5260265843107217 0
0.5412241930419081 0.5234559730904034 0
0.08038379873882318 0.5264324308139137 0
0.09419169727007659 0.5328669371682582 0
0.9460552507791661 0.4015189941695814 0
0.959669593996584 0.4069804199351417 0
0.3490435595582755 0.3422493687399932 0
0.2104298267256221 0.6667743376244955 0
0.2619416087576381 0.5381582890483315 0
0.2744198645418123 0.5307263239602046 0
0.2747504816240148 0.5454340734039902 0
0.3602923833885857 0.2474931117851928 0
0.03957927418174828 0.6525283311069463 0
0.3113657036110134 0.3062197411999665 0
0.3234256467435501 0.2982275688138716 0
0.3864179294275308 0.3206883368386899 0
0.3982196847624622 0.2121472740474508 0
0.4109533668761737 0.2195637435464005 0
0.3766153141144695 0.9630253203574825 0
0.3599124440730269 0.963349771753959 0
0.2053508977061595 0.756419627926971 0
0.211036624308182 0.7731510621054871 0
0.1964994739476397 0.7648365369857558 0
0.9527629177766305 0.3189056230114166 0
0.9676894755408494 0.3226245100863229 0
0.8937982272238449 0.3485869727185712 0
0.9067989197833003 0.35515342701696 0
0.4625943622274452 0.4507877033433456 0
0.4762896172961856 0.4438247120411731 0
0.4765033988878474 0.4583866011176654 0
0.6797007013234428 0.649286534941814 0
0.1960177022969141 0.9890245749246435 0
0.1970305559545964 0.9718919712649918 0
0.2068952065988587 0.9828673963403485 0
0.9863236998740376 0.3756739506070315 0
0.9863236998740376 0.3609680682540903 0
0.6391607276554236 0.3239096571403315 0
0.5187333099388032 0.41454372167674 0
0.5228223248512529 0.3993208193929952 0
0.5316459389258068 0.7096738185261964 0
0.5305252827030817 0.6946747182777685 0
0.2991521266579952 0.3138142219008849 0
0.8551873911440059 0.9759823859155226 0
0.8452389750955891 0.9629227989473539 0
0.189971695776881 0.7787810648417116 0
0.3855476401153172 0.204817784621276 0
0.3981131175646295 0.1976982822143721 0
0.1355087571298574 0.3775263369915394 0
0.1227702262794917 0.3847847108675171 0
0.8803005365049573 0.9220549808456842 0
0.637103973797091 0.05873754634101025 0
0.6502229236691222 0.06561300774453532 0
0.6244896253851836 0.05165431774687151 0
0.624990721712558 0.0661717308954089 0
0.2236689729308774 0.414227765416377 0
0.2236192598542366 0.4287454426711861 0
0.2109417401325439 0.4214364250283077 0
0.7814591709010281 0.269941078993472 0
0.2365559241038023 0.4070814064826027 0
0.2238784043821096 0.3997723888397243 0
0.3980622357783413 0.1832194251759371 0
0.4107342804254862 0.1905489146021119 0
0.1103626431792759 0.04608027887520294 0
0.1008441146970944 0.05937275753712501 0
0.1733786226239546 0.8269854351433987 0
0.1702684211102479 0.8107821108157104 0
0.4382042167788836 0.06345051321925832 0
0.4224214092922989 0.06678163838212703 0
0.324864560510322 0.5160949067409597 0
0.3379653272266456 0.5234678770099405 0
0.1990600183069681 0.385234489015816 0
0.211526253527149 0.3924908094099215 0
0.1985252179890037 0.3996624273793932 0
0.211043687135274 0.5381058113539432 0
0.2235982333240137 0.5307405160042136 0
0.2237957289615843 0.5454233611290156 0
0.02135282962216423 0.1459390978923971 0
0.02896224076673759 0.1326777433373654 0
0.08251176548201078 0.7603756691837462 0
0.06952361254838746 0.7683931719120267 0
0.9534803978651971 0.2688049408820307 0
0.9693487016364033 0.2695121243339694 0
0.2809904164608311 0.2197193413314832 0
0.2893284134255933 0.2333011506962557 0
0.2777797693975083 0.2339717534676239 0
0.1996497553600545 0.3708318187043166 0
0.1866487198219091 0.3780034366737882 0
0.4801386613581956 0.6464941159314774 0
0.6420109903446828 0.6712738725152639 0
0.654892766206417 0.6640013239741681 0
0.6550594000185579 0.6778913481412756 0
0.06973386773294288 0.7826511922442435 0
0.05674542324117271 0.7759736376565898 0
0.8621558772585274 0.4688646772256849 0
0.8723896656923725 0.482690519521815 0
0.9866358873133061 0.3901198103151116 0
0.9865527143645383 0.3449013409440772 0
0.5977631666123782 0.3196161241672225 0
0.5895183555997763 0.3296557711996868 0
0.3233859590376912 0.283829659886176 0
0.3111097511836127 0.2766750793036326 0
0.3232795802248736 0.2690288898437387 0
0.2741515372671922 0.516106881289174 0
0.2869604101335689 0.5233826656448328 0
0.4028755554215183 0.9183027093239848 0
0.3869020998018109 0.9150202022626341 0
0.3990497855212313 0.9067060479358864 0
0.2179814394692402 0.9724342864800888 0
0.2169685858115579 0.9895668901397403 0
0.4879485025155074 0.9612596733666304 0
0.5032294939859018 0.9585709983359327 0
0.5112895389623765 0.7150046199465048 0
0.4975189930739871 0.7120719117691403 0
0.4760504143779101 0.5315719263938807 0
0.4759513039036171 0.5183441330995165 0
0.7060382585951694 0.7213804647404105 0
0.7060210310238584 0.7360707738715704 0
0.6933029554182993 0.7288063349310359 0
0.2362138188405517 0.4360490295365733 0
0.2234865860422182 0.4432576891485041 0
0.7187485318053292 0.7139678826950089 0
0.7060304561997701 0.7067034437544744 0
0.4740210559927282 0.4285064237134466 0
0.4879300926531305 0.4361053214877664 0
0.3299181592526805 0.9629068721983851 0
0.3232374788261516 0.9754913012323559 0
0.3152353055383165 0.9625838634888672 0
0.2281309736034858 0.8496639635899823 0
0.6104473880552214 0.04371467409704066 0
0.6225606401397544 0.03628048954264196 0
0.8341950269223285 0.5720862981987862 0
0.84579987661786 0.580613540504939 0
0.147787021925881 0.3130216963179299 0
0.1350363310217506 0.3196457460539724 0
0.1226901686369077 0.3992489563501234 0
0.1100161682160785 0.3919616816004131 0
0.122518201090669 0.3123874661742301 0
0.1226700907050894 0.3263599479435467 0
0.7187788458163386 0.7433243273823056 0
0.7060435426394684 0.750750197572931 0
0.3114072301045753 0.1901591632606183 0
0.3235225405581499 0.1829446279360791 0
0.3233200014447989 0.1974833370851493 0
0.3979940320239882 0.1687551190109989 0
0.3979022715533276 0.1542598249112415 0
0.4105916381685374 0.1615747634639194 0
0.4121790584699828 0.4508707697704963 0
0.4246193059452842 0.4435404256002923 0
0.4247802096625706 0.458102645448889 0
0.9540018706959552 0.1802098142001002 0
0.9693264114608621 0.1804114778483145 0
0.9606202790858813 0.1906849713012613 0
0.01325287838676281 0.5514681906714458 0
0.1736752394373069 0.3850444340439734 0
0.1742649764903933 0.3706417637324739 0
0.6678724406328002 0.6851529193064604 0
0.6549906647710659 0.6924254678475562 0
0.6933032109273872 0.6994747493705425 0
0.7060134841375469 0.6920621673251409 0
0.24877865459746 0.4433333860770728 0
0.2613474132997876 0.4506508638309449 0
0.2486499037308609 0.4578787537677634 0
0.1180310331595126 0.14713295321166 0
0.1037878874246635 0.1466575343445879 0
0.1115435847129947 0.1350281591709693 0
0.4753473308178076 0.5751199607497683 0
0.463305600692351 0.5679373515843421 0
0.4753825991731352 0.5603624436655504 0
0.4359312684090225 0.1761433085755302 0
0.4233471641460392 0.1833482728050151 0
0.4232675029021813 0.1688650933341919 0
0.02602052438012636 0.558843473735671 0
0.01276764599336355 0.5661988124759889 0
0.4632989848756839 0.5387946345313046 0
0.4760922985499049 0.5459571263627003 0
0.3241521056610298 0.3423879753108985 0
0.3116028357221403 0.3353113809274775 0
0.7136144729930592 0.959532015789441 0
0.224413204700074 0.3853444504761472 0
0.1221488292949316 0.2854429132399254 0
0.1131701116249182 0.2747513470543885 0
0.1612945958191955 0.3631653847558979 0
0.1742680762037976 0.3561243873857127 0
0.148367861403056 0.3848773733599432 0
0.1609433155677858 0.3921987550443726 0
0.1480196808650507 0.3993933673016568 0
0.3853728691631315 0.1759044866232591 0
0.100717820893509 0.2674889720113862 0
0.09779675688895817 0.2828206716891246 0
0.6050489911474488 0.3101224936424047 0
0.2989007875464849 0.270031946783347 0
0.3234746053897597 0.1685850737275637 0
0.3107388978716749 0.1614580349127374 0
0.3226037340435082 0.1544226545287529 0
0.01417725394568004 0.8152334246718789 0
0.3225549244469733 0.1400317954995409 0
0.3352906319650582 0.1471588343143672 0
0.01307920495696002 0.8306580742222041 0
0.1246937333621705 0.1593036195334312 0
0.1324494306505017 0.1476742443598125 0
0.4739736694180851 0.2703156894734342 0
0.4740059383345182 0.2558674391984826 0
0.4865399407030916 0.2631039137796271 0
0.9470381069569176 0.6055200234923407 0
0.9610590314922089 0.6112387517270325 0
0.4231757424315207 0.1543697992344345 0
0.3480318255240047 0.2977646844834539 0
0.3353873767299833 0.1759092475520946 0
0.4233980459323275 0.1978271298434501 0
0.6958755342458749 0.2633299113948155 0
0.6550622335492662 0.707058098835901 0
0.6677899770460216 0.7143239597032447 0
0.6550485052099796 0.7216950195264047 0
0.2234159821834931 0.5160758867452798 0
0.2361680240098034 0.5233934365203523 0
0.2814257886733791 0.03538024564511899 0
0.2934472534278921 0.02565415451500153 0
0.335595475784811 0.2905813793539778 0
0.7414816909543833 0.2639114878516471 0
0.01151045629462416 0.2279645079997196 0
0.02377227891876066 0.2353173432809431 0
0.01226182262413644 0.2426469529282822 0
0.80644957765283 0.1088593369964221 0
0.8014131280710277 0.1235228752674027 0
0.02446747609399424 0.2647334632979808 0
0.01220565346985775 0.2720865103696984 0
0.01226182262413644 0.2573528352812232 0
0.01288111054946295 0.3744792315763721 0
0.02561677825217523 0.3818321727528427 0
0.01273566770271228 0.3897058823529405 0
0.3600258480783837 0.03724289741043474 0
0.3453889784126712 0.03713108527009135 0
0.3528068022856747 0.02554541106748487 0
0.5306561660356773 0.5340401532602974 0
0.5264162986194911 0.5199170333609645 0
0.731496959902396 0.7505905439721565 0
0.7441999188926852 0.7578713585803534 0
0.7315043164222377 0.7652845656918631 0
0.9732710308532574 0.1362235763861815 0
0.989677784865067 0.1365287079200724 0
0.9835932459881904 0.1467536919955211 0
0.4881340286753614 0.5531397355281267 0
0.7314744482867861 0.7359111202707959 0
0.1729559489944439 0.5601536921152447 0
0.1728377438812009 0.5454292643233961 0
0.1856608833373968 0.552782024819539 0
0.1601390781512301 0.538117240712396 0
0.172844012494183 0.5307455734166904 0
0.2489113284094783 0.4288211395997548 0
0.168397507770034 0.9495365339728462 0
0.1702521284151237 0.9622554782828686 0
0.3241920658303027 0.3568569661270775 0
0.3366537772726484 0.3495858126368841 0
0.09894850330846128 0.2247998439772281 0
0.09820863679252956 0.2391805933673344 0
0.08656872457459736 0.2315795381409452 0
0.4505980293358489 0.5753485820119355 0
0.4506332976911765 0.5605910649277176 0
0.3455555545452756 0.01271679946357074 0
0.3601924242109881 0.01282861160391413 0
0.3493729451589913 0.4290324587902514 0
0.3493825396376413 0.4435459166931491 0
0.3367434160229324 0.4362918238264691 0
0.3881948163694596 0.938391119808937 0
0.4019877631784706 0.9313427360126243 0
0.4231178874075283 0.1398015221338226 0
0.4357937521411721 0.147091852004095 0
0.9691125717630811 0.2010688796390757 0
0.9537880309981741 0.2008672159908613 0
0.03903104838761096 0.5661856626080481 0
0.6763661285769178 0.02291864592471238 0
0.4244232517785341 0.4290072416454151 0
0.4370244029711218 0.4362391173238078 0
0.3619111410664675 0.421821190166244 0
0.3743626294115757 0.4145655170700541 0
0.3744635571188084 0.4290308785607416 0
0.4991368092873127 0.270365844037357 0
0.4991690782037457 0.2559175937624055 0
0.1225667445138487 0.2978781555083914 0
0.1102005041971875 0.3045923573979657 0
0.4506305035004998 0.5901253875115865 0
0.4379582004993253 0.582779100854962 0
0.301353857251937 0.1830488321985393 0
0.2889055721654717 0.1749553707207421 0
0.2991614841314611 0.1675269926337509 0
0.4614380387202059 0.2775294325651144 0
0.4739720410887793 0.2847659071462588 0
0.3997221327377158 0.4581430688866053 0
0.3997650741512633 0.472691149061783 0
0.3871472447017099 0.4654012283292954 0
0.2957435337251043 0.1270782369417233 0
0.2832509645817153 0.1199363044608377 0
0.2977173025083162 0.1112797688960971 0
0.7059552625923552 0.6773948338169904 0
0.6932370916980992 0.6701629626014577 0
0.7059061154252904 0.662724323477239 0
0.1009600168440673 0.2526899674538508 0
0.08558666210810728 0.2607592920885869 0
0.6805619441874593 0.7069015324063085 0
0.6805482158481727 0.7215384530968122 0
0.6422491929350238 0.6997965276707163 0
0.08748844588967275 0.1724243202316064 0
0.07941457959923537 0.1837376494749028 0
0.07380764982689692 0.1702674359599403 0
0.1350848299579628 0.4356763112932729 0
0.1477482413607279 0.4284512051807705 0
0.1476599662438888 0.4429971644261024 0
0.5399234740572286 0.6127674234268041 0
0.5520165864947731 0.606104673507856 0
0.5524835438507785 0.6199160237403015 0
0.1478841200522913 0.4139225505170136 0
0.1604592563382172 0.4212434036498431 0
0.7186825078647381 0.6846235282009222 0
0.5923860424747385 0.6402245004215565 0
0.6039762480512405 0.6485707029340454 0
0.3988318884010367 0.2846692413250363 0
0.3989528495119196 0.299216375804981 0
0.1484323918325925 0.3703317247342552 0
0.347815577700169 0.1543289056228485 0
0.347766768103634 0.1399380465936365 0
0.8160699235246547 0.03809443239099675 0
0.8087020239899328 0.05081148522193668 0
0.8014341879004683 0.03818140276613879 0
0.6805449721252361 0.692260255976975 0
0.8156506564039768 0.06292781043467499 0
0.8010149207797905 0.06301478080981709 0
0.3477326419005997 0.1255050720627062 0
0.3602575876357106 0.1326751433711875 0
0.02350405577418641 0.2060756233569667 0
0.01151045629462416 0.2132586256467784 0
0.01199359947956224 0.1986993506513647 0
0.3233592826648918 0.2118141251344945 0
0.3354745931184665 0.2045995898099554 0
0.01220565346985775 0.2867923927226396 0
0.02446516201560234 0.2941453333696287 0
0.01225950854574454 0.3014705877058124 0
0.3619796795809788 0.4508220729190314 0
0.3493501504449198 0.458081437955249 0
0.09770613868402767 0.2973163172926858 0
0.09765759526084783 0.3118256279585245 0
0.3742411182186289 0.4000902423137971 0
0.3867935342709697 0.4072999307082947 0
0.3728081699544945 0.1398586497347497 0
0.3727740437514602 0.1254256752038195 0
0.4338460913170081 0.01313817741378059 0
0.8576545401255062 0.6182487387486163 0
0.8451684457420355 0.6103671897044129 0
0.8577052926236933 0.6029938523612856 0
0.3100389490885643 0.1328586585454547 0
0.3227258470101142 0.1255948383310689 0
0.2717647378717776 0.110976001548889 0
0.4991332143058686 0.2413927781743051 0
0.5117300828900897 0.2486547084320351 0
0.0974632125606274 0.3264002683409308 0
0.1101148506088502 0.3337479351936331 0
0.09742610239546989 0.3410465354707595 0
0.1983122344363984 0.4141420950188274 0
0.1982625213597577 0.4286597722736364 0
0.2598754824015259 0.1045573285602768 0
0.2733354778946754 0.09771916342659942 0
0.7946656748556351 0.6990106372919758 0
0.8072902693665818 0.6916298678067336 0
0.8073476643486679 0.7062879356663713 0
0.2623443144748497 0.3073861498077131 0
0.2743937272440037 0.3138014926020411 0
0.4124084920101763 0.4799980035269343 0
0.3998336039741702 0.4872561629696245 0
0.09665146540667985 0.3560275398629592 0
0.09666070811416472 0.3705791567601318 0
0.1978330938919782 0.01142555234097881 0
0.183127211539037 0.01142555234097881 0
0.6806137073727281 0.6777261362706944 0
0.06936143061290678 0.8262743259486456 0
0.06893504673123924 0.8415673589222193 0
0.26196485573497 0.3352539005634963 0
0.2743914684187506 0.3281162222695864 0
0.2743578457561072 0.3424319483769074 0
0.3308496721923344 0.01271679946357074 0
0.323346260281154 0.02709529354126405 0
0.3160259998535261 0.01437849407769332 0
0.4995164532431429 0.02738066761490199 0
0.4926260193764487 0.01272352057227599 0
0.5068904338666952 0.014657147042626 0
0.8384233621399522 0.04960513068909084 0
0.8468013155982925 0.06208517838974803 0
0.8317157130724595 0.06320456254745188 0
0.3492720174517586 0.4145670972995639 0
0.4251550122798411 0.5754070767116304 0
0.425187486444492 0.5901838822112814 0
0.01199359947956224 0.1839934682984234 0
0.4251345145952891 0.5458883789378723 0
0.4378891282064458 0.5532621530023186 0
0.4251711127235176 0.5606285212908647 0
0.1417659460140981 0.01112116303424182 0
0.2867816707295775 0.3496412983236264 0
0.274355058045797 0.3567789766175363 0
0.4124003986686844 0.5680333026471841 0
0.4124331884525971 0.5385529875401923 0
0.4251512039355253 0.5311866192516463 0
0.01262126035204414 0.06595870641496243 0
0.01249451924284728 0.05153804355350072 0
0.9735714458882339 0.4127611136730421 0
0.3995458488910717 0.6207820374495036 0
0.4126454206784754 0.6281096103841378 0
0.3997621798332917 0.6360781050828842 0
0.01315356181168759 0.09673132602146983 0
0.01315356181168759 0.1114372083744111 0
0.01225950854574454 0.3161764700587535 0
0.1214261616956885 0.6637217255338445 0
0.1078081338225072 0.6570793152485326 0
0.120594734679784 0.6493291645238382 0
0.8200353851809564 0.713572245926399 0
0.8074107906700099 0.7209530154116411 0
0.2992374263292859 0.3424766994420446 0
0.2992346386189756 0.3568237276826736 0
0.2867867172651409 0.3209795404154522 0
0.237517877214599 0.3213534653084579 0
0.2499134777943182 0.3142350443383662 0
0.2496028778178943 0.328056595426267 0
0.3237320465201131 0.2260950324171264 0
0.3115774548464456 0.2189787796923203 0
0.2579116790637274 0.01054260322140593 0
0.2432057967107862 0.01054260322140593 0
0.1849079465462519 0.9070605157348299 0
0.1721399659076359 0.9142591726770097 0
0.171755136666615 0.9002735502024207 0
0.4505548153909532 0.5314657226059057 0
0.450596699562948 0.5458509225747252 0
0.3478745594558876 0.1830742580585142 0
0.3478266242874973 0.1687147038499988 0
0.4124634498129582 0.5092071226443711 0
0.4251365144905078 0.5018788312749167 0
0.4251229424703828 0.516522936484512 0
0.3117053873050003 0.3928603667866835 0
0.3242185475005925 0.3856542219922219 0
0.3242049936248609 0.4000831862955092 0
0.09677214567535469 0.3852045227833402 0
0.09669208803277068 0.3996687682659463 0
0.4378242686130749 0.523858327882192 0
0.2955726111619634 0.1415151941101953 0
0.5661578220583805 0.9194244465458932 0
0.5793322021698561 0.9127905700000375 0
0.579042919485287 0.9268172800868466 0
0.3617351482848595 0.3929034223137611 0
0.3492641835898439 0.400116435088302 0
0.3491891185154686 0.3856640287265067 0
0.4252098822001159 0.6051847245526851 0
0.4382341913617062 0.6129428817654625 0
0.4254533988978459 0.6205716999635347 0
0.7646372893495258 0.1902666432498862 0
0.7519856901972992 0.1975769270742266 0
0.7514744190271441 0.1829580884665913 0
0.324176817484548 0.4290209287287989 0
0.324186411963198 0.4435343866316965 0
0.02497475852457659 0.3234940467000885 0
0.012715249978832 0.3308469884060404 0
0.3013201175005848 0.01437849407769332 0
0.3727273966017203 0.1109678189031071 0
0.3852779789205042 0.1181513252666693 0
0.3986438503408191 0.2557128504601511 0
0.4112369259385779 0.2486103605640063 0
0.3116558234270412 0.4217764113119986 0
0.3242128274867755 0.4145338485067711 0
0.3367259876823677 0.4073277037123095 0
0.4764948763106244 0.6967197525940946 0
0.4829596928618201 0.7104470050796315 0
0.4674596413063199 0.7090055023286048 0
0.09607842599425781 0.1588582175509613 0
0.08959097754773998 0.1467534235102705 0
0.2985605693665328 0.2547139360467959 0
0.2990339925319687 0.2404066249036743 0
0.311476795536231 0.2475669981180737 0
0.3490835197275485 0.3567183595561723 0
0.01288111054946295 0.359773349223431 0
0.012715249978832 0.3455528707589816 0
0.3242063393113267 0.3712431029682296 0
0.3367059456311872 0.3784659224770553 0
0.2502593138715544 0.300683019689904 0
0.9869355585749278 0.4197001268873432 0
0.9866358873133061 0.4048256926680528 0
0.2618858965853914 0.3639455597211516 0
0.2743097215588617 0.3711549096678706 0
0.4764701973386098 0.6049430614851675 0
0.4898083426521253 0.6118098409141737 0
0.47702517388458 0.6193416374453099 0
0.4251250988740474 0.4872800979691367 0
0.437784591531472 0.4945959118092775 0
0.4124066939806317 0.5978127004093534 0
0.8240286098623172 0.07540785813533224 0
0.3987998123021244 0.2702417313413411 0
0.4113843564354951 0.2775485156594535 0
0.08235321705350801 0.8481613893846128 0
0.09514516941785811 0.8408361207299165 0
0.09521576988301717 0.8554711947493079 0
0.311704667699708 0.364045265642244 0
0.8577356126775697 0.6328785022132987 0
0.8702724595592275 0.6255051648701714 0
0.5020738893218861 0.5886842471785774 0
0.5148983123294344 0.595979179396957 0
0.5020777891137032 0.6047061971724109 0
0.2991498678327421 0.3281289515684302 0
0.2164237755869401 0.6763165124775227 0
0.230569590322965 0.6742716264977175 0
0.2264066118526668 0.6878577146443664 0
0.4737796771310326 0.1833494049268134 0
0.473729020678141 0.1688087242046363 0
0.4863329520103348 0.1760327607727132 0
0.3761004873254307 0.8888732882461006 0
0.3887673244522596 0.8886161015831264 0
0.7866733246513585 0.03821849522011173 0
0.7940412241860804 0.02550144238917174 0
0.4104701152328294 0.1325904347190604 0
0.4230881249424809 0.1253124874887209 0
0.4250565690511404 0.4727150840612952 0
0.01262126035204414 0.08066458876790356 0
0.02577482216373173 0.08916062067172614 0
0.5792461268070663 0.8980916322141803 0
0.5664535459836664 0.8908039215515124 0
0.5792525680477829 0.8834978173066088 0
0.5271793644112374 0.6054786012925746 0
0.5276463217672427 0.6192899515250201 0
0.2366128563686704 0.5528360739123157 0
0.2493112504950823 0.5454620521357015 0
0.2495738317134287 0.5602400602687313 0
0.3978824894190131 0.1253552908206702 0
0.3978358422692733 0.1108974345199578 0
0.5796483578306071 0.6329113461462013 0
0.5785862153535914 0.6485632145994875 0
0.4762618492215892 0.5900530668112955 0
0.4883388477023733 0.582478158892504 0
0.2867567724838894 0.3783919363931842 0
0.2992489120999996 0.3712098645238258 0
0.2992268015646217 0.3856134743527546 0
0.3745581860309313 0.4435698499055246 0
0.3745257968382099 0.4581053711676245 0
0.4508388516175204 0.6050153821854584 0
0.4510823683152504 0.6204023575963079 0
0.882807559002142 0.5578919556850932 0
0.883569594795014 0.5432567934549101 0
0.8960245598780067 0.5522291553258278 0
0.134466526188413 0.2932380220161899 0
0.07646367736063664 0.2223934488710695 0
0.07572381084470486 0.2367741982611758 0
0.3745687382517573 0.4726534513428022 0
0.5026327656596734 0.6191047731325533 0
0.1983919304984992 0.5454231267532178 0
0.1985101356117422 0.5601475545450664 0
0.3996979270286671 0.6501591515765489 0
0.3321037374900794 0.8866135791788902 0
0.317979636699958 0.8846397021350454 0
0.3260813536404503 0.872574656814577 0
0.5652125934988915 0.6272516670727428 0
0.553119481061347 0.6339144169916908 0
0.3872190500107999 0.4944772763278665 0
0.3998624678697129 0.5017841307930179 0
0.4884837580696827 0.7243576615036504 0
0.3115837247599106 0.4507862084319008 0
0.3241503232982949 0.4580571035295709 0
0.7820992851321868 0.7210395174459768 0
0.769432874883978 0.7137214863067176 0
0.7820566595895125 0.7063506740123542 0
0.07404139241690955 0.2513803838404637 0
0.07379919646635125 0.266179388397999 0
0.3446354646736768 0.9382113999102162 0
0.3514912396499551 0.9261454642284039 0
0.3450077798795349 0.9134791215795584 0
0.3305084634715024 0.9121435727798481 0
0.3385013369576197 0.9000141732990687 0
0.5271754646194203 0.589456651298741 0
0.4774070553306618 0.03692328199737416 0
0.4627399025683828 0.03692596546178811 0
0.4705848859906174 0.025449724608966 0
0.5367701356339142 0.01273253283418729 0
0.5289546871476672 0.02738967987681329 0
0.5215963162196363 0.014657147042626 0
0.347922399271849 0.2117647554589578 0
0.3478831180517561 0.1974339674096126 0
0.3931738537403163 0.897916865949097 0
0.4091473093600237 0.9011993730104477 0
0.6805645602056632 0.663055625930943 0
0.3619869355605234 0.4798413465352014 0
0.3746083834240235 0.4871372036968724 0
0.5790124206200385 0.6189129528948119 0
0.06900564719639829 0.8562024329416107 0
0.4674766381868563 0.8277339589727586 0
0.4555646554580227 0.8377835585564897 0
0.4526153079989161 0.8241102603150674 0
0.3367414029825596 0.4653378008042017 0
0.3493385429258971 0.4726139570300841 0
0.2240583101799306 0.5602013692620453 0
0.9872701283450498 0.5220487844802056 0
0.9872643322972877 0.5367647058823538 0
0.2107897530843106 0.4505072507879942 0
0.2233843120706256 0.4578108376533814 0
0.3870096743760394 0.4363141768093347 0
0.4779201370235076 0.01272352057227599 0
0.4632529842612285 0.01272620403669 0
0.09728351939795038 0.4138318715730692 0
0.1098176080759043 0.4210147700153002 0
0.09716501690036017 0.42842071450535 0
0.1214116118942445 0.6785079463196193 0
0.1341982127515213 0.6707577955949249 0
0.4532760526668691 0.7079013662009885 0
0.1733270588993016 0.399560427985687 0
0.1858459992162175 0.4068857746247219 0
0.1731140753466964 0.4140400956251211 0
0.300648471841658 0.560299944008865 0
0.3136591998179276 0.5678408292849383 0
0.3009871207264276 0.5752262509139319 0
0.6832721109486672 0.2652541131983431 0
0.6890224490124943 0.2520471871873119 0
0.2215575669079108 0.7015807243113212 0
0.2357033816439357 0.6995358383315162 0
0.1855802476640444 0.435893660597426 0
0.1982097533601898 0.4431879906069063 0
0.5116529093212003 0.2195934425747219 0
0.4990892460886341 0.2268739548872145 0
0.4990479364176218 0.2123375046180017 0
0.3226673136254843 0.111172971829004 0
0.3351832889838934 0.1183461087830903 0
0.4485471019082873 0.01272620403669 0
0.9867624110447912 0.581485187965311 0
0.9868519686210746 0.595926234119448 0
0.7772988412064872 0.1976046633477228 0
0.776787570036332 0.1829858247400875 0
0.4612397932451848 0.1906462742806522 0
0.4738437245773786 0.1978703108487291 0
0.160057858040878 0.5675482105932534 0
0.1728809974970739 0.5749009710893964 0
0.4557114473484487 0.04934442533284189 0
0.4488892780084042 0.03787086794443384 0
0.463478680454044 0.5975848633424319 0
0.8326820504937438 0.7061817328902069 0
0.8327451768150856 0.7208468126354768 0
0.3229508796240835 0.9247399489597613 0
0.3164444367021683 0.9112750006792717 0
0.4502906598670592 0.4726733854616677 0
0.4629360533058686 0.4799482298342078 0
0.4504185693538209 0.4872720228760376 0
0.6292946648765851 0.6639671373890853 0
0.6294612986887259 0.6778571615561928 0
0.2864579845422225 0.2628715735689476 0
0.8835193634788103 0.5020254930902449 0
0.8829573811224329 0.4880118781894272 0
0.8963897344122311 0.4943427569978947 0
0.3594841131360725 0.9140160647476245 0
0.2112728723392259 0.5675546809816215 0
0.1985418251781235 0.5749135790479428 0
0.5011593709181045 0.5737511411170502 0
0.480529291781887 0.8305090456396308 0
0.4229325749270469 0.1109589381162702 0
0.4355803471017458 0.1181700255310324 0
0.2495692551552509 0.342372321533588 0
0.3615666926118298 0.3639164658056236 0
0.3491769103262028 0.3712529097025144 0
0.8079756889099534 0.8236158206901056 0
0.7952060036436815 0.8163371878157817 0
0.8078808829293246 0.8089332973799154 0
0.3339766805174701 0.8610206625383021 0
0.08399982735845701 0.3486798730102569 0
0.4865282414022902 0.2341368402175849 0
0.7568178236006042 0.7211107217412061 0
0.75677519805793 0.7064218783075834 0
0.4288339887017777 0.844207549907068 0
0.4265261527279779 0.8311715040728007 0
0.08882445963552477 0.9749966912003238 0
0.07755915920612799 0.964179987013806 0
0.5788829019004809 0.7657255106921266 0
0.5788680562093056 0.7804123521176227 0
0.5661025548903371 0.7730592059926569 0
0.235978091070288 0.4651361730342071 0
0.2485468497726157 0.4724536507880792 0
0.6299006145298852 0.7950353166461146 0
0.6299540103979401 0.8096933927552776 0
0.6171999706111786 0.8023827277247451 0
0.2201081152756511 0.7988557612833254 0
0.2353673326388802 0.8012648585290469 0
0.8080881570000683 0.838342712608906 0
0.8207630362857112 0.8309388221730398 0
0.8582062664874708 0.5738775622166652 0
0.8576255881098334 0.5883763250288083 0
0.4484333618233616 0.1543377531891486 0
0.4483755067993692 0.1397694760885366 0
0.1919102093456606 0.7917728240817734 0
0.2059062840822085 0.7956658500845109 0
0.2623483300857288 0.5676364849914772 0
0.2496499359593168 0.5750105067680914 0
0.5921312242339728 0.9054844657551337 0
0.2141277452230246 0.7285001756232171 0
0.217187157510517 0.7145567640812119 0
0.2277949244116874 0.7272022595404762 0
0.6166867846626932 0.6559077317116311 0
0.6040344366091754 0.6632133976524286 0
0.9618515638809848 0.683814488062506 0
0.9618220457110414 0.6691093551265482 0
0.9745817053425797 0.676466815565939 0
0.2976586903358562 0.09688149743906738 0
0.3101512594792453 0.1040234299199529 0
0.346603053898112 0.8879491279786004 0
0.8701116824933041 0.5962578740730118 0
0.9614290059833743 0.6256618316860101 0
0.9740739117333144 0.6180402540802257 0
0.6292364763186501 0.6493244426707021 0
0.5279640294044834 0.6335609332113719 0
0.5152199197584921 0.6262721110771423 0
0.8819334776309574 0.4110516271982383 0
0.8824150522090355 0.3968115044392504 0
0.8951878725619957 0.4050651884865773 0
0.1353086658875615 0.4066011688325841 0
0.1225546078241483 0.4137781395654802 0
0.8401603636840325 0.1757030980350358 0
0.8274700059146061 0.1830260843076539 0
0.8274813308662956 0.1683888620351536 0
0.2077746297349061 0.7446253869448607 0
0.1976669714444974 0.9145559154617195 0
0.1972821422034765 0.9005702929871305 0
0.436663601350841 0.8202459328525804 0
0.5676317887819499 0.0394974258781568 0
0.5522017217667008 0.03948400807920138 0
0.5595585735771941 0.02547848346733006 0
0.8656537625573004 0.307238695192605 0
0.852701867879996 0.299774984216778 0
0.146623161197007 0.8857002956252374 0
0.1590411292372869 0.8927006035741054 0
0.9872760935863181 0.6691161354326379 0
0.9873056117562615 0.6838212683685957 0
0.5787755334374641 0.6630289551976224 0
0.5660378487933327 0.655715800922267 0
0.3603027604260732 0.161493916129268 0
0.7866990039978972 0.01276926742157236 0
0.8014598672470068 0.01273217496759943 0
0.9872219431122398 0.6250551964313666 0
0.9868519686210746 0.6106321164723891 0
0.08525384795261848 0.2900539422496834 0
0.2073550653215352 0.07955381596142919 0
0.1991220671961778 0.09055277389015032 0
0.1926389881247665 0.07740378276192955 0
0.794062166388723 0.6411773985897058 0
0.8067067913874257 0.6338763940585219 0
0.8071383731257422 0.6478810608506722 0
0.1224361053265581 0.4283669824977611 0
0.1223478302097188 0.4429129417430929 0
0.819813431435978 0.6551149395270673 0
0.832437641690681 0.6477430585286299 0
0.8324680750022141 0.662277941736209 0
0.6040945496597453 0.6778944213015781 0
0.5913840130482926 0.6705573925239924 0
0.2227608141624126 0.9297910925846339 0
0.209982898396322 0.9225755144768963 0
0.2228190828678125 0.9152812708217577 0
0.3976807010882968 0.09655856702601406 0
0.4102852115868057 0.103762532580015 0
0.3979122518840604 0.1398443254657719 0
0.6426066996586819 0.7876931912008188 0
0.6298526598719204 0.7803825261702863 0
0.8274674166167646 0.1976399162936249 0
0.8147883837990277 0.1903256802937427 0
0.06952114731633907 0.9144663852600147 0
0.06874264350324111 0.9293169741717066 0
0.5916590082437201 0.7877457987438821 0
0.5788786612335763 0.7950794940444124 0
0.3871187145209952 0.6132757362189069 0
0.400001955366179 0.6053072415201605 0
0.6044614898736121 0.8097268722522899 0
0.6045257724899364 0.8244550447423508 0
0.591733895884315 0.8171411131607326 0
0.4788791345182117 0.6343879856714963 0
0.4655409892046963 0.6275212062424902 0
0.8024106520251977 0.2409349855290251 0
0.7897640378900878 0.2336322956564866 0
0.8021185686139005 0.226844150186898 0
0.08403949685722656 0.4070747127559962 0
0.7429325307981959 0.0389788672279347 0
0.7329570490202332 0.02717149360614235 0
0.8686675833945399 0.3371552116370298 0
0.8578935597068079 0.3478690123010993 0
0.172978196655133 0.428568750288878 0
0.2452459880731528 0.7906680837368285 0
0.02169876982225039 0.1187901495508817 0
0.8325454604129149 0.6769063279156324 0
0.8451696706676179 0.6695344469171951 0
0.778786974520087 0.2577896421869707 0
0.7663209211520834 0.2509135561305448 0
0.7775900679333813 0.2408470449421877 0
0.06938503163708298 0.7081409622683618 0
0.06968893904985413 0.6933747774490804 0
0.08295270159648638 0.7006793638948606 0
0.2089163449737316 0.9514100644602347 0
0.194689423871572 0.958101161485314 0
0.1956977085887625 0.9437764332648518 0
0.8827185524766374 0.0258249406291392 0
0.8749863919655956 0.01274352241322663 0
0.8900851016875121 0.01308141821591252 0
0.4740078119218538 0.3567512557295234 0
0.4740051022656876 0.3423384180471266 0
0.4865299906272568 0.3495068214840238 0
0.4374968165264417 0.4653847398910913 0
0.4500143004784894 0.4580609468492615 0
0.5533072959781826 0.6483850208464721 0
0.5405782463300697 0.6410493775140309 0
0.2992132476888901 0.4000424386560419 0
0.4610954311401987 0.1615703728161633 0
0.4736487060195009 0.1542537286620632 0
0.8071688064372752 0.6624159440582513 0
0.8578083796204368 0.6621528751543242 0
0.8578857650311376 0.6767812613337477 0
0.05609162466947182 0.7159964613791994 0
0.09517747756581818 0.8260530492867832 0
0.1080400303953273 0.8333628546514784 0
0.9870828311904907 0.4636540208112933 0
0.9872643322972877 0.4779411764705893 0
0.3998488958495879 0.5164282360026131 0
0.1833817816369379 0.935756834249675 0
0.1976087027390975 0.9290657372245957 0
0.3488392318946071 0.8621344567882698 0
0.7947664121810969 0.7283435505856897 0
0.8074541330133853 0.7356278608457174 0
0.6173033032984552 0.8317644755210578 0
0.6045757093091579 0.8391787164295005 0
0.9869355585749278 0.4344060092402844 0
0.9870828311904907 0.448948138458352 0
0.5909154470292237 0.9360320454128291 0
0.5777410669177481 0.9426659219586848 0
0.6769099429509615 0.9783129232697582 0
0.6759448918299764 0.9661181258190953 0
0.9872701283450498 0.5073429021272646 0
0.9872643322972877 0.4926470588235305 0
0.6295177771149387 0.6925270107931834 0
0.616801451646841 0.6852202756670047 0
0.09559884390944562 0.7078471131556825 0
0.1083711972503851 0.7152530531140524 0
0.08496884704746754 0.319124228235651 0
0.8451049892503828 0.6402640684147576 0
0.8577229086841041 0.6475204945363127 0
0.4412167226370592 0.0258643814504706 0
0.09590275132221676 0.6930809283364011 0
0.8021288744899884 0.2122404862970366 0
0.789460538186042 0.2049326525761418 0
0.8021174581972398 0.1976316785588189 0
0.8827287425020967 0.5888707072893591 0
0.8828084470159566 0.6034882346218363 0
0.2409856270383334 0.724177310690427 0
0.9872582086576513 0.7135990836111659 0
0.974563820413913 0.7062438813915259 0
0.9873056117562615 0.6985271507215368 0
0.1718091098759028 0.8855019466319256 0
0.2453787249544688 0.7099352370433578 0
0.09512296636517015 0.8849875096649336 0
0.08237214218161915 0.8775533672634823 0
0.09517464170221812 0.8702306058054554 0
0.4504299849702814 0.5018707561818176 0
0.2163870317431049 0.7847578823630864 0
0.6681620238902231 0.89035136743012 0
0.6554761556116899 0.8977663216348648 0
0.6557068724851002 0.8830794340422311 0
0.7423084961288384 0.01297398407513362 0
0.725942670538454 0.01419750953100873 0
0.9867624110447912 0.5667793056123699 0
0.9872643322972877 0.551470588235295 0
0.09534198586948617 0.8111275442842187 0
0.09544032317537521 0.7963298013156607 0
0.1081706758491764 0.8037820402397871 0
0.524286547685599 0.2413803422727433 0
0.5243224115834761 0.2559051578608437 0
0.8458370995464951 0.7867244836634728 0
0.8331913345988993 0.7941236113061543 0
0.8330620996288686 0.7794576590727209 0
0.5242729848947733 0.2848323346763495 0
0.5117053112220756 0.2776102498988367 0
0.5243336204606645 0.2704016087976483 0
0.6495895517191399 0.2119616426174831 0
0.6370393992232792 0.2046376024185488 0
0.6502224751215917 0.1976145441584112 0
0.9804712351637095 0.2946885297022772 0
0.9731816415805701 0.3085828305728975 0
0.8402792484014155 0.2920821984154103 0
0.8529903155796111 0.2847007045058531 0
0.4749578248472415 0.4737874824806361 0
0.4750857343340031 0.488386119895006 0
0.5625939921733949 0.279758124199014 0
0.5500106078687451 0.2870092616581961 0
0.5494846784380119 0.270372556115979 0
0.3261258273535881 0.5602884211899799 0
0.3264644762383578 0.5752147280950468 0
0.05180630365625771 0.5736389809352249 0
0.03831054725537381 0.5810274138673908 0
0.7816139295666807 0.6475351456133502 0
0.1079665940665682 0.8629053371507591 0
0.5157037777588855 0.9205492220174463 0
0.5030654789183098 0.9278033832372516 0
0.5028583526081047 0.9132802108366722 0
0.5514760179868553 0.01273253283418729 0
0.5669060850021044 0.01274595063314277 0
0.6000811587961584 0.3571659596369872 0
0.06952671073474048 0.8996252827864109 0
0.08231490342616976 0.9071513735965642 0
0.7772979845220841 0.2267562096000607 0
0.0685569102842572 0.6795374124048498 0
0.830780088694804 0.0380954654289497 0
0.8235122526053396 0.02546538297315182 0
0.7570049555632677 0.9872160474469458 0
0.7640121588693801 0.97471707429845 0
0.7717130856590533 0.9875010268515042 0
0.4530700830899418 0.9425453977408609 0
0.4405055124940869 0.9363435207486501 0
0.4533365711600272 0.9278339791198917 0
0.3603223656092701 0.1902394237075167 0
0.4485933377258597 0.1833759282025449 0
0.4485136764820017 0.1688927487317217 0
0.1207351196832325 0.8703490246135637 0
0.1207762478640316 0.8555896135574161 0
0.0694290599384586 0.885085809385505 0
0.06948073527550647 0.8703289055260268 0
0.7562055414484071 0.9618748512625273 0
0.5494509731968916 0.2413404613297041 0
0.5368518262313179 0.2340923563475509 0
0.5494239230492242 0.2268020259757031 0
0.8968691562197436 0.5229751824971784 0
0.9087709219167631 0.5155839107284073 0
0.9086883613678982 0.5302027213268734 0
0.5368900852561737 0.2631272426383565 0
0.5494734695608235 0.2558761051791744 0
0.2742876110234839 0.3855585194967994 0
0.7582301501406923 0.06343072904406155 0
0.7441675507343271 0.06397539450870127 0
0.7506047863921395 0.05146510084096256 0
0.5410458266957795 0.9058781119837965 0
0.5283072145109655 0.913333600538986 0
0.5282352636334945 0.8985705610616774 0
0.6554613765516384 0.8243243854436355 0
0.6682092574133578 0.831611217900466 0
0.6555183888333249 0.8389877177218887 0
0.1994468483325096 0.3147816688221312 0
0.2001135614247467 0.3282032444075977 0
0.3996922506460188 0.575354873444324 0
0.3997083510896953 0.5605763180235583 0
0.8308759147700975 0.01273320800555244 0
0.816165749599948 0.01273217496759943 0
0.1207644511610616 0.8408789050510923 0
0.1207967593090217 0.8260958336079591 0
0.4591067676574528 0.7751810914646194 0
0.9873469911882119 0.8016843267261666 0
0.9746185581351507 0.7951842355444629 0
0.9872715669469388 0.7876175558771199 0
0.7532337612041478 0.2582936729651636 0
0.752036854617442 0.2413510757203806 0
0.5656427105455724 0.4252295440754005 0
0.06603222460320335 0.01453205881640884 0
0.7819992646074263 0.6916926061527167 0
0.5534931584735309 0.9270461540469037 0
0.5534079488546951 0.9408487945485753 0
0.5410325679544148 0.9344437919627768 0
0.1212230461754259 0.7076838901475179 0
0.1213662782926266 0.6928963469889614 0
0.1340404308328766 0.7003315595392563 0
0.5284291312023348 0.941659413441237 0
0.5285143408211705 0.9278567729395655 0
0.2240899997463119 0.5749673937649218 0
0.06952593891657483 0.8113488209460811 0
0.082447124892017 0.818600810362657 0
0.8152710737595974 0.2478525661044791 0
0.8029165430357847 0.2546407115740676 0
0.8324503456841467 0.6331010662056159 0
0.9081706976912661 0.4869608524946111 0
0.9087326800476435 0.5009744673954287 0
0.8828943206924385 0.6181146362297784 0
0.8829753932445019 0.6327443996944607 0
0.8147754886250983 0.2195431761695751 0
0.5114852642465301 0.3064048089347721 0
0.4988759423396119 0.3135821710475776 0
0.4990353537492663 0.2992183378903435 0
0.5788356464880339 0.6777099788467719 0
0.5280862050136685 0.9586165750118318 0
0.5155679778804243 0.9520295559886205 0
0.9865527143645383 0.330195458591136 0
0.9872760935863181 0.6544102530796968 0
0.9744980366985579 0.6471125083345923 0
0.9872219431122398 0.6397610787843078 0
0.2618010388223858 0.9216532799786255 0
0.2488562371984434 0.9289342019324257 0
0.2485418002578454 0.915215926975695 0
0.7738498300794184 0.08910469680262523 0
0.7600771716757184 0.08894308204065549 0
0.7655655728865801 0.07610263747377 0
0.5753204671718314 0.2867764769051977 0
0.5747945377410981 0.2701397713629806 0
0.6428256894669424 0.8463936643929947 0
0.6555735703286618 0.8536804968498253 0
0.5533260178162457 0.7657226694772094 0
0.5533111721250705 0.7804095109027055 0
0.5620455663787298 0.2485857748073266 0
0.7643016177737941 0.02574325149670592 0
0.7719738733677377 0.03822948510973379 0
0.7569951302045611 0.03843420176329504 0
0.6041510280859581 0.6925642705385685 0
0.8333084513560611 0.8088011830755728 0
0.8205334514384346 0.8015343584848208 0
0.6043974889812865 0.7804016542163372 0
0.6044080940055573 0.7950687961431269 0
0.3999795596105552 0.5903063991787567 0
0.3872875120315661 0.5828494145551311 0
0.6808876115053379 0.8975392378606591 0
0.6811183283787482 0.8828523502680256 0
0.2751243092949993 0.5602757020649878 0
0.2752004135408875 0.575046148564348 0
0.08194912332765925 0.9366274019099168 0
0.09485262038479003 0.9312119512882542 0
0.3073891642896355 0.8973092512833398 0
0.3013667804400064 0.8832703289190267 0
0.3746372473195661 0.5016651715202657 0
0.2876025650791735 0.552843736976861 0
0.908615600994735 0.5447865976113538 0
0.9078535652018631 0.5594217598415371 0
0.8781542237777071 0.1976749958914872 0
0.8654986047781421 0.1903558203708585 0
0.8782034403962854 0.1830536651682184 0
0.7821748379274971 0.7503992454932369 0
0.7948781505861089 0.7576742828878598 0
0.7822432339891336 0.7650551323613306 0
0.9884263547594505 0.2873582800363317 0
0.9884263547594505 0.2726523976833904 0
0.7793668370821256 0.05090944548670084 0
0.6805309882768618 0.7362287622279721 0
0.8602805096126546 0.01274352241322663 0
0.8453194491030959 0.6988095663479515 0
0.857966288433646 0.6914247742189711 0
0.8580386814584231 0.7060715074703041 0
0.1339181343929308 0.6412090107967491 0
0.09535606212814357 0.9151845959175233 0
0.09536162554654504 0.9003434934439195 0
0.1857175278114423 0.5822749108975023 0
0.1728194368578764 0.5896694293755111 0
0.7422990721360976 0.9617560217140657 0
0.5242594975379316 0.2268419069187423 0
0.5242181878669192 0.2123054566495295 0
0.2408528901570173 0.7764260100897593 0
0.8334421375797273 0.8235297942501286 0
0.8335546056698422 0.8382566861689291 0
0.7568662418516827 0.7504787159136772 0
0.7568735983715243 0.7651727376333838 0
0.9879724099253941 0.1983844939453262 0
0.9879724099253941 0.183678611592385 0
0.2356560239169507 0.9079434046555466 0
0.2228781081508602 0.900727826547809 0
0.8704390030476237 0.6547673089528653 0
0.8939899792506106 0.4652222619170119 0
0.9061699492031535 0.4573440759839346 0
0.9080077220083966 0.4724509561639997 0
0.8337736543167608 0.853216560405506 0
0.8464527556107768 0.8458075324825949 0
0.3989583312020886 0.3136139333687637 0
0.3988869941401877 0.3278455442406404 0
0.1210453497906351 0.7226882656643473 0
0.06838242682313206 0.9439519000114553 0
0.8326096574689666 0.6915349996388738 0
0.8201715673757033 0.7428912722540817 0
0.8075271888867903 0.7502818074281302 0
0.3233673804463945 0.2546908012110743 0
0.3238408036118304 0.2403834900679528 0
0.6300119372254195 0.8243708445494832 0
0.6300618740446411 0.8390945162366329 0
0.6628600316703281 0.1903182448359204 0
0.6750639355468288 0.1832306741518048 0
0.3999346076665339 0.5310598712167556 0
0.3873336257232886 0.5236368793654023 0
0.9619139257352973 0.8319400792177223 0
0.9618881612926968 0.8174121693277436 0
0.9747197468190243 0.8237789162834881 0
0.2495066685000314 0.3567193500738191 0
0.2371446905829557 0.3495220449365898 0
0.1085942272367938 0.685860276927881 0
0.1335329767777259 0.8483225925138969 0
0.5946821897203731 0.3443605667381237 0
0.6551120501496948 0.736356679650392 0
0.6423843066529393 0.7290908187830484 0
0.1210383429166042 0.8855681697268856 0
0.108164125067144 0.8930207319858927 0
0.769584434636664 0.7724524964211098 0
0.7569181116776664 0.779845139087786 0
0.448331018731357 0.1252095922926065 0
0.4609706284135465 0.13245549347766 0
0.8701922859492967 0.565279970277355 0
0.8826472510322894 0.5742523321482728 0
0.9872715669469388 0.7729116735241788 0
0.6559403814897301 0.927185121288671 0
0.6570611446114567 0.9430074195768836 0
0.6442903832010038 0.9357237125294169 0
0.9873727556308124 0.8309181189690863 0
0.9873469911882119 0.8163902090791078 0
0.6693400709780506 0.01307425067514634 0
0.6546341886251095 0.01307425067514634 0
0.6503098791744675 0.1829942046369861 0
0.7112367881855128 0.01419750953100873 0
0.1206809216756222 0.8113057821628303 0
0.1207792589815113 0.7965080391942723 0
0.6879777633102564 0.0879301792689523 0
0.67560064160273 0.09532139228241066 0
0.6753695280468799 0.08062124462384612 0
0.7570143784817794 0.01297398407513362 0
0.299017587922956 0.4580130962045791 0
0.2990536765878591 0.4434903793067048 0
0.782807551250979 0.8676872696478276 0
0.7955891925290582 0.8749121751902413 0
0.7829427345198074 0.8822663123888086 0
0.7332083102593789 0.9739313667028937 0
0.7422990732103265 0.9872160474469458 0
0.726203354696111 0.9867153192559479 0
0.726203353621882 0.9612552935230679 0
0.7183208910964246 0.6553304622016511 0
0.731120500346467 0.6622816824239979 0
0.8784144622956711 0.09631276598098915 0
0.877905043343619 0.08212740273303415 0
0.8901954475418079 0.08846226466913953 0
0.7720028085443924 0.06359234380603129 0
0.3740009006858178 0.3566855890603012 0
0.3740942912844721 0.3712201392066434 0
0.6877018320652958 0.1759206134127586 0
0.6755853322416709 0.1683878445754491 0
0.5534966140620553 0.662850761444607 0
0.9872582086576513 0.7283049659641071 0
0.8783466669744847 0.3140332484014728 0
0.878105839475376 0.2991880435160885 0
0.8583665744573235 0.5575171857534856 0
0.629589345893139 0.7071596417815281 0
0.3493781880981632 0.4870977093841542 0
0.8528484300645317 0.1830374049775628 0
0.8528597550162211 0.1684001827050626 0
0.8934292522146425 0.4347103464912561 0
0.9073974369757654 0.4265474390084199 0
0.9061203912064903 0.4419524742541107 0
0.8589882540025127 0.8381086171220981 0
0.8592073026494313 0.853068491358675 0
0.1338479967140676 0.8782524461335426 0
0.8706049973864647 0.6840432024561003 0
0.630117055539978 0.8537872953645693 0
0.4238725302699112 0.2703190381558235 0
0.4239046063688235 0.2847465481395187 0
0.6548511194215496 0.9872919950511944 0
0.6695570017744908 0.9872919950511944 0
0.7114974723431697 0.9867153192559479 0
0.7864189680119945 0.9875010268515042 0
0.6376656646306093 0.1757146338435989 0
0.625041033224456 0.1830234289889139 0
0.6250343752293344 0.1684475588730359 0
0.2250835623200966 0.3283638884557096 0
0.2253941622965205 0.3145423373678089 0
0.5029504732969141 0.6333757548189051 0
0.3872097703036321 0.5530832017001215 0
0.3999179183262977 0.5457616309029816 0
0.8659274614551846 0.1036874229765858 0
0.8782178656533735 0.1100222849126912 0
0.4237333124898017 0.2413687083178933 0
0.4238486668878066 0.2558793534296452 0
0.2232812581123804 0.4723857346736972 0
0.1208920724990802 0.7817048995087024 0
0.1082291943195256 0.774560583228499 0
0.1208522536635404 0.7672811854659725 0
0.8209167854124911 0.8602772904943951 0
0.8338149353534258 0.8678281368080608 0
0.8455817971230386 0.01273320800555244 0
0.845865691220637 0.03697608127124596 0
0.3241387157792721 0.472589622604406 0
0.7700543976481222 0.8604138575447504 0
0.7827008556573729 0.8530597203461832 0
0.8715891329657397 0.8306500362739191 0
0.8841399301119635 0.8231773348034078 0
0.884293598187391 0.8378968745276669 0
0.7773102574992358 0.2122134710859405 0
0.2096653792588338 0.8940125748081298 0
0.1969063543605883 0.8865171750812402 0
0.655550463548045 0.9124698346319791 0
0.6430953121429221 0.9051979012440901 0
0.8588345859270852 0.823389077397839 0
0.4780605977617055 0.92728511408429 0
0.4656813599868025 0.9201237841371107 0
0.477840815992626 0.9133730421092983 0
0.4736088206942025 0.1396982357194276 0
0.4862424102321448 0.1469365871079006 0
0.1334053424413565 0.8188218325624443 0
0.8082060378546929 0.8676109996731051 0
0.8083412211235215 0.8821900424140861 0
0.6808917939743583 0.8242195674208036 0
0.6809488062560449 0.8388828996990569 0
0.8953440155549419 0.5814826926970973 0
0.4990420092391014 0.3422761605572316 0
0.4990447188952676 0.3566889982396285 0
0.01249451924284728 0.03683216120055954 0
0.2732630316910672 0.08330499961418103 0
0.2851522871613189 0.08972367260279324 0
0.09594808492383461 0.678692527667059 0
0.8955113807012309 0.6107274694461257 0
0.7822877472952758 0.7797275338157328 0
0.5620017801804492 0.2195076417322188 0
0.5494026332148755 0.2122595367500656 0
0.198480264538926 0.5896820373340574 0
0.5873693925738871 0.2628534266740069 0
0.5746429175754507 0.2558350739678232 0
0.5789390427420493 0.8098262834021548 0
0.5790033253583736 0.8245544558922155 0
0.5281518443213191 0.6480315370661531 0
0.907830101420408 0.397108978310618 0
0.9073485268423298 0.4113491010696059 0
0.9493399938217446 0.8982062844849075 0
0.9619292893700538 0.8905825314622318 0
0.9619669386333901 0.9046826136778974 0
0.7571948893690876 0.8385258466815774 0
0.7572705020247648 0.8531994501125814 0
0.7445176893393364 0.8459389885510528 0
0.8081647568180279 0.8529994232705502 0
0.8021200474950814 0.1830178465728479 0
0.9747175927422252 0.8529771565794877 0
0.9873727556308124 0.8456240013220274 0
0.9873448371114129 0.8602943317280485 0
0.08428674390531132 0.4360093338941894 0
0.09682083258326524 0.4431922323364204 0
0.738765225848809 0.1755962727252339 0
0.7258793426195703 0.1826500528766061 0
0.7258217485934617 0.1679779533109082 0
0.06477192922131025 0.5803984959101411 0
0.5537104902806291 0.8982564044827859 0
0.5537169315213457 0.8836625895752144 0
0.3476741085159699 0.1110832055606413 0
0.961996009390617 0.8758768446273754 0
0.9746229542022624 0.8823531738203652 0
0.9619532121384504 0.9193877340193923 0
0.9745425076867597 0.9117639809967165 0
0.6315973474664308 0.9431388742387838 0
0.6304765843447042 0.9273165759505714 0
0.5386069789255357 0.4332773843163428 0
0.5523608912178537 0.4288826454857382 0
0.7894002909720786 0.1757713485147578 0
0.7767387391151173 0.1684333284169213 0
0.1210807448257546 0.7524577092864045 0
0.1210828075165589 0.7375179890089609 0
0.9029951660563217 0.08097826896196181 0
0.9149544900966465 0.07100662698619131 0
0.1981074793885972 0.4577411391117837 0
0.6117399985329584 0.2775472832211683 0
0.5999828352358546 0.2846381135257606 0
0.5992781760366384 0.2700672937645718 0
0.88956687541017 0.9620968662554991 0
0.8822139342430971 0.974831477769043 0
0.757377197618371 0.8678269994142258 0
0.7953774094422701 0.845676421787616 0
0.6303993663417644 0.9126114139481463 0
0.6303250584054092 0.897907900951032 0
0.4267433405394223 0.9435617738720676 0
0.4270098286095078 0.9288503552510986 0
0.4227774337460705 0.09662007062232647 0
0.8908260366181655 0.1172094662213545 0
0.878339035777679 0.1245841232169512 0
0.580778688205313 0.3405488289321676 0
0.8454642545960337 0.7281097162323984 0
0.8328175892832463 0.7355002292685905 0
0.9389646542133444 0.9355445656947913 0
0.9378966181883909 0.9207935494327302 0
0.9504456791100344 0.9270573829626342 0
0.1463199379636353 0.8704811505119155 0
0.5367921470890759 0.2050097649759351 0
0.5241855588723446 0.1977613006319148 0
0.9762811501915253 0.08779395324154615 0
0.9877416228179133 0.08088848226845374 0
0.9885395273736119 0.09514076509073954 0
0.4900625285464215 0.9060157383111576 0
0.5027008273869972 0.8987615770913523 0
0.8476206934105777 0.8771942337670072 0
0.834763824506308 0.8842549638558963 0
0.4615028250203509 0.3640274005465248 0
0.4740277133819202 0.371195803983422 0
0.8717897645887892 0.8599974211899604 0
0.8592542661970534 0.8676963365504572 0
0.8075955849484269 0.7649376942962239 0
0.852921130265105 0.02547673041877907 0
0.9033908326314287 0.1098417839918234 0
0.9035120027557342 0.1244036222960834 0
0.6805894449208815 0.7509084281048037 0
0.667834705350755 0.74364054627058 0
0.9875188868980724 0.9632037406850906 0
0.9875188868980724 0.9484978583321495 0
0.6503048251643164 0.1246177395715514 0
0.6629674400472192 0.131897391534136 0
0.6502806744294574 0.1392310026362212 0
0.8199080618035628 0.6842784944578878 0
0.9877416228179133 0.06618259991551256 0
0.8969429843715204 0.8451260799024096 0
0.8843921872252967 0.852598781372921 0
0.8527992134459533 0.1976587357008317 0
0.8328906451566513 0.7501541758510033 0
0.9413527735088165 0.02704835008118833 0
0.9339387580310238 0.01286313136649309 0
0.9485904860660277 0.01418521871469519 0
0.9047909840404533 0.01308141821591252 0
0.9885395273736119 0.1098466474436808 0
0.963021248163404 0.9341387502814534 0
0.9872781170908497 0.9044117832687871 0
0.98726439059591 0.9191169036102822 0
0.9192328756780827 0.01286313136649309 0
0.9873448371114129 0.8750002140809896 0
0.820632528792312 0.8894544437158778 0
0.8080156834666773 0.8967556192330141 0
0.8952997389163215 0.3767393186889996 0
0.9071293401011865 0.3690925027669633 0
0.9074990483249389 0.3831782498055531 0
0.9042727577725089 0.9875671454717553 0
0.9107921359411395 0.9755295611556395 0
0.9182840840509834 0.9879624156838842 0
0.9872781170908497 0.8897059009158459 0
0.8602941176470587 0.9872643322972876 0
0.8749999999999998 0.9872643322972876 0
0.6993102390959925 0.08049003899730289 0
0.6995413526518427 0.09519018665586743 0
0.840388193671802 0.2627377006356931 0
0.8281723304356075 0.2692831054270036 0
0.8279928280063789 0.2550128873582111 0
0.6551705067937146 0.7510363455272236 0
0.3680384916335881 0.9023866314866573 0
0.3745219514040083 0.9150529741355029 0
0.8895668754195678 0.9875671454717553 0
0.5537824411581 0.9130194439600946 0
0.846100020740192 0.8161190470714621 0
0.858700899703419 0.8086604662232831 0
0.7936508922420573 0.0756976791291476 0
0.7867022598280133 0.06358135391640929 0
0.4489732089700975 0.3568081624657586 0
0.4489931104301638 0.3712527107196573 0
0.2998315804422166 0.909905627463253 0
0.9747832774939824 0.9411441737071378 0
0.98726439059591 0.9338227859632233 0
0.771993121644956 0.01276926742157236 0
0.9632963684189688 0.01418521871469519 0
0.9329899664039246 0.9879624156838842 0
0.8655637815755395 0.1610975610958848 0
0.8528757151950404 0.1537632541533578 0
0.1094863674157153 0.4504912300285759 0
0.12213509204712 0.4578005588240878 0
0.5415966872049419 0.7586101072161034 0
0.5543880699702085 0.7512598023060548 0
0.9205173666917545 0.5373953258425826 0
0.4864154979003822 0.3781731110434363 0
0.4739105109988793 0.3854492558604377 0
0.5154531250080933 0.8913056631799621 0
0.5281917371929072 0.8838501746247726 0
0.6503032211793458 0.1684183345211081 0
0.03705994546077074 0.9890624906089551 0
0.05176582781371186 0.9890624906089551 0
0.2865673385104741 0.4362108150650723 0
0.2991334753474287 0.4289839272923939 0
0.6683295052293389 0.8609695150081028 0
0.6810364778295768 0.8535190509157766 0
0.6810997133638711 0.8682140157451602 0
0.6683212249584978 0.9197535416794457 0
0.9205518851957981 0.5082020062251237 0
0.1842021485775647 0.8789311165294564 0
0.1714881411482366 0.8713581699011411 0
0.631671403994035 0.9578432613001353 0
0.6178576051377354 0.9494361247212898 0
0.5997673280496758 0.2121673127379355 0
0.612271903800927 0.2194168374664407 0
0.5996702917760419 0.2267104677266085 0
0.8344382868494639 0.8988205406748242 0
0.625020631350146 0.1975820932186223 0
0.6123893419488711 0.1903150182480593 0
0.8602031553499355 0.8841231635982927 0
0.133402318325526 0.7892286414317456 0
0.8077637661721627 0.7942557256104968 0
0.8958684147451353 0.6692667391748633 0
0.8832536987896752 0.6766556609952807 0
0.8831391899394164 0.6620107677504594 0
0.6937190143905771 0.8461274004361143 0
0.6756002338240925 0.1099572276984915 0
0.662991998560716 0.1026482930533853 0
0.5746204212115188 0.2412994301183529 0
0.8844391507729187 0.8672266265647032 0
0.8833342221921837 0.6912991738805041 0
0.7005795470621805 0.1680547586493416 0
0.7000581503673383 0.1828975882256972 0
0.4739780432386206 0.2413943516209001 0
0.4739340750213861 0.2268755283338094 0
0.6821979305249366 0.2384015112285075 0
0.9097047158740549 0.8377056931507869 0
0.9098033049119605 0.852407599996041 0
0.8908991085946504 0.1757321552105787 0
0.8782434895950854 0.16841297968995 0
0.7576504277891181 0.8821546384222316 0
0.7448665321657607 0.8749402309900625 0
0.7063664606096955 0.8387778928351332 0
0.7062987084278297 0.8241060415031203 0
0.7190338262204801 0.8313926851188589 0
0.6177063306071913 0.9200265756575132 0
0.8074476768736849 0.9411638792578347 0
0.7955350033350812 0.9333673014921121 0
0.8083914539587411 0.9255980472928752 0
0.9091112084437158 0.7644540966356335 0
0.8963746558656873 0.7571801951243056 0
0.9090365492841659 0.7497980278626709 0
0.3356226314302767 0.233218835510127 0
0.524291726561007 0.3570456822351428 0
0.5241660323211824 0.371246825699006 0
0.5114310432672876 0.3636594807766996 0
0.9301140414253186 0.3240005926073811 0
0.930960061037335 0.3385385068256316 0
0.7066970065916802 0.8677896028108354 0
0.7064541321832274 0.8534140440518528 0
0.7193444528107987 0.8604400952098543 0
0.7060840814216375 0.7654245696267478 0
0.6933262666291573 0.7581710161160125 0
0.7651362875425293 0.2194282203716417 0
0.1460782059284824 0.7077637231827449 0
0.1462214380456831 0.6929761800241885 0
0.9035045850083738 0.09516363220991675 0
0.3479921378181458 0.2833667755557583 0
0.9089176108102062 0.7054718781132731 0
0.9091013220295783 0.7198834970039638 0
0.5661480907076349 0.8024928367758953 0
0.7833201845847371 0.8964157004320383 0
0.7705385433066578 0.8891907948896246 0
0.7564123592612292 0.6621696891208695 0
0.7689710575776965 0.6548102169656796 0
0.7825333429104765 0.823743114168883 0
0.7824385369298477 0.8090605908586928 0
0.8956755801362947 0.6399878584920549 0
0.8830537190030838 0.6473783871324479 0
0.01318109734352074 0.9186232796707068 0
0.01318109734352074 0.933329162023648 0
0.7315242754659437 0.7799722377080385 0
0.7188213164756546 0.7726914230998416 0
0.7588392668290561 0.9120946211068519 0
0.7459511513115163 0.9050584646394588 0
0.7580278778540477 0.8963040264654614 0
0.7316355047104242 0.8093214460911455 0
0.7189036747789874 0.8020499644514314 0
0.7315731054507973 0.794650576755731 0
0.7569669416625201 0.7945234781354785 0
0.7442561053973804 0.7872437193477525 0
0.5493700042203009 0.1977153807324509 0
0.6806299837030505 0.7655828001586205 0
0.7317718275430024 0.8386649607854603 0
0.7317040753611367 0.8239931094534474 0
0.2486008255408931 0.9006624827017463 0
0.8083928857778027 0.9109107450309792 0
0.7961015781090122 0.9036463437291874 0
0.7320903146071326 0.8677141229754468 0
0.7318474401986796 0.8533385642164643 0
0.6503182817076411 0.1100074871085394 0
0.6376315160898791 0.1173410982106247 0
0.1591135151358413 0.8632140699695701 0
0.146338350652902 0.8557662204778751 0
0.7323635447778798 0.8820417619834526 0
0.8340271771120202 0.940902057858418 0
0.8347604851317949 0.9563259357938871 0
0.8210374355171195 0.948818502994067 0
0.7067156216065573 0.8824279373337007 0
0.693825300978986 0.8754018861756994 0
0.01337849562343657 0.903998857708265 0
0.9203506676438089 0.4790826665615338 0
0.7443735060329466 0.8165937217577469 0
0.8527808678587758 0.2122449512234531 0
0.8401306931451655 0.2049265358301574 0
0.4735643326261904 0.1251383519234975 0
0.8707624519107334 0.7133361527917614 0
0.8581156125801833 0.7207209449207419 0
0.8654263332335825 0.2777817244682712 0
0.8530037137550019 0.2700889386669035 0
0.9269147441310088 0.06384081851245582 0
0.92826455755725 0.08051382802900359 0
0.7061040404653436 0.780112241642923 0
0.7836973868958624 0.9105708262300034 0
0.8972717358132885 0.8741804981224208 0
0.884669313176781 0.8815791379394603 0
0.8605644037102531 0.03698639567892015 0
0.6242906716740603 0.2264723466663673 0
0.6351200941970794 0.2335271663308477 0
0.6230042900503122 0.2410148121195942 0
0.781850876138055 0.6624571367341855 0
0.8020712165738666 0.1684653502496816 0
0.5991265558709908 0.2557625963694145 0
0.8203055593164064 0.9187073227967019 0
0.4531167893909477 0.9139219071449001 0
0.916205494987121 0.1317287819736965 0
0.9280970350201408 0.1243089065837406 0
0.9282257312382646 0.1390017484908849 0
0.7514168250010356 0.1682859889008935 0
0.7571039764401508 0.8238659511659214 0
0.7698567891255793 0.83112641272745 0
0.9161905511459425 0.1023577882846456 0
0.929040676881558 0.09503155262227941 0
0.9289269245046129 0.109709704404186 0
0.8081809848934596 0.9565877571933039 0
0.09617740081199544 0.9864478680613507 0
0.1108832831649367 0.9864478680613507 0
0.386437545862045 0.3494546050859438 0
0.1337436230053092 0.7596020255666078 0
0.4739323221322149 0.3998714892392927 0
0.4615445376137529 0.3928941821792784 0
0.5409126401099178 0.8763531459446297 0
0.553655695812955 0.8689006630133562 0
0.5997736851266297 0.1976213616789947 0
0.5871720731017446 0.2049149919391625 0
0.4989190246554431 0.3708901417034918 0
0.7950288721553991 0.7869924171307725 0
0.7823700728029294 0.7943897811905517 0
0.9201381339642764 0.4491811685010985 0
0.1081925794509063 0.5388164819167655 0
0.8782594497739045 0.1537760511382452 0
0.1729254286555651 0.443096968622148 0
0.1339346564415997 0.7299488260424264 0
0.4498005188868276 0.4434990577727692 0
0.2225023203079721 0.8866747086419187 0
0.1468636635134054 0.6781858314958265 0
0.1468782133148494 0.6633996107100516 0
0.9410009309159203 0.08786574414854398 0
0.06387214701654009 0.6097942940378238 0
0.0508407401250166 0.602903596817123 0
0.06411720941554411 0.5953714294152683 0
0.4481754687159231 0.1108560429201558 0
0.8960662746742505 0.6985594668719078 0
0.9088342597313498 0.6908240436610499 0
0.6935660238661515 0.8168294341857332 0
0.7062333894769359 0.8094442264694589 0
0.8274869369957919 0.2413071613131686 0
0.7696974120697243 0.801795707543653 0
0.7570354057894384 0.8091942878036196 0
0.5232911751297711 0.3423599982926658 0
0.536026164183666 0.3499473432149722 0
0.92206204606946 0.7714058477902506 0
0.9094001526509814 0.7787880150518851 0
0.7826242558394133 0.838403009684539 0
0.858188025048344 0.7353743615538557 0
0.6552259534977458 0.765680306436201 0
0.6425032982966858 0.758396439816013 0
0.9219130600841221 0.7418158110288977 0
0.9091765075060935 0.7345419095175698 0
0.6752937134840925 0.06560054380495539 0
0.662916591776566 0.07299175681841374 0
0.06473685301873838 0.6234318480267012 0
0.8837224800426668 0.7645574743229373 0
0.8836478208831169 0.7499014055499748 0
0.2991694853496563 0.4144968470703662 0
0.2866908996092777 0.4072499546364372 0
0.80722607231053 0.6770011960834923 0
0.7945510140002942 0.6697673174070972 0
0.8962248112296221 0.727865713837737 0
0.8835696898693155 0.7352548582967711 0
0.8834945043928002 0.7205964457831652 0
0.8156023419310496 0.1324250753077824 0
0.8283719474049274 0.1252198114490548 0
0.8275615219062498 0.1392279396659352 0
0.6755832590362491 0.1537942192176044 0
0.662945362517782 0.1611042799566506 0
0.9409471607557565 0.1169826709213744 0
0.7148283284911898 0.3139798297224939 0
0.8906495155862992 0.2918150868646983 0
0.8779566111691148 0.2850205336558305 0
0.5745943930197943 0.2267555369779799 0
0.5871917442165151 0.2340048361384764 0
0.147036341326118 0.6486224917823568 0
0.1467417131660834 0.6338599277699558 0
0.8456222658203294 0.7574108321477758 0
0.8329762439127864 0.764801875133267 0
0.9036033283604905 0.1684017659344308 0
0.9035632791616905 0.1830424514126992 0
0.4988018222724023 0.3851435935805074 0
0.88341757327104 0.7059470083327273 0
0.6556368058629563 0.8683754616792088 0
0.07522794949643524 0.1461283780671486 0
0.08293741092684098 0.1339276948607753 0
0.3727981896237617 0.1542741491802193 0
0.37280923621109 0.1686599474073696 0
0.6502987382319094 0.080633708563426 0
0.6503186894862786 0.09537165169245854 0
0.6376250213788346 0.08799290261858012 0
0.7061709902173092 0.7947733571340444 0
0.6934337551632921 0.7875065036609505 0
0.6243877079476942 0.2119291916776943 0
0.05940829696197947 0.1696355505693031 0
0.06748216325241685 0.1583222213260067 0
0.629727739682066 0.7364638891811532 0
0.6296641947423508 0.721802229057166 0
0.9348565147160603 0.7483680215148094 0
0.01276764599336355 0.5809046948289301 0
0.3002746441706735 0.5454583153478674 0
0.6224345259535367 0.2555230476220271 0
0.6116051034305177 0.2484682279575466 0
0.9429682903507114 0.2634936979095595 0
0.9304585720087473 0.2711147569311452 0
0.9283107603829699 0.2554239087307428 0
0.6249615489981579 0.09543671962965933 0
0.6249856504714696 0.1100590342594382 0
0.6123022268364238 0.102764908141485 0
0.6250112787812494 0.1538663944364614 0
0.6123866473750962 0.1611751895817764 0
0.9196597026052731 0.3894621623885817 0
0.6808264750234645 0.8095577523871422 0
0.436368916821135 0.2630773859097105 0
0.4990761737214215 0.2847965699160583 0
0.06393634520294883 0.2421942945705879 0
0.5663467705728189 0.988384744354494 0
0.58105265292576 0.988384744354494 0
0.7313136884147036 0.6771893450233839 0
0.7438099024416243 0.6695148327546101 0
0.8529554345672431 0.1392416541756938 0
0.8402514080079249 0.1465442757848716 0
0.9036366744993475 0.1537565468065756 0
0.9163008450663876 0.1610668430086961 0
0.6429509375844231 0.8757904158839536 0
0.9287470723708542 0.1532600093350509 0
0.9287137262319971 0.1679052284629062 0
0.9203880633970849 0.566361718832904 0
0.9077970222803565 0.5738042765473779 0
0.01298572200733528 0.6535431756570318 0
0.01298572200733528 0.668249058009973 0
0.940638612403874 0.145840133945095 0
0.6175603026294501 0.8906165562331869 0
0.6302562484306079 0.8832030435291307 0
0.769507710878587 0.7430952123535239 0
0.7821426274755623 0.7357143628800531 0
0.146326553949932 0.8410555119715513 0
0.6174223663861628 0.8611999230097467 0
0.630186181808464 0.8684990711661085 0
0.9536518816238326 0.1390152167812796 0
0.9541732227564222 0.1532734776254456 0
0.1474380982048764 0.5161191236225555 0
0.1473716549056583 0.5307855662438574 0
0.1346644063463225 0.5234711400607228 0
0.6050004241034469 0.9274575706004646 0
0.604923206100507 0.9127524085980395 0
0.5997746495917915 0.1684967844670995 0
0.5997940870009398 0.1830626974492863 0
0.5871589927695502 0.1758031278980349 0
0.7764032667155005 0.1543778361876867 0
0.763790545779754 0.1615923124130164 0
0.8530309960965072 0.1247098088577477 0
0.8656553032836227 0.1319287872262339 0
0.827481802534047 0.1537495396435992 0
0.8147914447646206 0.1610725259162172 0
0.4776832907715184 0.8988544083639783 0
0.7819081420113099 0.6770423887594266 0
0.385114087310362 0.08946493828185809 0
0.3975634566278944 0.08233003634191527 0
0.5745731031854455 0.2122130477523423 0
0.5026573009464099 0.8840411906544474 0
0.8528242113257734 0.2558187205981112 0
0.1965853856329221 0.8723733983504557 0
0.1016853557665963 0.1723284310659238 0
0.1467753667463942 0.6191077115915518 0
0.1467985341405335 0.6044287483728363 0
0.5996963199677664 0.2412543608669816 0
0.9189982291919176 0.3615923581335135 0
0.3017201342833035 0.5925799361430862 0
0.2887094063070339 0.5850390508670129 0
0.5745560202326778 0.1831159258425227 0
0.5745794602623995 0.1976670966934014 0
0.5619570503163789 0.1904139816557024 0
0.2496325699855705 0.5897693319056269 0
0.2368580716132704 0.5823729071828809 0
0.1530461464365282 0.9870217131379031 0
0.1677520287894693 0.9870217131379031 0
0.3853146457395112 0.1470246810128513 0
0.7260658396900223 0.153647223042802 0
0.7131799564607836 0.1607010031941741 0
0.9036406989738579 0.1390964642032277 0
0.8020716882416179 0.1538260278581272 0
0.224765888356112 0.356695275112536 0
0.2248284750113314 0.3423482465723048 0
0.9083296773492848 0.6325961841994761 0
0.9084080031078667 0.6472301716374632 0
0.7441763545736999 0.7284942253013593 0
0.7314582404876424 0.7212280087115084 0
0.4235254928112754 0.212368096524216 0
0.4236936974756746 0.2269040684300697 0
0.6880341831237152 0.05863664994112561 0
0.7510813526014188 0.1542304966716589 0
0.9283718096967979 0.2272662899245322 0
0.9407773789584861 0.2341183575904674 0
0.9284149094632458 0.240950782043222 0
0.6503011479739238 0.1538247091632634 0
0.4114219142245765 0.3063735832069314 0
0.8076814406645092 0.7795934782356779 0
0.477625652022543 0.9871820338103054 0
0.9078785137501637 0.5884226516884642 0
0.2739818519586455 0.4434113816098187 0
0.2738531010920465 0.4579567493005093 0
0.4758547349480877 0.5034128494425629 0
0.3226087014530244 0.09677470037197422 0
0.8259226539131181 0.5030726562003422 0
0.146536271211845 0.7228326409395883 0
0.1465737289377689 0.737662364284202 0
0.7749342810462327 0.1380828118138426 0
0.787882474381596 0.1449238278177474 0
0.07154280453402506 0.4430222144549314 0
0.07188698885111999 0.4282506966238611 0
0.8585847618908077 0.7939908439366802 0
0.8713193270777009 0.8012608742630571 0
0.2597208862163731 0.2101949720514257 0
0.2557522245371526 0.2237109924878156 0
0.5240520587512331 0.1249840910305405 0
0.5240850953018777 0.1395572281438695 0
0.5114353576724328 0.1322942932271099 0
0.8203304789651905 0.7722010027759484 0
0.1715065538375032 0.8566432398671008 0
0.2432598104258014 0.9885941085110032 0
0.2579656927787425 0.9885941085110032 0
0.5791943029780259 0.8687690174697182 0
0.5663997909480137 0.8614678555549132 0
0.5791341067016568 0.8540267663806906 0
0.8006027025723501 0.137531003484283 0
0.7566055473294657 0.6770773517202556 0
0.8274490710295871 0.2122261318162463 0
0.8274387651534992 0.2268297957061077 0
0.5918633986161541 0.8465986069731446 0
0.6046409294246728 0.8539080377518516 0
0.5281305014845166 0.8690882480629144 0
0.700823638158741 0.1537240283812354 0
0.8779700093445058 0.2704087678168809 0
0.7440816186422086 0.699116804548034 0
0.731450438092243 0.7065509877255722 0
0.7313719099598953 0.6918566785315345 0
0.5347752569774286 0.4474618452690613 0
0.5241006692761445 0.4379446410303814 0
0.5241474565847241 0.1832211801346382 0
0.5115734973625674 0.1905168718082326 0
0.9516384395164242 0.2274871174546578 0
0.9516815392828722 0.2411716095733475 0
0.272138540104792 0.9883801453860036 0
0.2868444224577332 0.9883801453860036 0
0.1589014386090112 0.6856179951393152 0
0.6679698242841516 0.7729707375727718 0
0.6553026157871229 0.7803308318615613 0
0.6249415977437888 0.08069877650062685 0
0.7255739403230241 0.1397726304313066 0
0.7382157324557023 0.1470495805480407 0
0.5493465641905794 0.1831642098815721 0
0.2492465128838843 0.3998898202588933 0
0.2493029578267454 0.3854737613387179 0
0.2617841151555951 0.3927375516916612 0
0.8782634742484148 0.1391159685348973 0
0.2998556729996184 0.5307360586605974 0
0.5997515531437065 0.153915620030525 0
0.870917514046295 0.7426321374954028 0
0.8909431822679607 0.1464313871289625 0
0.4505265539258108 0.5168020398387713 0
0.3013361360853054 0.987584146261419 0
0.3160420184382465 0.987584146261419 0
0.8582661560621454 0.7500209088070593 0
0.8583517548182804 0.764668608089323 0
0.3898089682656344 0.9883286541963269 0
0.4045148506185755 0.9883286541963269 0
0.6048371307377172 0.8980534708121823 0
0.6047683207629158 0.8833486133902811 0
0.1211783686992178 0.5753263524398532 0
0.1211641703582154 0.5607736791135639 0
0.3388076228988567 0.5529391347716905 0
0.4988354595649619 0.139624262252852 0
0.4988753448902603 0.1541797551954875 0
0.498908845316195 0.1687344156807461 0
0.4989595017690865 0.1832750964029232 0
0.5113865231768749 0.1031788016563974 0
0.5240031185874339 0.09584780597430237 0
0.5240189165323471 0.1103901604316859 0
0.4859799134335072 0.4066067980402459 0
0.4736139400483808 0.4140517243590866 0
0.5871135530401782 0.146653694464166 0
0.5997255508234829 0.1393320995788428 0
0.6169327789222656 0.714532712179633 0
0.6249908052367829 0.1392726879094193 0
0.637638533091021 0.1465450572006788 0
0.5789811608826408 0.6925876537062871 0
0.5663726812718124 0.6850592163799171 0
0.1597017920880021 0.6560505276832583 0
0.5407843993587579 0.7878351593628425 0
0.5535609364328492 0.7951716958782901 0
0.6807735957443932 0.7948944410751019 0
0.6807066459924276 0.7802333255839806 0
0.7505894532344207 0.1403559040601636 0
0.4490130385878925 0.3856668988274054 0
0.4364834225376391 0.3784476607466392 0
0.6123272493318813 0.07361554790648811 0
0.903333783473417 0.2413962594796173 0
0.9159051911212817 0.2485718410648077 0
0.903229634393141 0.2558693861671382 0
0.5745365828235296 0.1685500128603359 0
0.3356435883004729 0.2618453817936178 0
0.5118364475907403 0.07439925830560362 0
0.5240901663190205 0.06673720061215388 0
0.523624443960242 0.08097438950556413 0
0.8349314585048442 0.512866122273932 0
0.1468073551872449 0.7521885096917484 0
0.1465788640250305 0.7670119858713164 0
0.4989976040567071 0.1978152169001998 0
0.486433940824141 0.2050957292126923 0
0.5237078850383071 0.3855874998753681 0
0.2489806334128798 0.5307543026919159 0
0.586964414825766 0.08820573064614057 0
0.5995902145613401 0.08084870773833208 0
0.599652325627538 0.09549961641951454 0
0.8780489790771249 0.2559318816056347 0
0.8905792570126572 0.2631706907931941 0
0.1587172784246516 0.7154772614245206 0
0.5870570383059592 0.1174634066699034 0
0.5996764271008497 0.1101219310492935 0
0.599706939514845 0.1247286983918738 0
0.4864668518145034 0.2919739320288638 0
0.461411771953614 0.2486061273147072 0
0.6047100556931588 0.8686198135533907 0
0.8401605194002807 0.2339901169598397 0
0.6123449396183733 0.1319906239582329 0
0.4738940569382933 0.212392598566531 0
0.4613438587746237 0.2196501099698462 0
0.9031506646605219 0.2703462723783844 0
0.9334315309528469 0.5581121634363458 0
0.9333749880313404 0.5724946801421866 0
0.853223225267452 0.07145695412412045 0
0.8662384210507931 0.07860360102250785 0
0.8531088623141411 0.08283125714649642 0
0.1598935736795815 0.6265211925771594 0
0.5536213179413223 0.8099184852360324 0
0.5662740334438763 0.8319826152997616 0
0.579068886586142 0.8392974450583395 0
0.4490348497212281 0.4000891322062604 0
0.5535954995365859 0.8541584119243286 0
0.536668654161792 0.1176530953484455 0
0.93181017253645 0.3537780626171295 0
0.2737766952829266 0.4725062271767697 0
0.2864111339417846 0.4652667449556436 0
0.1340533885701962 0.5823752602244008 0
0.1472099213313628 0.5749787448346447 0
0.1468263737823414 0.5896920049571612 0
0.4489145952970698 0.2847483604369139 0
0.4489334460534142 0.299177960170596 0
0.4364116309595839 0.2919466703695709 0
0.2741874037413889 0.414428986831299 0
0.2742311660806228 0.3999745784169748 0
0.5115018946490121 0.1614220908256975 0
0.624972193928145 0.1246692867224503 0
0.3479124834987166 0.2260654642006356 0
0.3480212405904338 0.240353921851462 0
0.7568340313997479 0.7357938333004934 0
0.1220898636873112 0.4724092810584517 0
0.1349513264813148 0.4648309927729688 0
0.4988024230143173 0.125051125139523 0
0.9330338756497034 0.5008192987209404 0
0.9330721175188231 0.5154287420539189 0
0.4476214221880135 0.09721078786228377 0
0.4603720938176248 0.1042503546238578 0
0.1474450858140938 0.5014671416392673 0
0.1601523343734295 0.508781567822402 0
0.5362568373157142 0.08818574828085263 0
0.9321405928543363 0.3677171383671328 0
0.6233983878125396 0.5639279788209457 0
0.6117582854457437 0.5552622436827339 0
0.4614543644672744 0.3351785979996141 0
0.4739765431726773 0.3279341637541145 0
0.1734937744970901 0.8414417327950906 0
0.1858684005094854 0.8495858327266617 0
0.9617257620332806 0.640110835287829 0
0.4886530799159819 0.4668244911784637 0
0.4239234571251679 0.2991761478732009 0
0.1727915972160685 0.6044061727911862 0
0.1599550669017001 0.5970322329830803 0
0.4491973487757301 0.4145111744635319 0
0.4366658497498698 0.4072838911116589 0
0.17141634595889 0.6485307116365979 0
0.1712582179476213 0.6633078305642928 0
0.2695739633278972 0.6196624217617486 0
0.275034206342883 0.6072288903819427 0
0.4987036524179865 0.1106879801603323 0
0.4986878544730734 0.09614562570294871 0
0.1219055098815643 0.4869918043766679 0
0.3294654461791314 0.937803977757617 0
0.3154014194097974 0.9369354056570406 0
0.3988971148991765 0.3422474862119544 0
0.3989880683955915 0.3567821435873316 0
0.6693705336011819 0.5832977950091849 0
0.3729925657591443 0.2119329547564849 0
0.3728859985613115 0.1974839629234062 0
0.5159625330812124 0.8625743194426774 0
0.528683435998223 0.8550772907625345 0
0.9334376983614774 0.4555267349744676 0
0.5996393385301093 0.06632166213311408 0
0.1348184738835234 0.4941222062233768 0
0.1218178856435816 0.501674295592712 0
0.603698571535908 0.9433062124723028 0
0.4363054384249035 0.2341730612957086 0
0.2223202016933361 0.8713715712146596 0
0.2355329305853625 0.8780868229543387 0
0.2485059465190355 0.4869980324296554 0
0.2611777591796083 0.4797406131632116 0
0.2240726337725656 0.5897262189024571 0
0.3728774399654431 0.1831242535723078 0
0.4487848320511537 0.2124378008052265 0
0.4488248501342465 0.2269207305725048 0
0.4661334490551378 0.8910016209585934 0
0.4783551616089333 0.8836443171604527 0
0.6882146456464024 0.1172721612493146 0
0.6756060026043884 0.1245990620202893 0
0.6037726280635122 0.9580105995336543 0
0.1981944348609287 0.5307402816284158 0
0.8839190371483474 0.7937907532356916 0
0.8840351749609587 0.8084603755222945 0
0.6680993658526 0.8022845743101723 0
0.4114375166737342 0.3351730827420282 0
0.5919868838014259 0.8760567281323861 0
0.6427125811441261 0.8170234334708527 0
0.1473653862926761 0.5454692571505633 0
0.6042603385958086 0.707213390566387 0
0.591553436608713 0.6998875362009604 0
0.6755818518695292 0.1392123250849592 0
0.6882218215934182 0.1464958897037577 0
0.5284097033045829 0.7634196584187646 0
0.5294717554585456 0.7489567912476101 0
0.2444032331100278 0.2403798569082027 0
0.8429490330950242 0.5244370578265098 0
0.2494613320130963 0.3710952831241534 0
0.5367377225399457 0.175915928385725 0
0.5493247686360236 0.1686145293089767 0
0.536708861683034 0.1468066368802149 0
0.5240921606042337 0.1541168390767843 0
0.1601938930103715 0.4795227281426997 0
0.1475327100520764 0.4867846504232233 0
0.147567281079801 0.4721777927268092 0
0.1212446838221587 0.5460114704036342 0
0.1215458586758519 0.530942594195156 0
0.3482102286504256 0.09717148264596931 0
0.3607595815671319 0.1043304459255853 0
0.134517449583161 0.5528997913919544 0
0.2149320576197857 0.06586686988062818 0
0.2214151366911969 0.07901586100884894 0
0.2759334270977633 0.5923998337935024 0
0.04470261060591907 0.4441879941679866 0
0.05827086372734924 0.4508175904007234 0
0.607985508909146 0.5838754273012725 0
0.5956021132260053 0.589460027312781 0
0.5969133799419379 0.5751873821803446 0
0.4239289388153369 0.3135737054369836 0
0.5241256610301683 0.1686714995620429 0
0.9617799125073589 0.654760009583218 0
0.4364505033655934 0.3496146109334239 0
0.4489602179557806 0.3423893007602914 0
0.8654242019352336 0.2195445618304057 0
0.8527556816344458 0.2268123619597314 0
0.711728653259594 0.1025985140539631 0
0.7003961774738579 0.1100386543256126 0
0.1476125094396099 0.4575690704924452 0
0.160275920842375 0.4503439643799428 0
0.4489316588627703 0.3279850464672794 0
0.1216123019750701 0.5162761515738541 0
0.4488644651483735 0.2413853704603284 0
0.2653983505305937 0.9769742538970068 0
0.223243717029834 0.486942935819575 0
0.2106499380301716 0.4796176004387493 0
0.526375735334686 0.6634519488099384 0
0.5137615184090997 0.6559635045072794 0
0.4734655620298597 0.1107752069443067 0
0.4861037543105157 0.1180179491860743 0
0.6553505704450877 0.7949836223373896 0
0.2494861776589545 0.8865401211152878 0
0.5990058516245095 0.5609967501903567 0
0.9333269744826214 0.5296612457681626 0
0.9332542141094582 0.5442451220526431 0
0.2940629114842154 0.9759642916474226 0
0.3480025313201458 0.2546464830946842 0
0.2369237297413854 0.3782475516913855 0
0.5286599158121504 0.7941914207501168 0
0.5284101515043717 0.7794292357745323 0
0.4631605317481597 0.5094781509055314 0
0.297586244132248 0.08246733362664904 0
0.4102126391105649 0.07318762161364817 0
0.1727450948931009 0.5160817095243848 0
0.1854437606230718 0.523393733135385 0
0.4114787600791009 0.3639761167497169 0
0.3990191910419694 0.3711832356237063 0
0.2476574708181134 0.6214107231823465 0
0.2357648272269474 0.6139440670086955 0
0.2487333492306902 0.6045983884940672 0
0.3479147310986248 0.2689845717273486 0
0.6611412214930787 0.5937102447706797 0
0.6043725534524129 0.7657527332794949 0
0.6171216392142501 0.7730757306787397 0
0.7566966699255823 0.6917275691135456 0
0.373263516736176 0.09705609598843512 0
0.3731462722757736 0.08282756530433633 0
0.2989411821138361 0.4725625740808395 0
0.06205140172898332 0.2716337101531133 0
0.07359667142018106 0.2810126184012366 0
0.1472848728287328 0.560231465860493 0
0.3496365465811929 0.5015224516829299 0
0.3369881539465664 0.4942950621778124 0
0.5240503155644821 0.3135649192381991 0
0.5359001955222593 0.3208114278284436 0
0.5231757327946529 0.3280151506822508 0
0.5718848776623007 0.5710818216099498 0
0.5739773493448721 0.5568911896199618 0
0.5866224559413687 0.5665813502018652 0
0.7692991267451872 0.684382425479805 0
0.89673964018261 0.8157072137760423 0
0.9330518484404198 0.4711437032142092 0
0.9332148241232892 0.4856535995448206 0
0.2485613143976555 0.5015069010331032 0
0.2359304049906628 0.4942199386579708 0
0.4729115155019501 0.0971299518864347 0
0.4489281435450962 0.3135753069049276 0
0.4364339970336024 0.3207860096656049 0
0.3603210084320062 0.2188998418002928 0
0.2615252135767366 0.5972359880792778 0
0.6043351874450206 0.7218559778420249 0
0.4239555659063167 0.3568042486761166 0
0.4239866885526946 0.3712053407124912 0
0.5790904713924914 0.7072367737341057 0
0.06880616699537856 0.340255160485669 0
0.5538316184013599 0.8248027000729712 0
0.5412444641265741 0.8174815591753658 0
0.2232990849084541 0.5014518044230228 0
0.4240066167104233 0.3856195288202394 0
0.1852560660306778 0.6115260506459814 0
0.1723916960745016 0.6188888542535507 0
0.2111795975448807 0.5970891235723382 0
0.1983553001781996 0.6044504554218978 0
0.5538971796291282 0.8395456892390951 0
0.5493076634516023 0.1540549277595276 0
0.561916505102236 0.1613032092553746 0
0.249037081432652 0.414345196835546 0
0.6298277243430468 0.7657336052334439 0
0.6297722776390154 0.7510896443244666 0
0.8528038534767385 0.2412897275667923 0
0.8654193735599385 0.2486409655980029 0
0.8780286212280899 0.2414028885743159 0
0.655403449724159 0.80964693364943 0
0.1723580424941907 0.6336410704319547 0
0.4488923602442711 0.255858458037911 0
0.6525593649299647 0.6040352701751144 0
0.5745194776391083 0.1539904113108868 0
0.5744934753188846 0.1394068908592047 0
0.4489162236263756 0.2702981427640893 0
0.2737357920293464 0.4870506088183459 0
0.908193924969996 0.6177404322312682 0
0.5411530844940694 0.846978496697538 0
0.18391446835381 0.640898373312989 0
0.423932454133011 0.3279834449993354 0
0.5289851160907653 0.840464568077301 0
0.2865134054958068 0.4942897229028531 0
0.2739144693924885 0.501524108889295 0
0.1728779718512863 0.4576688746884907 0
0.9205610580189287 0.5954356144736067 0
0.9081080512935142 0.6031140306233261 0
0.1548182745609472 0.1118790961902491 0
0.1609309912852286 0.1242135516567608 0
0.1472980979312373 0.1238967998792183 0
0.7008222309920212 0.1391421342485901 0
0.1998584741159815 0.3421876025241929 0
0.2127047600932529 0.3355371186316558 0
0.1517730221230655 0.2376551404386484 0
0.1441572161313353 0.2258047150008278 0
0.9309740411715499 0.1977951441133917 0
0.916459921474828 0.1904095213551439 0
0.9307816186242526 0.1830976848947992 0
0.4118594831936416 0.4218101357839599 0
0.4242645802194792 0.4145088275074753 0
0.5162852197579755 0.7697759198060389 0
0.8599308743349445 0.05785752226575946 0
0.4239425748919998 0.3423853869706495 0
0.1455687410862174 0.1728791414197562 0
0.1531845470779476 0.1610287159819355 0
0.5493005981492464 0.1394953168266128 0
0.1872528661612354 0.3492272473312118 0
0.02544924827170325 0.5882563402770241 0
0.0126816022783397 0.5955869395657402 0
0.3493878454988326 0.08166680518701652 0
0.3363023724476705 0.08841956482207247 0
0.254995641821488 0.1765797057030612 0
0.2589643035007086 0.1900957261394512 0
0.07350605321525056 0.2955082640047978 0
0.03822450354035001 0.5957096586042008 0
0.2239476694118392 0.6044946369902975 0
0.1704920398984296 0.08794779718322543 0
0.1764285789571738 0.1002992943292212 0
0.1625146288561944 0.09984435082179594 0
0.8719360185642386 0.4167912866711655 0
0.8620429475025955 0.4312445725075469 0
0.260280591317396 0.07698762526459491 0
0.2720974005840394 0.06899213444078872 0
0.2359570703610292 0.1492978476847675 0
0.2466030333567616 0.1585226271322405 0
0.1979553990366326 0.6189331368842622 0
0.06082859663151785 0.1454964926765114 0
0.4630995144942248 0.9882435355985164 0
0.4701369312226511 0.9754255694088219 0
0.4361383765318285 0.2051674547271193 0
0.5788845724318488 0.7510844840735487 0
0.5916500737508172 0.7584376301985145 0
0.5547699698939539 0.736888586184038 0
0.5664993005052577 0.7440011484451438 0
0.2228717909992624 0.6213069716785766 0
0.8780735819028525 0.2268265328407961 0
0.8907031874200388 0.234117448848428 0
0.4486573851722057 0.1978968341244606 0
0.858455526920777 0.7793248917032469 0
0.3741660531442536 0.3856378359520017 0
0.561870494641978 0.1321572795196234 0
0.574464570043048 0.1248205626729026 0
0.871099417162593 0.7719349683625304 0
0.1686035744223226 0.251150713012755 0
0.890803603745326 0.2049569669018776 0
0.8780987681271826 0.2122591221045178 0
0.1998440648297415 0.3565611215552699 0
0.3237863183014314 0.08127002291302143 0
0.3242267106781183 0.4870373831108036 0
0.3116356309938536 0.4797566858361727 0
0.8838262521451634 0.7792137579368611 0
0.1980549551611604 0.4723157640048111 0
0.1854749554370396 0.4649965038237233 0
0.4614311078825821 0.3063769969722706 0
0.4483936321412836 0.9882435355985164 0
0.5744340576290526 0.1102137953303222 0
0.2154779228649902 0.1409750204184438 0
0.1864929994389276 0.06555375666873509 0
0.1782600013135701 0.07655271459745627 0
0.1980174140786141 0.4868729651506889 0
0.3866002612182415 0.3784069592066793 0
0.9618431959371823 0.6990619822934798 0
0.2740616507182152 0.4289049295955079 0
0.2616019171895603 0.4216295533760455 0
0.09186485050727589 0.09686616854099234 0
0.1062046764973373 0.09752390318520227 0
0.09844730613111119 0.1096478102313591 0
0.8965421000284213 0.7864132591960985 0
0.5492716928734097 0.1249089886403107 0
0.7004019462541538 0.1246804886474103 0
0.2990291770126822 0.4870103345872371 0
0.1728254476238494 0.4722434995815181 0
0.1727908765961248 0.4868503572779323 0
0.1415338209377261 0.2073474020588167 0
0.141533820937726 0.1932607742167453 0
0.0126816022783397 0.6102928219186814 0
0.3244850691611479 0.5014621254095792 0
0.9086272998047886 0.6761949239491505 0
0.2992078543758243 0.5014838346581862 0
0.9286933116070817 0.212770423022757 0
0.9430150087565063 0.2054585865624123 0
0.7130037628194766 0.1319086273248881 0
0.5499473499481083 0.3013780130628116 0
0.5368380362127252 0.2919924449797765 0
0.9037557017089879 0.1977399106312917 0
0.9037002460584633 0.2123240368443223 0
0.07634093150829296 0.1211463625024012 0
0.0907039595595977 0.1217714079455232 0
0.5742265154976951 0.09508305797010619 0
0.3990909529017509 0.3856009323690646 0
0.9684591112386541 0.05209519056876555 0
0.9573988574711365 0.043718360054261 0
0.9670647553113378 0.03674726794389493 0
0.0791227732289751 0.0709953589332486 0
0.09313304628411345 0.07145678260567628 0
0.08561194781836368 0.08428083782240781 0
0.05470422419394294 0.1331525974579565 0
0.6170521657284269 0.7438010545985841 0
0.06252739432511373 0.0703828770813909 0
0.3995612290204295 0.4435808490380087 0
0.9036391975424218 0.2986489872160857 0
0.9167277104211409 0.3049464158271122 0
0.5492385506545236 0.1103150580414561 0
0.1462614727543392 0.1480380830136568 0
0.1603338889791271 0.1492218883140086 0
0.03797944114134599 0.6101325232267564 0
0.1500797561734288 0.07567490012682926 0
0.1578477175885692 0.06427981754106005 0
0.1643460512125907 0.07609777109003102 0
0.271797309321844 0.05544196525341205 0
0.2847797496955153 0.06175933960299823 0
0.5616340472347838 0.1024402139731053 0
0.1050437855496592 0.1224291425897331 0
0.1192869312845082 0.1229045614568052 0
0.1488817355022031 0.09952759904425335 0
0.01280762161160143 0.1679979214218086 0
0.02480122109116367 0.175520801484938 0
0.2245715788864249 0.3709659722615827 0
0.2122553633148005 0.3637921738972977 0
0.9085127909545297 0.6615500307043292 0
0.07268031507705036 0.3248444857940284 0
0.07287469777727079 0.3102698454116221 0
0.7251536555851567 0.1253109848301268 0
0.07785457745213747 0.09640474486856465 0
0.05671201772518186 0.3314007776616401 0
0.01258076720258094 0.6393568525413112 0
0.02556648920991617 0.6458412046689319 0
0.9094929376541654 0.7933650103507157 0
0.207000642376405 0.05490415961854028 0
0.2210607137460667 0.05436620466596004 0
0.9033787441481795 0.2268199037460975 0
0.5114412951719939 0.3351134897024213 0
0.1979786199848075 0.5014523354138533 0
0.1853836371157963 0.4941504989799151 0
0.9432278459287191 0.175290851221154 0
0.3751618195456848 0.545585951977082 0
0.3626995490930533 0.537954772559221 0
0.374957067087603 0.5306373351616837 0
0.1518977937541359 0.05216987644276205 0
0.1661640887932978 0.05259274740596376 0
0.5490310085231662 0.09518432068124011 0
0.1727520825023182 0.5014297275410967 0
0.9869766126588642 0.75849615556734 0
0.1334860558273999 0.1235329612253739 0
0.1395987725516812 0.1358674166918857 0
0.3991864173563049 0.4000681887990289 0
0.3993079285492516 0.4145434635552859 0
0.9869766126588642 0.7437902732143988 0
0.06121752124483337 0.3012285215631753 0
0.9163308421118415 0.2196028474755116 0
0.1269862566640643 0.1109339446441377 0
0.276269106378342 0.158957266598557 0
0.2839951974217496 0.1475841518312088 0
0.6540289073241966 0.650232232985039 0
0.6670773169980717 0.6568497086110507 0
0.9097384551041454 0.8224834120782083 0
0.06246473936643421 0.1207696800358726 0
0.07023128799919093 0.1086133931206205 0
0.3602550208313527 0.9879426323739118 0
0.3749609031842938 0.9879426323739118 0
0.02526236948092064 0.6172967332835227 0
0.01258076720258094 0.62465097018837 0
0.3096389731038615 0.07499970210594742 0
0.3233326440985075 0.06664456655604573 0
0.2971325699293241 0.06784187726967333 0
0.6043742239837808 0.7511117066609171 0
0.5242097269741365 0.299201086080965 0
0.4241020811649773 0.4000867852502037 0
0.7408307361206476 0.233903061901865 0
0.06397838531027872 0.09602806240203599 0
0.5792664723555941 0.7367132679515318 0
0.9351810145682267 0.762978985687333 0
0.03787860606558724 0.624490671496445 0
0.3994666001083065 0.4290418776932258 0
0.1471243823869959 0.2973541263128281 0
0.4989265669039831 0.3279313129468166 0
0.4864766564067193 0.320744841902388 0
0.6043296860268313 0.7364859515176039 0
0.05148178372156997 0.2611105524139328 0
0.04173866824172667 0.2511580449107398 0
0.05251081129531021 0.2468479726466828 0
0.113877660790747 0.08558231094695967 0
0.1204601164145823 0.09836395263732639 0
0.1423555952527211 0.08695760703744199 0
0.1358572616286997 0.07513965348847107 0
0.8308346705002527 0.6166566386844878 0
0.4739312211166241 0.299187675120544 0
0.1346592409574739 0.09899235240589516 0
0.107333289286483 0.07265823642628422 0
0.1215887292037279 0.07349828587840834 0
0.1293128901244356 0.06221557896779562 0
0.5434573093808126 0.9619506100373938 0
0.9489294315670367 0.0536176033262078 0
0.9475350756397205 0.03826968070133718 0
0.4116053471800327 0.3928444652160558 0
0.4739259186083061 0.3135850218548756 0
0.4976608372758589 0.08041761223151611 0
0.4981265596346373 0.06618042333810592 0
0.5916572457003744 0.7291666299043578 0
0.5053590610733322 0.8448357944583035 0
0.5053089215373636 0.8292902480205376 0
0.5164653280589503 0.8330178157045316 0
0.4496044647200775 0.4289658738178919 0
0.4619734646914359 0.4217711149124933 0
0.8050911162035317 0.6174319665373939 0
0.8181673229405509 0.6241356287983602 0
0.9617132585744392 0.8470691692064904 0
0.1980955172598465 0.5160764177361103 0
0.9616853400550396 0.8617394996125116 0
0.2613739238007319 0.5088677672046669 0
0.2487983822723592 0.5160896734329822 0
0.6411225244342857 0.6457678222387515 0
0.6533070752259403 0.6386162068756341 0
0.05419322972310553 0.232241787067395 0
0.5030306930329389 0.8695456725095042 0
0.5035836275466453 0.8555347152091244 0
0.146095564443397 0.8118091628747307 0
0.1462114020767964 0.8265992143198594 0
0.4902783954118429 0.8770015864208944 0
0.2107292942226643 0.5087988839068841 0
0.4718844983047356 0.0814019384150021 0
0.4849779665169704 0.08792679073545095 0
0.284619960516227 0.9628645355118424 0
0.2991116741437992 0.9620685363872576 0
0.5792719737737834 0.7220832942759529 0
0.9102343072533072 0.8660474275803768 0
0.5666996980477113 0.7147834117812796 0
0.3824169302734582 0.9762712865702385 0
0.0953507162620717 0.7676037978427247 0
0.1590167759519724 0.8340428422838377 0
0.9354699587754922 0.7773129041035848 0
0.1452381520903345 0.7966048440459328 0
0.1580442117257744 0.8043822258033479 0
0.338599952058755 0.5821661224679586 0
0.3261333245230945 0.5897185305629171 0
0.275448494988107 0.2723959606363037 0
0.2751082768081549 0.2570779498997525 0
0.1182362243414073 0.9774258350182319 0
0.09539053509761153 0.7820275118854547 0
0.374871355270657 0.5160056999475413 0
0.2496189692919601 0.9445214935077866 0
0.2363597307274197 0.9380841405048562 0
0.2235235462559292 0.9453783841599949 0
0.2225152615387387 0.959703112380457 0
0.3498706545322838 0.5158629801102054 0
0.3505894693293333 0.5306110526435577 0
0.9096336999531407 0.807766452797095 0
0.3450881777472259 0.9633142943509841 0
0.3370860044593907 0.9504068566074955 0
0.3057923545703281 0.9494841073532869 0
0.2992777880152801 0.9364200785554311 0
0.3622606886838805 0.5086656273165471 0
0.01280762161160143 0.1532920390688675 0
0.8538221408830656 0.09739921788481126 0
0.8408069450997244 0.09025257098642392 0
0.3622062107472281 0.5980763336083005 0
0.3497776333883615 0.6051532314253601 0
0.3506973777023583 0.5895930271187692 0
0.2995873457249983 0.5161166159895668 0
0.4118537767138313 0.9768813391469107 0
0.419103631977608 0.9885526849505839 0
0.05168534257447477 0.01248777210024227 0
0.03697946022153364 0.01248777210024227 0
0.9890625045394277 0.05197381393508216 0
0.9890625045394277 0.03726793158214098 0
0.9473172112849575 0.9861704061629087 0
0.9620230936378986 0.9861704061629087 0
0.01486369247136754 0.9483900351617385 0
0.01486369247136754 0.9630959175146796 0
0.9486187877125405 0.7832022095551114 0
0.4338095143305491 0.9885526849505839 0
0.4410266758835983 0.9767962205491003 0
0.3121031172418738 0.5088372276739509 0
0.2795132761436824 0.1853343312822165 0
0.2773209030232066 0.1698124917174281 0
0.6778746932834907 0.9561075171168956 0
0.6676070805604497 0.9445158005170635 0
0.6645732167672024 0.9645733814001891 0
0.7530946271460153 0.1021084845791406 0
0.7448103699531768 0.08910642525028534 0
0.2982906127852096 0.1533645734349402 0
0.3507942217874152 0.545559669458956 0
0.8022249705348836 0.08721641646224881 0
0.7879123095831065 0.08778298956884101 0
0.4333407912484326 0.9640801546353934 0
0.4479249090591672 0.963771005283326 0
0.8289664955491881 0.1116187394078204 0
0.8409256755243883 0.1184216037659732 0
0.853625544240768 0.1111087368165133 0
0.8440651331235177 0.9344070183031181 0
0.9307978765843861 0.2852499619085885 0
0.9161403466166445 0.2771801727297718 0
0.9034899692361607 0.2844814773558277 0
0.3454307545055517 0.987907154970937 0
0.3527445988663167 0.9758497873448486 0
0.874777281299297 0.5093446363509353 0
0.867821964687876 0.5230909722004379 0
0.05129653275870372 0.2907519228526636 0
0.04072691475129042 0.280228765113483 0
0.05127925867539979 0.2759437824171704 0
0.07089207266869302 0.4146358278486873 0
0.9032739737105062 0.9630085741986134 0
0.7331760571293372 0.08702536786620041 0
0.7401586016590403 0.07385996532771533 0
0.4682142583146319 0.9457757903085866 0
0.4553831996486917 0.954285331937345 0
0.03578162186641415 0.1985431357764771 0
0.03529847868147606 0.213102410771891 0
0.06978365581070656 0.7969534816744495 0
0.8749100731643655 0.5359571261171343 0
0.8632644854426597 0.536053439897479 0
0.2639580291034861 0.2544295885028556 0
0.2749675186576017 0.2449052014354995 0
0.9104644696571695 0.8803999389551339 0
0.1833987962292299 0.6711120241190037 0
0.171684242358342 0.6786318401656641 0
0.7842806756077162 0.9382712446874943 0
0.2236575916883701 0.2859276696953694 0
0.5681522382250767 0.9667021005512709 0
0.5760240295889821 0.9542576998391107 0
0.5817418030977793 0.9643250879968276 0
0.4630690842838573 0.9670013978510519 0
0.1584146977898391 0.7743881884855035 0
0.1453509656079034 0.7818017043603629 0
0.4924176262347782 0.8303595304196951 0
0.1694110087571855 0.7955777919869126 0
0.4907269950237872 0.9343448255845639 0
0.4785675390179638 0.9410955676123763 0
0.09471938215869075 0.6647192568250802 0
0.05911876899018231 0.9776113137479283 0
0.0661764705882355 0.9885488231389732 0
0.08088235294117663 0.9885488231389732 0
0.5267499775928635 0.6783533405533757 0
0.503572420174568 0.9416138367653379 0
0.7985685448825739 0.9632843235374975 0
0.7906330762401442 0.9763187836604659 0
0.2666295216928395 0.2313233920707271 0
0.3307248721526105 0.987907154970937 0
0.5523953949189049 0.9878273938051696 0
0.55991863607996 0.9762121381596635 0
0.7252056517525414 0.1098594047562393 0
0.737775829256089 0.1177234078626579 0
0.01362844432070415 0.6827873766519195 0
0.3546650495899546 0.8744357847380435 0
0.08202790624411371 0.6719399082336004 0
0.5287246760947591 0.8100348068025964 0
0.9330169219462592 0.3951783594081389 0
0.3610626490574949 0.8878363788582222 0
0.4349862039278044 0.09021408739080533 0
0.4471828290295061 0.0836083990945074 0
0.06799994598340731 0.1927142730478632 0
0.5898127444247272 0.2914614316989832 0
0.874985522445709 0.03660418629077405 0
0.8679300834012411 0.04810353714324089 0
0.4223388405875632 0.08301768185455011 0
0.733491589360447 0.9116867713242521 0
0.5289349765547967 0.8249190216395351 0
0.3268419936868944 0.6027661435354308 0
0.3364412025687658 0.6112360027339717 0
0.2210701860687662 0.8595284366393037 0
0.2138503477015254 0.8464087147022064 0
0.4744746651986914 0.7934407757927744 0
0.08256184511792131 0.7893730159298864 0
0.1973225906679391 0.8453287567030896 0
0.2474662171607899 0.6332067517993403 0
0.2550300527953016 0.6467981448990093 0
0.3147065178664972 0.595814749162519 0
0.05189139103741935 0.6311777979344595 0
0.3749522523090824 0.5604006390976588 0
0.5538708563202329 0.6777521531880443 0
0.2276097234918473 0.141472228831619 0
0.2427960432027825 0.1362516762841125 0
0.6804930010022313 0.9133206738084311 0
0.5411403035050828 0.6704213731122495 0
0.05029281245892597 0.3197521990812778 0
0.04037182397279637 0.3092756003707662 0
0.05066517732072395 0.3055135042594879 0
0.6989582192233963 0.06595239003318565 0
0.7105218085649825 0.07321239742010077 0
0.27153890063319 0.01127566043730821 0
0.2647446973439759 0.0218182636587142 0
0.2862447829861312 0.01127566043730821 0
0.9616713152636228 0.8033846917515326 0
0.9615958910223499 0.7893179209024859 0
0.497916262085348 0.3988769130981346 0
0.4975978800015138 0.4130571482179285 0
0.1737095579103637 0.2842934312003345 0
0.9364935151742665 0.9068219840221892 0
0.9364558659109302 0.8927219018065236 0
0.5104197888404088 0.39159394375819 0
0.9909818098741606 0.155981578885254 0
0.974575055862351 0.1556764473513631 0
0.6503909182223139 0.9763190463214604 0
0.6417747837268351 0.9648000566790806 0
0.6540272808182093 0.9630650004600091 0
0.3750630790641273 0.5752070090612039 0
0.36301512830618 0.5677097593381644 0
0.3509177026625767 0.5602828546873537 0
0.2497688117828177 0.0734269151797704 0
0.2347073961723574 0.07475399259819315 0
0.2440535445999078 0.06400183750962524 0
0.3753503880286637 0.5901585347956366 0
0.5229748942350538 0.5433483339916951 0
0.1958079179894711 0.6339104073262551 0
0.8286935687455541 0.2829556009291411 0
0.976804127357341 0.05933288443882989 0
0.9400358924375225 0.3174007280125785 0
0.9391307071006468 0.9741328218467931 0
0.2054808317368023 0.02095367280771532 0
0.2014565666727328 0.03312729954291488 0
0.9235182141803202 0.8868022348784476 0
0.6489142252505256 0.6258243739585747 0
0.3510285294176216 0.5750892246508988 0
0.03917431937699395 0.6383420079912259 0
0.2089071521369928 0.6268348121021714 0
0.7326802003854387 0.8958961766828616 0
0.7199039828268105 0.8886700686682458 0
0.9329968043235723 0.5864619765953046 0
0.9332263418669228 0.6011533555301667 0
0.2118012683035544 0.3083004286777235 0
0.7487390569144599 0.1129114274193995 0
0.748687060747075 0.1283630074932869 0
0.5935365593110498 0.9652194124199633 0
0.5856647679471443 0.9776638131321236 0
0.6004708168396395 0.05334837353774946 0
0.5138638867622255 0.4616030154858036 0
0.4988287400765008 0.4612502694020001 0
0.5052338006423126 0.4517763558992964 0
0.753930169045735 0.211980206553126 0
0.879280506905765 0.328302136932361 0
0.5671685714583283 0.3364680751725822 0
0.5389810897070751 0.03692050145332415 0
0.7196990586363898 0.07976447716392421 0
0.7243508269305263 0.09501093708649422 0
0.5348559177703637 0.06084413452519405 0
0.5470543049118308 0.05093944386415095 0
0.9326858688507901 0.381247630903074 0
0.9268976206622024 0.3119775893522066 0
0.2478818362746621 0.1111586947499603 0
0.24945257629756 0.0979018566276707 0
0.8478344499675353 0.9887180536182349 0
0.712003147490454 0.1878072182572273 0
0.7539178960685833 0.2265229450672461 0
0.8731355758625945 0.8871694660513646 0
0.2463767193561143 0.1231201120567652 0
0.4588829738524242 0.07911299239486463 0
0.4709494248674445 0.06990983124388095 0
0.4430271101260101 0.8472910138895141 0
0.7917975567831717 0.6158840161365677 0
0.803258088336297 0.6061432508764061 0
0.3582215662883236 0.05836842517880697 0
0.3506575488336722 0.07041158305384621 0
0.3450440067507288 0.06087172948808045 0
0.2372504856813362 0.2921695783854549 0
0.2496813223618678 0.2853206838548016 0
0.1875707783872606 0.09974132924374191 0
0.1813118199439729 0.9890245749246435 0
0.1491188871905687 0.01918365622965579 0
0.1483436167288244 0.03136256618807465 0
0.7825434194983044 0.5934348002932541 0
0.7792740532115634 0.607433784281699 0
0.7955065247524853 0.5957846361358332 0
0.4982755594939294 0.4422421219883195 0
0.5133107061796541 0.4425948680721229 0
0.3338135010446741 0.03643168011677295 0
0.6834966458341617 0.00984439524956604 0
0.6982025281871028 0.00984439524956604 0
0.8303420835088423 0.9268995855032981 0
0.8303435153279038 0.912212283241402 0
0.3744306437146669 0.6057187391022276 0
0.3022446395952915 0.2261542127675336 0
0.116999082337922 0.1691949100463871 0
0.3914633791958101 0.9634113421798975 0
0.1838119195696273 0.964258340069609 0
0.1725932604981482 0.9760462880625465 0
0.5928474091390304 0.9892790687776296 0
0.1710420168906198 0.6934221886940262 0
0.2001759789695615 0.04548623907503269 0
0.2135300907860008 0.009528120466736512 0
0.4916228460380793 0.6383145471342971 0
0.5892022043828613 0.6136208473405318 0
0.595815233003591 0.6004085675732511 0
0.228235973138942 0.009528120466736512 0
0.6425986223301754 0.9890270512702659 0
0.9785975947687972 0.3228198259041402 0
0.6735075915812754 0.2281913636877987 0
0.6609054877227083 0.2192448391333837 0
0.9172852999889807 0.9634038444107423 0
0.05814813329740676 0.4216487084094294 0
0.9513325862394197 0.2531140926816283 0
0.792728317682326 0.259874567805115 0
0.4974233904851406 0.561065863259765 0
0.5111584321046534 0.5672719515458384 0
0.4637549861617801 0.05801020403696983 0
0.4767565106140915 0.06029915005710729 0
0.008545208010562799 0.1250000000000003 0
0.7983317552869731 0.9888177568089617 0
0.8881270740402303 0.5302943257578688 0
0.1691176470588237 0.008062493195413967 0
0.5042100001368981 0.6454818850788862 0
0.5553185293188568 0.7224754488378347 0
0.1544117647058826 0.008062493195413967 0
0.2252384555016247 0.7763409733043017 0
0.1733450122100963 0.147943155713686 0
0.4890059057647653 0.03612939800772097 0
0.1338349768874634 0.03359711262954435 0
0.1184389069676152 0.03826912279163897 0
0.6562651332326721 0.2481436759360793 0
0.6436628156053558 0.2554029448734056 0
0.6464360302006477 0.2408103628467483 0
0.4553753373455996 0.8988893647534095 0
0.04481701292694695 0.4295704748910155 0
0.5079433468423128 0.4191939487184816 0
0.496006998190472 0.4269238336605929 0
0.7852244526927725 0.9227054127225348 0
0.6838235294117643 0.9910209282185638 0
0.6985294117647054 0.9910209282185638 0
0.989677784865067 0.1218228255671312 0
0.7724430591684974 0.9154747694253857 0
0.1726352744152785 0.9395490289259142 0
0.1745462685656135 0.9248383328856581 0
0.8882096345890953 0.5156755151594028 0
0.8852600366257934 0.4750077834294648 0
0.8834222638205502 0.4599009032493998 0
0.05915376149584117 0.08444881774809798 0
0.5641515020450454 0.9450429345131282 0
0.8863224700388159 0.3839090460357649 0
0.8834317931479237 0.4404500059641832 0
0.8847088389171988 0.4250449707184924 0
0.1250000000000003 0.9909779669568812 0
0.992044880404259 0.3161537790777107 0
0.992044880404259 0.3014478967247694 0
0.1664219378864878 0.1349525227454074 0
0.1397058823529413 0.9909779669568812 0
0.01076545305248366 0.01076545305248355 0
0.01076545305248366 0.0254713354054249 0
0.02547133540542484 0.01076545305248355 0
0.9892338949757065 0.9892338949757065 0
0.9892338949757065 0.9745280126227651 0
0.9745280126227652 0.9892338949757065 0
0.9892345469475164 0.01076545305248366 0
0.9745286645945751 0.01076545305248366 0
0.9892345469475164 0.02547133540542484 0
0.01057120536572032 0.9898453299460932 0
0.02527708771866166 0.9898453299460932 0
0.01057120536572032 0.975139447593152 0
0.9519339783036997 0.1650173577682072 0
0.9797702739390878 0.2651133796799339 0
0.9913439191796373 0.2571668643494849 0
0.1595619946987097 0.9386180326088294 0
0.9789542197995548 0.1778954845952858 0
0.9909818098741606 0.1706874612381951 0
0.7615526808927917 0.1355439236169051 0
0.6320480502692547 0.262609306190463 0
0.6206488636494601 0.2700627220284154 0
0.231674468164499 0.9895668901397403 0
0.2080395757913758 0.8681163223268836 0
0.1953353700083521 0.8605302637750998 0
0.9495169261936954 0.1241443893644677 0
0.9630515365462436 0.1315777330448183 0
0.6348919127236738 0.03185077990140339 0
0.6476952508492189 0.02281496398031324 0
0.5340425938753386 0.7365047659985793 0
0.6170715148895523 0.5778096505265753 0
0.3334685293827316 0.06017232433476205 0
0.341032546837383 0.04812916645972287 0
0.2509141725869386 0.9562335332536989 0
0.5468739507921854 0.3411768881119645 0
0.1231206214878032 0.05276305527416902 0
0.1457055251175035 0.04271735274913535 0
0.1940473228432805 0.05698690428970077 0
0.1461381328242716 0.9374795564983659 0
0.3625654050364273 0.07916350087774304 0
0.2957368225978763 0.9231443479431358 0
0.951507301433706 0.2158424949002267 0
0.0365064859259161 0.09515278963575413 0
0.05153047204289463 0.09665746600015385 0
0.2509344428898456 0.08773978035316277 0
0.5454289623455715 0.3135421558020047 0
0.1796683360320841 0.05613583612522749 0
0.4560472081830144 0.883679273549884 0
0.04517187029458536 0.2212326941674456 0
0.05659740420222398 0.2165790160913508 0
0.1378740900619688 0.1827704319327121 0
0.1314174798289111 0.1697362011945396 0
0.6022745669210472 0.2989414211555795 0
0.6401198857535217 0.009740713305166904 0
0.008545208010562799 0.1397058823529413 0
0.2242355831980568 0.3012900055304718 0
0.272138540104792 0.9677779625995939 0
0.4049321769241309 0.9675451044201772 0
0.137389153912775 0.0544044228842317 0
0.03289430420235762 0.2287651817479351 0
0.5187619842642684 0.5553910640705426 0
0.5224979646972323 0.5680763419278276 0
0.6477224118243957 0.2262678973935214 0
0.9266495614333448 0.2983465512323095 0
0.6649554721763336 0.258353823476788 0
0.6677286867716254 0.2437612414501307 0
0.6418771533012793 0.269942619279794 0
0.06794243603054961 0.215717944941895 0
0.5432072987838076 0.7297341026987457 0
0.9396452306636165 0.06075847176427607 0
0.6435412487049594 0.6153621216438278 0
0.6386728554699026 0.6019004400311394 0
0.8820535002438957 0.3433734484914013 0
0.9911455440144289 0.2130952985383533 0
0.979117953939823 0.2055974395425028 0
0.5241163033252603 0.5043572747117198 0
0.2579656927787425 0.9679919257245935 0
0.2441739830127403 0.9654298245511117 0
0.8626354785030461 0.3629116445536449 0
0.6559570822717236 0.9530543917578094 0
0.0589210766020295 0.2047088520419456 0
0.109747785534197 0.2190066051983798 0
0.398864848291052 0.8831094266576878 0
0.8831853037126198 0.3574400474232399 0
0.6597845374065352 0.2799042169808947 0
0.6714518844383425 0.2879285956595168 0
0.6797189182804584 0.2762501757567624 0
0.5564027176154974 0.3339076160855256 0
0.1613934586859765 0.9180513673532489 0
0.1503758994695161 0.9274920514514339 0
0.488355361048195 0.0595052660674541 0
0.8587771219710848 0.5462942591131619 0
0.8516890134945951 0.5334281051964654 0
0.3730007977425163 0.0374770914182363 0
0.1572118432975068 0.2496505429963955 0
0.2325886407514379 0.966402606179849 0
0.168688916886317 0.7083392057878994 0
0.8141962054773524 0.0852776086357987 0
0.8084576228184016 0.0973629190754921 0
0.8714277717930698 0.4598432123809263 0
0.8801577144178871 0.4500576908684734 0
0.8714373011204434 0.4403923150957097 0
0.5329412053179978 0.4590434751205806 0
0.5367573648030743 0.4738548261057842 0
0.5240851068131138 0.4669404529683034 0
0.9295169050894733 0.9418230759128348 0
0.252939973797246 0.2346444404556912 0
0.8162982030801311 0.2752307876516591 0
0.8105002467709806 0.5700762007599166 0
0.2552805302657147 0.2479922564911141 0
0.9287108395534298 0.9651451255142753 0
0.5224812340173378 0.7164444818260299 0
0.5580239849189008 0.53724196350689 0
0.5649118402227556 0.5491482475260451 0
0.2539438451766235 0.1657244805841901 0
0.2668768103565526 0.1693362271600313 0
0.5171424281277613 0.4284104071194045 0
0.2830184035215871 0.2100400501590064 0
0.2822978459201029 0.1957542860217142 0
0.2918185028874319 0.2047629744228228 0
0.4811609223425307 0.04760563886054303 0
0.2350528496540923 0.05523411730630789 0
0.2501142652645528 0.0539070398878852 0
0.6350277157904634 0.6236895438145997 0
0.6285146442203938 0.6377084165612973 0
0.5445543795757423 0.3279923872460564 0
0.255421288416268 0.2601650049553671 0
0.2503856407128445 0.2717047897587306 0
0.301151318138586 0.1975875413476095 0
0.5278401093706611 0.5778149550990913 0
0.540121161452464 0.5873143769947088 0
0.2633944689030627 0.2802182310631797 0
0.3655829738695128 0.04906276562084277 0
0.9722662660565899 0.2540265910000639 0
0.04554655840432553 0.1922887491916785 0
0.05462542778570334 0.1802941701975961 0
0.05665491415508167 0.193575344197319 0
0.1796967045728793 0.7889859177592131 0
0.9723358114096285 0.1674203274941247 0
0.6254140034005806 0.009740713305166904 0
0.6208496753937116 0.02391113625157248 0
0.7227052348697779 0.947356670800613 0
0.4264191914587322 0.9547439199086598 0
0.2396401609432418 0.9781609986507436 0
0.9691360754231202 0.1213527489693697 0
0.03375213549703582 0.1852619617767542 0
0.1184177069653088 0.2122578335537515 0
0.1192583369575053 0.2256521275589891 0
0.8055887394167258 0.266792148380569 0
0.5542008625711627 0.9661447500019466 0
0.8859527618150635 0.3698232989971751 0
0.8742080348351143 0.3646097747700052 0
0.4141354488978909 0.9230285816858765 0
0.034566157629075 0.1692664149001394 0
0.8184208125952988 0.106920529169972 0
0.3018718757400702 0.2118733054849017 0
0.2271304038741069 0.08844093867899416 0
0.9211926773227965 0.9526241385572493 0
0.550448413354608 0.5931950239874855 0
0.5630084831481579 0.6003436243009829 0
0.1795933673450253 0.1116378828823124 0
0.8302612621458352 0.08555436074857559 0
0.3783477213042953 0.9266496355236014 0
0.1674724951884059 0.7825860327468507 0
0.9824894631940662 0.2349680452407792 0
0.9726152191000424 0.2420841078917831 0
0.9724168439348341 0.2274243067865339 0
0.04829994121122327 0.1683489555636626 0
0.962193646797358 0.2464828525458186 0
0.1739421145161978 0.1229348190564382 0
0.9913439191796373 0.2424609819965437 0
0.9911455440144289 0.2278011808912945 0
0.5116353616424749 0.5425439436097059 0
0.4981330898619103 0.5466605459569149 0
0.1321086696660063 0.2282130790369724 0
0.5063766487539109 0.7781226208607319 0
0.506376200554122 0.7621130435049643 0
0.4195209582831634 0.9677691351744341 0
0.9649472475236583 0.1581924406043917 0
0.8467911025092589 0.5548918510524721 0
0.270605717821757 0.03124163818819026 0
0.2569784962522944 0.03050858097228798 0
0.1399768048539462 0.2164949918782162 0
0.03303903092107607 0.02325322515272582 0
0.9782970514869441 0.03332750228168341 0
0.9659628709665462 0.9754043011386153 0
0.02543489783708786 0.967647129813714 0
0.1294852744723971 0.2097557660949614 0
0.8384616696234494 0.5346778770421927 0
0.5731982669109806 0.5950515187467028 0
0.5747664400511457 0.6079611682670734 0
0.572985147133395 0.5841029784862327 0
0.5603400405368983 0.5744128179043294 0
0.9722857058521158 0.2157796842321028 0
0.9782173122386789 0.1140224141872824 0
0.9624114617580921 0.2228957468831068 0
0.411899498925043 0.887415098477401 0
0.4462477555922151 0.0721162919233862 0
0.4808806555767137 0.9528355018088605 0
0.5345911533002414 0.722091628652376 0
0.02325997229533089 0.03289173190010175 0
0.9767527818737788 0.9671435180137385 0
0.9672367977194266 0.0249506717671788 0
0.03292526847354971 0.9789078205550483 0
0.2389407967629817 0.09434114654284631 0
0.584743104036383 0.5917205224523232 0
0.4666876301907823 0.7819130328317814 0
0.06926743098071142 0.9555041666002337 0
0.06523768353928933 0.9684218258643742 0
0.8743519930704006 0.05747531287761332 0
0.7193470387637935 0.06522682819980696 0
0.4823143200988542 0.8412577419942453 0
0.03261664295812972 0.2577102064437478 0
0.03364567053186995 0.2434476266764978 0
0.2604347391645327 0.6238610732847121 0
0.6272504966994614 0.5996219051920837 0
0.8309745407147597 0.1001223214868904 0
0.6157602481736195 0.5920822956590117 0
0.2617488732771291 0.2005156808789489 0
0.2714697594935022 0.2107106529303746 0
0.8780194062969299 0.07075309971065824 0
0.03256047380385096 0.2724438815322229 0
0.2707131767778377 0.1906114070184001 0
0.5516909115259293 0.9524405724290012 0
0.4775952218121756 0.9659398960628408 0
0.4499043616018016 0.05895510651961555 0
0.9678115919348527 0.09497833793435861 0
0.9670136873791541 0.08072605511207276 0
0.03257774788715495 0.2872520219677161 0
0.9679978179316652 0.1093765708459192 0
0.9587303551192939 0.1023086727164458 0
0.03225923810124376 0.3161689117726788 0
0.03263160296304174 0.3019302169508888 0
0.6728658330470779 0.2649674515492588 0
0.7325332379104874 0.06189433712461634 0
0.2062668482553239 0.6803604257711442 0
0.9493844703570469 0.08062922968007669 0
0.950160589681355 0.09514695427335251 0
0.9503468156781674 0.1095451871849131 0
0.3744159756106133 0.07157234317116601 0
0.1920488600169782 0.678627142319246 0
0.4924272210250586 0.8518071475251304 0
0.2689037087448483 0.6429610891467253 0
0.2609772384702218 0.05130335779648332 0
0.2736595875816977 0.04407056295869283 0
0.8348619394289346 0.5585550042220505 0
0.835272486942696 0.5473320775817268 0
0.4923489771510837 0.7822009479848959 0
0.6518741765357907 0.273290588908424 0
0.9495090124950325 0.06620715111719988 0
0.9586686712604671 0.07348836124200842 0
0.9671382295171398 0.06630397654919595 0
0.8226764113557655 0.5645265247280409 0
0.3711965159524562 0.05860261918660853 0
0.4804432897442008 0.7824144084491415 0
0.4926743791479963 0.759188905423792 0
0.4845619421431746 0.7706732050239029 0
0.5511130581058488 0.5815533277878357 0
0.2693827096705737 0.6314584503787425 0
0.2519765435244064 0.04253563759316598 0
0.6614022795081247 0.2693498860352073 0
$EndNodes
$Elements
8 2750 1 2750
1 5 8 11
1 1 8 18 
2 8 9 19 
3 9 10 20 
4 10 11 21 
5 11 12 22 
6 12 13 23 
7 13 14 24 
8 14 15 25 
9 15 16 26 
10 16 17 27 
11 17 1 28 
1 6 8 21
12 2 29 49 
13 29 30 50 
14 30 31 51 
15 31 32 52 
16 32 33 53 
17 33 34 54 
18 34 35 55 
19 35 36 56 
20 36 37 57 
21 37 38 58 
22 38 39 59 
23 39 40 60 
24 40 41 61 
25 41 42 62 
26 42 43 63 
27 43 44 64 
28 44 45 65 
29 45 46 66 
30 46 47 67 
31 47 48 68 
32 48 2 69 
1 7 8 27
33 3 70 96 
34 70 71 97 
35 71 72 98 
36 72 73 99 
37 73 74 100 
38 74 75 101 
39 75 76 102 
40 76 77 103 
41 77 78 104 
42 78 79 105 
43 79 80 106 
44 80 81 107 
45 81 82 108 
46 82 83 109 
47 83 84 110 
48 84 85 111 
49 85 86 112 
50 86 87 113 
51 87 88 114 
52 88 89 115 
53 89 90 116 
54 90 91 117 
55 91 92 118 
56 92 93 119 
57 93 94 120 
58 94 95 121 
59 95 3 122 
1 8 8 34
60 4 123 156 
61 123 124 157 
62 124 125 158 
63 125 126 159 
64 126 127 160 
65 127 128 161 
66 128 129 162 
67 129 130 163 
68 130 131 164 
69 131 132 165 
70 132 133 166 
71 133 134 167 
72 134 135 168 
73 135 136 169 
74 136 137 170 
75 137 138 171 
76 138 139 172 
77 139 140 173 
78 140 141 174 
79 141 142 175 
80 142 143 176 
81 143 144 177 
82 144 145 178 
83 145 146 179 
84 146 147 180 
85 147 148 181 
86 148 149 182 
87 149 150 183 
88 150 151 184 
89 151 152 185 
90 152 153 186 
91 153 154 187 
92 154 155 188 
93 155 5 189 
1 9 8 34
94 6 190 223 
95 190 191 224 
96 191 192 225 
97 192 193 226 
98 193 194 227 
99 194 195 228 
100 195 196 229 
101 196 197 230 
102 197 198 231 
103 198 199 232 
104 199 200 233 
105 200 201 234 
106 201 202 235 
107 202 203 236 
108 203 204 237 
109 204 205 238 
110 205 206 239 
111 206 207 240 
112 207 208 241 
113 208 209 242 
114 209 210 243 
115 210 211 244 
116 211 212 245 
117 212 213 246 
118 213 214 247 
119 214 215 248 
120 215 216 249 
121 216 217 250 
122 217 218 251 
123 218 219 252 
124 219 220 253 
125 220 221 254 
126 221 222 255 
127 222 4 256 
1 10 8 34
128 5 257 290 
129 257 258 291 
130 258 259 292 
131 259 260 293 
132 260 261 294 
133 261 262 295 
134 262 263 296 
135 263 264 297 
136 264 265 298 
137 265 266 299 
138 266 267 300 
139 267 268 301 
140 268 269 302 
141 269 270 303 
142 270 271 304 
143 271 272 305 
144 272 273 306 
145 273 274 307 
146 274 275 308 
147 275 276 309 
148 276 277 310 
149 277 278 311 
150 278 279 312 
151 279 280 313 
152 280 281 314 
153 281 282 315 
154 282 283 316 
155 283 284 317 
156 284 285 318 
157 285 286 319 
158 286 287 320 
159 287 288 321 
160 288 289 322 
161 289 7 323 
1 11 8 34
162 7 324 357 
163 324 325 358 
164 325 326 359 
165 326 327 360 
166 327 328 361 
167 328 329 362 
168 329 330 363 
169 330 331 364 
170 331 332 365 
171 332 333 366 
172 333 334 367 
173 334 335 368 
174 335 336 369 
175 336 337 370 
176 337 338 371 
177 338 339 372 
178 339 340 373 
179 340 341 374 
180 341 342 375 
181 342 343 376 
182 343 344 377 
183 344 345 378 
184 345 346 379 
185 346 347 380 
186 347 348 381 
187 348 349 382 
188 349 350 383 
189 350 351 384 
190 351 352 385 
191 352 353 386 
192 353 354 387 
193 354 355 388 
194 355 356 389 
195 356 6 390 
2 1 9 2555
196 209 1401 208 1569 1570 242 
197 903 1415 2 1571 1572 1573 
198 207 1025 399 1574 1575 1576 
199 745 1148 1147 1577 1578 1579 
200 745 1147 1146 1579 1580 1581 
201 615 1104 674 1582 1583 1584 
202 986 1516 437 1585 1586 1587 
203 399 1025 996 1575 1588 1589 
204 428 1076 1029 1590 1591 1592 
205 703 1148 745 1593 1577 1594 
206 437 1126 986 1595 1596 1587 
207 674 1104 1102 1583 1597 1598 
208 1144 1417 826 1599 1600 1601 
209 340 1176 339 1602 1603 373 
210 891 1187 917 1604 1605 1606 
211 966 1433 434 1607 1608 1609 
212 701 1148 703 1610 1593 1611 
213 1018 1417 1144 1612 1599 1613 
214 917 1187 1186 1605 1614 1615 
215 142 1094 404 1616 1617 1618 
216 983 1392 472 1619 1620 1621 
217 208 1025 207 1622 1574 241 
218 434 1433 1003 1608 1623 1624 
219 996 1026 399 1625 1626 1589 
220 443 1510 1116 1627 1628 1629 
221 487 1070 425 1630 1631 1632 
222 429 1070 1049 1633 1634 1635 
223 1076 1442 1029 1636 1637 1591 
224 208 1401 1025 1570 1638 1622 
225 1116 1510 1117 1628 1639 1640 
226 9 1391 391 1641 1642 1643 
227 617 1105 1104 1644 1645 1646 
228 1368 1466 843 1647 1648 1649 
229 1267 1337 1169 1650 1651 1652 
230 617 1104 615 1646 1582 1653 
231 198 1052 423 1654 1655 1656 
232 391 1499 10 1657 1658 1659 
233 44 1414 485 1660 1661 1662 
234 467 1391 9 1663 1641 1664 
235 423 1052 1009 1655 1665 1666 
236 1271 1418 1150 1667 1668 1669 
237 913 1418 41 1670 1671 1672 
238 1429 1483 1079 1673 1674 1675 
239 882 1409 1040 1676 1677 1678 
240 1049 1070 747 1634 1679 1680 
241 719 1188 1073 1681 1682 1683 
242 1150 1426 1271 1684 1685 1669 
243 998 1460 727 1686 1687 1688 
244 727 1420 998 1689 1690 1688 
245 436 1289 994 1691 1692 1693 
246 126 1071 125 1694 1695 159 
247 433 1229 1036 1696 1697 1698 
248 1039 1492 711 1699 1700 1701 
249 653 1275 1038 1702 1703 1704 
250 711 1492 1444 1700 1705 1706 
251 2 1415 403 1572 1707 1708 
252 1001 1067 457 1709 1710 1711 
253 842 1430 1291 1712 1713 1714 
254 570 1447 1064 1715 1716 1717 
255 1036 1419 433 1718 1719 1698 
256 994 1439 436 1720 1721 1693 
257 617 1108 1105 1722 1723 1644 
258 988 1466 1368 1724 1647 1725 
259 1078 1429 1079 1726 1675 1727 
260 832 1348 902 1728 1729 1730 
261 687 1198 1003 1731 1732 1733 
262 1009 1053 423 1734 1735 1666 
263 1016 1028 465 1736 1737 1738 
264 32 1412 33 1739 1740 53 
265 1061 1062 712 1741 1742 1743 
266 1216 1387 1254 1744 1745 1746 
267 886 1289 1164 1747 1748 1749 
268 1046 1412 32 1750 1739 1751 
269 899 1154 1153 1752 1753 1754 
270 199 1052 198 1755 1654 232 
271 441 1176 340 1756 1602 1757 
272 10 1499 468 1658 1758 1759 
273 136 1155 135 1760 1761 169 
274 1102 1357 674 1762 1763 1598 
275 1254 1507 1216 1764 1765 1746 
276 902 1348 1204 1729 1766 1767 
277 1407 1408 947 1768 1769 1770 
278 899 1155 1154 1771 1772 1752 
279 1064 1447 1062 1716 1773 1774 
280 747 1070 487 1679 1630 1775 
281 1012 1408 1407 1776 1768 1777 
282 472 1461 983 1778 1779 1621 
283 457 1065 1001 1780 1781 1711 
284 36 1439 911 1782 1783 1784 
285 1023 1049 858 1785 1786 1787 
286 999 1075 453 1788 1789 1790 
287 1040 1409 418 1677 1791 1792 
288 1060 1061 712 1793 1743 1794 
289 1028 1145 484 1795 1796 1797 
290 1169 1337 929 1651 1798 1799 
291 419 1207 1048 1800 1801 1802 
292 440 1441 1134 1803 1804 1805 
293 1275 1480 1038 1806 1807 1703 
294 454 1427 1045 1808 1809 1810 
295 574 1450 1447 1811 1812 1813 
296 1115 1207 419 1814 1800 1815 
297 453 1134 999 1816 1817 1790 
298 914 1046 32 1818 1751 1819 
299 1013 1182 456 1820 1821 1822 
300 1107 1108 627 1823 1824 1825 
301 1447 1450 1062 1812 1826 1773 
302 1028 1379 465 1827 1828 1737 
303 1019 1524 409 1829 1830 1831 
304 953 1395 1149 1832 1833 1834 
305 1182 1248 456 1835 1836 1821 
306 967 1091 439 1837 1838 1839 
307 1066 1248 1182 1840 1835 1841 
308 836 1448 1241 1842 1843 1844 
309 1241 1458 836 1845 1846 1844 
310 1003 1433 687 1623 1847 1733 
311 1115 1373 1207 1848 1849 1814 
312 904 1445 35 1850 1851 1852 
313 953 1480 1395 1853 1854 1832 
314 893 1187 891 1855 1604 1856 
315 206 1027 205 1857 1858 239 
316 987 1100 968 1859 1860 1861 
317 394 1414 44 1862 1660 1863 
318 1392 1475 472 1864 1865 1620 
319 922 1404 1022 1866 1867 1868 
320 41 1418 407 1671 1869 1870 
321 917 1186 1185 1615 1871 1872 
322 968 1100 446 1860 1873 1874 
323 1084 1240 430 1875 1876 1877 
324 143 1094 142 1878 1616 176 
325 443 1116 1093 1629 1879 1880 
326 1066 1515 1383 1881 1882 1883 
327 1094 1425 404 1884 1885 1617 
328 1411 1413 1040 1886 1887 1888 
329 1066 1383 1248 1883 1889 1840 
330 197 1054 196 1890 1891 230 
331 1107 1413 1411 1892 1886 1893 
332 1064 1230 570 1894 1895 1717 
333 1185 1294 917 1896 1897 1872 
334 1073 1188 678 1682 1898 1899 
335 444 1294 1185 1900 1896 1901 
336 1291 1430 1235 1713 1902 1903 
337 484 1379 1028 1904 1827 1797 
338 1440 1499 391 1905 1657 1906 
339 1176 1405 339 1907 1908 1603 
340 432 1435 1171 1909 1910 1911 
341 1022 1404 396 1867 1912 1913 
342 1205 1416 980 1914 1915 1916 
343 1010 1294 444 1917 1900 1918 
344 1084 1241 1240 1919 1920 1875 
345 444 1167 1010 1921 1922 1918 
346 1020 1055 685 1923 1924 1925 
347 465 1071 1016 1926 1927 1738 
348 456 1183 1013 1928 1929 1822 
349 442 1071 126 1930 1694 1931 
350 1022 1284 922 1932 1933 1868 
351 125 1071 465 1695 1926 1934 
352 1054 1373 1115 1935 1848 1936 
353 409 1524 1000 1830 1937 1938 
354 1167 1290 1010 1939 1940 1922 
355 980 1508 1205 1941 1942 1916 
356 452 1290 1167 1943 1939 1944 
357 43 998 394 1945 1946 1947 
358 47 1070 429 1948 1633 1949 
359 425 1070 46 1631 1950 1951 
360 450 1334 1069 1952 1953 1954 
361 407 998 42 1955 1956 1957 
362 44 485 45 1662 1958 65 
363 48 903 2 1959 1573 69 
364 31 914 32 1960 1819 52 
365 34 904 35 1961 1852 55 
366 36 911 37 1784 1962 57 
367 38 912 39 1963 1964 59 
368 40 913 41 1965 1672 61 
369 719 1073 1001 1683 1966 1967 
370 1191 1192 870 1968 1969 1970 
371 685 1051 1020 1971 1972 1925 
372 409 1000 963 1938 1973 1974 
373 963 964 408 1975 1976 1977 
374 965 1058 397 1978 1979 1980 
375 424 988 965 1981 1982 1983 
376 414 997 966 1984 1985 1986 
377 434 987 968 1987 1861 1988 
378 1061 1064 1062 1989 1774 1741 
379 1014 1290 452 1990 1943 1991 
380 969 970 411 1992 1993 1994 
381 985 1031 401 1995 1996 1997 
382 452 1171 1014 1998 1999 1991 
383 398 1284 1022 2000 1932 2001 
384 1008 1227 932 2002 2003 2004 
385 803 1437 1429 2005 2006 2007 
386 612 1394 610 2008 2009 2010 
387 135 1155 417 1761 2011 2012 
388 1048 1183 419 2013 2014 1802 
389 1045 1459 454 2015 2016 1810 
390 1154 1155 136 1772 1760 2017 
391 998 1420 394 1690 2018 1946 
392 1148 1396 415 2019 2020 2021 
393 415 1401 209 2022 1569 2023 
394 1105 1108 1107 1723 1823 2024 
395 857 1031 856 2025 2026 2027 
396 987 1512 1100 2028 2029 1859 
397 1083 1446 329 2030 2031 2032 
398 1289 1445 1164 2033 2034 1748 
399 997 1438 687 2035 2036 2037 
400 1396 1401 415 2038 2022 2020 
401 609 1099 673 2039 2040 2041 
402 82 1490 960 2042 2043 2044 
403 1081 1382 971 2045 2046 2047 
404 1336 1341 831 2048 2049 2050 
405 329 1476 1083 2051 2052 2032 
406 1197 1341 1336 2053 2048 2054 
407 962 1492 91 2055 2056 2057 
408 989 1495 72 2058 2059 2060 
409 407 1460 998 2061 1686 1955 
410 1195 1336 831 2062 2050 2063 
411 974 1497 80 2064 2065 2066 
412 831 1322 1195 2067 2068 2063 
413 858 1092 1023 2069 2070 1787 
414 401 1031 973 1996 2071 2072 
415 1134 1441 999 1804 2073 1817 
416 897 1385 1086 2074 2075 2076 
417 687 1433 997 1847 2077 2037 
418 621 1108 618 2078 2079 2080 
419 1457 1473 1047 2081 2082 2083 
420 1193 1483 1429 2084 1673 2085 
421 1353 1358 902 2086 2087 2088 
422 400 1358 1353 2089 2086 2090 
423 38 1484 912 2091 2092 1963 
424 1081 1500 1382 2093 2094 2045 
425 853 1085 851 2095 2096 2097 
426 1169 1425 1267 2098 2099 1652 
427 961 1499 1440 2100 1905 2101 
428 860 1348 832 2102 1728 2103 
429 410 1045 1041 2104 2105 2106 
430 397 1509 985 2107 2108 2109 
431 867 1431 1363 2110 2111 2112 
432 959 1501 87 2113 2114 2115 
433 399 1027 206 2116 1857 2117 
434 1039 1438 997 2118 2035 2119 
435 1197 1348 860 2120 2102 2121 
436 860 1341 1197 2122 2053 2121 
437 85 1022 396 2123 1913 2124 
438 1366 1369 879 2125 2126 2127 
439 398 1022 84 2001 2128 2129 
440 1236 1369 1366 2130 2125 2131 
441 1011 1365 946 2132 2133 2134 
442 408 1060 962 2135 2136 2137 
443 86 959 87 2138 2115 113 
444 82 960 83 2044 2139 109 
445 90 962 91 2140 2057 117 
446 1027 1101 205 2141 2142 1858 
447 71 989 72 2143 2060 98 
448 409 963 88 1974 2144 2145 
449 89 963 408 2146 1977 2147 
450 79 974 80 2148 2066 106 
451 74 965 397 2149 1980 2150 
452 77 972 78 2151 2152 104 
453 424 965 73 1983 2153 2154 
454 414 966 92 1986 2155 2156 
455 397 985 75 2109 2157 2158 
456 93 966 434 2159 1609 2160 
457 434 968 94 1988 2161 2162 
458 95 968 446 2163 1874 2164 
459 914 1457 1047 2165 2083 2166 
460 70 967 439 2167 1839 2168 
461 446 967 3 2169 2170 2171 
462 81 969 411 2172 1994 2173 
463 76 985 401 2174 1997 2175 
464 436 1439 36 1721 1782 2176 
465 462 1493 1491 2177 2178 2179 
466 423 1054 197 2180 1890 2181 
467 1204 1353 902 2182 2088 1767 
468 1491 1493 1088 2178 2183 2184 
469 409 1501 1019 2185 2186 1831 
470 911 1055 1020 2187 1923 2188 
471 931 1533 1452 2189 2190 2191 
472 1039 1481 1438 2192 2193 2118 
473 1054 1115 196 1936 2194 1891 
474 1171 1435 1014 1910 2195 1999 
475 194 1183 193 2196 2197 227 
476 701 1396 1148 2198 2019 1610 
477 1037 1419 1036 2199 1718 2200 
478 851 1085 1058 2096 2201 2202 
479 1028 1462 1145 2203 2204 1795 
480 932 1452 1008 2205 2206 2004 
481 336 1463 1080 2207 2208 2209 
482 1080 1468 336 2210 2211 2209 
483 1013 1183 1048 1929 2013 2212 
484 1429 1437 1193 2006 2213 2085 
485 1146 1568 745 2214 2215 1581 
486 1026 1357 1027 2216 2217 2218 
487 631 1114 679 2219 2220 2221 
488 450 1472 1334 2222 2223 1952 
489 870 1485 1191 2224 2225 1970 
490 1052 1409 882 2226 1676 2227 
491 1041 1089 410 2228 2229 2106 
492 957 1119 961 2230 2231 2232 
493 946 1457 1011 2233 2234 2134 
494 1049 1467 858 2235 2236 1786 
495 1237 1381 1234 2237 2238 2239 
496 898 1453 899 2240 2241 2242 
497 879 1363 1226 2243 2244 2245 
498 1038 1480 953 1807 1853 2246 
499 1026 1394 1357 2247 2248 2216 
500 856 1085 853 2249 2095 2250 
501 1007 1554 1015 2251 2252 2253 
502 1031 1398 973 2254 2255 2071 
503 610 1394 1099 2009 2256 2257 
504 790 1424 1423 2258 2259 2260 
505 1086 1385 669 2075 2261 2262 
506 1383 1515 477 1882 2263 2264 
507 1038 1465 653 2265 2266 1704 
508 35 1445 436 1851 2267 2268 
509 1291 1397 1240 2269 2270 2271 
510 1226 1366 879 2272 2127 2245 
511 1059 1119 957 2273 2230 2274 
512 1119 1372 961 2275 2276 2231 
513 1456 1473 934 2277 2278 2279 
514 610 1099 609 2257 2039 2280 
515 1015 1477 1007 2281 2282 2253 
516 673 1099 996 2040 2283 2284 
517 707 1119 1059 2285 2273 2286 
518 1212 1427 454 2287 1808 2288 
519 899 1453 1155 2241 2289 1771 
520 30 1526 910 2290 2291 2292 
521 472 1486 1461 2293 2294 1778 
522 29 1526 30 2295 2290 50 
523 618 1108 617 2079 1722 2296 
524 627 1108 621 1824 2078 2297 
525 975 1360 1056 2298 2299 2300 
526 1117 1510 1372 1639 2301 2302 
527 1026 1027 399 2218 2116 1626 
528 1059 1120 707 2303 2304 2286 
529 15 1486 472 2305 2293 2306 
530 438 1325 1056 2307 2308 2309 
531 1372 1510 468 2301 2310 2311 
532 911 1439 1055 1783 2312 2187 
533 990 1284 398 2313 2000 2314 
534 851 1058 850 2202 2315 2316 
535 1015 1498 1477 2317 2318 2281 
536 972 1541 78 2319 2320 2152 
537 422 1489 1067 2321 2322 2323 
538 1027 1357 1101 2217 2324 2141 
539 1001 1073 1067 1966 2325 1709 
540 627 1413 1107 2326 1892 1825 
541 446 1422 967 2327 2328 2169 
542 528 1136 530 2329 2330 2331 
543 1053 1054 423 2332 2180 1735 
544 1363 1431 1226 2111 2333 2244 
545 996 1099 1026 2283 2334 1625 
546 1101 1357 1102 2324 1762 2335 
547 993 1454 1350 2336 2337 2338 
548 1235 1397 1291 2339 2269 1903 
549 193 1183 456 2197 1928 2340 
550 419 1183 194 2014 2196 2341 
551 91 1492 414 2056 2342 2343 
552 411 1490 82 2344 2042 2345 
553 392 1191 1082 2346 2347 2348 
554 72 1495 424 2059 2349 2350 
555 1067 1421 422 2351 2352 2323 
556 80 1497 969 2065 2353 2354 
557 699 1133 1072 2355 2356 2357 
558 439 1091 1002 1838 2358 2359 
559 931 1452 932 2191 2205 2360 
560 679 1114 1009 2220 2361 2362 
561 914 1047 1046 2166 2363 1818 
562 451 1449 1030 2364 2365 2366 
563 633 1114 631 2367 2219 2368 
564 1047 1473 1456 2082 2277 2369 
565 1024 1567 1283 2370 2371 2372 
566 1350 1549 993 2373 2374 2338 
567 1283 1415 1024 2375 2376 2372 
568 704 1120 702 2377 2378 2379 
569 1096 1534 459 2380 2381 2382 
570 936 1370 1277 2383 2384 2385 
571 1192 1193 870 2386 2387 1969 
572 1164 1454 886 2388 2389 1749 
573 566 1113 1111 2390 2391 2392 
574 1009 1114 1053 2361 2393 1734 
575 459 1520 1096 2394 2395 2382 
576 1110 1135 533 2396 2397 2398 
577 1060 1444 962 2399 2400 2136 
578 1111 1136 566 2401 2402 2392 
579 567 1309 1090 2403 2404 2405 
580 1072 1179 699 2406 2407 2357 
581 567 1090 539 2405 2408 2409 
582 1031 1509 856 2410 2411 2026 
583 567 1135 1109 2412 2413 2414 
584 455 1494 1079 2415 2416 2417 
585 707 1120 704 2304 2377 2418 
586 1381 1557 1234 2419 2420 2238 
587 944 1525 1386 2421 2422 2423 
588 533 1136 1110 2424 2425 2398 
589 1426 1553 646 2426 2427 2428 
590 910 1408 1012 2429 1776 2430 
591 1229 1434 1036 2431 2432 1697 
592 1477 1498 471 2318 2433 2434 
593 199 1409 1052 2435 2226 1755 
594 1030 1519 451 2436 2437 2366 
595 908 1386 941 2438 2439 2440 
596 1109 1135 1110 2413 2396 2441 
597 1085 1509 397 2442 2107 2443 
598 970 1074 411 2444 2445 1993 
599 964 1060 408 2446 2135 1976 
600 414 1039 997 2447 2119 1984 
601 1452 1533 1074 2190 2448 2449 
602 434 1003 987 1624 2450 1987 
603 1058 1085 397 2201 2443 1979 
604 1291 1448 842 2451 2452 1714 
605 969 971 970 2453 2454 1992 
606 674 1394 612 2455 2008 2456 
607 1187 1441 440 2457 1803 2458 
608 566 1136 528 2402 2329 2459 
609 1150 1553 1426 2460 2426 1684 
610 725 1362 1269 2461 2462 2463 
611 1109 1309 567 2464 2403 2414 
612 418 1411 1040 2465 1888 1792 
613 1113 1179 1111 2466 2467 2391 
614 530 1136 533 2330 2424 2468 
615 539 1090 542 2408 2469 2470 
616 941 1386 1355 2439 2471 2472 
617 1038 1484 1021 2473 2474 2475 
618 1075 1076 453 2476 2477 1789 
619 896 1385 897 2478 2074 2479 
620 930 1361 1297 2480 2481 2482 
621 857 1398 1031 2483 2254 2025 
622 350 1451 1159 2484 2485 2486 
623 269 1134 268 2487 2488 302 
624 87 1501 409 2114 2185 2489 
625 990 1428 1284 2490 2491 2313 
626 1423 1424 1092 2259 2492 2493 
627 699 1179 1113 2407 2466 2494 
628 430 1446 1084 2495 2496 1877 
629 1021 1465 1038 2497 2265 2475 
630 542 1090 1087 2469 2498 2499 
631 1120 1303 702 2500 2501 2378 
632 1241 1291 1240 2502 2271 1920 
633 888 1089 1041 2503 2228 2504 
634 916 1089 888 2505 2503 2506 
635 517 1172 514 2507 2508 2509 
636 711 1481 1039 2510 2192 1701 
637 1095 1172 517 2511 2507 2512 
638 1087 1123 542 2513 2514 2499 
639 1071 1351 1016 2515 2516 1927 
640 685 1367 1051 2517 2518 1971 
641 1153 1410 899 2519 2520 1754 
642 1277 1370 565 2384 2521 2522 
643 1255 1338 517 2523 2524 2525 
644 721 1354 1181 2526 2527 2528 
645 1360 1514 1056 2529 2530 2299 
646 1114 1375 1053 2531 2532 2393 
647 1029 1469 428 2533 2534 1592 
648 402 1470 1032 2535 2536 2537 
649 958 1338 1255 2538 2523 2539 
650 747 1467 1049 2540 2235 1680 
651 761 1163 1139 2541 2542 2543 
652 1053 1375 1373 2532 2544 2545 
653 967 1513 1091 2546 2547 1837 
654 440 1134 269 1805 2487 2548 
655 268 1134 453 2488 1816 2549 
656 980 1416 959 1915 2550 2551 
657 952 1179 951 2552 2553 2554 
658 1269 1362 744 2462 2555 2556 
659 1456 1464 909 2557 2558 2559 
660 1159 1531 350 2560 2561 2486 
661 441 1406 1176 2562 2563 1756 
662 1023 1092 1024 2070 2564 2565 
663 1227 1272 932 2566 2567 2003 
664 787 1127 767 2568 2569 2570 
665 514 1172 511 2508 2571 2572 
666 1097 1127 787 2573 2568 2574 
667 1297 1361 672 2481 2575 2576 
668 1390 1403 458 2577 2578 2579 
669 1055 1439 994 2312 1720 2580 
670 916 1094 1089 2581 2582 2505 
671 843 1466 945 1648 2583 2584 
672 1118 1119 707 2585 2285 2586 
673 702 1303 700 2501 2587 2588 
674 706 1118 707 2589 2586 2590 
675 767 1127 769 2569 2591 2592 
676 948 1122 693 2593 2594 2595 
677 1123 1312 1128 2596 2597 2598 
678 1140 1356 1258 2599 2600 2601 
679 1335 1474 406 2602 2603 2604 
680 205 1101 204 2142 2605 238 
681 1255 1342 958 2606 2607 2539 
682 1139 1166 761 2608 2609 2543 
683 787 1138 1097 2610 2611 2574 
684 511 1330 508 2612 2613 2614 
685 470 1281 475 2615 2616 2617 
686 1112 1160 526 2618 2619 2620 
687 925 1317 1123 2621 2622 2623 
688 204 1101 413 2605 2624 2625 
689 526 1272 1227 2626 2566 2627 
690 566 1200 1113 2628 2629 2390 
691 1079 1483 455 1674 2630 2417 
692 517 1338 1095 2524 2631 2512 
693 1116 1117 741 1640 2632 2633 
694 958 1342 1059 2607 2634 2635 
695 1303 1342 519 2636 2637 2638 
696 1087 1312 1123 2639 2596 2513 
697 742 1116 741 2640 2633 2641 
698 1416 1501 959 2642 2113 2550 
699 951 1179 1072 2553 2406 2643 
700 661 1122 1121 2644 2645 2646 
701 196 1115 195 2194 2647 229 
702 661 1121 659 2646 2648 2649 
703 195 1115 419 2647 1815 2650 
704 447 1281 470 2651 2615 2652 
705 1263 1305 563 2653 2654 2655 
706 1195 1435 432 2656 1909 2657 
707 1123 1128 925 2598 2658 2623 
708 1110 1136 1111 2425 2401 2659 
709 693 1122 661 2594 2644 2660 
710 1123 1317 542 2622 2661 2514 
711 964 1061 1060 2662 1793 2446 
712 762 1166 765 2663 2664 2665 
713 1181 1354 1262 2527 2666 2667 
714 1069 1436 450 2668 2669 1954 
715 1111 1179 952 2467 2552 2670 
716 712 1444 1060 2671 2399 1794 
717 215 1124 463 2672 2673 2674 
718 1254 1387 594 1745 2675 2676 
719 463 1125 214 2677 2678 2679 
720 210 1147 415 2680 2681 2682 
721 417 1130 1129 2683 2684 2685 
722 971 1008 970 2686 2687 2454 
723 769 1321 772 2688 2689 2690 
724 1147 1148 415 1578 2021 2681 
725 1057 1488 261 2691 2692 2693 
726 526 1227 1112 2627 2694 2620 
727 1127 1321 769 2695 2688 2591 
728 651 1288 1137 2696 2697 2698 
729 1137 1288 735 2697 2699 2700 
730 1172 1330 511 2701 2612 2571 
731 422 1421 1158 2352 2702 2703 
732 524 1200 566 2704 2628 2705 
733 1007 1093 1005 2706 2707 2708 
734 526 1160 491 2619 2709 2710 
735 417 1129 134 2685 2711 2712 
736 520 1131 503 2713 2714 2715 
737 1386 1464 944 2716 2717 2423 
738 925 1128 597 2658 2718 2719 
739 406 1496 1335 2720 2721 2604 
740 1101 1102 413 2335 2722 2624 
741 410 1459 1045 2723 2015 2104 
742 1258 1356 739 2600 2724 2725 
743 1131 1180 1132 2726 2727 2728 
744 1141 1263 563 2729 2655 2730 
745 741 1118 706 2731 2589 2732 
746 491 1160 488 2709 2733 2734 
747 1122 1455 1400 2735 2736 2737 
748 734 1305 1263 2738 2653 2739 
749 502 1140 498 2740 2741 2742 
750 675 986 686 2743 2744 2745 
751 855 1138 857 2746 2747 2748 
752 1005 1116 742 2749 2640 2750 
753 765 1166 787 2664 2751 2752 
754 761 1166 762 2609 2663 2753 
755 482 1015 976 2754 2755 2756 
756 568 1203 518 2757 2758 2759 
757 753 1143 844 2760 2761 2762 
758 518 1203 519 2758 2763 2764 
759 1097 1138 855 2611 2746 2765 
760 757 1144 826 2766 1601 2767 
761 533 1135 534 2397 2768 2769 
762 1120 1342 1303 2770 2636 2500 
763 658 661 659 2771 2649 2772 
764 405 1220 1217 2773 2774 2775 
765 787 1166 1138 2751 2776 2610 
766 1217 1220 1218 2774 2777 2778 
767 658 659 657 2772 2779 2780 
768 461 1124 216 2781 2782 2783 
769 901 948 693 2784 2595 2785 
770 213 1125 435 2786 2787 2788 
771 503 1131 500 2714 2789 2790 
772 708 741 706 2791 2732 2792 
773 1093 1116 1005 1879 2749 2707 
774 1180 1318 1132 2793 2794 2727 
775 656 658 657 2795 2780 2796 
776 137 1154 136 2797 2017 170 
777 805 1156 843 2798 2799 2800 
778 659 1121 675 2648 2801 2802 
779 986 1126 686 1596 2803 2744 
780 563 1228 1141 2804 2805 2730 
781 705 706 704 2806 2807 2808 
782 516 517 514 2809 2509 2810 
783 686 1126 729 2803 2811 2812 
784 784 1249 1162 2813 2814 2815 
785 697 1133 699 2816 2355 2817 
786 498 1140 496 2741 2818 2819 
787 706 707 704 2590 2418 2807 
788 703 704 702 2820 2379 2821 
789 129 459 128 2822 2823 162 
790 1138 1166 1139 2776 2608 2824 
791 1048 1207 1206 1801 2825 2826 
792 695 697 696 2827 2828 2829 
793 133 1129 450 2830 2831 2832 
794 451 1151 139 2833 2834 2835 
795 1220 1222 1221 2836 2837 2838 
796 520 1180 1131 2839 2726 2713 
797 215 463 214 2674 2679 248 
798 489 491 488 2840 2734 2841 
799 217 461 216 2842 2783 250 
800 492 493 491 2843 2844 2845 
801 127 442 126 2846 1931 160 
802 695 696 650 2829 2847 2848 
803 489 492 491 2849 2845 2840 
804 492 494 493 2850 2851 2843 
805 484 1145 221 1796 2852 2853 
806 1186 1187 440 1614 2458 2854 
807 485 486 425 2855 2856 2857 
808 220 438 219 2858 2859 253 
809 213 435 212 2788 2860 246 
810 624 1161 627 2861 2862 2863 
811 784 1162 781 2815 2864 2865 
812 696 1200 650 2866 2867 2847 
813 697 699 696 2817 2868 2828 
814 698 954 697 2869 2870 2871 
815 901 949 948 2872 2873 2784 
816 131 462 130 2874 2875 164 
817 645 1157 678 2876 2877 2878 
818 493 1272 526 2879 2626 2880 
819 692 693 661 2881 2660 2882 
820 494 496 495 2883 2884 2885 
821 521 523 522 2886 2887 2888 
822 701 702 700 2889 2588 2890 
823 494 495 493 2885 2891 2851 
824 675 1121 986 2801 2892 2743 
825 1177 1293 919 2893 2894 2895 
826 527 1180 522 2896 2897 2898 
827 486 488 487 2899 2900 2901 
828 575 1173 574 2902 2903 2904 
829 505 520 503 2905 2715 2906 
830 435 1146 212 2907 2908 2860 
831 133 450 132 2832 2909 166 
832 656 657 655 2796 2910 2911 
833 537 567 539 2912 2409 2913 
834 505 521 520 2914 2915 2905 
835 522 1180 520 2897 2839 2916 
836 429 1023 903 2917 2918 2919 
837 475 1281 482 2616 2920 2921 
838 951 1032 949 2922 2923 2924 
839 524 566 528 2705 2459 2925 
840 1146 1147 211 1580 2926 2927 
841 523 524 522 2928 2929 2887 
842 954 1133 697 2930 2816 2870 
843 270 1186 440 2931 2854 2932 
844 521 522 520 2888 2916 2915 
845 694 695 650 2933 2848 2934 
846 490 749 748 2935 2936 2937 
847 496 525 495 2938 2939 2884 
848 486 489 488 2940 2841 2899 
849 1220 1221 1218 2838 2941 2777 
850 534 1135 537 2768 2942 2943 
851 688 1206 639 2944 2945 2946 
852 523 1200 524 2947 2704 2928 
853 798 1156 805 2948 2798 2949 
854 537 1135 567 2942 2412 2912 
855 749 752 750 2950 2951 2952 
856 211 1147 210 2926 2680 244 
857 1113 1200 696 2629 2866 2953 
858 1149 1150 913 2954 2955 2956 
859 545 1189 555 2957 2958 2959 
860 909 1412 1046 2960 1750 2961 
861 1217 1242 405 2962 2963 2775 
862 597 1128 599 2718 2964 2965 
863 496 1140 525 2818 2966 2938 
864 220 1145 438 2967 2968 2858 
865 1280 1293 820 2969 2970 2971 
866 750 1143 753 2972 2760 2973 
867 722 1181 725 2974 2975 2976 
868 599 656 655 2977 2911 2978 
869 755 1144 757 2979 2766 2980 
870 749 1160 1112 2981 2618 2982 
871 135 417 134 2012 2712 168 
872 429 1049 1023 1635 1785 2917 
873 486 487 425 2901 1632 2856 
874 649 650 523 2983 2984 2985 
875 500 1131 502 2789 2986 2987 
876 488 490 487 2988 2989 2900 
877 810 1165 873 2990 2991 2992 
878 1117 1118 741 2993 2731 2632 
879 1006 1007 1005 2994 2708 2995 
880 500 502 498 2987 2742 2996 
881 749 750 748 2952 2997 2936 
882 651 1137 721 2698 2998 2999 
883 45 485 425 1958 2857 3000 
884 464 905 904 3001 3002 3003 
885 753 844 755 2762 3004 3005 
886 497 498 496 3006 2819 3007 
887 1023 1024 903 2565 3008 2918 
888 504 505 503 3009 2906 3010 
889 784 1306 1296 3011 3012 3013 
890 1004 1005 742 3014 2750 3015 
891 908 941 907 2440 3016 3017 
892 210 415 209 2682 2023 243 
893 906 907 905 3018 3019 3020 
894 752 1143 750 3021 2972 2951 
895 1151 1152 395 3022 3023 3024 
896 140 1168 451 3025 3026 3027 
897 900 901 693 3028 2785 3029 
898 909 1562 1456 3030 3031 2559 
899 1138 1139 857 2824 3032 2747 
900 499 500 498 3033 2996 3034 
901 844 1144 755 3035 2979 3004 
902 1048 1206 688 2826 2944 3036 
903 216 1124 215 2782 2672 249 
904 910 1011 431 3037 3038 3039 
905 501 503 500 3040 2790 3041 
906 214 1125 213 2678 2786 247 
907 721 1181 722 2528 2974 3042 
908 452 1167 274 1944 3043 3044 
909 512 514 511 3045 2572 3046 
910 1131 1132 502 2728 3047 2986 
911 138 1151 395 3048 3024 3049 
912 681 700 614 3050 3051 3052 
913 626 1161 624 3053 2861 3054 
914 429 903 48 2919 1959 3055 
915 519 1255 516 3056 3057 3058 
916 726 936 740 3059 3060 3061 
917 964 1063 1061 3062 3063 2662 
918 426 1149 913 3064 2956 3065 
919 515 516 514 3066 2810 3067 
920 546 1228 544 3068 3069 3070 
921 659 675 660 2802 3071 3072 
922 138 395 137 3049 3073 171 
923 432 1171 276 1911 3074 3075 
924 578 1173 575 3076 2902 3077 
925 543 1189 545 3078 2957 3079 
926 619 1288 651 3080 2696 3081 
927 1152 1153 395 3082 3083 3023 
928 488 1160 490 2733 3084 2988 
929 781 1162 783 2864 3085 3086 
930 1059 1342 1120 2634 2770 2303 
931 907 915 905 3087 3088 3019 
932 525 930 605 3089 3090 3091 
933 759 1163 761 3092 2541 3093 
934 951 1072 1032 2643 3094 2922 
935 875 1091 877 3095 3096 3097 
936 906 908 907 3098 3017 3018 
937 651 721 652 2999 3099 3100 
938 749 1112 752 2982 3101 2950 
939 910 1012 1011 2430 3102 3037 
940 597 599 598 2965 3103 3104 
941 695 698 697 3105 2871 2827 
942 524 528 527 2925 3106 3107 
943 493 526 491 2880 2710 2844 
944 43 394 44 1947 1863 64 
945 490 1160 749 3084 2981 2935 
946 1202 1256 778 3108 3109 3110 
947 464 904 34 3003 1961 3111 
948 703 705 704 3112 2808 2820 
949 544 1228 563 3069 2804 3113 
950 1296 1306 1098 3012 3114 3115 
951 431 914 31 3116 1960 3117 
952 457 1402 1065 3118 3119 1780 
953 868 1199 863 3120 3121 3122 
954 510 511 508 3123 2614 3124 
955 701 703 702 1611 2821 2889 
956 1300 1314 1208 3125 3126 3127 
957 911 1020 427 2188 3128 3129 
958 1201 1256 1202 3130 3108 3131 
959 843 945 809 2584 3132 3133 
960 46 1070 47 1950 1948 67 
961 595 925 597 3134 2719 3135 
962 134 1129 133 2711 2830 167 
963 1020 1051 1021 1972 3136 3137 
964 722 725 724 2976 3138 3139 
965 919 1293 1280 2894 2969 3140 
966 912 953 426 3141 3142 3143 
967 757 826 759 2767 3144 3145 
968 412 1197 1196 3146 3147 3148 
969 675 686 683 2745 3149 3150 
970 464 906 905 3151 3020 3001 
971 805 843 809 2800 3133 3152 
972 1194 1195 432 3153 2657 3154 
973 826 1163 759 3155 3092 3144 
974 750 753 751 2973 3156 3157 
975 892 1100 894 3158 3159 3160 
976 700 1303 1203 2587 3161 3162 
977 582 1243 579 3163 3164 3165 
978 912 1038 953 3166 2246 3141 
979 677 1157 645 3167 2876 3168 
980 30 910 431 2292 3039 3169 
981 404 1169 1168 3170 3171 3172 
982 667 1198 687 3173 1731 3174 
983 678 1188 642 1898 3175 3176 
984 412 1196 279 3148 3177 3178 
985 42 998 43 1956 1945 63 
986 755 757 756 2980 3179 3180 
987 47 429 48 1949 3055 68 
988 658 692 661 3181 2882 2771 
989 405 1242 149 2963 3182 3183 
990 277 1194 432 3184 3154 3185 
991 708 742 741 3186 2641 2791 
992 982 983 939 3187 3188 3189 
993 849 850 848 3190 3191 3192 
994 614 1203 568 3193 2757 3194 
995 847 848 797 3195 3196 3197 
996 757 759 758 3145 3198 3199 
997 885 887 677 3200 3201 3202 
998 599 655 654 2978 3203 3204 
999 599 1128 656 2964 3205 2977 
1000 45 425 46 3000 1951 66 
1001 770 1314 1300 3206 3125 3207 
1002 579 1243 580 3164 3208 3209 
1003 1066 1182 720 1841 3210 3211 
1004 863 1199 862 3121 3212 3213 
1005 485 1170 486 3214 3215 2855 
1006 862 1208 817 3216 3217 3218 
1007 490 748 747 2937 3219 3220 
1008 953 1149 426 1834 3064 3142 
1009 590 662 589 3221 3222 3223 
1010 681 701 700 3224 2890 3050 
1011 1211 1212 454 3225 2288 3226 
1012 1198 1432 1003 3227 3228 1732 
1013 518 519 516 2764 3058 3229 
1014 37 911 427 1962 3129 3230 
1015 1056 1514 438 2530 3231 2309 
1016 793 847 797 3232 3197 3233 
1017 662 711 710 3234 3235 3236 
1018 679 882 709 3237 3238 3239 
1019 887 1159 1158 3240 3241 3242 
1020 433 1223 152 3243 3244 3245 
1021 140 451 139 3027 2835 173 
1022 671 1184 730 3246 3247 3248 
1023 525 1258 930 3249 3250 3089 
1024 753 755 754 3005 3251 3252 
1025 521 649 523 3253 2985 2886 
1026 555 1189 595 2958 3254 3255 
1027 847 849 848 3256 3192 3195 
1028 793 797 794 3233 3257 3258 
1029 1009 1052 882 1665 2227 3259 
1030 639 1206 637 2945 3260 3261 
1031 444 1185 272 1901 3262 3263 
1032 494 497 496 3264 3007 2883 
1033 887 1158 1157 3242 3265 3266 
1034 33 464 34 3267 3111 54 
1035 777 784 781 3268 2865 3269 
1036 817 1208 815 3217 3270 3271 
1037 1185 1186 271 1871 3272 3273 
1038 919 1299 1177 3274 3275 2895 
1039 1079 1494 393 2416 3276 3277 
1040 273 1167 444 3278 1921 3279 
1041 759 761 760 3093 3280 3281 
1042 631 679 630 2221 3282 3283 
1043 705 708 706 3284 2792 2806 
1044 797 1156 798 3285 2948 3286 
1045 395 1154 137 3287 2797 3073 
1046 679 709 630 3239 3288 3282 
1047 580 589 578 3289 3290 3291 
1048 805 809 806 3152 3292 3293 
1049 39 912 426 1964 3143 3294 
1050 280 1204 412 3295 3296 3297 
1051 645 678 642 2878 3176 3298 
1052 426 913 40 3065 1965 3299 
1053 643 689 688 3300 3301 3302 
1054 525 605 495 3091 3303 2939 
1055 1020 1021 427 3137 3304 3128 
1056 650 1200 523 2867 2947 2984 
1057 35 436 36 2268 2176 56 
1058 804 1246 813 3305 3306 3307 
1059 147 1211 454 3308 3226 3309 
1060 275 1171 452 3310 1998 3311 
1061 637 680 635 3312 3313 3314 
1062 1141 1228 713 2805 3315 3316 
1063 788 1268 1257 3317 3318 3319 
1064 716 1142 1141 3320 3321 3322 
1065 212 1146 211 2908 2927 245 
1066 1230 1295 558 3323 3324 3325 
1067 428 1558 1076 3326 3327 1590 
1068 667 687 665 3174 3328 3329 
1069 930 931 605 3330 3331 3090 
1070 714 1205 716 3332 3333 3334 
1071 936 942 740 3335 3336 3060 
1072 1102 1103 413 3337 3338 2722 
1073 849 851 850 3339 2316 3190 
1074 643 688 639 3302 2946 3340 
1075 827 1174 883 3341 3342 3343 
1076 404 1168 141 3172 3344 3345 
1077 85 396 86 2124 3346 112 
1078 720 1182 689 3210 3347 3348 
1079 662 710 589 3236 3349 3222 
1080 882 1040 709 1678 3350 3238 
1081 30 431 31 3169 3117 51 
1082 1219 1220 405 3351 2773 3352 
1083 331 1190 392 3353 3354 3355 
1084 933 935 934 3356 3357 3358 
1085 692 900 693 3359 3029 2881 
1086 1189 1317 925 3360 2621 3361 
1087 640 643 639 3362 3340 3363 
1088 273 444 272 3279 3263 306 
1089 689 1013 688 3364 3365 3301 
1090 1190 1191 392 3366 2346 3354 
1091 887 1157 677 3266 3167 3201 
1092 586 713 549 3367 3368 3369 
1093 873 875 874 3370 3371 3372 
1094 271 1186 270 3272 2931 304 
1095 714 716 713 3334 3373 3374 
1096 649 694 650 3375 2934 2983 
1097 1213 1214 1212 3376 3377 3378 
1098 822 846 827 3379 3380 3381 
1099 1244 1245 811 3382 3383 3384 
1100 957 961 955 2232 3385 3386 
1101 489 608 492 3387 3388 2849 
1102 150 1219 405 3389 3352 3390 
1103 638 639 637 3391 3261 3392 
1104 270 440 269 2932 2548 303 
1105 2 403 29 1708 3393 49 
1106 283 1210 400 3394 3395 3396 
1107 275 452 274 3311 3044 308 
1108 139 1151 138 2834 3048 172 
1109 711 712 710 3397 3398 3235 
1110 83 398 84 3399 2129 110 
1111 689 1182 1013 3347 1820 3364 
1112 125 465 124 1934 3400 158 
1113 784 1296 1249 3013 3401 2813 
1114 716 1141 713 3322 3316 3373 
1115 846 1177 1175 3402 3403 3404 
1116 629 630 626 3405 3406 3407 
1117 846 1175 1174 3404 3408 3409 
1118 721 722 652 3042 3410 3099 
1119 1206 1207 680 2825 3411 3412 
1120 590 663 662 3413 3414 3221 
1121 848 1156 797 3415 3285 3196 
1122 875 877 876 3097 3416 3417 
1123 798 805 802 2949 3418 3419 
1124 580 590 589 3420 3223 3289 
1125 1142 1346 1345 3421 3422 3423 
1126 277 432 276 3185 3075 310 
1127 757 758 756 3199 3424 3179 
1128 1175 1176 1174 3425 3426 3408 
1129 268 453 267 2549 3427 301 
1130 278 1196 1194 3428 3429 3430 
1131 886 993 885 3431 3432 3433 
1132 1215 1216 1214 3434 3435 3436 
1133 717 1205 714 3437 3332 3438 
1134 812 1244 811 3439 3384 3440 
1135 866 868 863 3441 3122 3442 
1136 586 714 713 3443 3374 3367 
1137 1211 1242 1213 3444 3445 3446 
1138 595 1189 925 3254 3361 3134 
1139 679 1009 882 2362 3259 3237 
1140 759 760 758 3281 3447 3198 
1141 1257 1268 1202 3318 3448 3449 
1142 1199 1300 862 3450 3451 3212 
1143 489 1170 608 3452 3453 3387 
1144 803 1246 804 3454 3305 3455 
1145 725 726 724 3456 3457 3138 
1146 1211 1213 1212 3446 3378 3225 
1147 1001 1065 720 1781 3458 3459 
1148 905 1164 904 3460 3461 3002 
1149 497 499 498 3462 3034 3006 
1150 725 1269 726 2463 3463 3456 
1151 810 873 872 2992 3464 3465 
1152 607 924 585 3466 3467 3468 
1153 775 777 776 3469 3470 3471 
1154 266 428 265 3472 3473 299 
1155 1213 1242 1217 3445 2962 3474 
1156 765 787 767 2752 2570 3475 
1157 152 1223 151 3244 3476 185 
1158 783 793 792 3477 3478 3479 
1159 624 627 621 2863 2297 3480 
1160 719 720 689 3481 3348 3482 
1161 141 1168 140 3344 3025 174 
1162 619 651 622 3081 3483 3484 
1163 1190 1192 1191 3485 1968 3366 
1164 549 1228 546 3486 3068 3487 
1165 39 426 40 3294 3299 60 
1166 37 427 38 3230 3488 58 
1167 1201 1202 864 3131 3489 3490 
1168 772 1321 775 2689 3491 3492 
1169 263 406 262 3493 3494 296 
1170 684 885 677 3495 3202 3496 
1171 797 798 794 3286 3497 3257 
1172 877 890 878 3498 3499 3500 
1173 837 1201 864 3501 3490 3502 
1174 530 533 532 2468 3503 3504 
1175 629 631 630 3505 3283 3405 
1176 278 1194 277 3430 3184 311 
1177 524 527 522 3107 2898 2929 
1178 1065 1066 720 3506 3211 3458 
1179 783 1162 793 3085 3507 3477 
1180 777 781 780 3269 3508 3509 
1181 280 412 279 3297 3178 313 
1182 950 951 949 3510 2924 3511 
1183 1208 1244 815 3512 3513 3270 
1184 570 1230 559 1895 3514 3515 
1185 494 1178 497 3516 3517 3264 
1186 846 1174 827 3409 3341 3380 
1187 272 1185 271 3262 3273 305 
1188 1225 1226 1210 3518 3519 3520 
1189 695 1302 698 3521 3522 3105 
1190 630 1161 626 3523 3053 3406 
1191 638 640 639 3524 3363 3391 
1192 396 959 86 3525 2138 3346 
1193 762 765 764 2665 3526 3527 
1194 643 1188 719 3528 1681 3529 
1195 221 1145 220 2852 2967 254 
1196 772 775 774 3492 3530 3531 
1197 595 597 596 3135 3532 3533 
1198 274 1167 273 3043 3278 307 
1199 809 1165 810 3534 2990 3535 
1200 283 400 282 3396 3536 316 
1201 880 1078 1077 3537 3538 3539 
1202 41 407 42 1870 1957 62 
1203 284 1225 1210 3540 3520 3541 
1204 145 410 144 3542 3543 178 
1205 559 1230 558 3514 3325 3544 
1206 147 454 146 3309 3545 180 
1207 636 637 635 3546 3314 3547 
1208 1042 1043 889 3548 3549 3550 
1209 148 1211 147 3551 3308 181 
1210 504 506 505 3552 3553 3009 
1211 150 405 149 3390 3183 183 
1212 800 1224 830 3554 3555 3556 
1213 455 1190 332 3557 3558 3559 
1214 142 404 141 1618 3345 175 
1215 455 1192 1190 3560 3485 3557 
1216 276 1171 275 3074 3310 309 
1217 855 856 853 3561 2250 3562 
1218 1265 1266 1037 3563 3564 3565 
1219 1213 1215 1214 3566 3436 3376 
1220 528 529 527 3567 3568 3106 
1221 561 570 559 3569 3515 3570 
1222 755 756 754 3180 3571 3251 
1223 281 1204 280 3572 3295 314 
1224 643 719 689 3529 3482 3300 
1225 637 1206 680 3260 3412 3312 
1226 719 1001 720 1967 3459 3481 
1227 669 1198 667 3573 3173 3574 
1228 700 1203 614 3162 3193 3051 
1229 945 1165 809 3575 3534 3132 
1230 761 762 760 2753 3576 3280 
1231 499 501 500 3577 3041 3033 
1232 585 1243 582 3578 3163 3579 
1233 890 892 891 3580 3581 3582 
1234 837 864 839 3502 3583 3584 
1235 84 1022 85 2128 2123 111 
1236 640 1188 643 3585 3528 3362 
1237 793 794 792 3258 3586 3478 
1238 815 1244 812 3513 3439 3587 
1239 534 537 536 2943 3588 3589 
1240 335 393 334 3590 3591 368 
1241 333 455 332 3592 3559 366 
1242 331 392 330 3355 3593 364 
1243 557 558 554 3594 3595 3596 
1244 698 955 954 3597 3598 2869 
1245 750 751 748 3157 3599 2997 
1246 608 1178 492 3600 3601 3388 
1247 279 1196 278 3177 3428 312 
1248 593 1266 1265 3602 3563 3603 
1249 537 539 538 2913 3604 3605 
1250 510 512 511 3606 3046 3123 
1251 634 635 633 3607 3608 3609 
1252 835 1201 837 3610 3501 3611 
1253 151 1219 150 3612 3389 184 
1254 1219 1222 1220 3613 2836 3351 
1255 501 504 503 3614 3010 3040 
1256 800 1238 1224 3615 3616 3554 
1257 1013 1048 688 2212 3036 3365 
1258 486 1170 489 3215 3452 2940 
1259 839 1209 841 3617 3618 3619 
1260 589 1173 578 3620 3076 3290 
1261 676 677 645 3621 3168 3622 
1262 813 1246 880 3306 3623 3624 
1263 864 1209 839 3625 3617 3583 
1264 883 933 884 3626 3627 3628 
1265 555 595 587 3255 3629 3630 
1266 284 1210 283 3541 3394 317 
1267 636 638 637 3631 3392 3546 
1268 830 1224 835 3555 3632 3633 
1269 1245 1247 811 3634 3635 3383 
1270 809 810 806 3535 3636 3292 
1271 671 730 691 3248 3637 3638 
1272 222 484 221 3639 2853 255 
1273 686 729 728 2812 3640 3641 
1274 709 1161 630 3642 3523 3288 
1275 805 806 802 3293 3643 3418 
1276 775 776 774 3471 3644 3530 
1277 550 586 549 3645 3369 3646 
1278 651 652 622 3100 3647 3483 
1279 492 1178 494 3601 3516 2850 
1280 715 717 714 3648 3438 3649 
1281 819 862 817 3650 3218 3651 
1282 332 1190 331 3558 3353 365 
1283 753 754 751 3252 3652 3156 
1284 892 894 893 3160 3653 3654 
1285 1233 1236 1232 3655 3656 3657 
1286 785 1238 789 3658 3659 3660 
1287 835 1224 1201 3632 3661 3610 
1288 579 580 578 3209 3291 3662 
1289 490 747 487 3220 1775 2989 
1290 420 1225 285 3663 3664 3665 
1291 673 681 614 3666 3052 3667 
1292 573 574 571 3668 3669 3670 
1293 1102 1104 1103 1597 3671 3337 
1294 820 1293 822 2970 3672 3673 
1295 659 660 657 3072 3674 2779 
1296 1232 1236 420 3656 3675 3676 
1297 460 1233 1232 3677 3657 3678 
1298 880 1077 881 3539 3679 3680 
1299 960 990 398 3681 2314 3682 
1300 577 578 575 3683 3077 3684 
1301 83 960 398 2139 3682 3399 
1302 632 633 631 3685 2368 3686 
1303 1034 1037 1036 3687 2200 3688 
1304 512 515 514 3689 3067 3045 
1305 285 1225 284 3664 3540 318 
1306 718 1019 717 3690 3691 3692 
1307 430 1240 1239 1876 3693 3694 
1308 789 1238 800 3659 3615 3695 
1309 1224 1256 1201 3696 3130 3661 
1310 813 880 825 3624 3697 3698 
1311 935 944 934 3699 3700 3357 
1312 599 654 598 3204 3701 3103 
1313 593 1265 1264 3603 3702 3703 
1314 396 980 959 3704 2551 3525 
1315 781 783 782 3086 3705 3706 
1316 1234 1235 1233 3707 3708 3709 
1317 642 1188 640 3175 3585 3710 
1318 548 549 546 3711 3487 3712 
1319 445 1231 259 3713 3714 3715 
1320 827 883 828 3343 3716 3717 
1321 835 837 836 3611 3718 3719 
1322 603 1184 671 3720 3246 3721 
1323 837 839 838 3584 3722 3723 
1324 713 1228 549 3315 3486 3368 
1325 777 780 776 3509 3724 3470 
1326 151 1223 1219 3476 3725 3612 
1327 1264 1265 979 3702 3726 3727 
1328 765 767 766 3475 3728 3729 
1329 289 1237 288 3730 3731 322 
1330 1279 1286 560 3732 3733 3734 
1331 793 1162 847 3507 3735 3232 
1332 259 1231 258 3714 3736 292 
1333 839 841 840 3619 3737 3738 
1334 924 1243 585 3739 3578 3467 
1335 781 782 780 3706 3740 3508 
1336 478 1229 154 3741 3742 3743 
1337 153 433 152 3744 3245 186 
1338 260 445 259 3745 3715 293 
1339 460 1234 1233 3746 3709 3677 
1340 460 1232 287 3678 3747 3748 
1341 153 1229 433 3749 1696 3744 
1342 286 420 285 3750 3665 319 
1343 830 835 834 3633 3751 3752 
1344 894 896 895 3753 3754 3755 
1345 326 1239 476 3756 3757 3758 
1346 286 1232 420 3759 3676 3750 
1347 328 430 327 3760 3761 361 
1348 1042 1044 1043 3762 3763 3548 
1349 664 665 663 3764 3765 3766 
1350 765 766 764 3729 3767 3526 
1351 906 909 908 3768 3769 3098 
1352 430 1239 327 3694 3770 3761 
1353 846 1293 1177 3771 2893 3402 
1354 864 1268 1209 3772 3773 3625 
1355 1217 1218 1215 2778 3774 3775 
1356 601 1184 603 3776 3720 3777 
1357 915 1164 905 3778 3460 3088 
1358 288 1237 460 3731 3779 3780 
1359 154 1229 153 3742 3749 187 
1360 148 1242 1211 3781 3444 3551 
1361 155 478 154 3782 3743 188 
1362 287 1232 286 3747 3759 320 
1363 327 1239 326 3770 3756 360 
1364 516 1255 517 3057 2525 2809 
1365 326 476 325 3758 3783 359 
1366 288 460 287 3780 3748 321 
1367 584 585 582 3784 3579 3785 
1368 609 614 568 3786 3194 3787 
1369 866 869 868 3788 3789 3441 
1370 873 874 872 3372 3790 3464 
1371 603 671 670 3721 3791 3792 
1372 822 827 823 3381 3793 3794 
1373 557 559 558 3795 3544 3594 
1374 149 1242 148 3182 3781 182 
1375 460 1237 1234 3779 2239 3746 
1376 356 477 355 3796 3797 389 
1377 506 1301 505 3798 3799 3553 
1378 804 811 796 3800 3801 3802 
1379 880 1246 1078 3623 3803 3537 
1380 875 876 874 3417 3804 3371 
1381 699 1113 696 2494 2953 2868 
1382 644 645 642 3805 3298 3806 
1383 1077 1080 881 3807 3808 3679 
1384 1259 1274 920 3809 3810 3811 
1385 835 836 834 3719 3812 3751 
1386 558 1274 554 3813 3814 3595 
1387 837 838 836 3723 3815 3718 
1388 634 636 635 3816 3547 3607 
1389 778 1257 1202 3817 3449 3110 
1390 801 1251 794 3818 3819 3820 
1391 855 857 856 2748 2027 3561 
1392 811 1247 796 3635 3821 3801 
1393 1043 1286 889 3822 3823 3549 
1394 586 715 714 3824 3649 3443 
1395 839 840 838 3738 3825 3722 
1396 794 1251 792 3819 3826 3586 
1397 561 571 570 3827 3828 3569 
1398 544 563 541 3113 3829 3830 
1399 1063 1064 1061 3831 1989 3063 
1400 841 879 840 3832 3833 3737 
1401 606 607 585 3834 3468 3835 
1402 789 800 799 3695 3836 3837 
1403 786 1247 779 3838 3839 3840 
1404 880 881 825 3680 3841 3697 
1405 845 1082 833 3842 3843 3844 
1406 859 861 808 3845 3846 3847 
1407 901 950 949 3848 3511 2872 
1408 691 922 690 3849 3850 3851 
1409 897 1086 1075 2076 3852 3853 
1410 795 796 786 3854 3855 3856 
1411 767 769 768 2592 3857 3858 
1412 710 1173 589 3859 3620 3349 
1413 628 629 626 3860 3407 3861 
1414 1034 1265 1037 3862 3565 3687 
1415 1110 1111 952 2659 2670 3863 
1416 807 860 832 3864 2103 3865 
1417 819 863 862 3866 3213 3650 
1418 800 830 829 3556 3867 3868 
1419 852 853 851 3869 2097 3870 
1420 778 1256 1250 3109 3871 3872 
1421 798 802 801 3419 3873 3874 
1422 192 1248 191 3875 3876 225 
1423 769 772 771 2690 3877 3878 
1424 1213 1217 1215 3474 3775 3566 
1425 829 870 799 3879 3880 3881 
1426 773 779 771 3882 3883 3884 
1427 800 829 799 3868 3881 3836 
1428 772 774 773 3531 3885 3886 
1429 548 550 549 3887 3646 3711 
1430 767 768 766 3858 3888 3728 
1431 785 786 779 3889 3840 3890 
1432 684 886 885 3891 3433 3495 
1433 830 834 833 3752 3892 3893 
1434 789 795 786 3894 3856 3895 
1435 731 1286 1279 3896 3732 3897 
1436 641 642 640 3898 3710 3899 
1437 789 799 795 3837 3900 3894 
1438 845 1084 1083 3901 3902 3903 
1439 785 789 786 3660 3895 3889 
1440 795 803 796 3904 3905 3854 
1441 193 456 192 2340 3906 226 
1442 877 878 876 3500 3907 3416 
1443 773 785 779 3908 3890 3882 
1444 924 1276 1243 3909 3910 3739 
1445 595 596 587 3533 3911 3629 
1446 783 792 791 3479 3912 3913 
1447 666 667 665 3914 3329 3915 
1448 1034 1036 1035 3688 3916 3917 
1449 769 771 768 3878 3918 3857 
1450 772 773 771 3886 3884 3877 
1451 1153 1154 395 1753 3287 3083 
1452 830 833 829 3893 3919 3867 
1453 840 842 838 3920 3921 3825 
1454 1219 1223 1222 3725 3922 3613 
1455 920 1295 921 3923 3924 3925 
1456 849 852 851 3926 3870 3339 
1457 577 579 578 3927 3662 3683 
1458 715 718 717 3928 3692 3648 
1459 796 1247 786 3821 3838 3855 
1460 834 845 833 3929 3844 3892 
1461 933 934 884 3358 3930 3627 
1462 738 979 978 3931 3932 3933 
1463 573 575 574 3934 2904 3668 
1464 785 1250 1238 3935 3936 3658 
1465 979 1034 1033 3937 3938 3939 
1466 1140 1258 525 2601 3249 2966 
1467 845 1083 1082 3903 3940 3842 
1468 354 457 353 3941 3942 387 
1469 528 530 529 2331 3943 3567 
1470 803 804 796 3455 3802 3905 
1471 632 634 633 3944 3609 3685 
1472 603 670 604 3792 3945 3946 
1473 820 822 821 3673 3947 3948 
1474 552 1274 1259 3949 3809 3950 
1475 671 691 690 3638 3851 3951 
1476 776 778 774 3952 3953 3644 
1477 890 891 878 3582 3954 3499 
1478 207 399 206 1576 2117 240 
1479 615 674 612 1584 2456 3955 
1480 584 606 585 3956 3835 3784 
1481 515 518 516 3957 3229 3066 
1482 629 632 631 3958 3686 3505 
1483 1258 1361 930 3959 2480 3250 
1484 676 684 677 3960 3496 3621 
1485 625 626 624 3961 3054 3962 
1486 1034 1035 1033 3917 3963 3938 
1487 1105 1106 1103 3964 3965 3966 
1488 597 598 596 3104 3967 3532 
1489 807 1251 860 3968 3969 3864 
1490 1247 1253 779 3970 3971 3839 
1491 590 664 663 3972 3766 3413 
1492 798 801 794 3874 3820 3497 
1493 774 1250 773 3973 3974 3885 
1494 691 923 922 3975 3976 3849 
1495 778 1250 774 3872 3973 3953 
1496 859 867 861 3977 3978 3845 
1497 1250 1256 1238 3871 3979 3936 
1498 783 791 782 3913 3980 3705 
1499 766 770 764 3981 3982 3767 
1500 773 1250 785 3974 3935 3908 
1501 832 859 808 3983 3847 3984 
1502 1041 1042 889 3985 3550 3986 
1503 1105 1107 1106 2024 3987 3964 
1504 861 1261 808 3988 3989 3846 
1505 521 1301 649 3990 3991 3253 
1506 847 1249 849 3992 3993 3256 
1507 807 808 791 3994 3995 3996 
1508 456 1248 192 1836 3875 3906 
1509 87 409 88 2489 2145 114 
1510 581 594 583 3997 3998 3999 
1511 560 561 559 4000 3570 4001 
1512 979 1033 978 3939 4002 3932 
1513 89 408 90 2147 4003 116 
1514 668 669 667 4004 3574 4005 
1515 586 1259 715 4006 4007 3824 
1516 623 624 621 4008 3480 4009 
1517 1162 1249 847 2814 3992 3735 
1518 782 788 780 4010 4011 3740 
1519 606 737 607 4012 4013 3834 
1520 671 690 670 3951 4014 3791 
1521 792 807 791 4015 3996 3912 
1522 804 812 811 4016 3440 3800 
1523 475 482 481 2921 4017 4018 
1524 658 1312 692 4019 4020 3181 
1525 888 889 731 4021 4022 4023 
1526 771 1253 768 4024 4025 3918 
1527 88 963 89 2144 2146 115 
1528 807 832 808 3865 3984 3994 
1529 1274 1295 920 4026 3923 3810 
1530 482 976 975 2756 4027 4028 
1531 762 764 763 3527 4029 4030 
1532 892 893 891 3654 1856 3581 
1533 832 902 859 1730 4031 3983 
1534 74 397 75 2150 2158 101 
1535 204 413 203 2625 4032 237 
1536 726 1269 936 3463 4033 3059 
1537 779 1253 771 3971 4024 3883 
1538 920 921 718 3925 4034 4035 
1539 940 1029 733 4036 4037 4038 
1540 648 731 591 4039 4040 4041 
1541 556 557 554 4042 3596 4043 
1542 894 895 893 3755 4044 3653 
1543 1238 1256 1224 3979 3696 3616 
1544 1104 1105 1103 1645 3966 3671 
1545 1245 1253 1247 4045 3970 3634 
1546 72 424 73 2350 2154 99 
1547 91 414 92 2343 2156 118 
1548 537 538 536 3605 4046 3588 
1549 1142 1263 1141 4047 2729 3321 
1550 1004 1006 1005 4048 2995 3014 
1551 338 416 337 4049 4050 371 
1552 854 855 853 4051 3562 4052 
1553 583 584 582 4053 3785 4054 
1554 606 738 737 4055 4056 4012 
1555 804 813 812 3307 4057 4016 
1556 738 943 737 4058 4059 4056 
1557 810 872 871 3465 4060 4061 
1558 201 418 200 4062 4063 234 
1559 195 419 194 2650 2341 228 
1560 738 978 943 3933 4064 4058 
1561 813 825 814 3698 4065 4066 
1562 775 1306 777 4067 4068 3469 
1563 638 641 640 4069 3899 3524 
1564 814 815 812 4070 3587 4071 
1565 198 423 197 1656 2181 231 
1566 978 1057 943 4072 4073 4064 
1567 611 735 613 4074 4075 4076 
1568 881 919 825 4077 4078 3841 
1569 553 554 552 4079 4080 4081 
1570 576 577 575 4082 3684 4083 
1571 583 593 584 4084 4085 4053 
1572 581 582 579 4086 3165 4087 
1573 73 965 74 2153 2149 100 
1574 883 884 828 3628 4088 3716 
1575 849 1249 852 3993 4089 3926 
1576 655 898 654 4090 4091 3203 
1577 93 434 94 2160 2162 120 
1578 550 1259 586 4092 4006 3645 
1579 827 828 823 3717 4093 3793 
1580 664 666 665 4094 3915 3764 
1581 644 676 645 4095 3622 3805 
1582 1202 1268 864 3448 3772 3489 
1583 482 1281 1015 2920 4096 2754 
1584 581 583 582 3999 4054 4086 
1585 620 621 618 4097 2080 4098 
1586 715 1259 920 4007 3811 4099 
1587 896 897 895 2479 4100 3754 
1588 792 1251 807 3826 3968 4015 
1589 92 966 93 2155 2159 119 
1590 726 740 727 3061 4101 4102 
1591 551 552 550 4103 4104 4105 
1592 722 724 723 3139 4106 4107 
1593 352 422 351 4108 4109 385 
1594 1128 1312 656 2597 4110 3205 
1595 572 573 571 4111 3670 4112 
1596 738 1264 979 4113 3727 3931 
1597 577 581 579 4114 4087 3927 
1598 715 920 718 4099 4035 3928 
1599 698 1302 956 3522 4115 4116 
1600 802 831 801 4117 4118 3873 
1601 1098 1321 1127 4119 2695 4120 
1602 408 962 90 2137 2140 4003 
1603 539 542 540 2470 4121 4122 
1604 1041 1045 1042 2105 4123 3985 
1605 573 576 575 4124 4083 3934 
1606 736 977 940 4125 4126 4127 
1607 557 560 559 4128 4001 3795 
1608 609 673 614 2041 3667 3786 
1609 533 534 532 2769 4129 3503 
1610 776 1257 778 4130 3817 3952 
1611 341 441 340 4131 1757 374 
1612 810 871 806 4061 4132 3636 
1613 508 1330 506 2613 4133 4134 
1614 931 932 605 2360 4135 3331 
1615 75 985 76 2157 2174 102 
1616 675 683 660 3150 4136 3071 
1617 70 439 71 2168 4137 97 
1618 629 1275 632 4138 4139 3958 
1619 576 1254 577 4140 4141 4082 
1620 673 746 681 4142 4143 3666 
1621 1268 1323 1209 4144 4145 3773 
1622 1 402 8 4146 4147 18 
1623 592 926 562 4148 4149 4150 
1624 780 1257 776 4151 4130 3724 
1625 95 446 3 2164 2171 122 
1626 641 644 642 4152 3806 3898 
1627 349 449 348 4153 4154 382 
1628 816 820 818 4155 4156 4157 
1629 581 1254 594 4158 2676 3997 
1630 852 854 853 4159 4052 3869 
1631 580 1276 590 4160 4161 3420 
1632 816 817 815 4162 3271 4163 
1633 822 823 821 3794 4164 3947 
1634 561 572 571 4165 4112 3827 
1635 666 668 667 4166 4005 3914 
1636 888 1041 889 2504 3986 4021 
1637 854 1098 1097 4167 4168 4169 
1638 813 814 812 4066 4071 4057 
1639 788 1257 780 3319 4151 4011 
1640 552 1259 550 3950 4092 4104 
1641 960 991 990 4170 4171 3681 
1642 547 548 546 4172 3712 4173 
1643 94 968 95 2161 2163 121 
1644 977 1050 940 4174 4175 4126 
1645 348 1260 347 4176 4177 381 
1646 625 628 626 4178 3861 3961 
1647 766 1282 770 4179 4180 3981 
1648 648 888 731 4181 4023 4039 
1649 979 1265 1034 3726 3862 3937 
1650 572 1252 573 4182 4183 4111 
1651 548 551 550 4184 4105 3887 
1652 918 1095 694 4185 4186 4187 
1653 854 1097 855 4169 2765 4051 
1654 593 1264 584 3703 4188 4085 
1655 1269 1370 936 4189 2383 4033 
1656 553 556 554 4190 4043 4079 
1657 808 1261 791 3989 4191 3995 
1658 584 1264 606 4188 4192 3956 
1659 3 967 70 2170 2167 96 
1660 495 1272 493 4193 2879 2891 
1661 347 458 346 4194 4195 380 
1662 782 1261 788 4196 4197 4010 
1663 344 448 343 4198 4199 377 
1664 825 1280 814 4200 4201 4065 
1665 616 617 615 4202 1653 4203 
1666 791 1261 782 4191 4196 3980 
1667 936 1277 942 2385 4204 3335 
1668 555 587 562 3630 4205 4206 
1669 81 411 82 2173 2345 108 
1670 545 555 547 2959 4207 4208 
1671 577 1254 581 4141 4158 4114 
1672 592 928 927 4209 4210 4211 
1673 670 672 604 4212 4213 3945 
1674 553 588 556 4214 4215 4190 
1675 762 763 760 4030 4216 3576 
1676 556 1279 557 4217 4218 4042 
1677 758 790 756 4219 4220 3424 
1678 623 625 624 4221 3962 4008 
1679 865 866 863 4222 3442 4223 
1680 1253 1282 768 4224 4225 4025 
1681 768 1282 766 4225 4179 3888 
1682 573 1252 576 4183 4226 4124 
1683 601 603 602 3777 4227 4228 
1684 648 916 888 4229 2506 4181 
1685 732 736 733 4230 4231 4232 
1686 551 553 552 4233 4081 4103 
1687 950 952 951 4234 2554 3510 
1688 928 1030 929 4235 4236 4237 
1689 1098 1127 1097 4120 2573 4168 
1690 439 989 71 4238 2143 4137 
1691 632 653 634 4239 4240 3944 
1692 736 940 733 4127 4038 4231 
1693 545 546 544 4241 3070 4242 
1694 922 1284 690 1933 4243 3850 
1695 1181 1362 725 4244 2461 2975 
1696 606 1264 738 4192 4113 4055 
1697 647 1267 648 4245 4246 4247 
1698 666 732 668 4248 4249 4166 
1699 628 1275 629 4250 4138 3860 
1700 1243 1276 580 3910 4160 3208 
1701 588 647 591 4251 4252 4253 
1702 1142 1345 1263 3423 4254 4047 
1703 563 1305 541 2654 4255 3829 
1704 554 1274 552 3814 3949 4080 
1705 814 816 815 4256 4163 4070 
1706 590 1276 664 4161 4257 3972 
1707 588 591 556 4253 4258 4215 
1708 543 544 541 4259 3830 4260 
1709 647 648 591 4247 4041 4252 
1710 732 733 668 4232 4261 4249 
1711 872 1014 871 4262 4263 4060 
1712 1221 1528 1266 4264 4265 4266 
1713 620 623 621 4267 4009 4097 
1714 819 865 863 4268 4223 3866 
1715 818 819 817 4269 3651 4270 
1716 603 604 602 3946 4271 4227 
1717 820 821 818 3948 4272 4156 
1718 592 927 926 4211 4273 4148 
1719 897 1075 999 3853 1788 4274 
1720 507 508 506 4275 4134 4276 
1721 80 969 81 2354 2172 107 
1722 919 1280 825 3140 4200 4078 
1723 616 618 617 4277 2296 4202 
1724 616 619 618 4278 4279 4277 
1725 536 734 535 4280 4281 4282 
1726 649 1301 918 3991 4283 4284 
1727 555 562 547 4206 4285 4207 
1728 731 1279 591 3897 4286 4040 
1729 901 1309 950 4287 4288 3848 
1730 1306 1321 1098 4289 4119 3114 
1731 569 609 568 4290 3787 4291 
1732 822 1293 846 3672 3771 3379 
1733 587 592 562 4292 4150 4205 
1734 876 1010 874 4293 4294 3804 
1735 598 682 596 4295 4296 3967 
1736 611 1278 735 4297 4298 4074 
1737 928 929 927 4237 4299 4210 
1738 897 999 895 4274 4300 4100 
1739 78 421 79 4301 4302 105 
1740 632 1275 653 4139 1702 4239 
1741 1184 1320 730 4303 4304 3247 
1742 557 1279 560 4218 3734 4128 
1743 641 685 644 4305 4306 4152 
1744 545 547 546 4208 4173 4241 
1745 1194 1336 1195 4307 2062 3153 
1746 930 1297 931 2482 4308 3330 
1747 534 536 535 3589 4282 4309 
1748 558 1295 1274 3324 4026 3813 
1749 619 622 620 3484 4310 4311 
1750 604 739 602 4312 4313 4271 
1751 623 646 625 4314 4315 4221 
1752 816 818 817 4157 4270 4162 
1753 727 1460 1270 1687 4316 4317 
1754 592 1287 928 4318 4319 4209 
1755 569 610 609 4320 2280 4290 
1756 907 1390 915 4321 4322 3087 
1757 530 531 529 4323 4324 3943 
1758 889 1286 731 3823 3896 4022 
1759 76 401 77 2175 4325 103 
1760 1087 1090 900 2498 4326 4327 
1761 823 824 821 4328 4329 4164 
1762 543 545 544 3079 4242 4259 
1763 891 917 878 1606 4330 3954 
1764 648 1267 916 4246 4331 4229 
1765 569 611 610 4332 4333 4320 
1766 881 1299 919 4334 3274 4077 
1767 591 1279 556 4286 4217 4258 
1768 539 540 538 4122 4335 3604 
1769 1203 1303 519 3161 2638 2763 
1770 676 994 684 4336 4337 3960 
1771 509 510 508 4338 3124 4339 
1772 505 1301 521 3799 3990 2914 
1773 619 620 618 4311 4098 4279 
1774 722 723 652 4107 4340 3410 
1775 692 1312 1087 4020 2639 4341 
1776 9 391 10 1643 1659 20 
1777 540 543 541 4342 4260 4343 
1778 884 946 828 4344 4345 4088 
1779 1043 1311 1286 4346 4347 3822 
1780 1080 1299 881 4348 4334 3808 
1781 1137 1354 721 4349 2526 2998 
1782 1323 1332 1209 4350 4351 4145 
1783 1245 1282 1253 4352 4224 4045 
1784 530 532 531 3504 4353 4323 
1785 814 1280 816 4201 4354 4256 
1786 1208 1314 1244 3126 4355 3512 
1787 735 1288 613 2699 4356 4075 
1788 760 1273 758 4357 4358 3447 
1789 560 1311 561 4359 4360 4000 
1790 866 1283 869 4361 4362 3788 
1791 8 467 9 4363 1664 19 
1792 439 1002 989 2359 4364 4238 
1793 694 1302 695 4365 3521 2933 
1794 548 1285 551 4366 4367 4184 
1795 926 1285 562 4368 4369 4149 
1796 564 1278 569 4370 4371 4372 
1797 816 1280 820 4354 2971 4155 
1798 613 615 612 4373 3955 4374 
1799 660 1316 657 4375 4376 3674 
1800 613 616 615 4377 4203 4373 
1801 982 984 983 4378 4379 3187 
1802 519 1342 1255 2637 2606 3056 
1803 726 727 724 4102 4380 3457 
1804 996 1025 746 1588 4381 4382 
1805 421 1018 1017 4383 4384 4385 
1806 534 535 532 4309 4386 4129 
1807 547 1285 548 4387 4366 4172 
1808 1197 1336 1196 2054 4388 3147 
1809 862 1300 1208 3451 3127 3216 
1810 601 1304 1184 4389 4390 3776 
1811 924 1310 1276 4391 4392 3909 
1812 1044 1329 1043 4393 4394 3763 
1813 564 568 518 4395 2759 4396 
1814 1304 1320 1184 4397 4303 4390 
1815 611 612 610 4398 2010 4333 
1816 540 541 538 4343 4399 4335 
1817 673 996 746 2284 4382 4142 
1818 449 1260 348 4400 4176 4154 
1819 510 513 512 4401 4402 3606 
1820 564 569 568 4372 4291 4395 
1821 754 858 751 4403 4404 3652 
1822 596 1287 587 4405 4406 3911 
1823 1282 1314 770 4407 3206 4180 
1824 684 1289 886 4408 1747 3891 
1825 421 974 79 4409 2148 4302 
1826 874 1290 872 4410 4411 3790 
1827 347 1260 458 4177 4412 4194 
1828 950 1309 1109 4288 2464 4413 
1829 777 1306 784 4068 3011 3268 
1830 1095 1302 694 4414 4365 4186 
1831 649 918 694 4284 4187 3375 
1832 865 947 866 4415 4416 4222 
1833 605 1272 495 4417 4193 3303 
1834 686 728 683 3641 4418 3149 
1835 898 899 654 2242 4419 4091 
1836 735 1340 1137 4420 4421 2700 
1837 531 600 529 4422 4423 4324 
1838 1270 1271 723 4424 4425 4426 
1839 587 1287 592 4406 4318 4292 
1840 1109 1110 952 2441 3863 4427 
1841 401 972 77 4428 2151 4325 
1842 1199 1327 1300 4429 4430 3450 
1843 611 613 612 4076 4374 4398 
1844 872 1290 1014 4411 1990 4262 
1845 1286 1311 560 4347 4359 3733 
1846 854 1296 1098 4431 3115 4167 
1847 655 1316 898 4432 4433 4090 
1848 504 507 506 4434 4276 3552 
1849 992 1004 742 4435 3015 4436 
1850 562 1285 547 4369 4387 4285 
1851 616 1288 619 4437 3080 4278 
1852 499 565 501 4438 4439 3577 
1853 1346 1347 923 4440 4441 4442 
1854 1017 1081 974 4443 4444 4445 
1855 1249 1296 852 3401 4446 4089 
1856 1209 1332 841 4351 4447 3618 
1857 656 1312 658 4110 4019 2795 
1858 878 1294 876 4448 4449 3907 
1859 509 1262 510 4450 4451 4338 
1860 569 1278 611 4371 4297 4332 
1861 932 1272 605 2567 4417 4135 
1862 682 1287 596 4452 4405 4296 
1863 535 1320 1304 4453 4397 4454 
1864 852 1296 854 4446 4431 4159 
1865 900 1309 901 4455 4287 3028 
1866 724 1270 723 4456 4426 4106 
1867 763 1273 760 4457 4357 4216 
1868 531 601 600 4458 4459 4422 
1869 758 1273 790 4358 4460 4219 
1870 950 1109 952 4413 4427 4234 
1871 703 745 705 1594 4461 3112 
1872 819 1298 865 4462 4463 4268 
1873 510 1262 513 4451 4464 4401 
1874 601 602 600 4228 4465 4459 
1875 622 1292 620 4466 4467 4310 
1876 652 1307 622 4468 4469 3647 
1877 818 1298 819 4470 4462 4269 
1878 1010 1290 874 1940 4410 4294 
1879 1285 1315 551 4471 4472 4367 
1880 918 1172 1095 4473 2511 4185 
1881 770 1327 764 4474 4475 3982 
1882 1276 1310 664 4392 4476 4257 
1883 666 1310 732 4477 4478 4248 
1884 1245 1314 1282 4479 4407 4352 
1885 620 1292 623 4467 4480 4267 
1886 541 1305 538 4255 4481 4399 
1887 401 973 972 2072 4482 4428 
1888 553 1315 588 4483 4484 4214 
1889 538 1305 536 4481 4485 4046 
1890 507 509 508 4486 4339 4275 
1891 536 1305 734 4485 2738 4280 
1892 657 1316 655 4376 4432 2910 
1893 802 1322 831 4487 2067 4117 
1894 1244 1314 1245 4355 4479 3382 
1895 821 1298 818 4488 4470 4272 
1896 623 1292 646 4480 4489 4314 
1897 535 1304 532 4454 4490 4386 
1898 824 1298 821 4491 4488 4329 
1899 507 744 509 4492 4493 4486 
1900 994 1289 684 1692 4408 4337 
1901 876 1294 1010 4449 1917 4293 
1902 1090 1309 900 2404 4455 4326 
1903 613 1288 616 4356 4437 4377 
1904 421 1017 974 4385 4445 4409 
1905 664 1310 666 4476 4477 4094 
1906 515 564 518 4494 4396 3957 
1907 871 1322 806 4495 4496 4132 
1908 473 937 469 4497 4498 4499 
1909 561 1311 572 4360 4500 4165 
1910 956 957 955 4501 3386 4502 
1911 11 443 12 4503 4504 22 
1912 692 1087 900 4341 4327 3359 
1913 1335 1339 737 4505 4506 4507 
1914 739 1356 1349 2724 4508 4509 
1915 947 1283 866 4510 4361 4416 
1916 917 1294 878 1897 4448 4330 
1917 1222 1528 1221 4511 4264 2837 
1918 532 1304 531 4490 4512 4353 
1919 727 1270 724 4317 4456 4380 
1920 13 447 14 4513 4514 24 
1921 926 1315 1285 4515 4471 4368 
1922 958 1059 957 2635 2274 4516 
1923 413 1328 203 4517 4518 4032 
1924 531 1304 601 4512 4389 4458 
1925 743 1316 660 4519 4375 4520 
1926 17 466 1 4521 4522 28 
1927 708 992 742 4523 4436 3186 
1928 1103 1328 413 4524 4517 3338 
1929 723 1307 652 4525 4468 4340 
1930 698 956 955 4116 4502 3597 
1931 938 939 937 4526 4527 4528 
1932 1100 1517 446 4529 4530 1873 
1933 729 1068 728 4531 4532 3640 
1934 16 437 17 4533 4534 27 
1935 622 1307 1292 4469 4535 4466 
1936 482 975 481 4028 4536 4017 
1937 341 1324 441 4537 4538 4131 
1938 542 1317 540 2661 4539 4121 
1939 1300 1327 770 4430 4474 3207 
1940 868 1344 1199 4540 4541 3120 
1941 869 1352 868 4542 4543 3789 
1942 775 1321 1306 3491 4289 4067 
1943 551 1315 553 4472 4483 4233 
1944 1271 1307 723 4544 4525 4425 
1945 1310 1331 732 4545 4546 4478 
1946 543 1317 1189 4547 3360 3078 
1947 788 1323 1268 4548 4144 3317 
1948 527 1318 1180 4549 2793 2896 
1949 1315 1326 588 4550 4551 4484 
1950 806 1322 802 4496 4487 3643 
1951 1261 1323 788 4552 4548 4197 
1952 540 1317 543 4539 4547 4342 
1953 10 468 11 1759 4553 21 
1954 607 1331 924 4554 4555 3466 
1955 956 958 957 4556 4516 4501 
1956 683 743 660 4557 4520 4136 
1957 501 1308 504 4558 4559 3614 
1958 861 1323 1261 4560 4552 3988 
1959 512 1313 515 4561 4562 3689 
1960 734 1320 535 4563 4453 4281 
1961 342 1324 341 4564 4537 375 
1962 588 1326 647 4551 4565 4251 
1963 924 1331 1310 4555 4545 4391 
1964 15 472 16 2306 4566 26 
1965 981 982 939 4567 3189 4568 
1966 513 1313 512 4569 4561 4402 
1967 529 1318 527 4570 4549 3568 
1968 412 1348 1197 4571 2120 3146 
1969 1301 1330 918 4572 4573 4283 
1970 479 480 474 4574 4575 4576 
1971 861 1332 1323 4577 4350 4560 
1972 926 1326 1315 4578 4550 4515 
1973 1043 1329 1311 4394 4579 4346 
1974 504 1308 507 4559 4580 4434 
1975 564 1313 1278 4581 4582 4370 
1976 12 471 13 4583 4584 23 
1977 203 1328 202 4518 4585 236 
1978 565 1308 501 4586 4558 4439 
1979 515 1313 564 4562 4581 4494 
1980 918 1330 1172 4573 2701 4473 
1981 1251 1341 860 4587 2122 3969 
1982 507 1308 744 4580 4588 4492 
1983 977 1339 1335 4589 4505 4590 
1984 1311 1329 572 4579 4591 4500 
1985 1205 1347 716 4592 4593 3333 
1986 607 1339 1331 4594 4595 4554 
1987 475 481 479 4018 4596 4597 
1988 647 1337 1267 4598 1650 4245 
1989 600 1318 529 4599 4570 4423 
1990 1380 1551 478 4600 4601 4602 
1991 506 1330 1301 4133 4572 3798 
1992 483 1016 480 4603 4604 4605 
1993 975 1056 481 2300 4606 4536 
1994 764 1327 763 4475 4607 4029 
1995 483 1028 1016 4608 1736 4603 
1996 502 1356 1140 4609 2599 2740 
1997 669 1393 1086 4610 4611 2262 
1998 927 1326 926 4612 4578 4273 
1999 447 469 14 4613 4614 4514 
2000 1106 1328 1103 4615 4524 3965 
2001 938 995 981 4616 4617 4618 
2002 737 1339 607 4506 4594 4013 
2003 1068 1069 728 4619 4620 4532 
2004 1326 1337 647 4621 4598 4565 
2005 470 475 474 2617 4622 4623 
2006 473 938 937 4624 4528 4497 
2007 217 1360 461 4625 4626 2842 
2008 1302 1338 956 4627 4628 4115 
2009 831 1341 801 2049 4629 4118 
2010 705 1319 708 4630 4631 3284 
2011 572 1329 1252 4591 4632 4182 
2012 938 981 939 4618 4568 4526 
2013 479 483 480 4633 4605 4574 
2014 745 1319 705 4634 4630 4461 
2015 201 1343 418 4635 4636 4062 
2016 867 1332 861 4637 4577 3978 
2017 982 1088 984 4638 4639 4378 
2018 1196 1336 1194 4388 4307 3429 
2019 732 1331 736 4546 4640 4230 
2020 691 1346 923 4641 4442 3975 
2021 956 1338 958 4628 2538 4556 
2022 475 479 474 4597 4576 4622 
2023 513 1340 1313 4642 4643 4569 
2024 943 1335 737 4644 4507 4059 
2025 1178 1377 1374 4645 4646 4647 
2026 995 1096 981 4648 4649 4617 
2027 927 1337 1326 4650 4621 4612 
2028 1313 1340 1278 4643 4651 4582 
2029 400 1353 282 2090 4652 3536 
2030 470 473 469 4653 4499 4654 
2031 1318 1349 1132 4655 4656 2794 
2032 281 1353 1204 4657 2182 3572 
2033 708 1319 992 4631 4658 4523 
2034 1331 1339 736 4595 4659 4640 
2035 470 474 473 4623 4660 4653 
2036 929 1337 927 1798 4650 4299 
2037 1400 1516 986 4661 1585 4662 
2038 447 470 469 2652 4654 4613 
2039 736 1339 977 4659 4589 4125 
2040 1163 1398 1139 4663 4664 2542 
2041 841 1363 879 4665 2243 3832 
2042 481 1325 479 4666 4667 4596 
2043 345 1355 344 4668 4669 378 
2044 1328 1343 202 4670 4671 4585 
2045 1095 1338 1302 2631 4627 4414 
2046 683 1334 743 4672 4673 4557 
2047 728 1334 683 4674 4672 4418 
2048 1056 1325 481 2308 4666 4606 
2049 1199 1344 1327 4541 4675 4429 
2050 1142 1347 1346 4676 4440 3421 
2051 739 1349 602 4509 4677 4313 
2052 1062 1450 712 1826 4678 1742 
2053 479 1325 483 4667 4679 4633 
2054 868 1352 1344 4543 4680 4540 
2055 1278 1340 735 4651 4420 4298 
2056 902 1358 859 2087 4681 4031 
2057 1106 1343 1328 4682 4670 4615 
2058 1349 1356 1132 4508 4683 4656 
2059 801 1341 1251 4629 4587 3818 
2060 1117 1372 1118 2302 4684 2993 
2061 1345 1346 730 3422 4685 4686 
2062 1327 1344 763 4675 4687 4607 
2063 1069 1334 728 1953 4674 4620 
2064 1004 1561 1560 4688 4689 4690 
2065 480 1333 474 4691 4692 4575 
2066 938 1333 995 4693 4694 4616 
2067 1156 1368 843 4695 1649 2799 
2068 1357 1394 674 2248 2455 1763 
2069 1263 1345 734 4254 4696 2739 
2070 473 1333 938 4697 4693 4624 
2071 202 1343 201 4671 4635 235 
2072 480 1351 1333 4698 4699 4691 
2073 474 1333 473 4692 4697 4660 
2074 1333 1351 995 4699 4700 4694 
2075 1175 1405 1176 4701 1907 3425 
2076 478 1551 1434 4601 4702 4703 
2077 600 1349 1318 4704 4655 4599 
2078 730 1346 691 4685 4641 3637 
2079 1320 1345 730 4705 4686 4304 
2080 716 1347 1142 4593 4676 3320 
2081 928 1364 1030 4706 4707 4235 
2082 1204 1348 412 1766 4571 3296 
2083 763 1344 1273 4687 4708 4457 
2084 824 1542 1407 4709 4710 4711 
2085 734 1345 1320 4696 4705 4563 
2086 739 1361 1258 4712 3959 2725 
2087 604 1361 739 4713 4712 4312 
2088 850 1368 848 4714 4715 3191 
2089 1225 1366 1226 4716 2272 3518 
2090 1340 1354 1137 4717 4349 4421 
2091 1236 1366 420 2131 4718 3675 
2092 509 1362 1262 4719 4720 4450 
2093 1163 1521 1398 4721 4722 4663 
2094 1004 1560 1006 4690 4723 4048 
2095 602 1349 600 4677 4704 4465 
2096 823 1365 824 4724 4725 4328 
2097 636 1367 638 4726 4727 3631 
2098 946 1365 828 2133 4728 4345 
2099 513 1354 1340 4729 4717 4642 
2100 682 1364 1287 4730 4731 4452 
2101 1260 1350 458 4732 4733 4412 
2102 282 1353 281 4652 4657 315 
2103 1344 1352 1273 4680 4734 4708 
2104 879 1369 840 2126 4735 3833 
2105 1273 1352 790 4734 4736 4460 
2106 1262 1362 1181 4720 4244 2667 
2107 1132 1356 502 4683 4609 3047 
2108 344 1355 448 4669 4737 4198 
2109 633 1375 1114 4738 2531 2367 
2110 641 1367 685 4739 2517 4305 
2111 1016 1351 480 2516 4698 4604 
2112 1262 1354 513 2666 4729 4464 
2113 859 1358 867 4681 4740 3977 
2114 636 1399 1367 4741 4742 4726 
2115 942 1359 740 4743 4744 3336 
2116 1072 1482 1032 4745 4746 3094 
2117 1067 1489 457 2322 4747 1710 
2118 635 1375 633 4748 4738 3608 
2119 1178 1374 497 4647 4749 3517 
2120 993 1378 885 4750 4751 3432 
2121 887 1378 1159 4752 4753 3240 
2122 565 1374 1277 4754 4755 2522 
2123 867 1363 1332 2112 4756 4637 
2124 941 1403 1390 4757 2577 4758 
2125 915 1390 1350 4322 4759 4760 
2126 499 1374 565 4761 4754 4438 
2127 218 1360 217 4762 4625 251 
2128 1266 1388 1221 4763 4764 4266 
2129 1384 1414 1359 4765 4766 4767 
2130 672 1361 604 2575 4713 4213 
2131 744 1370 1269 4768 4189 2556 
2132 448 1376 343 4769 4770 4199 
2133 1332 1363 841 4756 4665 4447 
2134 744 1362 509 2555 4719 4493 
2135 124 1379 123 4771 4772 157 
2136 258 1380 257 4773 4774 291 
2137 325 1381 324 4775 4776 358 
2138 191 1383 190 4777 4778 224 
2139 1053 1373 1054 2545 1935 2332 
2140 1358 1431 867 4779 2110 4740 
2141 1287 1364 928 4731 4706 4319 
2142 342 1376 1324 4780 4781 4564 
2143 1308 1370 744 4782 4768 4588 
2144 1400 1455 466 2736 4783 4784 
2145 1079 1564 1078 4785 4786 1727 
2146 393 1564 1079 4787 4785 3277 
2147 1216 1389 1214 4788 4789 3435 
2148 1122 1400 1121 2737 4790 2645 
2149 1374 1377 1277 4646 4791 4755 
2150 1218 1387 1215 4792 4793 3774 
2151 1324 1376 935 4781 4794 4795 
2152 594 1388 583 4796 4797 3998 
2153 828 1365 823 4728 4724 4093 
2154 593 1388 1266 4798 4763 3602 
2155 1084 1458 1241 4799 1845 1919 
2156 1029 1393 733 4800 4801 4037 
2157 420 1366 1225 4718 4716 3663 
2158 668 1393 669 4802 4610 4004 
2159 345 1403 1355 4803 4804 4668 
2160 1091 1555 1002 4805 4806 2358 
2161 992 1565 1561 4807 4808 4809 
2162 912 1484 1038 2092 2473 3166 
2163 681 1396 701 4810 2198 3224 
2164 638 1367 641 4727 4739 4069 
2165 1240 1397 1239 2270 4811 3693 
2166 848 1368 1156 4715 4695 3415 
2167 1389 1532 1214 4812 4813 4789 
2168 933 1522 935 4814 4815 3356 
2169 461 1371 1124 4816 4817 2781 
2170 1207 1373 680 1849 4818 3411 
2171 1002 1555 1165 4806 4819 4820 
2172 1482 1511 1032 4821 4822 4746 
2173 840 1369 842 4735 4823 3920 
2174 646 1395 625 4824 4825 4315 
2175 1191 1485 1082 2225 4826 2347 
2176 985 1509 1031 2108 2410 1995 
2177 992 1561 1004 4809 4688 4435 
2178 1391 1440 391 4827 1906 1642 
2179 1118 1372 1119 4684 2275 2585 
2180 416 1545 1299 4828 4829 4830 
2181 935 1522 1324 4815 4831 4795 
2182 653 1399 634 4832 4833 4240 
2183 1407 1542 1012 4710 4834 1777 
2184 1367 1399 1051 4742 4835 2518 
2185 883 1406 933 4836 4837 3626 
2186 565 1370 1308 2521 4782 4586 
2187 1161 1413 627 4838 2326 2862 
2188 477 1402 355 4839 4840 3797 
2189 354 1402 457 4841 3118 3941 
2190 858 1423 1092 4842 2493 2069 
2191 1176 1406 1174 2563 4843 3426 
2192 1082 1476 392 4844 4845 2348 
2193 1032 1511 402 4822 4846 2537 
2194 458 1403 346 2578 4847 4195 
2195 404 1425 1169 1885 2098 3170 
2196 338 1405 416 4848 4849 4049 
2197 1329 1389 1252 4850 4851 4632 
2198 200 1409 199 4852 2435 233 
2199 33 1412 464 1740 4853 3267 
2200 1040 1413 709 1887 4854 3350 
2201 1355 1403 941 4804 4757 2472 
2202 497 1374 499 4749 4761 3462 
2203 865 1407 947 4855 1770 4415 
2204 893 1441 1187 4856 2457 1855 
2205 906 1412 909 4857 2960 3768 
2206 598 1410 682 4858 4859 4295 
2207 1015 1554 976 2252 4860 2755 
2208 717 1416 1205 4861 1914 3437 
2209 1223 1419 1222 4862 4863 3922 
2210 899 1410 654 2520 4864 4419 
2211 1193 1437 870 2213 4865 2387 
2212 824 1407 1298 4711 4866 4491 
2213 394 1420 1359 2018 4867 4868 
2214 994 1563 1055 4869 4870 2580 
2215 910 1526 1408 2291 4871 2429 
2216 680 1375 635 4872 4748 3313 
2217 1055 1563 685 4870 4873 1924 
2218 1271 1518 1418 4874 4875 1667 
2219 740 1420 727 4876 1689 4101 
2220 1107 1411 1106 1893 4877 3987 
2221 608 1377 1178 4878 4645 3600 
2222 790 1423 756 2260 4879 4220 
2223 1373 1375 680 2544 4872 4818 
2224 16 1475 437 4880 4881 4533 
2225 803 1429 1246 2007 4882 3454 
2226 754 1423 858 4883 4842 4403 
2227 343 1376 342 4770 4780 376 
2228 1319 1568 1565 4884 4885 4886 
2229 472 1475 16 1865 4880 4566 
2230 711 1444 712 1706 2671 3397 
2231 1042 1427 1044 4887 4888 3762 
2232 131 1436 462 4889 4890 2874 
2233 450 1436 132 2669 4891 2909 
2234 1210 1431 400 4892 4893 3395 
2235 670 1428 672 4894 4895 4212 
2236 1372 1499 961 4896 2100 2276 
2237 1233 1430 1236 4897 4898 3655 
2238 1284 1428 690 2491 4899 4243 
2239 261 1539 1057 4900 4901 2693 
2240 885 1378 887 4751 4752 3200 
2241 393 1468 1077 4902 4903 4904 
2242 941 1390 907 4758 4321 3016 
2243 1241 1448 1291 1843 2451 2502 
2244 608 1384 1377 4905 4906 4878 
2245 1277 1377 942 4791 4907 4204 
2246 1068 1559 984 4908 4909 4910 
2247 1170 1384 608 4911 4905 3453 
2248 971 1382 1008 2046 4912 2686 
2249 1292 1426 646 4913 2428 4489 
2250 1319 1565 992 4886 4807 4658 
2251 465 1379 124 1828 4771 3400 
2252 687 1438 665 2036 4914 3328 
2253 1231 1380 258 4915 4773 3736 
2254 1075 1442 1076 4916 1636 2476 
2255 476 1381 325 4917 4775 3783 
2256 459 1491 1088 4918 2184 4919 
2257 1369 1430 842 4920 1712 4823 
2258 1248 1383 191 1889 4777 3876 
2259 1398 1521 973 4722 4921 2255 
2260 1377 1384 942 4906 4922 4907 
2261 1343 1411 418 4923 2465 4636 
2262 436 1445 1289 2267 2033 1691 
2263 1271 1426 1307 1685 4924 4544 
2264 870 1437 799 4865 4925 3880 
2265 795 1437 803 4926 2005 3904 
2266 871 1435 1322 4927 4928 4495 
2267 961 1440 955 2101 4929 3385 
2268 1389 1507 1252 4930 4931 4851 
2269 1299 1463 416 4932 4933 4830 
2270 916 1425 1094 4934 1884 2581 
2271 991 1533 1297 4935 4936 4937 
2272 1173 1450 574 4938 1811 2903 
2273 1322 1435 1195 4928 2656 2068 
2274 669 1385 1198 2261 4939 3573 
2275 396 1404 980 1912 4940 3704 
2276 1168 1449 451 4941 2364 3026 
2277 1044 1532 1389 4942 4812 4943 
2278 1215 1387 1216 4793 1744 3434 
2279 400 1431 1358 4893 4779 2089 
2280 1359 1414 394 4766 1862 4868 
2281 929 1449 1169 4944 4945 1799 
2282 895 1441 893 4946 4856 4044 
2283 1086 1442 1075 4947 4916 3852 
2284 583 1388 593 4797 4798 4084 
2285 1126 1392 729 4948 4949 2811 
2286 329 1446 328 2031 4950 362 
2287 1099 1394 1026 2256 2247 2334 
2288 574 1447 571 1813 4951 3669 
2289 712 1450 710 4678 4952 3398 
2290 838 1448 836 4953 1842 3815 
2291 437 1475 1126 4881 4954 1595 
2292 1044 1389 1329 4943 4850 4393 
2293 682 1530 1364 4955 4956 4730 
2294 1011 1457 431 2234 4957 3038 
2295 1024 1415 903 2376 1571 3008 
2296 850 1548 1368 4958 4959 4714 
2297 1130 1546 743 4960 4961 4962 
2298 954 1391 1133 4963 4964 2930 
2299 983 1461 939 1779 4965 3188 
2300 351 1451 350 4966 2484 384 
2301 442 1534 1096 4967 2380 4968 
2302 965 1548 1058 4969 4970 1978 
2303 988 1548 965 4971 4969 1982 
2304 733 1393 668 4801 4802 4261 
2305 1297 1487 991 4972 4973 4937 
2306 1129 1472 450 4974 2222 2831 
2307 145 1459 410 4975 2723 3542 
2308 454 1459 146 2016 4976 3545 
2309 845 1458 1084 4977 4799 3901 
2310 997 1433 966 2077 1607 1985 
2311 836 1458 834 1846 4978 3812 
2312 1170 1414 1384 4979 4765 4911 
2313 1032 1470 949 2536 4980 2923 
2314 1281 1498 1015 4981 2317 4096 
2315 1236 1430 1369 4898 4920 2130 
2316 942 1384 1359 4922 4767 4743 
2317 1355 1386 448 2471 4982 4737 
2318 1158 1451 422 4983 4984 2703 
2319 337 1463 336 4985 2207 370 
2320 625 1395 628 4825 4986 4178 
2321 1088 1520 459 4987 2394 4919 
2322 129 1491 459 4988 4918 2822 
2323 748 1467 747 4989 2540 3219 
2324 1144 1529 1018 4990 4991 1613 
2325 1083 1476 1082 2052 4844 3940 
2326 462 1491 130 2179 4992 2875 
2327 336 1468 335 2211 4993 369 
2328 745 1568 1319 2215 4884 4634 
2329 1076 1558 453 3327 4994 2477 
2330 1064 1443 1230 4995 4996 1894 
2331 1139 1398 857 4664 2483 3032 
2332 1239 1397 476 4811 4997 3757 
2333 746 1396 681 4998 4810 4143 
2334 940 1469 1029 4999 2533 4036 
2335 662 1481 711 5000 2510 3234 
2336 1112 1547 752 5001 5002 3101 
2337 1364 1530 1152 4956 5003 5004 
2338 1350 1390 458 4759 2579 4733 
2339 438 1514 219 3231 5005 2859 
2340 330 1476 329 5006 2051 363 
2341 1165 1555 873 4819 5007 2991 
2342 459 1534 128 2381 5008 2823 
2343 858 1467 751 2236 5009 4404 
2344 1352 1424 790 5010 2258 4736 
2345 127 1534 442 5011 4967 2846 
2346 427 1484 38 5012 2091 3488 
2347 14 1486 15 5013 2305 25 
2348 451 1519 1151 2437 5014 2833 
2349 442 1556 1071 5015 5016 1930 
2350 1121 1400 986 4790 4662 2892 
2351 1443 1544 921 5017 5018 5019 
2352 934 1473 884 2278 5020 3930 
2353 746 1401 1396 5021 2038 4998 
2354 1428 1487 672 5022 5023 4895 
2355 634 1399 636 4833 4741 3816 
2356 1082 1485 833 4826 5024 3843 
2357 393 1494 334 3276 5025 3591 
2358 333 1494 455 5026 2415 3592 
2359 261 1488 260 2692 5027 294 
2360 829 1485 870 5028 2224 3879 
2361 1158 1543 1157 5029 5030 3265 
2362 875 1555 1091 5031 4805 3095 
2363 877 1513 890 5032 5033 3498 
2364 483 1462 1028 5034 2203 4608 
2365 1299 1545 1177 4829 5035 3275 
2366 1100 1512 894 2029 5036 3159 
2367 1084 1446 1083 2496 2030 3902 
2368 890 1517 892 5037 5038 3580 
2369 457 1489 353 4747 5039 3942 
2370 453 1558 267 4994 5040 3427 
2371 266 1558 428 5041 3326 3472 
2372 469 1486 14 5042 5013 4614 
2373 352 1489 422 5043 2321 4108 
2374 4 1502 222 5044 5045 256 
2375 123 1502 4 5046 5044 156 
2376 7 1504 289 5047 5048 323 
2377 324 1504 7 5049 5047 357 
2378 5 1505 155 5050 5051 189 
2379 257 1505 5 5052 5050 290 
2380 6 1506 356 5053 5054 390 
2381 190 1506 6 5055 5053 223 
2382 1368 1548 988 4959 4971 1725 
2383 1025 1401 746 1638 5021 4381 
2384 943 1474 1335 5056 2602 4644 
2385 428 1538 265 5057 5058 3473 
2386 1421 1543 1158 5059 5029 2702 
2387 406 1539 262 5060 5061 3494 
2388 1216 1507 1389 1765 4930 4788 
2389 576 1507 1254 5062 1764 4140 
2390 921 1524 718 5063 5064 4034 
2391 350 1531 349 2561 5065 383 
2392 676 1563 994 5066 4869 4336 
2393 685 1563 644 4873 5067 4306 
2394 978 1536 1057 5068 5069 4072 
2395 1089 1471 410 5070 5071 2229 
2396 1283 1567 869 2371 5072 4362 
2397 355 1402 354 4840 4841 388 
2398 346 1403 345 4847 4803 379 
2399 78 1541 421 2320 5073 4301 
2400 743 1472 1130 5074 5075 4962 
2401 993 1549 1378 2374 5076 4750 
2402 923 1404 922 5077 1866 3976 
2403 339 1405 338 1908 4848 372 
2404 1174 1406 883 4843 4836 3342 
2405 1071 1556 1351 5016 5078 2515 
2406 1096 1556 442 5079 5015 4968 
2407 982 1520 1088 5080 4987 4638 
2408 1073 1421 1067 5081 2351 2325 
2409 743 1546 1316 4961 5082 4519 
2410 915 1454 1164 5083 2388 3778 
2411 1335 1496 977 2721 5084 4590 
2412 438 1462 1325 5085 5086 2307 
2413 729 1559 1068 5087 4908 4531 
2414 1205 1508 1347 1942 5088 4592 
2415 1298 1407 865 4866 4855 4463 
2416 418 1409 200 1791 4852 4063 
2417 1096 1520 981 2395 5089 4649 
2418 1164 1445 904 2034 1850 3461 
2419 946 1473 1457 5090 2081 2233 
2420 1006 1560 1371 4723 5091 5092 
2421 1350 1454 915 2337 5083 4760 
2422 654 1410 598 4864 4858 3701 
2423 13 1498 447 5093 5094 4513 
2424 1019 1501 1416 2186 2642 5095 
2425 410 1471 144 5071 5096 3543 
2426 218 1514 1360 5097 2529 4762 
2427 464 1412 906 4853 4857 3151 
2428 954 1440 1391 5098 4827 4963 
2429 1260 1549 1350 5099 2373 4732 
2430 709 1413 1161 4854 4838 3642 
2431 471 1498 13 2433 5093 4584 
2432 1386 1525 448 2422 5100 4982 
2433 485 1414 1170 1661 4979 3214 
2434 995 1556 1096 5101 5079 4648 
2435 1077 1468 1080 4903 2210 3807 
2436 1371 1560 1124 5091 5102 4817 
2437 752 1547 1382 5002 5103 5104 
2438 1295 1443 921 5105 5019 3924 
2439 1029 1442 1393 1637 5106 4800 
2440 1063 1544 1443 5107 5017 5108 
2441 1106 1411 1343 4877 4923 4682 
2442 921 1544 1524 5018 5109 5063 
2443 1006 1554 1007 5110 2251 2994 
2444 869 1424 1352 5111 5010 4542 
2445 1150 1418 913 1668 1670 2955 
2446 1019 1416 717 5095 4861 3691 
2447 433 1419 1223 1719 4862 3243 
2448 1036 1434 1035 2432 5112 3916 
2449 973 1417 972 5113 5114 4482 
2450 1385 1432 1198 5115 3227 4939 
2451 756 1423 754 4879 4883 3571 
2452 1080 1463 1299 2208 4932 4348 
2453 263 1537 406 5116 5117 3493 
2454 1230 1443 1295 4996 5105 3323 
2455 1008 1452 970 2206 5118 2687 
2456 1378 1549 449 5076 5119 5120 
2457 1267 1425 916 2099 4934 4331 
2458 1003 1432 987 3228 5121 2450 
2459 1045 1427 1042 1809 4887 4123 
2460 1307 1426 1292 4924 4913 4535 
2461 690 1428 670 4899 4894 4014 
2462 1246 1429 1078 4882 1726 3803 
2463 1359 1420 740 4867 4876 4744 
2464 1077 1564 393 5122 4787 4904 
2465 1145 1462 438 2204 5085 2968 
2466 1371 1554 1006 5123 5110 5092 
2467 1007 1477 1093 2282 5124 2706 
2468 1046 1562 909 5125 3030 2961 
2469 1334 1472 743 2223 5074 4673 
2470 896 1432 1385 5126 5115 2478 
2471 1235 1430 1233 1902 4897 3708 
2472 1000 1566 963 5127 5128 1973 
2473 1226 1431 1210 2333 4892 3519 
2474 963 1566 964 5128 5129 1975 
2475 1404 1508 980 5130 1941 4940 
2476 678 1543 1073 5131 5132 1899 
2477 1364 1519 1030 5133 2436 4707 
2478 1165 1478 1002 5134 5135 4820 
2479 1155 1453 417 2289 5136 2011 
2480 11 1510 443 5137 1627 4503 
2481 478 1434 1229 4703 2431 3741 
2482 1378 1531 1159 5138 2560 4753 
2483 468 1510 11 2310 5137 4553 
2484 1395 1480 628 1854 5139 4986 
2485 1218 1523 1387 5140 5141 4792 
2486 890 1513 1422 5033 5142 5143 
2487 1422 1517 890 5144 5037 5143 
2488 991 1490 1074 5145 5146 5147 
2489 1234 1557 1235 2420 5148 3707 
2490 402 1511 8 4846 5149 4147 
2491 1014 1435 871 2195 4927 4263 
2492 132 1436 131 4891 4889 165 
2493 665 1438 663 4914 5150 3765 
2494 799 1437 795 4925 4926 3900 
2495 424 1466 988 5151 1724 1981 
2496 8 1511 467 5149 5152 4363 
2497 1126 1475 1392 4954 1864 4948 
2498 476 1557 1381 5153 2419 4917 
2499 1092 1567 1024 5154 2370 2564 
2500 971 1497 1081 5155 5156 2047 
2501 955 1440 954 4929 5098 3598 
2502 17 1516 466 5157 5158 4521 
2503 437 1516 17 1586 5157 4534 
2504 990 1487 1428 5159 5022 2490 
2505 1470 1550 1455 5160 5161 5162 
2506 1152 1519 1364 5163 5133 5004 
2507 1393 1442 1086 5106 4947 4611 
2508 970 1452 1074 5118 2449 2444 
2509 984 1493 1068 5164 5165 4910 
2510 1063 1443 1064 5108 4995 3831 
2511 999 1441 895 2073 4946 4300 
2512 1417 1521 826 5166 5167 1600 
2513 1030 1449 929 2365 4944 4236 
2514 923 1508 1404 5168 5130 5077 
2515 467 1482 1391 5169 5170 1663 
2516 948 1455 1122 5171 2735 2593 
2517 752 1500 1143 5172 5173 3021 
2518 1391 1482 1133 5170 5174 4964 
2519 328 1446 430 4950 2495 3760 
2520 417 1453 1130 5136 5175 2683 
2521 571 1447 570 4951 1715 3828 
2522 842 1448 838 2452 4953 3921 
2523 1469 1538 428 5176 5057 2534 
2524 1169 1449 1168 4945 4941 3171 
2525 1159 1451 1158 2485 4983 3241 
2526 422 1451 351 4984 4966 4109 
2527 1371 1503 976 5177 5178 5179 
2528 710 1450 1173 4952 4938 3859 
2529 1051 1465 1021 5180 2497 3136 
2530 1474 1539 406 5181 5060 2603 
2531 886 1454 993 2389 2336 3431 
2532 143 1471 1094 5182 5183 1878 
2533 455 1483 1192 2630 5184 3560 
2534 935 1525 944 5185 2421 3699 
2535 449 1531 1378 5186 5138 5120 
2536 1057 1536 1488 5069 5187 2691 
2537 461 1503 1371 5188 5177 4816 
2538 1058 1548 850 4970 4958 2315 
2539 1477 1540 1093 5189 5190 5124 
2540 1074 1533 991 2448 4935 5147 
2541 1438 1481 663 2193 5191 5150 
2542 1405 1545 416 5192 4828 4849 
2543 896 1512 1432 5193 5194 5126 
2544 1297 1533 931 4936 2189 4308 
2545 1444 1492 962 1705 2055 2400 
2546 944 1456 934 5195 2279 3700 
2547 431 1457 914 4957 2165 3116 
2548 1360 1503 461 5196 5188 4626 
2549 1387 1523 594 5141 5197 2675 
2550 948 1470 1455 5198 5162 5171 
2551 984 1559 983 4909 5199 4379 
2552 834 1458 845 4978 4977 3929 
2553 1088 1493 984 2183 5164 4639 
2554 1235 1557 1397 5148 5200 2339 
2555 146 1459 145 4976 4975 179 
2556 1133 1482 1072 5174 4745 2356 
2557 1143 1479 844 5201 5202 2761 
2558 939 1461 937 4965 5203 4527 
2559 944 1464 1456 2717 2557 5195 
2560 144 1471 143 5096 5182 177 
2561 1078 1564 1077 4786 5122 3538 
2562 1221 1523 1218 5204 5140 2941 
2563 856 1509 1085 2411 2442 2249 
2564 960 1490 991 2043 5145 4170 
2565 1081 1497 974 5156 2064 4444 
2566 416 1463 337 4933 4985 4050 
2567 909 1464 908 2558 5205 3769 
2568 653 1465 1399 2266 5206 4832 
2569 672 1487 1297 5023 4972 2576 
2570 751 1467 748 5009 4989 3599 
2571 1537 1538 1050 5207 5208 5209 
2572 1192 1483 1193 5184 2084 2386 
2573 975 1503 1360 5210 5196 2298 
2574 335 1468 393 4993 4902 3590 
2575 1325 1462 483 5086 5034 4679 
2576 1094 1471 1089 5183 5070 2582 
2577 949 1470 948 4980 5198 2873 
2578 1050 1469 940 5211 4999 4175 
2579 1461 1486 937 2294 5212 5203 
2580 264 1538 1537 5213 5207 5214 
2581 1130 1472 1129 5075 4974 2684 
2582 1382 1500 752 2094 5172 5104 
2583 1008 1547 1227 5215 5216 2002 
2584 1093 1540 443 5190 5217 1880 
2585 947 1527 1283 5218 5219 4510 
2586 1074 1490 411 5146 2344 2445 
2587 1376 1525 935 5220 5185 4794 
2588 414 1492 1039 2342 1699 2447 
2589 884 1473 946 5020 5090 4344 
2590 1057 1474 943 5221 5056 4073 
2591 392 1476 330 4845 5006 3593 
2592 945 1478 1165 5222 5134 3575 
2593 1436 1552 462 5223 5224 4890 
2594 443 1540 12 5217 5225 4504 
2595 969 1497 971 2353 5155 2453 
2596 1379 1502 123 5226 5046 4772 
2597 1380 1505 257 5227 5052 4774 
2598 1381 1504 324 5228 5049 4776 
2599 1383 1506 190 5229 5055 4778 
2600 12 1540 471 5225 5230 4583 
2601 1002 1478 989 5135 5231 4364 
2602 663 1481 662 5191 5000 3414 
2603 1479 1529 844 5232 5233 5202 
2604 1017 1479 1081 5234 5235 4443 
2605 628 1480 1275 5139 1806 4250 
2606 1021 1484 427 2474 5012 3304 
2607 937 1486 469 5212 5042 4498 
2608 406 1537 1496 5117 5236 2720 
2609 833 1485 829 5024 5028 3919 
2610 447 1498 1281 5094 4981 2651 
2611 260 1488 445 5027 5237 3745 
2612 991 1487 990 4973 5159 4171 
2613 1432 1512 987 5194 2028 5121 
2614 130 1491 129 4992 4988 163 
2615 353 1489 352 5039 5043 386 
2616 334 1494 333 5025 5026 367 
2617 844 1529 1144 5233 4990 3035 
2618 1399 1465 1051 5206 5180 4835 
2619 908 1464 1386 5205 2716 2438 
2620 977 1496 1050 5084 5238 4174 
2621 1047 1562 1046 5239 5125 2363 
2622 1410 1530 682 5240 4955 4859 
2623 1406 1522 933 5241 4814 4837 
2624 1424 1567 1092 5242 5154 2492 
2625 222 1502 484 5045 5243 3639 
2626 289 1504 1237 5048 5244 3730 
2627 155 1505 478 5051 5245 3782 
2628 356 1506 477 5054 5246 3796 
2629 983 1559 1392 5199 5247 1619 
2630 1017 1529 1479 5248 5232 5234 
2631 826 1521 1163 5167 4721 3155 
2632 403 1526 29 5249 2295 3393 
2633 1065 1515 1066 5250 1881 3506 
2634 477 1515 1402 2263 5251 4839 
2635 976 1503 975 5178 5210 4027 
2636 1419 1528 1222 5252 4511 4863 
2637 1427 1532 1044 5253 4942 4888 
2638 1252 1507 576 4931 5062 4226 
2639 1091 1513 877 2547 5032 3096 
2640 1012 1542 1011 4834 5254 3102 
2641 894 1512 896 5036 5193 3753 
2642 1560 1561 463 4689 5255 5256 
2643 219 1514 218 5005 5097 252 
2644 892 1517 1100 5038 4529 3158 
2645 467 1511 1482 5152 4821 5169 
2646 1270 1518 1271 5257 4874 4424 
2647 1151 1519 1152 5014 5163 3022 
2648 1417 1541 972 5258 2319 5114 
2649 594 1523 1388 5197 5259 4796 
2650 1018 1541 1417 5260 5258 1612 
2651 1 1550 402 5261 5262 4146 
2652 1266 1528 1037 4265 5263 3564 
2653 1124 1560 463 5102 5256 2673 
2654 463 1561 1125 5255 5264 2677 
2655 264 1537 263 5214 5116 297 
2656 466 1550 1 5265 5261 4522 
2657 718 1524 1019 5064 1829 3690 
2658 1175 1545 1405 5266 5192 4701 
2659 1324 1522 441 4831 5267 4538 
2660 1152 1530 1153 5003 5268 3082 
2661 1388 1523 1221 5259 5204 4764 
2662 448 1525 1376 5100 5220 4769 
2663 445 1535 1231 5269 5270 3713 
2664 981 1520 982 5089 5080 4567 
2665 1561 1565 1125 4808 5271 5264 
2666 445 1536 1535 5272 5273 5269 
2667 1565 1568 435 4885 5274 5275 
2668 1347 1508 923 5088 5168 4441 
2669 964 1566 1063 5129 5276 3062 
2670 1157 1543 678 5030 5131 2877 
2671 1214 1532 1212 4813 5277 3377 
2672 1018 1529 1017 4991 5248 4384 
2673 128 1534 127 5008 5011 161 
2674 349 1531 449 5065 5186 4153 
2675 1125 1565 435 5271 5275 2787 
2676 265 1538 264 5058 5213 298 
2677 1149 1553 1150 5278 2460 2954 
2678 1035 1535 1033 5279 5280 3963 
2679 262 1539 261 5061 4900 295 
2680 1033 1536 978 5281 5068 4002 
2681 1535 1536 1033 5273 5281 5280 
2682 435 1568 1146 5274 2214 2907 
2683 1177 1545 1175 5035 5266 3403 
2684 421 1541 1018 5073 5260 4383 
2685 1227 1547 1112 5216 5001 2694 
2686 1316 1546 898 5082 5282 4433 
2687 873 1555 875 5007 5031 3370 
2688 1382 1547 1008 5103 5215 4912 
2689 471 1540 1477 5230 5189 2434 
2690 646 1553 1395 2427 5283 4824 
2691 1365 1542 824 5284 4709 4725 
2692 267 1558 266 5040 5041 300 
2693 449 1549 1260 5119 5099 4400 
2694 644 1563 676 5067 5066 4095 
2695 1418 1518 407 4875 5285 1869 
2696 1068 1552 1069 5286 5287 4619 
2697 484 1502 1379 5243 5226 1904 
2698 945 1495 1478 5288 5289 5222 
2699 468 1499 1372 1758 4896 2311 
2700 478 1505 1380 5245 5227 4602 
2701 1237 1504 1381 5244 5228 2237 
2702 477 1506 1383 5246 5229 2264 
2703 1073 1543 1421 5132 5059 5081 
2704 402 1550 1470 5262 5160 2535 
2705 1011 1542 1365 5254 5284 2132 
2706 1408 1527 947 5290 5218 1769 
2707 1524 1544 1000 5109 5291 1937 
2708 1422 1513 967 5142 2546 2328 
2709 1351 1556 995 5078 5101 4700 
2710 446 1517 1422 4530 5144 2327 
2711 1035 1551 1535 5292 5293 5279 
2712 1535 1551 1231 5293 5294 5270 
2713 1466 1495 945 5295 5288 2583 
2714 976 1554 1371 4860 5123 5179 
2715 898 1546 1453 5282 5296 2240 
2716 1408 1526 403 4871 5249 5297 
2717 466 1516 1400 5158 4661 4784 
2718 1283 1527 1415 5219 5298 2375 
2719 1402 1515 1065 5251 5250 3119 
2720 1153 1530 1410 5268 5240 2519 
2721 1415 1527 403 5298 5299 1707 
2722 441 1522 1406 5267 5241 2562 
2723 403 1527 1408 5299 5290 5297 
2724 1231 1551 1380 5294 4600 4915 
2725 1395 1553 1149 5283 5278 1833 
2726 1037 1528 1419 5263 5252 2199 
2727 973 1521 1417 4921 5166 5113 
2728 1392 1559 729 5247 5087 4949 
2729 1069 1552 1436 5287 5223 2668 
2730 1397 1557 476 5200 5153 4997 
2731 1478 1495 989 5289 2058 5231 
2732 1212 1532 1427 5277 5253 2287 
2733 1479 1500 1081 5300 2093 5235 
2734 1453 1546 1130 5296 4960 5175 
2735 1143 1500 1479 5173 5300 5201 
2736 424 1495 1466 2349 5295 5151 
2737 1434 1551 1035 4702 5292 5112 
2738 869 1567 1424 5072 5242 5111 
2739 1460 1518 1270 5301 5257 4316 
2740 407 1518 1460 5285 5301 2061 
2741 1050 1538 1469 5208 5176 5211 
2742 1493 1552 1068 5302 5286 5165 
2743 1455 1550 466 5161 5265 4783 
2744 1456 1562 1047 3031 5239 2369 
2745 462 1552 1493 5224 5302 2177 
2746 1057 1539 1474 4901 5181 5221 
2747 1488 1536 445 5187 5272 5237 
2748 1496 1537 1050 5236 5209 5238 
2749 1063 1566 1544 5276 5303 5107 
2750 1544 1566 1000 5303 5127 5291 
$EndElements
