$MeshFormat
4.1 0 8
$EndMeshFormat
$PhysicalNames
6
1 2 "bottom"
1 3 "top"
1 4 "left"
1 5 "right"
1 6 "hole_boundary"
2 1 "domain"
$EndPhysicalNames
$Entities
7 7 1 0
5 0.25 0.2 0 0 
6 0.45 0.75 0 0 
7 0.825 0.45 0 0 
8 0 0 0 0 
9 1 0 0 0 
10 0 1 0 0 
11 1 1 0 0 
5 0.1499999 0.1499999 -1e-07 0.2500001 0.2500001 1e-07 1 6 2 5 -5 
6 0.2499999 0.6499999000000001 -1e-07 0.4500001 0.8500000999999999 1e-07 1 6 2 6 -6 
7 0.5749999 0.3249999 -1e-07 0.8250000999999999 0.5750000999999999 1e-07 1 6 2 7 -7 
8 -9.999999994736442e-08 -1e-07 -1e-07 1.0000001 1e-07 1e-07 1 2 2 8 -9 
9 -1e-07 -9.999999994736442e-08 -1e-07 1e-07 1.0000001 1e-07 1 4 2 10 -8 
10 0.9999999000000001 -9.999999994736442e-08 -1e-07 1.0000001 1.0000001 1e-07 1 5 2 9 -11 
11 -9.999999994736442e-08 0.9999999000000001 -1e-07 1.0000001 1.0000001 1e-07 1 3 2 11 -10 
1 -9.999999994736442e-08 -9.999999994736442e-08 -1e-07 1.0000001 1.0000001 1e-07 1 1 7 8 10 11 9 -5 -7 -6 
$EndEntities
$Nodes
15 10271 1 10271
0 5 0 1
1
0.25 0.2 0
0 6 0 1
2
0.45 0.75 0
0 7 0 1
3
0.825 0.45 0
0 8 0 1
4
0 0 0
0 9 0 1
5
1 0 0
0 10 0 1
6
0 1 0
0 11 0 1
7
1 1 0
1 5 0 29
8
9
10
11
12
13
14
15
16
17
18
19
20
21
22
23
24
25
26
27
28
29
30
31
32
33
34
35
36
0.24567727288213 0.22033683215379 0
0.2334565303179429 0.2371572412738698 0
0.2154508497187473 0.2475528258147577 0
0.1947735768366172 0.2497260947684137 0
0.1749999999999999 0.2433012701892219 0
0.1595491502812525 0.2293892626146236 0
0.1510926199633097 0.2103955845408879 0
0.1510926199633097 0.189604415459112 0
0.1595491502812527 0.1706107373853763 0
0.1750000000000001 0.156698729810778 0
0.1947735768366174 0.1502739052315863 0
0.2154508497187475 0.1524471741852423 0
0.2334565303179429 0.1628427587261303 0
0.2456772728821301 0.17966316784621 0
0.2489073800366903 0.210395584540888 0
0.2404508497187474 0.2293892626146237 0
0.225 0.243301270189222 0
0.2052264231633826 0.2497260947684137 0
0.1845491502812525 0.2475528258147577 0
0.166543469682057 0.2371572412738696 0
0.1543227271178699 0.2203368321537899 0
0.15 0.1999999999999999 0
0.15432272711787 0.1796631678462099 0
0.1665434696820572 0.1628427587261302 0
0.1845491502812527 0.1524471741852423 0
0.2052264231633827 0.1502739052315863 0
0.2250000000000001 0.1566987298107781 0
0.2404508497187474 0.1706107373853764 0
0.2489073800366903 0.189604415459112 0
1 6 0 59
37
38
39
40
41
42
43
44
45
46
47
48
49
50
51
52
53
54
55
56
57
58
59
60
61
62
63
64
65
66
67
68
69
70
71
72
73
74
75
76
77
78
79
80
81
82
83
84
85
86
87
88
89
90
91
92
93
94
95
0.4478147600733806 0.7707911690817759 0
0.44135454576426 0.79067366430758 0
0.4309016994374947 0.8087785252292474 0
0.4169130606358857 0.8243144825477395 0
0.3999999999999999 0.8366025403784439 0
0.3809016994374946 0.8451056516295155 0
0.3604528463267651 0.8494521895368273 0
0.3395471536732343 0.8494521895368273 0
0.3190983005625049 0.8451056516295152 0
0.2999999999999997 0.8366025403784437 0
0.2830869393641139 0.8243144825477392 0
0.2690983005625051 0.8087785252292471 0
0.2586454542357398 0.7906736643075798 0
0.2521852399266193 0.7707911690817757 0
0.25 0.7499999999999999 0
0.2521852399266195 0.7292088309182239 0
0.2586454542357399 0.7093263356924198 0
0.2690983005625053 0.6912214747707526 0
0.2830869393641143 0.6756855174522605 0
0.3000000000000002 0.6633974596215561 0
0.3190983005625054 0.6548943483704845 0
0.3395471536732348 0.6505478104631727 0
0.3604528463267654 0.6505478104631727 0
0.3809016994374949 0.6548943483704847 0
0.4000000000000001 0.6633974596215562 0
0.4169130606358858 0.6756855174522606 0
0.4309016994374948 0.6912214747707528 0
0.4413545457642601 0.70932633569242 0
0.4478147600733806 0.729208830918224 0
0.4494521895368273 0.7604528463267654 0
0.4451056516295153 0.7809016994374948 0
0.4366025403784438 0.8 0
0.4243144825477393 0.8169130606358859 0
0.4087785252292472 0.8309016994374948 0
0.3906736643075799 0.8413545457642602 0
0.3707911690817757 0.8478147600733806 0
0.3499999999999997 0.85 0
0.3292088309182238 0.8478147600733805 0
0.3093263356924197 0.8413545457642599 0
0.2912214747707524 0.8309016994374946 0
0.2756855174522603 0.8169130606358856 0
0.263397459621556 0.7999999999999998 0
0.2548943483704845 0.7809016994374945 0
0.2505478104631726 0.7604528463267651 0
0.2505478104631726 0.7395471536732345 0
0.2548943483704846 0.7190983005625051 0
0.2633974596215562 0.6999999999999998 0
0.2756855174522607 0.683086939364114 0
0.2912214747707529 0.6690983005625051 0
0.3093263356924201 0.6586454542357398 0
0.3292088309182243 0.6521852399266194 0
0.3500000000000001 0.65 0
0.3707911690817761 0.6521852399266195 0
0.3906736643075801 0.6586454542357399 0
0.4087785252292473 0.6690983005625053 0
0.4243144825477395 0.6830869393641142 0
0.4366025403784439 0.7000000000000001 0
0.4451056516295153 0.7190983005625052 0
0.4494521895368273 0.7395471536732346 0
1 7 0 75
96
97
98
99
100
101
102
103
104
105
106
107
108
109
110
111
112
113
114
115
116
117
118
119
120
121
122
123
124
125
126
127
128
129
130
131
132
133
134
135
136
137
138
139
140
141
142
143
144
145
146
147
148
149
150
151
152
153
154
155
156
157
158
159
160
161
162
163
164
165
166
167
168
169
170
0.8232951629253402 0.4705743237850917 0
0.8182271552125793 0.4905874336505854 0
0.8099342189008111 0.5094934241296342 0
0.7986425636745492 0.5267765890862084 0
0.7846601964532176 0.5419654888341414 0
0.7683685197653034 0.5546458097828161 0
0.7502119280816212 0.5644716658318821 0
0.7306856858925999 0.5711750332424163 0
0.7103224181840415 0.5745730616258338 0
0.6896775818159585 0.5745730616258338 0
0.6693143141074002 0.5711750332424164 0
0.6497880719183788 0.5644716658318822 0
0.6316314802346967 0.5546458097828162 0
0.6153398035467824 0.5419654888341416 0
0.6013574363254509 0.5267765890862087 0
0.5900657810991889 0.5094934241296345 0
0.5817728447874208 0.4905874336505857 0
0.5767048370746597 0.4705743237850921 0
0.575 0.4500000000000003 0
0.5767048370746596 0.4294256762149085 0
0.5817728447874205 0.4094125663494149 0
0.5900657810991886 0.3905065758703661 0
0.6013574363254506 0.3732234109137918 0
0.6153398035467821 0.3580345111658588 0
0.6316314802346963 0.3453541902171841 0
0.6497880719183784 0.335528334168118 0
0.6693143141073995 0.3288249667575838 0
0.689677581815958 0.3254269383741663 0
0.710322418184041 0.3254269383741663 0
0.7306856858925993 0.3288249667575835 0
0.7502119280816205 0.3355283341681176 0
0.7683685197653027 0.3453541902171836 0
0.7846601964532172 0.3580345111658581 0
0.7986425636745487 0.373223410913791 0
0.8099342189008109 0.3905065758703654 0
0.8182271552125792 0.4094125663494143 0
0.8232951629253402 0.4294256762149081 0
0.8245730616258337 0.4603224181840416 0
0.8211750332424163 0.4806856858925999 0
0.8144716658318821 0.5002119280816212 0
0.8046458097828161 0.5183685197653033 0
0.7919654888341414 0.5346601964532176 0
0.7767765890862085 0.5486425636745492 0
0.7594934241296342 0.5599342189008111 0
0.7405874336505854 0.5682271552125793 0
0.7205743237850918 0.5732951629253403 0
0.7000000000000001 0.575 0
0.6794256762149083 0.5732951629253403 0
0.6594125663494146 0.5682271552125794 0
0.6405065758703659 0.5599342189008112 0
0.6232234109137916 0.5486425636745493 0
0.6080345111658586 0.5346601964532178 0
0.5953541902171841 0.5183685197653036 0
0.5855283341681179 0.5002119280816214 0
0.5788249667575838 0.4806856858926002 0
0.5754269383741663 0.4603224181840418 0
0.5754269383741661 0.4396775818159587 0
0.5788249667575835 0.4193143141074004 0
0.5855283341681177 0.3997880719183791 0
0.5953541902171837 0.3816314802346969 0
0.6080345111658583 0.3653398035467826 0
0.6232234109137912 0.351357436325451 0
0.6405065758703654 0.3400657810991891 0
0.659412566349414 0.3317728447874209 0
0.6794256762149077 0.3267048370746598 0
0.6999999999999994 0.325 0
0.7205743237850911 0.3267048370746596 0
0.7405874336505848 0.3317728447874205 0
0.7594934241296335 0.3400657810991885 0
0.7767765890862079 0.3513574363254504 0
0.791965488834141 0.3653398035467819 0
0.8046458097828157 0.3816314802346962 0
0.814471665831882 0.3997880719183786 0
0.8211750332424161 0.4193143141073999 0
0.8245730616258337 0.4396775818159583 0
1 8 0 95
171
172
173
174
175
176
177
178
179
180
181
182
183
184
185
186
187
188
189
190
191
192
193
194
195
196
197
198
199
200
201
202
203
204
205
206
207
208
209
210
211
212
213
214
215
216
217
218
219
220
221
222
223
224
225
226
227
228
229
230
231
232
233
234
235
236
237
238
239
240
241
242
243
244
245
246
247
248
249
250
251
252
253
254
255
256
257
258
259
260
261
262
263
264
265
0.02083333333333338 0 0
0.04166666666666675 0 0
0.06250000000000012 0 0
0.0833333333333335 0 0
0.1041666666666669 0 0
0.1250000000000003 0 0
0.1458333333333337 0 0
0.1666666666666671 0 0
0.1875000000000005 0 0
0.2083333333333339 0 0
0.2291666666666673 0 0
0.2500000000000007 0 0
0.2708333333333341 0 0
0.2916666666666675 0 0
0.3125000000000009 0 0
0.3333333333333343 0 0
0.3541666666666676 0 0
0.3750000000000009 0 0
0.3958333333333342 0 0
0.4166666666666675 0 0
0.4375000000000008 0 0
0.4583333333333341 0 0
0.4791666666666675 0 0
0.5000000000000008 0 0
0.520833333333334 0 0
0.5416666666666674 0 0
0.5625000000000006 0 0
0.5833333333333339 0 0
0.6041666666666672 0 0
0.6250000000000006 0 0
0.6458333333333338 0 0
0.6666666666666672 0 0
0.6875000000000004 0 0
0.7083333333333337 0 0
0.7291666666666671 0 0
0.7500000000000003 0 0
0.7708333333333337 0 0
0.791666666666667 0 0
0.8125000000000003 0 0
0.8333333333333335 0 0
0.854166666666667 0 0
0.8750000000000001 0 0
0.8958333333333334 0 0
0.9166666666666667 0 0
0.9375 0 0
0.9583333333333334 0 0
0.9791666666666666 0 0
0.01041666666666669 0 0
0.03125000000000007 0 0
0.05208333333333344 0 0
0.07291666666666681 0 0
0.09375000000000019 0 0
0.1145833333333336 0 0
0.135416666666667 0 0
0.1562500000000004 0 0
0.1770833333333338 0 0
0.1979166666666672 0 0
0.2187500000000006 0 0
0.239583333333334 0 0
0.2604166666666675 0 0
0.2812500000000008 0 0
0.3020833333333342 0 0
0.3229166666666676 0 0
0.3437500000000009 0 0
0.3645833333333343 0 0
0.3854166666666675 0 0
0.4062500000000009 0 0
0.4270833333333341 0 0
0.4479166666666675 0 0
0.4687500000000008 0 0
0.4895833333333341 0 0
0.5104166666666674 0 0
0.5312500000000007 0 0
0.5520833333333339 0 0
0.5729166666666672 0 0
0.5937500000000006 0 0
0.6145833333333339 0 0
0.6354166666666672 0 0
0.6562500000000004 0 0
0.6770833333333338 0 0
0.6979166666666671 0 0
0.7187500000000004 0 0
0.7395833333333337 0 0
0.760416666666667 0 0
0.7812500000000003 0 0
0.8020833333333337 0 0
0.822916666666667 0 0
0.8437500000000002 0 0
0.8645833333333335 0 0
0.8854166666666667 0 0
0.90625 0 0
0.9270833333333334 0 0
0.9479166666666667 0 0
0.96875 0 0
0.9895833333333333 0 0
1 9 0 95
266
267
268
269
270
271
272
273
274
275
276
277
278
279
280
281
282
283
284
285
286
287
288
289
290
291
292
293
294
295
296
297
298
299
300
301
302
303
304
305
306
307
308
309
310
311
312
313
314
315
316
317
318
319
320
321
322
323
324
325
326
327
328
329
330
331
332
333
334
335
336
337
338
339
340
341
342
343
344
345
346
347
348
349
350
351
352
353
354
355
356
357
358
359
360
0 0.9791666666666666 0
0 0.9583333333333333 0
0 0.9374999999999999 0
0 0.9166666666666665 0
0 0.8958333333333331 0
0 0.8749999999999997 0
0 0.8541666666666663 0
0 0.8333333333333329 0
0 0.8124999999999996 0
0 0.7916666666666661 0
0 0.7708333333333327 0
0 0.7499999999999993 0
0 0.7291666666666659 0
0 0.7083333333333325 0
0 0.6874999999999991 0
0 0.6666666666666656 0
0 0.6458333333333324 0
0 0.6249999999999991 0
0 0.6041666666666659 0
0 0.5833333333333325 0
0 0.5624999999999991 0
0 0.5416666666666659 0
0 0.5208333333333326 0
0 0.4999999999999992 0
0 0.479166666666666 0
0 0.4583333333333326 0
0 0.4374999999999994 0
0 0.4166666666666661 0
0 0.3958333333333328 0
0 0.3749999999999994 0
0 0.3541666666666662 0
0 0.3333333333333328 0
0 0.3124999999999996 0
0 0.2916666666666663 0
0 0.2708333333333329 0
0 0.2499999999999997 0
0 0.2291666666666663 0
0 0.208333333333333 0
0 0.1874999999999997 0
0 0.1666666666666665 0
0 0.145833333333333 0
0 0.1249999999999999 0
0 0.1041666666666666 0
0 0.08333333333333326 0
0 0.0625 0
0 0.04166666666666663 0
0 0.02083333333333337 0
0 0.9895833333333333 0
0 0.9687499999999999 0
0 0.9479166666666665 0
0 0.9270833333333331 0
0 0.9062499999999998 0
0 0.8854166666666664 0
0 0.864583333333333 0
0 0.8437499999999996 0
0 0.8229166666666662 0
0 0.8020833333333328 0
0 0.7812499999999994 0
0 0.760416666666666 0
0 0.7395833333333326 0
0 0.7187499999999991 0
0 0.6979166666666659 0
0 0.6770833333333324 0
0 0.6562499999999991 0
0 0.6354166666666657 0
0 0.6145833333333325 0
0 0.5937499999999991 0
0 0.5729166666666659 0
0 0.5520833333333325 0
0 0.5312499999999992 0
0 0.5104166666666659 0
0 0.4895833333333326 0
0 0.4687499999999993 0
0 0.4479166666666661 0
0 0.4270833333333328 0
0 0.4062499999999994 0
0 0.3854166666666661 0
0 0.3645833333333328 0
0 0.3437499999999996 0
0 0.3229166666666662 0
0 0.3020833333333329 0
0 0.2812499999999996 0
0 0.2604166666666663 0
0 0.239583333333333 0
0 0.2187499999999997 0
0 0.1979166666666663 0
0 0.177083333333333 0
0 0.1562499999999998 0
0 0.1354166666666665 0
0 0.1145833333333333 0
0 0.09375 0
0 0.07291666666666663 0
0 0.05208333333333326 0
0 0.03125 0
0 0.01041666666666674 0
1 10 0 95
361
362
363
364
365
366
367
368
369
370
371
372
373
374
375
376
377
378
379
380
381
382
383
384
385
386
387
388
389
390
391
392
393
394
395
396
397
398
399
400
401
402
403
404
405
406
407
408
409
410
411
412
413
414
415
416
417
418
419
420
421
422
423
424
425
426
427
428
429
430
431
432
433
434
435
436
437
438
439
440
441
442
443
444
445
446
447
448
449
450
451
452
453
454
455
1 0.02083333333333338 0
1 0.04166666666666675 0
1 0.06250000000000012 0
1 0.0833333333333335 0
1 0.1041666666666669 0
1 0.1250000000000003 0
1 0.1458333333333337 0
1 0.1666666666666671 0
1 0.1875000000000005 0
1 0.2083333333333339 0
1 0.2291666666666673 0
1 0.2500000000000007 0
1 0.2708333333333341 0
1 0.2916666666666675 0
1 0.3125000000000009 0
1 0.3333333333333343 0
1 0.3541666666666676 0
1 0.3750000000000009 0
1 0.3958333333333342 0
1 0.4166666666666675 0
1 0.4375000000000008 0
1 0.4583333333333341 0
1 0.4791666666666675 0
1 0.5000000000000008 0
1 0.520833333333334 0
1 0.5416666666666674 0
1 0.5625000000000006 0
1 0.5833333333333339 0
1 0.6041666666666672 0
1 0.6250000000000006 0
1 0.6458333333333338 0
1 0.6666666666666672 0
1 0.6875000000000004 0
1 0.7083333333333337 0
1 0.7291666666666671 0
1 0.7500000000000003 0
1 0.7708333333333337 0
1 0.791666666666667 0
1 0.8125000000000003 0
1 0.8333333333333335 0
1 0.854166666666667 0
1 0.8750000000000001 0
1 0.8958333333333334 0
1 0.9166666666666667 0
1 0.9375 0
1 0.9583333333333334 0
1 0.9791666666666666 0
1 0.01041666666666669 0
1 0.03125000000000007 0
1 0.05208333333333344 0
1 0.07291666666666681 0
1 0.09375000000000019 0
1 0.1145833333333336 0
1 0.135416666666667 0
1 0.1562500000000004 0
1 0.1770833333333338 0
1 0.1979166666666672 0
1 0.2187500000000006 0
1 0.239583333333334 0
1 0.2604166666666675 0
1 0.2812500000000008 0
1 0.3020833333333342 0
1 0.3229166666666676 0
1 0.3437500000000009 0
1 0.3645833333333343 0
1 0.3854166666666675 0
1 0.4062500000000009 0
1 0.4270833333333341 0
1 0.4479166666666675 0
1 0.4687500000000008 0
1 0.4895833333333341 0
1 0.5104166666666674 0
1 0.5312500000000007 0
1 0.5520833333333339 0
1 0.5729166666666672 0
1 0.5937500000000006 0
1 0.6145833333333339 0
1 0.6354166666666672 0
1 0.6562500000000004 0
1 0.6770833333333338 0
1 0.6979166666666671 0
1 0.7187500000000004 0
1 0.7395833333333337 0
1 0.760416666666667 0
1 0.7812500000000003 0
1 0.8020833333333337 0
1 0.822916666666667 0
1 0.8437500000000002 0
1 0.8645833333333335 0
1 0.8854166666666667 0
1 0.90625 0
1 0.9270833333333334 0
1 0.9479166666666667 0
1 0.96875 0
1 0.9895833333333333 0
1 11 0 95
456
457
458
459
460
461
462
463
464
465
466
467
468
469
470
471
472
473
474
475
476
477
478
479
480
481
482
483
484
485
486
487
488
489
490
491
492
493
494
495
496
497
498
499
500
501
502
503
504
505
506
507
508
509
510
511
512
513
514
515
516
517
518
519
520
521
522
523
524
525
526
527
528
529
530
531
532
533
534
535
536
537
538
539
540
541
542
543
544
545
546
547
548
549
550
0.9791666666666666 1 0
0.9583333333333333 1 0
0.9374999999999999 1 0
0.9166666666666665 1 0
0.8958333333333331 1 0
0.8749999999999997 1 0
0.8541666666666663 1 0
0.8333333333333329 1 0
0.8124999999999996 1 0
0.7916666666666661 1 0
0.7708333333333327 1 0
0.7499999999999993 1 0
0.7291666666666659 1 0
0.7083333333333325 1 0
0.6874999999999991 1 0
0.6666666666666656 1 0
0.6458333333333324 1 0
0.6249999999999991 1 0
0.6041666666666659 1 0
0.5833333333333325 1 0
0.5624999999999991 1 0
0.5416666666666659 1 0
0.5208333333333326 1 0
0.4999999999999992 1 0
0.479166666666666 1 0
0.4583333333333326 1 0
0.4374999999999994 1 0
0.4166666666666661 1 0
0.3958333333333328 1 0
0.3749999999999994 1 0
0.3541666666666662 1 0
0.3333333333333328 1 0
0.3124999999999996 1 0
0.2916666666666663 1 0
0.2708333333333329 1 0
0.2499999999999997 1 0
0.2291666666666663 1 0
0.208333333333333 1 0
0.1874999999999997 1 0
0.1666666666666665 1 0
0.145833333333333 1 0
0.1249999999999999 1 0
0.1041666666666666 1 0
0.08333333333333326 1 0
0.0625 1 0
0.04166666666666663 1 0
0.02083333333333337 1 0
0.9895833333333333 1 0
0.9687499999999999 1 0
0.9479166666666665 1 0
0.9270833333333331 1 0
0.9062499999999998 1 0
0.8854166666666664 1 0
0.864583333333333 1 0
0.8437499999999996 1 0
0.8229166666666662 1 0
0.8020833333333328 1 0
0.7812499999999994 1 0
0.760416666666666 1 0
0.7395833333333326 1 0
0.7187499999999991 1 0
0.6979166666666659 1 0
0.6770833333333324 1 0
0.6562499999999991 1 0
0.6354166666666657 1 0
0.6145833333333325 1 0
0.5937499999999991 1 0
0.5729166666666659 1 0
0.5520833333333325 1 0
0.5312499999999992 1 0
0.5104166666666659 1 0
0.4895833333333326 1 0
0.4687499999999993 1 0
0.4479166666666661 1 0
0.4270833333333328 1 0
0.4062499999999994 1 0
0.3854166666666661 1 0
0.3645833333333328 1 0
0.3437499999999996 1 0
0.3229166666666662 1 0
0.3020833333333329 1 0
0.2812499999999996 1 0
0.2604166666666663 1 0
0.239583333333333 1 0
0.2187499999999997 1 0
0.1979166666666663 1 0
0.177083333333333 1 0
0.1562499999999998 1 0
0.1354166666666665 1 0
0.1145833333333333 1 0
0.09375 1 0
0.07291666666666663 1 0
0.05208333333333326 1 0
0.03125 1 0
0.01041666666666674 1 0
2 1 0 9721
551
552
553
554
555
556
557
558
559
560
561
562
563
564
565
566
567
568
569
570
571
572
573
574
575
576
577
578
579
580
581
582
583
584
585
586
587
588
589
590
591
592
593
594
595
596
597
598
599
600
601
602
603
604
605
606
607
608
609
610
611
612
613
614
615
616
617
618
619
620
621
622
623
624
625
626
627
628
629
630
631
632
633
634
635
636
637
638
639
640
641
642
643
644
645
646
647
648
649
650
651
652
653
654
655
656
657
658
659
660
661
662
663
664
665
666
667
668
669
670
671
672
673
674
675
676
677
678
679
680
681
682
683
684
685
686
687
688
689
690
691
692
693
694
695
696
697
698
699
700
701
702
703
704
705
706
707
708
709
710
711
712
713
714
715
716
717
718
719
720
721
722
723
724
725
726
727
728
729
730
731
732
733
734
735
736
737
738
739
740
741
742
743
744
745
746
747
748
749
750
751
752
753
754
755
756
757
758
759
760
761
762
763
764
765
766
767
768
769
770
771
772
773
774
775
776
777
778
779
780
781
782
783
784
785
786
787
788
789
790
791
792
793
794
795
796
797
798
799
800
801
802
803
804
805
806
807
808
809
810
811
812
813
814
815
816
817
818
819
820
821
822
823
824
825
826
827
828
829
830
831
832
833
834
835
836
837
838
839
840
841
842
843
844
845
846
847
848
849
850
851
852
853
854
855
856
857
858
859
860
861
862
863
864
865
866
867
868
869
870
871
872
873
874
875
876
877
878
879
880
881
882
883
884
885
886
887
888
889
890
891
892
893
894
895
896
897
898
899
900
901
902
903
904
905
906
907
908
909
910
911
912
913
914
915
916
917
918
919
920
921
922
923
924
925
926
927
928
929
930
931
932
933
934
935
936
937
938
939
940
941
942
943
944
945
946
947
948
949
950
951
952
953
954
955
956
957
958
959
960
961
962
963
964
965
966
967
968
969
970
971
972
973
974
975
976
977
978
979
980
981
982
983
984
985
986
987
988
989
990
991
992
993
994
995
996
997
998
999
1000
1001
1002
1003
1004
1005
1006
1007
1008
1009
1010
1011
1012
1013
1014
1015
1016
1017
1018
1019
1020
1021
1022
1023
1024
1025
1026
1027
1028
1029
1030
1031
1032
1033
1034
1035
1036
1037
1038
1039
1040
1041
1042
1043
1044
1045
1046
1047
1048
1049
1050
1051
1052
1053
1054
1055
1056
1057
1058
1059
1060
1061
1062
1063
1064
1065
1066
1067
1068
1069
1070
1071
1072
1073
1074
1075
1076
1077
1078
1079
1080
1081
1082
1083
1084
1085
1086
1087
1088
1089
1090
1091
1092
1093
1094
1095
1096
1097
1098
1099
1100
1101
1102
1103
1104
1105
1106
1107
1108
1109
1110
1111
1112
1113
1114
1115
1116
1117
1118
1119
1120
1121
1122
1123
1124
1125
1126
1127
1128
1129
1130
1131
1132
1133
1134
1135
1136
1137
1138
1139
1140
1141
1142
1143
1144
1145
1146
1147
1148
1149
1150
1151
1152
1153
1154
1155
1156
1157
1158
1159
1160
1161
1162
1163
1164
1165
1166
1167
1168
1169
1170
1171
1172
1173
1174
1175
1176
1177
1178
1179
1180
1181
1182
1183
1184
1185
1186
1187
1188
1189
1190
1191
1192
1193
1194
1195
1196
1197
1198
1199
1200
1201
1202
1203
1204
1205
1206
1207
1208
1209
1210
1211
1212
1213
1214
1215
1216
1217
1218
1219
1220
1221
1222
1223
1224
1225
1226
1227
1228
1229
1230
1231
1232
1233
1234
1235
1236
1237
1238
1239
1240
1241
1242
1243
1244
1245
1246
1247
1248
1249
1250
1251
1252
1253
1254
1255
1256
1257
1258
1259
1260
1261
1262
1263
1264
1265
1266
1267
1268
1269
1270
1271
1272
1273
1274
1275
1276
1277
1278
1279
1280
1281
1282
1283
1284
1285
1286
1287
1288
1289
1290
1291
1292
1293
1294
1295
1296
1297
1298
1299
1300
1301
1302
1303
1304
1305
1306
1307
1308
1309
1310
1311
1312
1313
1314
1315
1316
1317
1318
1319
1320
1321
1322
1323
1324
1325
1326
1327
1328
1329
1330
1331
1332
1333
1334
1335
1336
1337
1338
1339
1340
1341
1342
1343
1344
1345
1346
1347
1348
1349
1350
1351
1352
1353
1354
1355
1356
1357
1358
1359
1360
1361
1362
1363
1364
1365
1366
1367
1368
1369
1370
1371
1372
1373
1374
1375
1376
1377
1378
1379
1380
1381
1382
1383
1384
1385
1386
1387
1388
1389
1390
1391
1392
1393
1394
1395
1396
1397
1398
1399
1400
1401
1402
1403
1404
1405
1406
1407
1408
1409
1410
1411
1412
1413
1414
1415
1416
1417
1418
1419
1420
1421
1422
1423
1424
1425
1426
1427
1428
1429
1430
1431
1432
1433
1434
1435
1436
1437
1438
1439
1440
1441
1442
1443
1444
1445
1446
1447
1448
1449
1450
1451
1452
1453
1454
1455
1456
1457
1458
1459
1460
1461
1462
1463
1464
1465
1466
1467
1468
1469
1470
1471
1472
1473
1474
1475
1476
1477
1478
1479
1480
1481
1482
1483
1484
1485
1486
1487
1488
1489
1490
1491
1492
1493
1494
1495
1496
1497
1498
1499
1500
1501
1502
1503
1504
1505
1506
1507
1508
1509
1510
1511
1512
1513
1514
1515
1516
1517
1518
1519
1520
1521
1522
1523
1524
1525
1526
1527
1528
1529
1530
1531
1532
1533
1534
1535
1536
1537
1538
1539
1540
1541
1542
1543
1544
1545
1546
1547
1548
1549
1550
1551
1552
1553
1554
1555
1556
1557
1558
1559
1560
1561
1562
1563
1564
1565
1566
1567
1568
1569
1570
1571
1572
1573
1574
1575
1576
1577
1578
1579
1580
1581
1582
1583
1584
1585
1586
1587
1588
1589
1590
1591
1592
1593
1594
1595
1596
1597
1598
1599
1600
1601
1602
1603
1604
1605
1606
1607
1608
1609
1610
1611
1612
1613
1614
1615
1616
1617
1618
1619
1620
1621
1622
1623
1624
1625
1626
1627
1628
1629
1630
1631
1632
1633
1634
1635
1636
1637
1638
1639
1640
1641
1642
1643
1644
1645
1646
1647
1648
1649
1650
1651
1652
1653
1654
1655
1656
1657
1658
1659
1660
1661
1662
1663
1664
1665
1666
1667
1668
1669
1670
1671
1672
1673
1674
1675
1676
1677
1678
1679
1680
1681
1682
1683
1684
1685
1686
1687
1688
1689
1690
1691
1692
1693
1694
1695
1696
1697
1698
1699
1700
1701
1702
1703
1704
1705
1706
1707
1708
1709
1710
1711
1712
1713
1714
1715
1716
1717
1718
1719
1720
1721
1722
1723
1724
1725
1726
1727
1728
1729
1730
1731
1732
1733
1734
1735
1736
1737
1738
1739
1740
1741
1742
1743
1744
1745
1746
1747
1748
1749
1750
1751
1752
1753
1754
1755
1756
1757
1758
1759
1760
1761
1762
1763
1764
1765
1766
1767
1768
1769
1770
1771
1772
1773
1774
1775
1776
1777
1778
1779
1780
1781
1782
1783
1784
1785
1786
1787
1788
1789
1790
1791
1792
1793
1794
1795
1796
1797
1798
1799
1800
1801
1802
1803
1804
1805
1806
1807
1808
1809
1810
1811
1812
1813
1814
1815
1816
1817
1818
1819
1820
1821
1822
1823
1824
1825
1826
1827
1828
1829
1830
1831
1832
1833
1834
1835
1836
1837
1838
1839
1840
1841
1842
1843
1844
1845
1846
1847
1848
1849
1850
1851
1852
1853
1854
1855
1856
1857
1858
1859
1860
1861
1862
1863
1864
1865
1866
1867
1868
1869
1870
1871
1872
1873
1874
1875
1876
1877
1878
1879
1880
1881
1882
1883
1884
1885
1886
1887
1888
1889
1890
1891
1892
1893
1894
1895
1896
1897
1898
1899
1900
1901
1902
1903
1904
1905
1906
1907
1908
1909
1910
1911
1912
1913
1914
1915
1916
1917
1918
1919
1920
1921
1922
1923
1924
1925
1926
1927
1928
1929
1930
1931
1932
1933
1934
1935
1936
1937
1938
1939
1940
1941
1942
1943
1944
1945
1946
1947
1948
1949
1950
1951
1952
1953
1954
1955
1956
1957
1958
1959
1960
1961
1962
1963
1964
1965
1966
1967
1968
1969
1970
1971
1972
1973
1974
1975
1976
1977
1978
1979
1980
1981
1982
1983
1984
1985
1986
1987
1988
1989
1990
1991
1992
1993
1994
1995
1996
1997
1998
1999
2000
2001
2002
2003
2004
2005
2006
2007
2008
2009
2010
2011
2012
2013
2014
2015
2016
2017
2018
2019
2020
2021
2022
2023
2024
2025
2026
2027
2028
2029
2030
2031
2032
2033
2034
2035
2036
2037
2038
2039
2040
2041
2042
2043
2044
2045
2046
2047
2048
2049
2050
2051
2052
2053
2054
2055
2056
2057
2058
2059
2060
2061
2062
2063
2064
2065
2066
2067
2068
2069
2070
2071
2072
2073
2074
2075
2076
2077
2078
2079
2080
2081
2082
2083
2084
2085
2086
2087
2088
2089
2090
2091
2092
2093
2094
2095
2096
2097
2098
2099
2100
2101
2102
2103
2104
2105
2106
2107
2108
2109
2110
2111
2112
2113
2114
2115
2116
2117
2118
2119
2120
2121
2122
2123
2124
2125
2126
2127
2128
2129
2130
2131
2132
2133
2134
2135
2136
2137
2138
2139
2140
2141
2142
2143
2144
2145
2146
2147
2148
2149
2150
2151
2152
2153
2154
2155
2156
2157
2158
2159
2160
2161
2162
2163
2164
2165
2166
2167
2168
2169
2170
2171
2172
2173
2174
2175
2176
2177
2178
2179
2180
2181
2182
2183
2184
2185
2186
2187
2188
2189
2190
2191
2192
2193
2194
2195
2196
2197
2198
2199
2200
2201
2202
2203
2204
2205
2206
2207
2208
2209
2210
2211
2212
2213
2214
2215
2216
2217
2218
2219
2220
2221
2222
2223
2224
2225
2226
2227
2228
2229
2230
2231
2232
2233
2234
2235
2236
2237
2238
2239
2240
2241
2242
2243
2244
2245
2246
2247
2248
2249
2250
2251
2252
2253
2254
2255
2256
2257
2258
2259
2260
2261
2262
2263
2264
2265
2266
2267
2268
2269
2270
2271
2272
2273
2274
2275
2276
2277
2278
2279
2280
2281
2282
2283
2284
2285
2286
2287
2288
2289
2290
2291
2292
2293
2294
2295
2296
2297
2298
2299
2300
2301
2302
2303
2304
2305
2306
2307
2308
2309
2310
2311
2312
2313
2314
2315
2316
2317
2318
2319
2320
2321
2322
2323
2324
2325
2326
2327
2328
2329
2330
2331
2332
2333
2334
2335
2336
2337
2338
2339
2340
2341
2342
2343
2344
2345
2346
2347
2348
2349
2350
2351
2352
2353
2354
2355
2356
2357
2358
2359
2360
2361
2362
2363
2364
2365
2366
2367
2368
2369
2370
2371
2372
2373
2374
2375
2376
2377
2378
2379
2380
2381
2382
2383
2384
2385
2386
2387
2388
2389
2390
2391
2392
2393
2394
2395
2396
2397
2398
2399
2400
2401
2402
2403
2404
2405
2406
2407
2408
2409
2410
2411
2412
2413
2414
2415
2416
2417
2418
2419
2420
2421
2422
2423
2424
2425
2426
2427
2428
2429
2430
2431
2432
2433
2434
2435
2436
2437
2438
2439
2440
2441
2442
2443
2444
2445
2446
2447
2448
2449
2450
2451
2452
2453
2454
2455
2456
2457
2458
2459
2460
2461
2462
2463
2464
2465
2466
2467
2468
2469
2470
2471
2472
2473
2474
2475
2476
2477
2478
2479
2480
2481
2482
2483
2484
2485
2486
2487
2488
2489
2490
2491
2492
2493
2494
2495
2496
2497
2498
2499
2500
2501
2502
2503
2504
2505
2506
2507
2508
2509
2510
2511
2512
2513
2514
2515
2516
2517
2518
2519
2520
2521
2522
2523
2524
2525
2526
2527
2528
2529
2530
2531
2532
2533
2534
2535
2536
2537
2538
2539
2540
2541
2542
2543
2544
2545
2546
2547
2548
2549
2550
2551
2552
2553
2554
2555
2556
2557
2558
2559
2560
2561
2562
2563
2564
2565
2566
2567
2568
2569
2570
2571
2572
2573
2574
2575
2576
2577
2578
2579
2580
2581
2582
2583
2584
2585
2586
2587
2588
2589
2590
2591
2592
2593
2594
2595
2596
2597
2598
2599
2600
2601
2602
2603
2604
2605
2606
2607
2608
2609
2610
2611
2612
2613
2614
2615
2616
2617
2618
2619
2620
2621
2622
2623
2624
2625
2626
2627
2628
2629
2630
2631
2632
2633
2634
2635
2636
2637
2638
2639
2640
2641
2642
2643
2644
2645
2646
2647
2648
2649
2650
2651
2652
2653
2654
2655
2656
2657
2658
2659
2660
2661
2662
2663
2664
2665
2666
2667
2668
2669
2670
2671
2672
2673
2674
2675
2676
2677
2678
2679
2680
2681
2682
2683
2684
2685
2686
2687
2688
2689
2690
2691
2692
2693
2694
2695
2696
2697
2698
2699
2700
2701
2702
2703
2704
2705
2706
2707
2708
2709
2710
2711
2712
2713
2714
2715
2716
2717
2718
2719
2720
2721
2722
2723
2724
2725
2726
2727
2728
2729
2730
2731
2732
2733
2734
2735
2736
2737
2738
2739
2740
2741
2742
2743
2744
2745
2746
2747
2748
2749
2750
2751
2752
2753
2754
2755
2756
2757
2758
2759
2760
2761
2762
2763
2764
2765
2766
2767
2768
2769
2770
2771
2772
2773
2774
2775
2776
2777
2778
2779
2780
2781
2782
2783
2784
2785
2786
2787
2788
2789
2790
2791
2792
2793
2794
2795
2796
2797
2798
2799
2800
2801
2802
2803
2804
2805
2806
2807
2808
2809
2810
2811
2812
2813
2814
2815
2816
2817
2818
2819
2820
2821
2822
2823
2824
2825
2826
2827
2828
2829
2830
2831
2832
2833
2834
2835
2836
2837
2838
2839
2840
2841
2842
2843
2844
2845
2846
2847
2848
2849
2850
2851
2852
2853
2854
2855
2856
2857
2858
2859
2860
2861
2862
2863
2864
2865
2866
2867
2868
2869
2870
2871
2872
2873
2874
2875
2876
2877
2878
2879
2880
2881
2882
2883
2884
2885
2886
2887
2888
2889
2890
2891
2892
2893
2894
2895
2896
2897
2898
2899
2900
2901
2902
2903
2904
2905
2906
2907
2908
2909
2910
2911
2912
2913
2914
2915
2916
2917
2918
2919
2920
2921
2922
2923
2924
2925
2926
2927
2928
2929
2930
2931
2932
2933
2934
2935
2936
2937
2938
2939
2940
2941
2942
2943
2944
2945
2946
2947
2948
2949
2950
2951
2952
2953
2954
2955
2956
2957
2958
2959
2960
2961
2962
2963
2964
2965
2966
2967
2968
2969
2970
2971
2972
2973
2974
2975
2976
2977
2978
2979
2980
2981
2982
2983
2984
2985
2986
2987
2988
2989
2990
2991
2992
2993
2994
2995
2996
2997
2998
2999
3000
3001
3002
3003
3004
3005
3006
3007
3008
3009
3010
3011
3012
3013
3014
3015
3016
3017
3018
3019
3020
3021
3022
3023
3024
3025
3026
3027
3028
3029
3030
3031
3032
3033
3034
3035
3036
3037
3038
3039
3040
3041
3042
3043
3044
3045
3046
3047
3048
3049
3050
3051
3052
3053
3054
3055
3056
3057
3058
3059
3060
3061
3062
3063
3064
3065
3066
3067
3068
3069
3070
3071
3072
3073
3074
3075
3076
3077
3078
3079
3080
3081
3082
3083
3084
3085
3086
3087
3088
3089
3090
3091
3092
3093
3094
3095
3096
3097
3098
3099
3100
3101
3102
3103
3104
3105
3106
3107
3108
3109
3110
3111
3112
3113
3114
3115
3116
3117
3118
3119
3120
3121
3122
3123
3124
3125
3126
3127
3128
3129
3130
3131
3132
3133
3134
3135
3136
3137
3138
3139
3140
3141
3142
3143
3144
3145
3146
3147
3148
3149
3150
3151
3152
3153
3154
3155
3156
3157
3158
3159
3160
3161
3162
3163
3164
3165
3166
3167
3168
3169
3170
3171
3172
3173
3174
3175
3176
3177
3178
3179
3180
3181
3182
3183
3184
3185
3186
3187
3188
3189
3190
3191
3192
3193
3194
3195
3196
3197
3198
3199
3200
3201
3202
3203
3204
3205
3206
3207
3208
3209
3210
3211
3212
3213
3214
3215
3216
3217
3218
3219
3220
3221
3222
3223
3224
3225
3226
3227
3228
3229
3230
3231
3232
3233
3234
3235
3236
3237
3238
3239
3240
3241
3242
3243
3244
3245
3246
3247
3248
3249
3250
3251
3252
3253
3254
3255
3256
3257
3258
3259
3260
3261
3262
3263
3264
3265
3266
3267
3268
3269
3270
3271
3272
3273
3274
3275
3276
3277
3278
3279
3280
3281
3282
3283
3284
3285
3286
3287
3288
3289
3290
3291
3292
3293
3294
3295
3296
3297
3298
3299
3300
3301
3302
3303
3304
3305
3306
3307
3308
3309
3310
3311
3312
3313
3314
3315
3316
3317
3318
3319
3320
3321
3322
3323
3324
3325
3326
3327
3328
3329
3330
3331
3332
3333
3334
3335
3336
3337
3338
3339
3340
3341
3342
3343
3344
3345
3346
3347
3348
3349
3350
3351
3352
3353
3354
3355
3356
3357
3358
3359
3360
3361
3362
3363
3364
3365
3366
3367
3368
3369
3370
3371
3372
3373
3374
3375
3376
3377
3378
3379
3380
3381
3382
3383
3384
3385
3386
3387
3388
3389
3390
3391
3392
3393
3394
3395
3396
3397
3398
3399
3400
3401
3402
3403
3404
3405
3406
3407
3408
3409
3410
3411
3412
3413
3414
3415
3416
3417
3418
3419
3420
3421
3422
3423
3424
3425
3426
3427
3428
3429
3430
3431
3432
3433
3434
3435
3436
3437
3438
3439
3440
3441
3442
3443
3444
3445
3446
3447
3448
3449
3450
3451
3452
3453
3454
3455
3456
3457
3458
3459
3460
3461
3462
3463
3464
3465
3466
3467
3468
3469
3470
3471
3472
3473
3474
3475
3476
3477
3478
3479
3480
3481
3482
3483
3484
3485
3486
3487
3488
3489
3490
3491
3492
3493
3494
3495
3496
3497
3498
3499
3500
3501
3502
3503
3504
3505
3506
3507
3508
3509
3510
3511
3512
3513
3514
3515
3516
3517
3518
3519
3520
3521
3522
3523
3524
3525
3526
3527
3528
3529
3530
3531
3532
3533
3534
3535
3536
3537
3538
3539
3540
3541
3542
3543
3544
3545
3546
3547
3548
3549
3550
3551
3552
3553
3554
3555
3556
3557
3558
3559
3560
3561
3562
3563
3564
3565
3566
3567
3568
3569
3570
3571
3572
3573
3574
3575
3576
3577
3578
3579
3580
3581
3582
3583
3584
3585
3586
3587
3588
3589
3590
3591
3592
3593
3594
3595
3596
3597
3598
3599
3600
3601
3602
3603
3604
3605
3606
3607
3608
3609
3610
3611
3612
3613
3614
3615
3616
3617
3618
3619
3620
3621
3622
3623
3624
3625
3626
3627
3628
3629
3630
3631
3632
3633
3634
3635
3636
3637
3638
3639
3640
3641
3642
3643
3644
3645
3646
3647
3648
3649
3650
3651
3652
3653
3654
3655
3656
3657
3658
3659
3660
3661
3662
3663
3664
3665
3666
3667
3668
3669
3670
3671
3672
3673
3674
3675
3676
3677
3678
3679
3680
3681
3682
3683
3684
3685
3686
3687
3688
3689
3690
3691
3692
3693
3694
3695
3696
3697
3698
3699
3700
3701
3702
3703
3704
3705
3706
3707
3708
3709
3710
3711
3712
3713
3714
3715
3716
3717
3718
3719
3720
3721
3722
3723
3724
3725
3726
3727
3728
3729
3730
3731
3732
3733
3734
3735
3736
3737
3738
3739
3740
3741
3742
3743
3744
3745
3746
3747
3748
3749
3750
3751
3752
3753
3754
3755
3756
3757
3758
3759
3760
3761
3762
3763
3764
3765
3766
3767
3768
3769
3770
3771
3772
3773
3774
3775
3776
3777
3778
3779
3780
3781
3782
3783
3784
3785
3786
3787
3788
3789
3790
3791
3792
3793
3794
3795
3796
3797
3798
3799
3800
3801
3802
3803
3804
3805
3806
3807
3808
3809
3810
3811
3812
3813
3814
3815
3816
3817
3818
3819
3820
3821
3822
3823
3824
3825
3826
3827
3828
3829
3830
3831
3832
3833
3834
3835
3836
3837
3838
3839
3840
3841
3842
3843
3844
3845
3846
3847
3848
3849
3850
3851
3852
3853
3854
3855
3856
3857
3858
3859
3860
3861
3862
3863
3864
3865
3866
3867
3868
3869
3870
3871
3872
3873
3874
3875
3876
3877
3878
3879
3880
3881
3882
3883
3884
3885
3886
3887
3888
3889
3890
3891
3892
3893
3894
3895
3896
3897
3898
3899
3900
3901
3902
3903
3904
3905
3906
3907
3908
3909
3910
3911
3912
3913
3914
3915
3916
3917
3918
3919
3920
3921
3922
3923
3924
3925
3926
3927
3928
3929
3930
3931
3932
3933
3934
3935
3936
3937
3938
3939
3940
3941
3942
3943
3944
3945
3946
3947
3948
3949
3950
3951
3952
3953
3954
3955
3956
3957
3958
3959
3960
3961
3962
3963
3964
3965
3966
3967
3968
3969
3970
3971
3972
3973
3974
3975
3976
3977
3978
3979
3980
3981
3982
3983
3984
3985
3986
3987
3988
3989
3990
3991
3992
3993
3994
3995
3996
3997
3998
3999
4000
4001
4002
4003
4004
4005
4006
4007
4008
4009
4010
4011
4012
4013
4014
4015
4016
4017
4018
4019
4020
4021
4022
4023
4024
4025
4026
4027
4028
4029
4030
4031
4032
4033
4034
4035
4036
4037
4038
4039
4040
4041
4042
4043
4044
4045
4046
4047
4048
4049
4050
4051
4052
4053
4054
4055
4056
4057
4058
4059
4060
4061
4062
4063
4064
4065
4066
4067
4068
4069
4070
4071
4072
4073
4074
4075
4076
4077
4078
4079
4080
4081
4082
4083
4084
4085
4086
4087
4088
4089
4090
4091
4092
4093
4094
4095
4096
4097
4098
4099
4100
4101
4102
4103
4104
4105
4106
4107
4108
4109
4110
4111
4112
4113
4114
4115
4116
4117
4118
4119
4120
4121
4122
4123
4124
4125
4126
4127
4128
4129
4130
4131
4132
4133
4134
4135
4136
4137
4138
4139
4140
4141
4142
4143
4144
4145
4146
4147
4148
4149
4150
4151
4152
4153
4154
4155
4156
4157
4158
4159
4160
4161
4162
4163
4164
4165
4166
4167
4168
4169
4170
4171
4172
4173
4174
4175
4176
4177
4178
4179
4180
4181
4182
4183
4184
4185
4186
4187
4188
4189
4190
4191
4192
4193
4194
4195
4196
4197
4198
4199
4200
4201
4202
4203
4204
4205
4206
4207
4208
4209
4210
4211
4212
4213
4214
4215
4216
4217
4218
4219
4220
4221
4222
4223
4224
4225
4226
4227
4228
4229
4230
4231
4232
4233
4234
4235
4236
4237
4238
4239
4240
4241
4242
4243
4244
4245
4246
4247
4248
4249
4250
4251
4252
4253
4254
4255
4256
4257
4258
4259
4260
4261
4262
4263
4264
4265
4266
4267
4268
4269
4270
4271
4272
4273
4274
4275
4276
4277
4278
4279
4280
4281
4282
4283
4284
4285
4286
4287
4288
4289
4290
4291
4292
4293
4294
4295
4296
4297
4298
4299
4300
4301
4302
4303
4304
4305
4306
4307
4308
4309
4310
4311
4312
4313
4314
4315
4316
4317
4318
4319
4320
4321
4322
4323
4324
4325
4326
4327
4328
4329
4330
4331
4332
4333
4334
4335
4336
4337
4338
4339
4340
4341
4342
4343
4344
4345
4346
4347
4348
4349
4350
4351
4352
4353
4354
4355
4356
4357
4358
4359
4360
4361
4362
4363
4364
4365
4366
4367
4368
4369
4370
4371
4372
4373
4374
4375
4376
4377
4378
4379
4380
4381
4382
4383
4384
4385
4386
4387
4388
4389
4390
4391
4392
4393
4394
4395
4396
4397
4398
4399
4400
4401
4402
4403
4404
4405
4406
4407
4408
4409
4410
4411
4412
4413
4414
4415
4416
4417
4418
4419
4420
4421
4422
4423
4424
4425
4426
4427
4428
4429
4430
4431
4432
4433
4434
4435
4436
4437
4438
4439
4440
4441
4442
4443
4444
4445
4446
4447
4448
4449
4450
4451
4452
4453
4454
4455
4456
4457
4458
4459
4460
4461
4462
4463
4464
4465
4466
4467
4468
4469
4470
4471
4472
4473
4474
4475
4476
4477
4478
4479
4480
4481
4482
4483
4484
4485
4486
4487
4488
4489
4490
4491
4492
4493
4494
4495
4496
4497
4498
4499
4500
4501
4502
4503
4504
4505
4506
4507
4508
4509
4510
4511
4512
4513
4514
4515
4516
4517
4518
4519
4520
4521
4522
4523
4524
4525
4526
4527
4528
4529
4530
4531
4532
4533
4534
4535
4536
4537
4538
4539
4540
4541
4542
4543
4544
4545
4546
4547
4548
4549
4550
4551
4552
4553
4554
4555
4556
4557
4558
4559
4560
4561
4562
4563
4564
4565
4566
4567
4568
4569
4570
4571
4572
4573
4574
4575
4576
4577
4578
4579
4580
4581
4582
4583
4584
4585
4586
4587
4588
4589
4590
4591
4592
4593
4594
4595
4596
4597
4598
4599
4600
4601
4602
4603
4604
4605
4606
4607
4608
4609
4610
4611
4612
4613
4614
4615
4616
4617
4618
4619
4620
4621
4622
4623
4624
4625
4626
4627
4628
4629
4630
4631
4632
4633
4634
4635
4636
4637
4638
4639
4640
4641
4642
4643
4644
4645
4646
4647
4648
4649
4650
4651
4652
4653
4654
4655
4656
4657
4658
4659
4660
4661
4662
4663
4664
4665
4666
4667
4668
4669
4670
4671
4672
4673
4674
4675
4676
4677
4678
4679
4680
4681
4682
4683
4684
4685
4686
4687
4688
4689
4690
4691
4692
4693
4694
4695
4696
4697
4698
4699
4700
4701
4702
4703
4704
4705
4706
4707
4708
4709
4710
4711
4712
4713
4714
4715
4716
4717
4718
4719
4720
4721
4722
4723
4724
4725
4726
4727
4728
4729
4730
4731
4732
4733
4734
4735
4736
4737
4738
4739
4740
4741
4742
4743
4744
4745
4746
4747
4748
4749
4750
4751
4752
4753
4754
4755
4756
4757
4758
4759
4760
4761
4762
4763
4764
4765
4766
4767
4768
4769
4770
4771
4772
4773
4774
4775
4776
4777
4778
4779
4780
4781
4782
4783
4784
4785
4786
4787
4788
4789
4790
4791
4792
4793
4794
4795
4796
4797
4798
4799
4800
4801
4802
4803
4804
4805
4806
4807
4808
4809
4810
4811
4812
4813
4814
4815
4816
4817
4818
4819
4820
4821
4822
4823
4824
4825
4826
4827
4828
4829
4830
4831
4832
4833
4834
4835
4836
4837
4838
4839
4840
4841
4842
4843
4844
4845
4846
4847
4848
4849
4850
4851
4852
4853
4854
4855
4856
4857
4858
4859
4860
4861
4862
4863
4864
4865
4866
4867
4868
4869
4870
4871
4872
4873
4874
4875
4876
4877
4878
4879
4880
4881
4882
4883
4884
4885
4886
4887
4888
4889
4890
4891
4892
4893
4894
4895
4896
4897
4898
4899
4900
4901
4902
4903
4904
4905
4906
4907
4908
4909
4910
4911
4912
4913
4914
4915
4916
4917
4918
4919
4920
4921
4922
4923
4924
4925
4926
4927
4928
4929
4930
4931
4932
4933
4934
4935
4936
4937
4938
4939
4940
4941
4942
4943
4944
4945
4946
4947
4948
4949
4950
4951
4952
4953
4954
4955
4956
4957
4958
4959
4960
4961
4962
4963
4964
4965
4966
4967
4968
4969
4970
4971
4972
4973
4974
4975
4976
4977
4978
4979
4980
4981
4982
4983
4984
4985
4986
4987
4988
4989
4990
4991
4992
4993
4994
4995
4996
4997
4998
4999
5000
5001
5002
5003
5004
5005
5006
5007
5008
5009
5010
5011
5012
5013
5014
5015
5016
5017
5018
5019
5020
5021
5022
5023
5024
5025
5026
5027
5028
5029
5030
5031
5032
5033
5034
5035
5036
5037
5038
5039
5040
5041
5042
5043
5044
5045
5046
5047
5048
5049
5050
5051
5052
5053
5054
5055
5056
5057
5058
5059
5060
5061
5062
5063
5064
5065
5066
5067
5068
5069
5070
5071
5072
5073
5074
5075
5076
5077
5078
5079
5080
5081
5082
5083
5084
5085
5086
5087
5088
5089
5090
5091
5092
5093
5094
5095
5096
5097
5098
5099
5100
5101
5102
5103
5104
5105
5106
5107
5108
5109
5110
5111
5112
5113
5114
5115
5116
5117
5118
5119
5120
5121
5122
5123
5124
5125
5126
5127
5128
5129
5130
5131
5132
5133
5134
5135
5136
5137
5138
5139
5140
5141
5142
5143
5144
5145
5146
5147
5148
5149
5150
5151
5152
5153
5154
5155
5156
5157
5158
5159
5160
5161
5162
5163
5164
5165
5166
5167
5168
5169
5170
5171
5172
5173
5174
5175
5176
5177
5178
5179
5180
5181
5182
5183
5184
5185
5186
5187
5188
5189
5190
5191
5192
5193
5194
5195
5196
5197
5198
5199
5200
5201
5202
5203
5204
5205
5206
5207
5208
5209
5210
5211
5212
5213
5214
5215
5216
5217
5218
5219
5220
5221
5222
5223
5224
5225
5226
5227
5228
5229
5230
5231
5232
5233
5234
5235
5236
5237
5238
5239
5240
5241
5242
5243
5244
5245
5246
5247
5248
5249
5250
5251
5252
5253
5254
5255
5256
5257
5258
5259
5260
5261
5262
5263
5264
5265
5266
5267
5268
5269
5270
5271
5272
5273
5274
5275
5276
5277
5278
5279
5280
5281
5282
5283
5284
5285
5286
5287
5288
5289
5290
5291
5292
5293
5294
5295
5296
5297
5298
5299
5300
5301
5302
5303
5304
5305
5306
5307
5308
5309
5310
5311
5312
5313
5314
5315
5316
5317
5318
5319
5320
5321
5322
5323
5324
5325
5326
5327
5328
5329
5330
5331
5332
5333
5334
5335
5336
5337
5338
5339
5340
5341
5342
5343
5344
5345
5346
5347
5348
5349
5350
5351
5352
5353
5354
5355
5356
5357
5358
5359
5360
5361
5362
5363
5364
5365
5366
5367
5368
5369
5370
5371
5372
5373
5374
5375
5376
5377
5378
5379
5380
5381
5382
5383
5384
5385
5386
5387
5388
5389
5390
5391
5392
5393
5394
5395
5396
5397
5398
5399
5400
5401
5402
5403
5404
5405
5406
5407
5408
5409
5410
5411
5412
5413
5414
5415
5416
5417
5418
5419
5420
5421
5422
5423
5424
5425
5426
5427
5428
5429
5430
5431
5432
5433
5434
5435
5436
5437
5438
5439
5440
5441
5442
5443
5444
5445
5446
5447
5448
5449
5450
5451
5452
5453
5454
5455
5456
5457
5458
5459
5460
5461
5462
5463
5464
5465
5466
5467
5468
5469
5470
5471
5472
5473
5474
5475
5476
5477
5478
5479
5480
5481
5482
5483
5484
5485
5486
5487
5488
5489
5490
5491
5492
5493
5494
5495
5496
5497
5498
5499
5500
5501
5502
5503
5504
5505
5506
5507
5508
5509
5510
5511
5512
5513
5514
5515
5516
5517
5518
5519
5520
5521
5522
5523
5524
5525
5526
5527
5528
5529
5530
5531
5532
5533
5534
5535
5536
5537
5538
5539
5540
5541
5542
5543
5544
5545
5546
5547
5548
5549
5550
5551
5552
5553
5554
5555
5556
5557
5558
5559
5560
5561
5562
5563
5564
5565
5566
5567
5568
5569
5570
5571
5572
5573
5574
5575
5576
5577
5578
5579
5580
5581
5582
5583
5584
5585
5586
5587
5588
5589
5590
5591
5592
5593
5594
5595
5596
5597
5598
5599
5600
5601
5602
5603
5604
5605
5606
5607
5608
5609
5610
5611
5612
5613
5614
5615
5616
5617
5618
5619
5620
5621
5622
5623
5624
5625
5626
5627
5628
5629
5630
5631
5632
5633
5634
5635
5636
5637
5638
5639
5640
5641
5642
5643
5644
5645
5646
5647
5648
5649
5650
5651
5652
5653
5654
5655
5656
5657
5658
5659
5660
5661
5662
5663
5664
5665
5666
5667
5668
5669
5670
5671
5672
5673
5674
5675
5676
5677
5678
5679
5680
5681
5682
5683
5684
5685
5686
5687
5688
5689
5690
5691
5692
5693
5694
5695
5696
5697
5698
5699
5700
5701
5702
5703
5704
5705
5706
5707
5708
5709
5710
5711
5712
5713
5714
5715
5716
5717
5718
5719
5720
5721
5722
5723
5724
5725
5726
5727
5728
5729
5730
5731
5732
5733
5734
5735
5736
5737
5738
5739
5740
5741
5742
5743
5744
5745
5746
5747
5748
5749
5750
5751
5752
5753
5754
5755
5756
5757
5758
5759
5760
5761
5762
5763
5764
5765
5766
5767
5768
5769
5770
5771
5772
5773
5774
5775
5776
5777
5778
5779
5780
5781
5782
5783
5784
5785
5786
5787
5788
5789
5790
5791
5792
5793
5794
5795
5796
5797
5798
5799
5800
5801
5802
5803
5804
5805
5806
5807
5808
5809
5810
5811
5812
5813
5814
5815
5816
5817
5818
5819
5820
5821
5822
5823
5824
5825
5826
5827
5828
5829
5830
5831
5832
5833
5834
5835
5836
5837
5838
5839
5840
5841
5842
5843
5844
5845
5846
5847
5848
5849
5850
5851
5852
5853
5854
5855
5856
5857
5858
5859
5860
5861
5862
5863
5864
5865
5866
5867
5868
5869
5870
5871
5872
5873
5874
5875
5876
5877
5878
5879
5880
5881
5882
5883
5884
5885
5886
5887
5888
5889
5890
5891
5892
5893
5894
5895
5896
5897
5898
5899
5900
5901
5902
5903
5904
5905
5906
5907
5908
5909
5910
5911
5912
5913
5914
5915
5916
5917
5918
5919
5920
5921
5922
5923
5924
5925
5926
5927
5928
5929
5930
5931
5932
5933
5934
5935
5936
5937
5938
5939
5940
5941
5942
5943
5944
5945
5946
5947
5948
5949
5950
5951
5952
5953
5954
5955
5956
5957
5958
5959
5960
5961
5962
5963
5964
5965
5966
5967
5968
5969
5970
5971
5972
5973
5974
5975
5976
5977
5978
5979
5980
5981
5982
5983
5984
5985
5986
5987
5988
5989
5990
5991
5992
5993
5994
5995
5996
5997
5998
5999
6000
6001
6002
6003
6004
6005
6006
6007
6008
6009
6010
6011
6012
6013
6014
6015
6016
6017
6018
6019
6020
6021
6022
6023
6024
6025
6026
6027
6028
6029
6030
6031
6032
6033
6034
6035
6036
6037
6038
6039
6040
6041
6042
6043
6044
6045
6046
6047
6048
6049
6050
6051
6052
6053
6054
6055
6056
6057
6058
6059
6060
6061
6062
6063
6064
6065
6066
6067
6068
6069
6070
6071
6072
6073
6074
6075
6076
6077
6078
6079
6080
6081
6082
6083
6084
6085
6086
6087
6088
6089
6090
6091
6092
6093
6094
6095
6096
6097
6098
6099
6100
6101
6102
6103
6104
6105
6106
6107
6108
6109
6110
6111
6112
6113
6114
6115
6116
6117
6118
6119
6120
6121
6122
6123
6124
6125
6126
6127
6128
6129
6130
6131
6132
6133
6134
6135
6136
6137
6138
6139
6140
6141
6142
6143
6144
6145
6146
6147
6148
6149
6150
6151
6152
6153
6154
6155
6156
6157
6158
6159
6160
6161
6162
6163
6164
6165
6166
6167
6168
6169
6170
6171
6172
6173
6174
6175
6176
6177
6178
6179
6180
6181
6182
6183
6184
6185
6186
6187
6188
6189
6190
6191
6192
6193
6194
6195
6196
6197
6198
6199
6200
6201
6202
6203
6204
6205
6206
6207
6208
6209
6210
6211
6212
6213
6214
6215
6216
6217
6218
6219
6220
6221
6222
6223
6224
6225
6226
6227
6228
6229
6230
6231
6232
6233
6234
6235
6236
6237
6238
6239
6240
6241
6242
6243
6244
6245
6246
6247
6248
6249
6250
6251
6252
6253
6254
6255
6256
6257
6258
6259
6260
6261
6262
6263
6264
6265
6266
6267
6268
6269
6270
6271
6272
6273
6274
6275
6276
6277
6278
6279
6280
6281
6282
6283
6284
6285
6286
6287
6288
6289
6290
6291
6292
6293
6294
6295
6296
6297
6298
6299
6300
6301
6302
6303
6304
6305
6306
6307
6308
6309
6310
6311
6312
6313
6314
6315
6316
6317
6318
6319
6320
6321
6322
6323
6324
6325
6326
6327
6328
6329
6330
6331
6332
6333
6334
6335
6336
6337
6338
6339
6340
6341
6342
6343
6344
6345
6346
6347
6348
6349
6350
6351
6352
6353
6354
6355
6356
6357
6358
6359
6360
6361
6362
6363
6364
6365
6366
6367
6368
6369
6370
6371
6372
6373
6374
6375
6376
6377
6378
6379
6380
6381
6382
6383
6384
6385
6386
6387
6388
6389
6390
6391
6392
6393
6394
6395
6396
6397
6398
6399
6400
6401
6402
6403
6404
6405
6406
6407
6408
6409
6410
6411
6412
6413
6414
6415
6416
6417
6418
6419
6420
6421
6422
6423
6424
6425
6426
6427
6428
6429
6430
6431
6432
6433
6434
6435
6436
6437
6438
6439
6440
6441
6442
6443
6444
6445
6446
6447
6448
6449
6450
6451
6452
6453
6454
6455
6456
6457
6458
6459
6460
6461
6462
6463
6464
6465
6466
6467
6468
6469
6470
6471
6472
6473
6474
6475
6476
6477
6478
6479
6480
6481
6482
6483
6484
6485
6486
6487
6488
6489
6490
6491
6492
6493
6494
6495
6496
6497
6498
6499
6500
6501
6502
6503
6504
6505
6506
6507
6508
6509
6510
6511
6512
6513
6514
6515
6516
6517
6518
6519
6520
6521
6522
6523
6524
6525
6526
6527
6528
6529
6530
6531
6532
6533
6534
6535
6536
6537
6538
6539
6540
6541
6542
6543
6544
6545
6546
6547
6548
6549
6550
6551
6552
6553
6554
6555
6556
6557
6558
6559
6560
6561
6562
6563
6564
6565
6566
6567
6568
6569
6570
6571
6572
6573
6574
6575
6576
6577
6578
6579
6580
6581
6582
6583
6584
6585
6586
6587
6588
6589
6590
6591
6592
6593
6594
6595
6596
6597
6598
6599
6600
6601
6602
6603
6604
6605
6606
6607
6608
6609
6610
6611
6612
6613
6614
6615
6616
6617
6618
6619
6620
6621
6622
6623
6624
6625
6626
6627
6628
6629
6630
6631
6632
6633
6634
6635
6636
6637
6638
6639
6640
6641
6642
6643
6644
6645
6646
6647
6648
6649
6650
6651
6652
6653
6654
6655
6656
6657
6658
6659
6660
6661
6662
6663
6664
6665
6666
6667
6668
6669
6670
6671
6672
6673
6674
6675
6676
6677
6678
6679
6680
6681
6682
6683
6684
6685
6686
6687
6688
6689
6690
6691
6692
6693
6694
6695
6696
6697
6698
6699
6700
6701
6702
6703
6704
6705
6706
6707
6708
6709
6710
6711
6712
6713
6714
6715
6716
6717
6718
6719
6720
6721
6722
6723
6724
6725
6726
6727
6728
6729
6730
6731
6732
6733
6734
6735
6736
6737
6738
6739
6740
6741
6742
6743
6744
6745
6746
6747
6748
6749
6750
6751
6752
6753
6754
6755
6756
6757
6758
6759
6760
6761
6762
6763
6764
6765
6766
6767
6768
6769
6770
6771
6772
6773
6774
6775
6776
6777
6778
6779
6780
6781
6782
6783
6784
6785
6786
6787
6788
6789
6790
6791
6792
6793
6794
6795
6796
6797
6798
6799
6800
6801
6802
6803
6804
6805
6806
6807
6808
6809
6810
6811
6812
6813
6814
6815
6816
6817
6818
6819
6820
6821
6822
6823
6824
6825
6826
6827
6828
6829
6830
6831
6832
6833
6834
6835
6836
6837
6838
6839
6840
6841
6842
6843
6844
6845
6846
6847
6848
6849
6850
6851
6852
6853
6854
6855
6856
6857
6858
6859
6860
6861
6862
6863
6864
6865
6866
6867
6868
6869
6870
6871
6872
6873
6874
6875
6876
6877
6878
6879
6880
6881
6882
6883
6884
6885
6886
6887
6888
6889
6890
6891
6892
6893
6894
6895
6896
6897
6898
6899
6900
6901
6902
6903
6904
6905
6906
6907
6908
6909
6910
6911
6912
6913
6914
6915
6916
6917
6918
6919
6920
6921
6922
6923
6924
6925
6926
6927
6928
6929
6930
6931
6932
6933
6934
6935
6936
6937
6938
6939
6940
6941
6942
6943
6944
6945
6946
6947
6948
6949
6950
6951
6952
6953
6954
6955
6956
6957
6958
6959
6960
6961
6962
6963
6964
6965
6966
6967
6968
6969
6970
6971
6972
6973
6974
6975
6976
6977
6978
6979
6980
6981
6982
6983
6984
6985
6986
6987
6988
6989
6990
6991
6992
6993
6994
6995
6996
6997
6998
6999
7000
7001
7002
7003
7004
7005
7006
7007
7008
7009
7010
7011
7012
7013
7014
7015
7016
7017
7018
7019
7020
7021
7022
7023
7024
7025
7026
7027
7028
7029
7030
7031
7032
7033
7034
7035
7036
7037
7038
7039
7040
7041
7042
7043
7044
7045
7046
7047
7048
7049
7050
7051
7052
7053
7054
7055
7056
7057
7058
7059
7060
7061
7062
7063
7064
7065
7066
7067
7068
7069
7070
7071
7072
7073
7074
7075
7076
7077
7078
7079
7080
7081
7082
7083
7084
7085
7086
7087
7088
7089
7090
7091
7092
7093
7094
7095
7096
7097
7098
7099
7100
7101
7102
7103
7104
7105
7106
7107
7108
7109
7110
7111
7112
7113
7114
7115
7116
7117
7118
7119
7120
7121
7122
7123
7124
7125
7126
7127
7128
7129
7130
7131
7132
7133
7134
7135
7136
7137
7138
7139
7140
7141
7142
7143
7144
7145
7146
7147
7148
7149
7150
7151
7152
7153
7154
7155
7156
7157
7158
7159
7160
7161
7162
7163
7164
7165
7166
7167
7168
7169
7170
7171
7172
7173
7174
7175
7176
7177
7178
7179
7180
7181
7182
7183
7184
7185
7186
7187
7188
7189
7190
7191
7192
7193
7194
7195
7196
7197
7198
7199
7200
7201
7202
7203
7204
7205
7206
7207
7208
7209
7210
7211
7212
7213
7214
7215
7216
7217
7218
7219
7220
7221
7222
7223
7224
7225
7226
7227
7228
7229
7230
7231
7232
7233
7234
7235
7236
7237
7238
7239
7240
7241
7242
7243
7244
7245
7246
7247
7248
7249
7250
7251
7252
7253
7254
7255
7256
7257
7258
7259
7260
7261
7262
7263
7264
7265
7266
7267
7268
7269
7270
7271
7272
7273
7274
7275
7276
7277
7278
7279
7280
7281
7282
7283
7284
7285
7286
7287
7288
7289
7290
7291
7292
7293
7294
7295
7296
7297
7298
7299
7300
7301
7302
7303
7304
7305
7306
7307
7308
7309
7310
7311
7312
7313
7314
7315
7316
7317
7318
7319
7320
7321
7322
7323
7324
7325
7326
7327
7328
7329
7330
7331
7332
7333
7334
7335
7336
7337
7338
7339
7340
7341
7342
7343
7344
7345
7346
7347
7348
7349
7350
7351
7352
7353
7354
7355
7356
7357
7358
7359
7360
7361
7362
7363
7364
7365
7366
7367
7368
7369
7370
7371
7372
7373
7374
7375
7376
7377
7378
7379
7380
7381
7382
7383
7384
7385
7386
7387
7388
7389
7390
7391
7392
7393
7394
7395
7396
7397
7398
7399
7400
7401
7402
7403
7404
7405
7406
7407
7408
7409
7410
7411
7412
7413
7414
7415
7416
7417
7418
7419
7420
7421
7422
7423
7424
7425
7426
7427
7428
7429
7430
7431
7432
7433
7434
7435
7436
7437
7438
7439
7440
7441
7442
7443
7444
7445
7446
7447
7448
7449
7450
7451
7452
7453
7454
7455
7456
7457
7458
7459
7460
7461
7462
7463
7464
7465
7466
7467
7468
7469
7470
7471
7472
7473
7474
7475
7476
7477
7478
7479
7480
7481
7482
7483
7484
7485
7486
7487
7488
7489
7490
7491
7492
7493
7494
7495
7496
7497
7498
7499
7500
7501
7502
7503
7504
7505
7506
7507
7508
7509
7510
7511
7512
7513
7514
7515
7516
7517
7518
7519
7520
7521
7522
7523
7524
7525
7526
7527
7528
7529
7530
7531
7532
7533
7534
7535
7536
7537
7538
7539
7540
7541
7542
7543
7544
7545
7546
7547
7548
7549
7550
7551
7552
7553
7554
7555
7556
7557
7558
7559
7560
7561
7562
7563
7564
7565
7566
7567
7568
7569
7570
7571
7572
7573
7574
7575
7576
7577
7578
7579
7580
7581
7582
7583
7584
7585
7586
7587
7588
7589
7590
7591
7592
7593
7594
7595
7596
7597
7598
7599
7600
7601
7602
7603
7604
7605
7606
7607
7608
7609
7610
7611
7612
7613
7614
7615
7616
7617
7618
7619
7620
7621
7622
7623
7624
7625
7626
7627
7628
7629
7630
7631
7632
7633
7634
7635
7636
7637
7638
7639
7640
7641
7642
7643
7644
7645
7646
7647
7648
7649
7650
7651
7652
7653
7654
7655
7656
7657
7658
7659
7660
7661
7662
7663
7664
7665
7666
7667
7668
7669
7670
7671
7672
7673
7674
7675
7676
7677
7678
7679
7680
7681
7682
7683
7684
7685
7686
7687
7688
7689
7690
7691
7692
7693
7694
7695
7696
7697
7698
7699
7700
7701
7702
7703
7704
7705
7706
7707
7708
7709
7710
7711
7712
7713
7714
7715
7716
7717
7718
7719
7720
7721
7722
7723
7724
7725
7726
7727
7728
7729
7730
7731
7732
7733
7734
7735
7736
7737
7738
7739
7740
7741
7742
7743
7744
7745
7746
7747
7748
7749
7750
7751
7752
7753
7754
7755
7756
7757
7758
7759
7760
7761
7762
7763
7764
7765
7766
7767
7768
7769
7770
7771
7772
7773
7774
7775
7776
7777
7778
7779
7780
7781
7782
7783
7784
7785
7786
7787
7788
7789
7790
7791
7792
7793
7794
7795
7796
7797
7798
7799
7800
7801
7802
7803
7804
7805
7806
7807
7808
7809
7810
7811
7812
7813
7814
7815
7816
7817
7818
7819
7820
7821
7822
7823
7824
7825
7826
7827
7828
7829
7830
7831
7832
7833
7834
7835
7836
7837
7838
7839
7840
7841
7842
7843
7844
7845
7846
7847
7848
7849
7850
7851
7852
7853
7854
7855
7856
7857
7858
7859
7860
7861
7862
7863
7864
7865
7866
7867
7868
7869
7870
7871
7872
7873
7874
7875
7876
7877
7878
7879
7880
7881
7882
7883
7884
7885
7886
7887
7888
7889
7890
7891
7892
7893
7894
7895
7896
7897
7898
7899
7900
7901
7902
7903
7904
7905
7906
7907
7908
7909
7910
7911
7912
7913
7914
7915
7916
7917
7918
7919
7920
7921
7922
7923
7924
7925
7926
7927
7928
7929
7930
7931
7932
7933
7934
7935
7936
7937
7938
7939
7940
7941
7942
7943
7944
7945
7946
7947
7948
7949
7950
7951
7952
7953
7954
7955
7956
7957
7958
7959
7960
7961
7962
7963
7964
7965
7966
7967
7968
7969
7970
7971
7972
7973
7974
7975
7976
7977
7978
7979
7980
7981
7982
7983
7984
7985
7986
7987
7988
7989
7990
7991
7992
7993
7994
7995
7996
7997
7998
7999
8000
8001
8002
8003
8004
8005
8006
8007
8008
8009
8010
8011
8012
8013
8014
8015
8016
8017
8018
8019
8020
8021
8022
8023
8024
8025
8026
8027
8028
8029
8030
8031
8032
8033
8034
8035
8036
8037
8038
8039
8040
8041
8042
8043
8044
8045
8046
8047
8048
8049
8050
8051
8052
8053
8054
8055
8056
8057
8058
8059
8060
8061
8062
8063
8064
8065
8066
8067
8068
8069
8070
8071
8072
8073
8074
8075
8076
8077
8078
8079
8080
8081
8082
8083
8084
8085
8086
8087
8088
8089
8090
8091
8092
8093
8094
8095
8096
8097
8098
8099
8100
8101
8102
8103
8104
8105
8106
8107
8108
8109
8110
8111
8112
8113
8114
8115
8116
8117
8118
8119
8120
8121
8122
8123
8124
8125
8126
8127
8128
8129
8130
8131
8132
8133
8134
8135
8136
8137
8138
8139
8140
8141
8142
8143
8144
8145
8146
8147
8148
8149
8150
8151
8152
8153
8154
8155
8156
8157
8158
8159
8160
8161
8162
8163
8164
8165
8166
8167
8168
8169
8170
8171
8172
8173
8174
8175
8176
8177
8178
8179
8180
8181
8182
8183
8184
8185
8186
8187
8188
8189
8190
8191
8192
8193
8194
8195
8196
8197
8198
8199
8200
8201
8202
8203
8204
8205
8206
8207
8208
8209
8210
8211
8212
8213
8214
8215
8216
8217
8218
8219
8220
8221
8222
8223
8224
8225
8226
8227
8228
8229
8230
8231
8232
8233
8234
8235
8236
8237
8238
8239
8240
8241
8242
8243
8244
8245
8246
8247
8248
8249
8250
8251
8252
8253
8254
8255
8256
8257
8258
8259
8260
8261
8262
8263
8264
8265
8266
8267
8268
8269
8270
8271
8272
8273
8274
8275
8276
8277
8278
8279
8280
8281
8282
8283
8284
8285
8286
8287
8288
8289
8290
8291
8292
8293
8294
8295
8296
8297
8298
8299
8300
8301
8302
8303
8304
8305
8306
8307
8308
8309
8310
8311
8312
8313
8314
8315
8316
8317
8318
8319
8320
8321
8322
8323
8324
8325
8326
8327
8328
8329
8330
8331
8332
8333
8334
8335
8336
8337
8338
8339
8340
8341
8342
8343
8344
8345
8346
8347
8348
8349
8350
8351
8352
8353
8354
8355
8356
8357
8358
8359
8360
8361
8362
8363
8364
8365
8366
8367
8368
8369
8370
8371
8372
8373
8374
8375
8376
8377
8378
8379
8380
8381
8382
8383
8384
8385
8386
8387
8388
8389
8390
8391
8392
8393
8394
8395
8396
8397
8398
8399
8400
8401
8402
8403
8404
8405
8406
8407
8408
8409
8410
8411
8412
8413
8414
8415
8416
8417
8418
8419
8420
8421
8422
8423
8424
8425
8426
8427
8428
8429
8430
8431
8432
8433
8434
8435
8436
8437
8438
8439
8440
8441
8442
8443
8444
8445
8446
8447
8448
8449
8450
8451
8452
8453
8454
8455
8456
8457
8458
8459
8460
8461
8462
8463
8464
8465
8466
8467
8468
8469
8470
8471
8472
8473
8474
8475
8476
8477
8478
8479
8480
8481
8482
8483
8484
8485
8486
8487
8488
8489
8490
8491
8492
8493
8494
8495
8496
8497
8498
8499
8500
8501
8502
8503
8504
8505
8506
8507
8508
8509
8510
8511
8512
8513
8514
8515
8516
8517
8518
8519
8520
8521
8522
8523
8524
8525
8526
8527
8528
8529
8530
8531
8532
8533
8534
8535
8536
8537
8538
8539
8540
8541
8542
8543
8544
8545
8546
8547
8548
8549
8550
8551
8552
8553
8554
8555
8556
8557
8558
8559
8560
8561
8562
8563
8564
8565
8566
8567
8568
8569
8570
8571
8572
8573
8574
8575
8576
8577
8578
8579
8580
8581
8582
8583
8584
8585
8586
8587
8588
8589
8590
8591
8592
8593
8594
8595
8596
8597
8598
8599
8600
8601
8602
8603
8604
8605
8606
8607
8608
8609
8610
8611
8612
8613
8614
8615
8616
8617
8618
8619
8620
8621
8622
8623
8624
8625
8626
8627
8628
8629
8630
8631
8632
8633
8634
8635
8636
8637
8638
8639
8640
8641
8642
8643
8644
8645
8646
8647
8648
8649
8650
8651
8652
8653
8654
8655
8656
8657
8658
8659
8660
8661
8662
8663
8664
8665
8666
8667
8668
8669
8670
8671
8672
8673
8674
8675
8676
8677
8678
8679
8680
8681
8682
8683
8684
8685
8686
8687
8688
8689
8690
8691
8692
8693
8694
8695
8696
8697
8698
8699
8700
8701
8702
8703
8704
8705
8706
8707
8708
8709
8710
8711
8712
8713
8714
8715
8716
8717
8718
8719
8720
8721
8722
8723
8724
8725
8726
8727
8728
8729
8730
8731
8732
8733
8734
8735
8736
8737
8738
8739
8740
8741
8742
8743
8744
8745
8746
8747
8748
8749
8750
8751
8752
8753
8754
8755
8756
8757
8758
8759
8760
8761
8762
8763
8764
8765
8766
8767
8768
8769
8770
8771
8772
8773
8774
8775
8776
8777
8778
8779
8780
8781
8782
8783
8784
8785
8786
8787
8788
8789
8790
8791
8792
8793
8794
8795
8796
8797
8798
8799
8800
8801
8802
8803
8804
8805
8806
8807
8808
8809
8810
8811
8812
8813
8814
8815
8816
8817
8818
8819
8820
8821
8822
8823
8824
8825
8826
8827
8828
8829
8830
8831
8832
8833
8834
8835
8836
8837
8838
8839
8840
8841
8842
8843
8844
8845
8846
8847
8848
8849
8850
8851
8852
8853
8854
8855
8856
8857
8858
8859
8860
8861
8862
8863
8864
8865
8866
8867
8868
8869
8870
8871
8872
8873
8874
8875
8876
8877
8878
8879
8880
8881
8882
8883
8884
8885
8886
8887
8888
8889
8890
8891
8892
8893
8894
8895
8896
8897
8898
8899
8900
8901
8902
8903
8904
8905
8906
8907
8908
8909
8910
8911
8912
8913
8914
8915
8916
8917
8918
8919
8920
8921
8922
8923
8924
8925
8926
8927
8928
8929
8930
8931
8932
8933
8934
8935
8936
8937
8938
8939
8940
8941
8942
8943
8944
8945
8946
8947
8948
8949
8950
8951
8952
8953
8954
8955
8956
8957
8958
8959
8960
8961
8962
8963
8964
8965
8966
8967
8968
8969
8970
8971
8972
8973
8974
8975
8976
8977
8978
8979
8980
8981
8982
8983
8984
8985
8986
8987
8988
8989
8990
8991
8992
8993
8994
8995
8996
8997
8998
8999
9000
9001
9002
9003
9004
9005
9006
9007
9008
9009
9010
9011
9012
9013
9014
9015
9016
9017
9018
9019
9020
9021
9022
9023
9024
9025
9026
9027
9028
9029
9030
9031
9032
9033
9034
9035
9036
9037
9038
9039
9040
9041
9042
9043
9044
9045
9046
9047
9048
9049
9050
9051
9052
9053
9054
9055
9056
9057
9058
9059
9060
9061
9062
9063
9064
9065
9066
9067
9068
9069
9070
9071
9072
9073
9074
9075
9076
9077
9078
9079
9080
9081
9082
9083
9084
9085
9086
9087
9088
9089
9090
9091
9092
9093
9094
9095
9096
9097
9098
9099
9100
9101
9102
9103
9104
9105
9106
9107
9108
9109
9110
9111
9112
9113
9114
9115
9116
9117
9118
9119
9120
9121
9122
9123
9124
9125
9126
9127
9128
9129
9130
9131
9132
9133
9134
9135
9136
9137
9138
9139
9140
9141
9142
9143
9144
9145
9146
9147
9148
9149
9150
9151
9152
9153
9154
9155
9156
9157
9158
9159
9160
9161
9162
9163
9164
9165
9166
9167
9168
9169
9170
9171
9172
9173
9174
9175
9176
9177
9178
9179
9180
9181
9182
9183
9184
9185
9186
9187
9188
9189
9190
9191
9192
9193
9194
9195
9196
9197
9198
9199
9200
9201
9202
9203
9204
9205
9206
9207
9208
9209
9210
9211
9212
9213
9214
9215
9216
9217
9218
9219
9220
9221
9222
9223
9224
9225
9226
9227
9228
9229
9230
9231
9232
9233
9234
9235
9236
9237
9238
9239
9240
9241
9242
9243
9244
9245
9246
9247
9248
9249
9250
9251
9252
9253
9254
9255
9256
9257
9258
9259
9260
9261
9262
9263
9264
9265
9266
9267
9268
9269
9270
9271
9272
9273
9274
9275
9276
9277
9278
9279
9280
9281
9282
9283
9284
9285
9286
9287
9288
9289
9290
9291
9292
9293
9294
9295
9296
9297
9298
9299
9300
9301
9302
9303
9304
9305
9306
9307
9308
9309
9310
9311
9312
9313
9314
9315
9316
9317
9318
9319
9320
9321
9322
9323
9324
9325
9326
9327
9328
9329
9330
9331
9332
9333
9334
9335
9336
9337
9338
9339
9340
9341
9342
9343
9344
9345
9346
9347
9348
9349
9350
9351
9352
9353
9354
9355
9356
9357
9358
9359
9360
9361
9362
9363
9364
9365
9366
9367
9368
9369
9370
9371
9372
9373
9374
9375
9376
9377
9378
9379
9380
9381
9382
9383
9384
9385
9386
9387
9388
9389
9390
9391
9392
9393
9394
9395
9396
9397
9398
9399
9400
9401
9402
9403
9404
9405
9406
9407
9408
9409
9410
9411
9412
9413
9414
9415
9416
9417
9418
9419
9420
9421
9422
9423
9424
9425
9426
9427
9428
9429
9430
9431
9432
9433
9434
9435
9436
9437
9438
9439
9440
9441
9442
9443
9444
9445
9446
9447
9448
9449
9450
9451
9452
9453
9454
9455
9456
9457
9458
9459
9460
9461
9462
9463
9464
9465
9466
9467
9468
9469
9470
9471
9472
9473
9474
9475
9476
9477
9478
9479
9480
9481
9482
9483
9484
9485
9486
9487
9488
9489
9490
9491
9492
9493
9494
9495
9496
9497
9498
9499
9500
9501
9502
9503
9504
9505
9506
9507
9508
9509
9510
9511
9512
9513
9514
9515
9516
9517
9518
9519
9520
9521
9522
9523
9524
9525
9526
9527
9528
9529
9530
9531
9532
9533
9534
9535
9536
9537
9538
9539
9540
9541
9542
9543
9544
9545
9546
9547
9548
9549
9550
9551
9552
9553
9554
9555
9556
9557
9558
9559
9560
9561
9562
9563
9564
9565
9566
9567
9568
9569
9570
9571
9572
9573
9574
9575
9576
9577
9578
9579
9580
9581
9582
9583
9584
9585
9586
9587
9588
9589
9590
9591
9592
9593
9594
9595
9596
9597
9598
9599
9600
9601
9602
9603
9604
9605
9606
9607
9608
9609
9610
9611
9612
9613
9614
9615
9616
9617
9618
9619
9620
9621
9622
9623
9624
9625
9626
9627
9628
9629
9630
9631
9632
9633
9634
9635
9636
9637
9638
9639
9640
9641
9642
9643
9644
9645
9646
9647
9648
9649
9650
9651
9652
9653
9654
9655
9656
9657
9658
9659
9660
9661
9662
9663
9664
9665
9666
9667
9668
9669
9670
9671
9672
9673
9674
9675
9676
9677
9678
9679
9680
9681
9682
9683
9684
9685
9686
9687
9688
9689
9690
9691
9692
9693
9694
9695
9696
9697
9698
9699
9700
9701
9702
9703
9704
9705
9706
9707
9708
9709
9710
9711
9712
9713
9714
9715
9716
9717
9718
9719
9720
9721
9722
9723
9724
9725
9726
9727
9728
9729
9730
9731
9732
9733
9734
9735
9736
9737
9738
9739
9740
9741
9742
9743
9744
9745
9746
9747
9748
9749
9750
9751
9752
9753
9754
9755
9756
9757
9758
9759
9760
9761
9762
9763
9764
9765
9766
9767
9768
9769
9770
9771
9772
9773
9774
9775
9776
9777
9778
9779
9780
9781
9782
9783
9784
9785
9786
9787
9788
9789
9790
9791
9792
9793
9794
9795
9796
9797
9798
9799
9800
9801
9802
9803
9804
9805
9806
9807
9808
9809
9810
9811
9812
9813
9814
9815
9816
9817
9818
9819
9820
9821
9822
9823
9824
9825
9826
9827
9828
9829
9830
9831
9832
9833
9834
9835
9836
9837
9838
9839
9840
9841
9842
9843
9844
9845
9846
9847
9848
9849
9850
9851
9852
9853
9854
9855
9856
9857
9858
9859
9860
9861
9862
9863
9864
9865
9866
9867
9868
9869
9870
9871
9872
9873
9874
9875
9876
9877
9878
9879
9880
9881
9882
9883
9884
9885
9886
9887
9888
9889
9890
9891
9892
9893
9894
9895
9896
9897
9898
9899
9900
9901
9902
9903
9904
9905
9906
9907
9908
9909
9910
9911
9912
9913
9914
9915
9916
9917
9918
9919
9920
9921
9922
9923
9924
9925
9926
9927
9928
9929
9930
9931
9932
9933
9934
9935
9936
9937
9938
9939
9940
9941
9942
9943
9944
9945
9946
9947
9948
9949
9950
9951
9952
9953
9954
9955
9956
9957
9958
9959
9960
9961
9962
9963
9964
9965
9966
9967
9968
9969
9970
9971
9972
9973
9974
9975
9976
9977
9978
9979
9980
9981
9982
9983
9984
9985
9986
9987
9988
9989
9990
9991
9992
9993
9994
9995
9996
9997
9998
9999
10000
10001
10002
10003
10004
10005
10006
10007
10008
10009
10010
10011
10012
10013
10014
10015
10016
10017
10018
10019
10020
10021
10022
10023
10024
10025
10026
10027
10028
10029
10030
10031
10032
10033
10034
10035
10036
10037
10038
10039
10040
10041
10042
10043
10044
10045
10046
10047
10048
10049
10050
10051
10052
10053
10054
10055
10056
10057
10058
10059
10060
10061
10062
10063
10064
10065
10066
10067
10068
10069
10070
10071
10072
10073
10074
10075
10076
10077
10078
10079
10080
10081
10082
10083
10084
10085
10086
10087
10088
10089
10090
10091
10092
10093
10094
10095
10096
10097
10098
10099
10100
10101
10102
10103
10104
10105
10106
10107
10108
10109
10110
10111
10112
10113
10114
10115
10116
10117
10118
10119
10120
10121
10122
10123
10124
10125
10126
10127
10128
10129
10130
10131
10132
10133
10134
10135
10136
10137
10138
10139
10140
10141
10142
10143
10144
10145
10146
10147
10148
10149
10150
10151
10152
10153
10154
10155
10156
10157
10158
10159
10160
10161
10162
10163
10164
10165
10166
10167
10168
10169
10170
10171
10172
10173
10174
10175
10176
10177
10178
10179
10180
10181
10182
10183
10184
10185
10186
10187
10188
10189
10190
10191
10192
10193
10194
10195
10196
10197
10198
10199
10200
10201
10202
10203
10204
10205
10206
10207
10208
10209
10210
10211
10212
10213
10214
10215
10216
10217
10218
10219
10220
10221
10222
10223
10224
10225
10226
10227
10228
10229
10230
10231
10232
10233
10234
10235
10236
10237
10238
10239
10240
10241
10242
10243
10244
10245
10246
10247
10248
10249
10250
10251
10252
10253
10254
10255
10256
10257
10258
10259
10260
10261
10262
10263
10264
10265
10266
10267
10268
10269
10270
10271
0.5606508480998627 0.4380266205290556 0
0.2323754558531388 0.2580989484424064 0
0.7807070222462706 0.9816012208736138 0
0.6758317623912398 0.9828015985680583 0
0.01804236521027658 0.4687491003732057 0
0.4702749692209828 0.01746342953825791 0
0.5959203467825321 0.3551865405109027 0
0.7240979200817228 0.5896003533090267 0
0.4676699818191211 0.7663091947740714 0
0.9814249994634 0.7813773951053189 0
0.2654486509032099 0.2139115401897959 0
0.5521093488635151 0.01635350032995941 0
0.8229022803256194 0.01805410581120759 0
0.01723813712271188 0.5504837957611786 0
0.6545220586656281 0.3166453477169155 0
0.7230727352450833 0.3094891984477969 0
0.9823054387025707 0.1985185996159191 0
0.9859928247612297 0.6964346490136106 0
0.676995247458466 0.01829946038743024 0
0.6531174467198941 0.5863545825621244 0
0.5970617135346439 0.9808185236328899 0
0.01578906565586363 0.3824405692681923 0
0.3854178878170021 0.01804072412105989 0
0.01690972848733324 0.6356350546878895 0
0.01768045314334821 0.8651300134452369 0
0.9832363762244452 0.8646852291036806 0
0.7875710616662047 0.3383145635135898 0
0.7879067996830488 0.5613933755350495 0
0.250250587208624 0.8101968417408592 0
0.5673792807425139 0.5081454230924062 0
0.4628306482325983 0.713643560108054 0
0.1793227271178698 0.2636381023430119 0
0.4518073920910254 0.8087785252292474 0
0.01701840833248591 0.7183807170838673 0
0.2342745404150161 0.7641970193162411 0
0.8650946464177169 0.9822420327924002 0
0.1355590109669839 0.9833385576512736 0
0.4339310181001617 0.6708655286525835 0
0.9824072963633825 0.1130664385553894 0
0.9819578040878243 0.6354166666666672 0
0.982997256715024 0.2604593788079633 0
0.6143246810327487 0.02118629894030122 0
0.7413417918025119 0.01969035511002576 0
0.01704234329065812 0.802350874293377 0
0.5301158516810323 0.9809284307005164 0
0.2566642708497155 0.1619473119660187 0
0.9792395911942897 0.3247258721819577 0
0.5714007486944975 0.3944102294821132 0
0.8224807867725714 0.5263878378234987 0
0.6135931289356906 0.562563075937021 0
0.1979804442065653 0.9813375729433771 0
0.0207064331310467 0.3254985535229256 0
0.8854045143901561 0.01807271943972844 0
0.8188637691747945 0.3718755617396168 0
0.981787185530417 0.5719165540214625 0
0.467670224493468 0.9807431934914201 0
0.3210583168777857 0.02076151408813315 0
0.01769202720380986 0.09375101068357361 0
0.8380930206212063 0.4849699021436651 0
0.8373764746390377 0.414676912202871 0
0.1133363317411041 0.02119292096484909 0
0.2818825292909561 0.8453476729456827 0
0.9822594859766606 0.4479178491000925 0
0.4166536574900072 0.845862629614051 0
0.9804315218763363 0.3829420631657965 0
0.1553459378221685 0.1498996772865261 0
0.9805484295818522 0.5102458230763923 0
0.01804219591217576 0.2604166666666663 0
0.2604166666666674 0.01804219591217587 0
0.2604055685628957 0.9834990789657645 0
0.4062499999999994 0.9819578040878243 0
0.0173662881492464 0.1560568872498186 0
0.3255585148716253 0.8649881468553193 0
0.1770833333333338 0.01804219591217587 0
0.1334799706178283 0.2005804809549929 0
0.0166152803045877 0.9269050629368407 0
0.9798654882353295 0.9285475907488042 0
0.2073523685585165 0.1332918879363091 0
0.3744545172288621 0.8649739721258802 0
0.3441518128896066 0.983798689541533 0
0.9270821475078662 0.9819574665934634 0
0.07053842073554761 0.9804310852632869 0
0.9829367676790353 0.7373876206394276 0
0.9784647127360523 0.1565479818004197 0
0.7812438861837074 0.01804137527839522 0
0.5086671911949288 0.01850083909737976 0
0.7188124052589528 0.9838899560664685 0
0.8228648898810387 0.9790009926493405 0
0.2170710667291351 0.0190018833460539 0
0.07283907971791492 0.01409096340708238 0
0.01932375094066469 0.2187211997932184 0
0.4270868816653097 0.01656950762627174 0
0.01789684029395389 0.4273342258393475 0
0.9294353827564086 0.01921430736631208 0
0.9819578040878242 0.07291666666666674 0
0.980712335761401 0.8215111306730409 0
0.01785881725982102 0.5100982789387346 0
0.6329792754268154 0.9822120463368121 0
0.0174532372075184 0.5961648962289607 0
0.01852205489155712 0.7610168603618861 0
0.01873785955570101 0.6767587466392433 0
0.3018792514139774 0.9813064678969632 0
0.02152264925751973 0.05309665174008482 0
0.2702906756034054 0.1939261569872796 0
0.2853043109438791 0.2075440151119057 0
0.289180978360455 0.1871251488662071 0
0.3049374979365535 0.2010664473282071 0
0.3007854449802611 0.2212703004080032 0
0.3204350671126796 0.2149470661718121 0
0.3162430750251793 0.2351327117274796 0
0.3358809954019922 0.2288378385410333 0
0.3315686837448014 0.2491454704760754 0
0.3512932393858029 0.2427513111136228 0
0.3469776714982287 0.2630564596857761 0
0.3667356571695212 0.2567167862068146 0
0.3624418611073904 0.2770131380961184 0
0.3710298578216819 0.2363590902750252 0
0.3864757023109948 0.2503183337819979 0
0.3907689549884874 0.2299619792138978 0
0.4061873326011318 0.2438397721342404 0
0.4104992536696855 0.223542807365723 0
0.425943062412077 0.237486714894242 0
0.4302341840489972 0.2171407791151543 0
0.4457048154042789 0.2311586209268177 0
0.4499728171260339 0.2107547446730748 0
0.4654115380562495 0.2246952687282465 0
0.4696969688831181 0.2043328242190258 0
0.4216950396317016 0.2579223819551552 0
0.4851286191281225 0.2182802194253392 0
0.4894241824458692 0.1979264665048664 0
0.5048710459535865 0.2119504678541516 0
0.5091588671895275 0.191547057222324 0
0.4148733592349664 0.2032175569094187 0
0.524573579886086 0.2054469749470271 0
0.5288778927479562 0.185112702629961 0
0.5442911262955427 0.1989832797587182 0
0.3426676597335171 0.2833735346027615 0
0.3581541230103943 0.297307730497827 0
0.3378618595971858 0.3035727133770141 0
0.353704760240633 0.3175472213421714 0
0.3334435748080117 0.3238503416589462 0
0.3493526671014778 0.3378383380334059 0
0.3296306542272307 0.3442617859523886 0
0.3451392328773498 0.3581661310169848 0
0.3254075922539799 0.3645908652753969 0
0.3408410291755893 0.3784834304940413 0
0.3210872472815852 0.3849085525787989 0
0.3716002088509883 0.6344021603804246 0
0.336530096407535 0.3988083082282563 0
0.3167668559351842 0.4052377319708909 0
0.3322218833614538 0.4191459507041412 0
0.3124463226423325 0.4255749244950705 0
0.2823085459446887 0.6568114563212255 0
0.2969920895147593 0.411662187077244 0
0.2926674241515653 0.4320060884945265 0
0.2772076160446398 0.4180869177471951 0
0.2728819207385837 0.4384387618169725 0
0.2575968108016251 0.4245542621112141 0
0.2531206286233338 0.4448783711310386 0
0.2379584873990124 0.4307772129123795 0
0.233357165722897 0.4512792816880723 0
0.3605937570338802 0.3720586188350342 0
0.3246400373126128 0.6350627174731873 0
0.2181475005681997 0.437062902505985 0
0.213562823513374 0.4576836966000623 0
0.3279029267145317 0.439485594715608 0
0.3476813580735911 0.4330558648098748 0
0.228977017213086 0.471665501590348 0
0.2091785634367998 0.4780953393109482 0
0.3433631521538565 0.4533970085141486 0
0.3631376011539132 0.4469642332399682 0
0.5486036832548183 0.1786965629499143 0
0.5640190097798892 0.1925749444966732 0
0.1980935192895061 0.4437492699599777 0
0.4808599142717846 0.2387033697192882 0
0.3092377992180135 0.180728950667281 0
0.5683247867223391 0.172268744316102 0
0.583737145356461 0.1861424973510813 0
0.2246459862455413 0.4920384130307549 0
0.2048366870078208 0.4984751853811769 0
0.4740982405524531 0.1839941512148117 0
0.3588217542010435 0.4673071510528955 0
0.3785947905918013 0.4608747270993982 0
0.5880562208859015 0.1658708001485006 0
0.603469222991866 0.179743482062397 0
0.2026757937988991 0.4231039002992923 0
0.1826233147144105 0.4298143282228705 0
0.6077757530854072 0.159433742612245 0
0.6231979463112367 0.173331167587457 0
0.3742813239456748 0.4812157565835123 0
0.3940518416857331 0.4747792761461951 0
0.3545004352032896 0.4876549215816706 0
0.3983623296368393 0.4544499724066507 0
0.4138082317309468 0.4683488094845334 0
0.4181219620242342 0.4480305071457465 0
0.4095033418466993 0.4886729395181396 0
0.2203197780524835 0.5124148321320159 0
0.2005064083841523 0.5188554435902939 0
0.2500753701833843 0.6926830883263789 0
0.1850203259953309 0.5049134438689225 0
0.1806906257776333 0.5252944085014776 0
0.6275075723553073 0.1530272868151711 0
0.6429274618040316 0.1669079840281735 0
0.5333242332055466 0.1647712017886135 0
0.187182710179963 0.4091946381658977 0
0.1671504307229766 0.4158871072023607 0
0.2617460493193257 0.4041619525886755 0
0.1652060200622554 0.5113516027786161 0
0.1608729611442061 0.5317332656227085 0
0.1763587161329446 0.5456760716778551 0
0.1565372707468818 0.5521172936651452 0
0.1720268144305643 0.5660643672877073 0
0.152201016452288 0.5725059408071549 0
0.5399929436093884 0.2193415753507194 0
0.6472380279826905 0.1466111055684813 0
0.6626602051834191 0.1604948544846567 0
0.6669721854594788 0.1401967768177115 0
0.6823914364200689 0.1540826942977017 0
0.6780794120872112 0.1743760389665241 0
0.6978082164730535 0.1679663761834696 0
0.7021260919574621 0.1476705556614217 0
0.7175454573623459 0.1615597656530369 0
0.4292527544422877 0.4822423539113204 0
0.4249492511014311 0.5025623778711868 0
0.7218551579216899 0.1412716396353152 0
0.7372754544967808 0.1551689135260443 0
0.7329660162013893 0.1754588367783196 0
0.7527096317245615 0.1690504425650424 0
0.7569733759032854 0.1487556116677474 0
0.7724395691249571 0.1626591328312078 0
0.7680414039737335 0.1830336022939826 0
0.7878095371894132 0.1766150765902912 0
0.7921475288990769 0.1562587666979844 0
0.8076168808106885 0.1701630042988954 0
0.8031768060543468 0.1905577535484553 0
0.8230331898949279 0.1840771133120124 0
0.8273478498408022 0.1637431563832953 0
0.8187270447482258 0.204365025843549 0
0.8384720133645736 0.197969150590469 0
0.834145544288063 0.2182665097899485 0
0.171708652798723 0.3952696408518426 0
0.1676878164498081 0.5864553040056091 0
0.1478625807073137 0.592899967720806 0
0.1516798231101619 0.4019593706174389 0
0.8538952736099247 0.2118677782604693 0
0.8495638926404365 0.232168013144082 0
0.5924067619143127 0.1456017459776888 0
0.1560067577468942 0.3815997424217181 0
0.1756699584682452 0.3749177612080052 0
0.1633448910374908 0.6068498859305279 0
0.1435227173190737 0.6132980156526158 0
0.1874931230206878 0.5800127503654129 0
0.599080270215214 0.2001591479419682 0
0.1453904374423032 0.517789433592461 0
0.1590095007424256 0.6272508267232748 0
0.1391848094444236 0.633699479324041 0
0.1546791699596349 0.647655880091794 0
0.1348539174731523 0.6540969817122336 0
0.1503254505310454 0.6680570067358849 0
0.1305187047313567 0.6744891601890933 0
0.1459941005601237 0.6884634189403329 0
0.1261753360208348 0.6949019754201077 0
0.1416751272571958 0.7088771288550317 0
0.4446962585096871 0.4961318623022924 0
0.4403947211242921 0.516453050388764 0
0.4206419459209358 0.5228852227383373 0
0.4360981440100369 0.5367773048715939 0
0.814194327533226 0.2248101462182881 0
0.4558494738188227 0.5303428618131708 0
0.4515578358474432 0.5506671634225344 0
0.2401343450633472 0.5059749733561087 0
0.1218415678994659 0.7153167284944447 0
0.1373403106666974 0.7292885639871473 0
0.3138479027207682 0.3297217278377629 0
0.1361515273616071 0.3880963514193999 0
0.1318153357789976 0.4084406210892005 0
0.1404889787692944 0.3677254640848628 0
0.471301946083333 0.5442294975959987 0
0.467014121554213 0.5645548637083966 0
0.4867556469758471 0.5581181595051854 0
0.482471663328651 0.5784381642190787 0
0.8693125864876646 0.2257704492286186 0
0.864980447774824 0.2460723231815829 0
0.8736469708690865 0.2054613791099804 0
0.132378048472963 0.5789431767805649 0
0.1175044949471348 0.735727769803841 0
0.1330027201450473 0.7496988565003336 0
0.5022132192719332 0.5720060037343282 0
0.4979257730854537 0.5923216875185984 0
0.6515448393857857 0.126309922253 0
0.1131593880303918 0.7561456712838952 0
0.1286624614061477 0.770109112094702 0
0.3735413887529401 0.3111580300942099 0
0.1206856000986168 0.3741647484015871 0
0.1250122853763007 0.3538057255064543 0
0.2358048013536195 0.5263547717035515 0
0.255622391399899 0.5199135092240638 0
0.2512925634710372 0.5402983476561641 0
0.2711140561797215 0.5338551274237354 0
0.517663681108943 0.585891012295173 0
0.5134043581815815 0.606171860681922 0
0.1088206019459597 0.7765555816669094 0
0.1243226498312699 0.7905164087556026 0
0.1044827473911748 0.7969612607881287 0
0.1199836764224913 0.8109207944159467 0
0.1398248160263229 0.8044761838763792 0
0.1354844317380379 0.8248810971725342 0
0.1156453946361572 0.8313238057592459 0
0.131143343125934 0.8452831598835697 0
0.1113066595291028 0.8517257166022885 0
0.1268033115721379 0.8656829384415256 0
0.1466385138259533 0.8592429763603189 0
0.1422978492924962 0.8796394184622953 0
0.1621357621194855 0.8732016107295696 0
0.1224576024559296 0.8860729830618106 0
0.4163680122576708 0.5432590920667302 0
0.2667830386090534 0.5542449791689237 0
0.2865920597070442 0.5477967681427458 0
0.1193668686673774 0.6401210865078093 0
0.5331144961600854 0.5997756354643938 0
0.5288573588088207 0.6200460524716045 0
0.5485584668099626 0.6136558918494953 0
0.5442954090225537 0.6339311634471791 0
0.5640004052878541 0.6275335477416054 0
0.5597374726518077 0.6478078404280543 0
0.5794978647212261 0.6413530037396326 0
0.5751800809992788 0.661682205061076 0
0.5949471463901732 0.6552181920384964 0
0.5906061856045688 0.6755705900356467 0
0.6103367725090793 0.669137446934306 0
0.606047753939109 0.6894360063719112 0
0.625760370207233 0.6830207087050765 0
0.6214752483662418 0.7033155764430048 0
0.6411767812194006 0.6969128098945023 0
0.6369146598395323 0.7171837922831077 0
0.6566141004571309 0.7107853333913108 0
0.6523451310952419 0.731067817268229 0
0.6720745729008778 0.7246369962482624 0
0.6677878720960085 0.7449457908741001 0
0.6875304275259918 0.7385084271925261 0
0.6480188583267149 0.7513400027992562 0
0.683236707224347 0.7588262398235024 0
0.7029769950205379 0.7523914416827504 0
0.6986818360830246 0.7727162703313868 0
0.7184382019599609 0.7662734370075719 0
0.7141391199548051 0.7866052129988353 0
0.7338958173342639 0.7801607117514207 0
0.7381948694417386 0.7598286777543515 0
0.7536520717498193 0.7737157576770591 0
0.7579480714130039 0.7533824400033361 0
0.7734067296399565 0.7672688721997739 0
0.7776995965691151 0.7469388841075749 0
0.6943804559712846 0.7930489194005204 0
0.7691125456131884 0.7876056883504716 0
0.7888728670678707 0.781156454275195 0
0.7845774173364676 0.801497792127511 0
0.8043437942329607 0.7950481859925036 0
0.8000513225639458 0.8153893779427688 0
0.8197951103444896 0.8089362243521165 0
0.8240406965312523 0.788583290182459 0
0.7802971058083664 0.821832879011673 0
0.6016940897436607 0.7096577465150751 0
0.8155232205627543 0.8292868794297321 0
0.8352577361464996 0.8228448131766253 0
0.7622492022884915 0.7330605481541186 0
0.7819887760746516 0.7266179805965969 0
0.8309969664345549 0.8431938244987907 0
0.850760465099915 0.8367526710096007 0
0.76654750512465 0.7127457108191113 0
0.7862758327946988 0.7063078287819458 0
0.8464748877278545 0.8571016735695314 0
0.8267178407887673 0.8635284530683196 0
0.6764140442411254 0.704323752118766 0
0.8662586885799697 0.8506461189343499 0
0.8704918401740678 0.8303086118650136 0
0.8619606992067255 0.8710066284599427 0
0.7708392261773186 0.6924444793936282 0
0.7905621867990436 0.6860085743714113 0
0.8060005507812418 0.6998695296963219 0
0.8102847920326779 0.679570544212036 0
0.8257248850175034 0.6934304860816412 0
0.8300075194272126 0.6731296793180548 0
0.8454530769526729 0.6869909746346804 0
0.8497383244652182 0.6666830024635328 0
0.8651891490282819 0.680550621306633 0
0.8694756234195972 0.6602354489959563 0
0.8609010912968957 0.7008676640161706 0
0.854028412857927 0.6463653569209711 0
0.8737591549912709 0.6399214033937549 0
0.555371094473243 0.6679682132320598 0
0.7098406749784938 0.8069413063944277 0
0.6900769516553005 0.8133852786644225 0
0.7055413066157847 0.8272813638896861 0
0.6857725224060847 0.8337280679824719 0
0.7012406486554088 0.8476274192653348 0
0.6814676097355008 0.8540749692248818 0
0.665996544598239 0.8401632935938153 0
0.6616900731873253 0.860523012820043 0
0.6462132722407761 0.8466049794209405 0
0.6419059509126765 0.8669751455946907 0
0.6264220437313435 0.8530571020112228 0
0.6221099376187091 0.8734492599375128 0
0.6066242629254855 0.859510730334661 0
0.6023058416496342 0.8799339759972814 0
0.5868193599553965 0.865979610116544 0
0.5911361818610467 0.8455807529704 0
0.5713236052300943 0.8520374363255869 0
0.575642617097934 0.831652157817186 0
0.5670074163095478 0.8724332948506903 0
0.6969387566515478 0.8679771356686532 0
0.5515056615106156 0.8584901204368151 0
0.5471869636307405 0.8788825045325757 0
0.7948704084490488 0.6656798994170541 0
0.8583187148706618 0.6260524819377346 0
0.878040989411997 0.6196129874436985 0
0.531680944704884 0.8649431991373846 0
0.5273601610725209 0.885343513195856 0
0.8806459335344591 0.6944242388460657 0
0.8763549274005784 0.7147522626908434 0
0.8890729042881529 0.2193732807715776 0
0.8934085752128696 0.1990530708911822 0
0.881748727340175 0.8645500685727637 0
0.8774475123086058 0.8849187010990591 0
0.6375912669540968 0.8874157822599384 0
0.1577898425118333 0.893595435035998 0
0.1776333515154536 0.8871583356576057 0
0.4627825390739961 0.5849667883777058 0
0.5118504657624581 0.8713997014789476 0
0.507526925818257 0.8918061447727014 0
0.1052164213203465 0.3602361478236137 0
0.1095417472502663 0.3398779018507586 0
0.1744718230128008 0.6412048347674615 0
0.1063636293340404 0.701310553809783 0
0.4489906636726099 0.4758101262350514 0
0.8452378562432192 0.2524655303702547 0
0.8606477891494672 0.2663689648125809 0
0.6385388512718191 0.1873194336553138 0
0.4755962613186456 0.5238965176827493 0
0.5626830300071006 0.892837949304416 0
0.1448060361488837 0.3473757770874538 0
0.1553280567209416 0.8184382993222021 0
0.8803869442538046 0.2599734512926256 0
0.8760535960487255 0.2802704100957537 0
0.8957961218504693 0.273873637203251 0
0.8914577275522524 0.2941671948158899 0
0.8576559530193596 0.8913749171714973 0
0.8892151372157365 0.6537869362688592 0
0.1627624309774506 0.4363080465684434 0
0.1008623455174615 0.3805795939064271 0
0.6455434922608903 0.6766628588830951 0
0.3401776180913842 0.2085514632244763 0
0.5360157703888642 0.8445569635658838 0
0.6712914695976177 0.119893839439615 0
0.6558550869590074 0.1059969468665105 0
0.6756128340227354 0.09957546860468386 0
0.3139232404868385 0.256847023372184 0
0.6934898822503383 0.1882534520636354 0
0.6307278490306396 0.8326717034089386 0
0.7167142731760302 0.8615277273164728 0
0.7124123888361792 0.8818807111384052 0
0.7321932839307751 0.8754293679759872 0
0.7278884804743253 0.8957912397687191 0
0.2883543461391203 0.4523550201615791 0
0.5244830789784181 0.6401644870763781 0
0.7476732596809332 0.8893349047732422 0
0.8626011718922739 0.60575175196655 0
0.8823229112799056 0.5993045407358115 0
0.1614797418553328 0.7024254268175913 0
0.8972403338894417 0.8784594183915789 0
0.9015300968203324 0.8580938126873323 0
0.892937526198448 0.8988318392259018 0
0.8961137961306382 0.7083030159276349 0
0.8918189712875543 0.7286440872804065 0
0.8717216454815815 0.3005616187392037 0
0.8871198586952671 0.3144560972644713 0
0.7081096993573116 0.9022565383352985 0
0.1819776224697193 0.8667604678750026 0
0.197478198674635 0.8807213573644503 0
0.8977693935063729 0.6131695791140314 0
0.9020486437093715 0.5928594936651341 0
0.8866024401778403 0.5789978659013714 0
0.9063232390138205 0.5725508536866125 0
0.8911485749218211 0.5587519732182334 0
0.09581058988497804 0.8377682072680929 0
0.09147433836393137 0.8581646389928347 0
0.1485040897394491 0.7636616919113243 0
0.9106441040762929 0.5522566465552026 0
0.8954783004172002 0.5384609939403471 0
0.8407737601912009 0.2728260047269024 0
0.09767674024861517 0.7421533894969673 0
0.1931333460526995 0.9011282638888483 0
0.2129818529383485 0.8946906362505983 0
0.7433692198955446 0.9097000158543898 0
0.7631542040500843 0.903243014267174 0
0.5402780335686082 0.5777184321662124 0
0.8428866008342824 0.6121908651777275 0
0.4937296070134603 0.6125702133207392 0
0.2832022188542965 0.5683930271105044 0
0.3026491921169254 0.5619140801868758 0
0.2625984501055524 0.5746753663942745 0
0.4921353683684097 0.8782251079848562 0
0.4877113931500838 0.8983296754541061 0
0.9112065429246142 0.2877760763531306 0
0.9127333653778049 0.8923713787753207 0
0.9155499143591335 0.2674788484806385 0
0.9088325485524014 0.2129714798444415 0
0.9131811480351093 0.1926472048439061 0
0.8977424853748831 0.1787238497220038 0
0.5064773520436281 0.5516547202342195 0
0.5230357233069357 0.9057507969026776 0
0.7511184436670839 0.6988775642619374 0
0.7554338125286084 0.6785573231139638 0
0.402683133391683 0.4341353050192666 0
0.4224281597979592 0.4277210319358402 0
0.821443294978323 0.7137313910720899 0
0.9142612709525156 0.5318560547284026 0
0.899430096663364 0.518091746572847 0
0.9215393879230165 0.5107660041944883 0
0.9041064573518388 0.4976394201301199 0
0.2909265743219959 0.5274042165141071 0
0.6600790997882062 0.08618884958389261 0
0.6404143835984286 0.09209696241252074 0
0.6146856930822353 0.6488359182731425 0
0.08974569757926454 0.3463075058656953 0
0.09407071001385436 0.3259482715352243 0
0.1138685574044615 0.319516980704405 0
0.09840024716434514 0.3055876095431023 0
0.08898239649511702 0.7830037473262719 0
0.9235377063376258 0.4900886477274795 0
0.9080690161487703 0.4772536481135256 0
0.9175235437195888 0.1723144236293516 0
0.9020794523206093 0.1583875497386322 0
0.6801018997482515 0.07652224815632658 0
0.2173265334450835 0.8742772769299501 0
0.2328300455012771 0.8882485535885994 0
0.228483570662194 0.9086603526023079 0
0.2483319163781511 0.9022200818715366 0
0.1181961489239356 0.2991573770322105 0
0.1027294227079059 0.2852290535171729 0
0.08293312169179162 0.2916588689199299 0
0.08726283445182059 0.2712999420282757 0
0.9115841534830051 0.7221935383108888 0
0.9072872905754024 0.7425400923422116 0
0.915878465709361 0.7018461365546788 0
0.8875177209875897 0.7489904654272126 0
0.9029887577079002 0.7628908406500177 0
0.9218663827120192 0.1519744215281355 0
0.9064173777907725 0.1380450632507653 0
0.9082063650354961 0.9120611998187138 0
0.9175055420458301 0.6067232248432641 0
0.8673878367333673 0.3208419448932198 0
0.8827830162080351 0.3347360396791642 0
0.9025149481574086 0.3283519812555497 0
0.8981768327371312 0.3486372606978171 0
0.9179192046748023 0.342252660466321 0
0.9135754616791039 0.3625429669487282 0
0.893836156323802 0.3689252148731239 0
0.9092300719503027 0.3828294181602647 0
0.8471772113757285 0.5919319954222921 0
0.888573692874441 0.9194488961932328 0
0.4723219696987367 0.8847588317012025 0
0.4678838231064021 0.9048130469980522 0
0.4833738894074575 0.9186895112080836 0
0.4963398838331461 0.8574480840504062 0
0.4635413208815589 0.9251553482529646 0
0.4480263273140672 0.9112092377894145 0
0.4070050235511122 0.4138360733654996 0
0.4267396353063129 0.4074235109557932 0
0.4421562482638036 0.4213010514455795 0
0.4464609843282725 0.4010168923089164 0
0.4618683195080267 0.4148799001368275 0
0.4661715163568481 0.3946047800270829 0
0.4507709249892648 0.3807427769037718 0
0.4704789114411921 0.3743421540253391 0
0.4550829350407178 0.360478165822582 0
0.4747868108931185 0.3540775272830059 0
0.4593922179743961 0.3402170813608636 0
0.4790951762500517 0.3338124315921053 0
0.4944872973810313 0.3476739541507702 0
0.4987931073458119 0.327414753591359 0
0.4858828848355028 0.3881803514373671 0
0.5141791920564092 0.3412739184184893 0
0.5184856891598831 0.3210213118529668 0
0.4636969924546745 0.31996299730223 0
0.4396855115225253 0.3466150313179751 0
0.5031018010025748 0.3071609688643446 0
0.5227959833775485 0.3007670277500072 0
0.5381728637092186 0.3146328553642997 0
0.5424872549939325 0.2943748974342604 0
0.5271059592635655 0.2805150725299692 0
0.5468513494051084 0.274065208143621 0
0.5619870498316688 0.287352015229188 0
0.5665576817750821 0.2675691072938368 0
0.5816475925419645 0.2808378022570065 0
0.58619221052335 0.2612004374900247 0
0.6013961603787074 0.2746621607949842 0
0.60584694097689 0.2548577148208872 0
0.7356944032842689 0.6850119644725018 0
0.7400127812675138 0.6647002139466806 0
0.7202774715083351 0.6711536073010081 0
0.2790533163260953 0.5888355325384198 0
0.2583128461726363 0.595094330126166 0
0.2076966185824811 0.4024435968137324 0
0.1497230312245613 0.497409984024796 0
0.1299093871315509 0.5038466556705525 0
0.1342428246905427 0.4834698482914322 0
0.1144296080006133 0.489905605454663 0
0.1100957546734532 0.5102829894383013 0
0.09461537487145949 0.4963412040667995 0
0.09894983055162487 0.475964767577043 0
0.09028053887506243 0.5167194929808104 0
0.3056239037897547 0.3704240966738008 0
0.4113191706781195 0.3935417423632091 0
0.6746148418754125 0.7994887214884037 0
0.6953965041695302 0.09270437139714932 0
0.6997129572418652 0.07282934281938053 0
0.7151203196628358 0.08670234214464523 0
0.8866314961170638 0.1444632384517083 0
0.8909659030734034 0.1241166592612157 0
0.9107568696151279 0.1176977438772641 0
0.8953025741184742 0.1037654933351527 0
0.8755097400636928 0.1101852274215671 0
0.9150980565585345 0.09734435712287637 0
0.879846441530672 0.08983346639060941 0
0.8600522599168137 0.09625259120123703 0
0.8643609585660611 0.07593263526181104 0
0.844737051267856 0.08277716695160409 0
0.8402832525404149 0.1027466838614423 0
0.8249792175424514 0.08928172993765937 0
0.3699679326874361 0.5015695489808488 0
0.7674582866724641 0.8828803725886751 0
0.7829410768757078 0.8967880280997118 0
0.3501782679025832 0.5080111191292421 0
0.3347232090148305 0.4940901847579703 0
0.3656523600378531 0.5219335266114796 0
0.8832127238934471 0.7693425478739846 0
0.5834451000714532 0.6214063207496399 0
0.8677425701009664 0.7554408491100684 0
0.8986889828067713 0.783246040767974 0
0.07598116405648397 0.8442122019887736 0
0.6210863079070708 0.2683160846150799 0
0.6255272686333552 0.2484840539310575 0
0.6408951769985294 0.2623245207127272 0
0.6452367253092268 0.2421809166885901 0
0.6606054938075879 0.2560167619031763 0
0.7786369404935967 0.9171521922169552 0
0.7984263853132845 0.9106966744918097 0
0.9250807639804066 0.757960689975977 0
0.07164396662355449 0.8646036958642289 0
0.1070576376989683 0.2648709388725093 0
0.09216602847426492 0.2502870772838229 0
0.4437025716824644 0.9316101763845616 0
0.4281859436656964 0.9176584811722486 0
0.08016177703198091 0.4826246338883447 0
0.08466551476048667 0.4622796466319156 0
0.6458180634006481 0.07255824251776211 0
0.6251432987899503 0.0783235169644878 0
0.7245638887294755 0.6508323995933748 0
0.7443012850546352 0.6443709336573767 0
0.7048730906216554 0.6572980567147435 0
0.9277382445515572 0.4707910326371209 0
0.9122768680992068 0.4571090293558933 0
0.8925404467704889 0.4636370231232316 0
0.8967928195587362 0.4433641137955832 0
0.9157539286967141 0.4376923817902642 0
0.8781580395377678 0.523241218346722 0
0.2439832456574118 0.9226283274731082 0
0.2638321121205048 0.916190246114625 0
0.9309713510392988 0.2813855548094748 0
0.5983969561991861 0.2965234170003632 0
0.2241397231424072 0.9290667429512236 0
0.8894854804120726 0.3891744853158268 0
0.9285755850152599 0.5442265485866613 0
0.933327766602535 0.356158398755236 0
0.8837576147372469 0.06990574618974715 0
0.9281903537055665 0.9061711685235101 0
0.8275638439430273 0.5986393609664439 0
0.07427112785485102 0.3323807713543535 0
0.06994149837083052 0.3527315746267856 0
0.9313545259240393 0.7157401301030899 0
0.794121968625035 0.9310634505005075 0
0.8139133175556488 0.9246071094844071 0
0.9325246624266628 0.885889762102381 0
0.9225124928460934 0.9274484297534135 0
0.6650224123332182 0.235521523465245 0
0.680299540171049 0.2496455237325453 0
0.6759845545323099 0.2698796381885187 0
0.6954661180661819 0.2628761650982205 0
0.7000293357514223 0.24306468007755 0
0.7151253126817174 0.2563595263345884 0
0.7196772883019846 0.2367233112917534 0
0.7350077427942644 0.2505852008568799 0
0.7393603328879561 0.2304597757322245 0
0.7547272540513551 0.2443203369668393 0
0.750841536516632 0.2640949472245275 0
0.7701865473644052 0.2580991155038683 0
0.7663072442041524 0.2778844377073089 0
0.7855942125922278 0.2719388505314969 0
0.9356471685673141 0.6953882382201158 0
0.9286242911182406 0.2064541515751458 0
0.8232036589511974 0.6186642500030964 0
0.8082459767533435 0.6062118714680989 0
0.7313653977308936 0.7053167289444208 0
0.8741099568954296 0.3753052199369635 0
0.1034839034034352 0.4556333831101263 0
0.08803835489904299 0.4417008626131126 0
0.1057614113938509 0.5306623578379979 0
0.08594571451162797 0.5370997979577515 0
0.820506107465912 0.1091921020103072 0
0.8050550966043647 0.09527178462769981 0
0.8092417565709742 0.07288444563815355 0
0.7889278994405163 0.08163165684137619 0
0.785135937183417 0.1016668284049935 0
0.2599500533773454 0.4995325639952855 0
0.7253087846592745 0.8208342907281272 0
0.231465651778275 0.546737436820124 0
0.6206739003097587 0.09854687841429965 0
0.6052997540915411 0.08466149058454991 0
0.3458534986569147 0.5283774394938405 0
0.3613361192957313 0.5423054984585103 0
0.7696737998791368 0.08777805679985445 0
0.2681817528705582 0.8957795603566755 0
0.2836829125358442 0.9097528023455648 0
0.2793318759707092 0.9301606673561633 0
0.2989930619040303 0.9236855770488178 0
0.07189179033734971 0.2572615790765904 0
0.07681239855353289 0.2362290028138591 0
0.935314997857956 0.2610703180452796 0
0.06787028080653307 0.450856544727102 0
0.07271858717720109 0.4282613838512118 0
0.07046313068877963 0.5231554410689249 0
0.06612701324630205 0.5435367261590474 0
0.0816116592730069 0.5574824755229935 0
0.7194478217201269 0.0663907641876289 0
0.7743307361306563 0.9375189188834634 0
0.4325041774059476 0.8972452379507729 0
0.4129021471908961 0.9044459678310784 0
0.4083829019707038 0.9242508525276789 0
0.3931522746812091 0.911198480214926 0
0.3885646723060731 0.9307872201905095 0
0.3732244433090559 0.9173989106963187 0
0.0617908900036972 0.5639199476115443 0
0.07727686370005349 0.577866909267887 0
0.7091897820376996 0.636916853571762 0
0.6894797973573554 0.6434442803055602 0
0.8772530609965604 0.4502212763994185 0
0.2933294257154347 0.1667201166910765 0
0.3135335862385586 0.1603825716894788 0
0.2980763013365181 0.1464677378201016 0
0.3179551652468994 0.1400644999575675 0
0.3024854495288258 0.1261442136868356 0
0.3222794871280201 0.119721471682276 0
0.3377391623891375 0.1336391843906863 0
0.3420633901676019 0.1132975517910524 0
0.3575185053253825 0.1272147423791469 0
0.3618440828405488 0.1068734654728438 0
0.377299045485994 0.1207897018313087 0
0.3068230531873263 0.1058012749100196 0
0.3816241465656994 0.1004493713992564 0
0.3970788572494214 0.114365347451001 0
0.2870424824982349 0.112231138425747 0
0.4014038092634985 0.09402533372444405 0
0.4168557998414615 0.1079426084401928 0
0.2913659343179399 0.09188014988100535 0
0.2715795793148761 0.09831087399857591 0
0.4211828838161844 0.0876015329220724 0
0.4366347995791385 0.1015188460985644 0
0.3663802958315092 0.08716537945553732 0
0.4125304631306399 0.1282797330706765 0
0.3729783096049217 0.1411260757107685 0
0.4406777299016493 0.08161526935997204 0
0.4563653874924138 0.09516939295193322 0
0.4520753412607986 0.1154446330395968 0
0.4718528409391073 0.1090243501828116 0
0.4761791357767517 0.08869036799806496 0
0.4916350345707796 0.1025941905838542 0
0.4959626469030736 0.08225986715866529 0
0.5114102037957085 0.0961741955915989 0
0.5157405916727078 0.07583814351520324 0
0.531186305188171 0.08975605156095701 0
0.3111539249527324 0.08545084617432264 0
0.4873066390366855 0.1229232695854023 0
0.2956908558783328 0.07152565641161968 0
0.405729144356879 0.07368185133182037 0
0.535463921641845 0.06947874294436307 0
0.5268566672310988 0.1100874634402415 0
0.5466275864068129 0.1036722924001182 0
0.7738686797375927 0.068788000550844 0
0.8302166990000776 0.5797303803673385 0
0.3687156250640369 0.9372217209527509 0
0.3532250133922092 0.9232331283432373 0
0.4824816928542908 0.0684618001884687 0
0.9305538548390949 0.1112793855833364 0
0.9348981667963572 0.09092337212723134 0
0.8499754555417699 0.06209140918762701 0
0.3151918379094635 0.06541925992856651 0
0.2371769472038412 0.8678321501365218 0
0.221670051729714 0.8538622061825369 0
0.1113863429580342 0.2445136909577721 0
0.1268483811550593 0.2584391420390067 0
0.6938004392507378 0.6231202402472497 0
0.6740893648562749 0.6296136974654626 0
0.9376766513624349 0.3358634669135574 0
0.6095078439953893 0.06428459889840304 0
0.5899021021978882 0.07075647200617768 0
0.9428289954399317 0.4835654328880719 0
0.261679129045729 0.2323216159278603 0
0.2063546516438163 0.2663528840552666 0
0.2260118260761892 0.2795680112697564 0
0.20624024274763 0.288201605591106 0
0.2232112615140631 0.3002936201116236 0
0.242501792569185 0.292329536638305 0
0.2398322524810749 0.3127374596759656 0
0.2040752537363522 0.3085960265911198 0
0.2589621181789427 0.3046227208357155 0
0.2563736224197236 0.3252052374483172 0
0.2372493329001623 0.3333064775344725 0
0.2538093751553765 0.3458270461167959 0
0.2346577277293631 0.3539265857055918 0
0.2616389513673105 0.2842576799326945 0
0.2781017250585891 0.2965311636915431 0
0.1713266115403351 0.1362004942686574 0
0.151027604593454 0.1298433098898866 0
0.1357363866865433 0.1429870446134459 0
0.13118623511309 0.1233454358976631 0
0.165696777477004 0.1150739890115884 0
0.115963102990518 0.1364991580546036 0
0.1113906481547945 0.1168939807106996 0
0.1267975370717508 0.1031363960313149 0
0.1070103215675361 0.09668685152139339 0
0.09592730707809655 0.1308169605739095 0
0.101827982874265 0.1532012456069231 0
0.122469960222049 0.0827842333877904 0
0.102671870907328 0.07635305298799477 0
0.08720296868216842 0.0902833129745455 0
0.08068370177523054 0.1452065935820367 0
0.08473328697239829 0.1652869273908062 0
0.08287023301892649 0.06992426565775933 0
0.06810919974126434 0.08370689909292095 0
0.0638954960110989 0.06331509211520492 0
0.2288873620523977 0.1346811090816127 0
0.2172971091349281 0.1174677803668583 0
0.2996762246481173 0.05154468389193995 0
0.2801668099798635 0.05766308924140445 0
0.06557425210232454 0.1595632067383037 0
0.05699356909222825 0.1392587956428312 0
0.06922378648502248 0.1791710366544103 0
0.08906685909451323 0.1856468146087725 0
0.9373139341080357 0.1659063884439047 0
0.9520431031094043 0.3495460365758271 0
0.4790498496029068 0.939085162457012 0
0.2738328837232297 0.6090594661708768 0
0.2537652917105311 0.6154627504979342 0
0.2382892748423846 0.6015056186223127 0
0.2339208789416836 0.6219135518994595 0
0.2934617732718198 0.6025573475994925 0
0.7817128249848646 0.2917153899011527 0
0.9811295691643103 0.9668360949430681 0
0.03024360398496284 0.9843218152338264 0
0.9669935478381062 0.01884875180037221 0
0.1181390815244681 0.06243075138411525 0
0.1379389722132832 0.06886274422763805 0
0.3605113720895673 0.9036399288451655 0
0.9480197320602548 0.899801621249636 0
0.2893034841598974 0.8900601332453155 0
0.05674778463447344 0.2433526488779321 0
0.06358785223791497 0.2221987254581296 0
0.7050559738435764 0.05270108226756282 0
0.8009671639743837 0.2858205651058196 0
0.2672579265021122 0.1186603076363448 0
0.7590768081023251 0.2239761593174501 0
0.5905047783019051 0.2409087584303329 0
0.8053547341381848 0.2655242969761421 0
0.2396340195397788 0.943029438744418 0
0.5314776049744676 0.260191987227798 0
0.5117273770388271 0.2666424018619037 0
0.5423010699290149 0.1239968273524821 0
0.5943012452171678 0.05106506651003445 0
0.6298196729259622 0.2282640182226083 0
0.3915870826548009 0.3999500274525875 0
0.3958887294931615 0.3796442713399505 0
0.8035764256605676 0.625281898859499 0
0.7885395216976351 0.6125702372252385 0
0.7838996905405538 0.631723160122773 0
0.7684728507766547 0.6179126202406824 0
0.7654542360012249 0.1080029006757303 0
0.4575801890987418 0.4351872791856027 0
0.4772792186863906 0.4287486595818558 0
0.724136213936921 0.2163705350466873 0
0.8519586157378487 0.3069411172229134 0
0.8476648175947897 0.3272158530999316 0
0.8327082738996678 0.3128081590759507 0
0.8726070994554755 0.5653289673884864 0
0.6737418986619088 0.1946875759603643 0
0.6851644363095264 0.6637614988681948 0
0.4644275176208791 0.4896989459762201 0
0.4687234850674463 0.469394372074028 0
0.4841465117700627 0.4832656272124962 0
0.4884443290634352 0.4629876532305003 0
0.5038501245530037 0.4768418757417336 0
0.5081331105796052 0.4565329205857806 0
0.5230174534895021 0.4703107914762612 0
0.5191642911787389 0.4906609772866461 0
0.5098805433338148 0.3615227559433287 0
0.5295593248487509 0.3551264600326857 0
0.5252626572108933 0.3753617165331383 0
0.4988777915427293 0.932622346081291 0
0.4943811235522426 0.9533451225668514 0
0.5143502201977599 0.9466175784663586 0
0.595450073987928 0.8251987880508714 0
0.5799616033580784 0.8112748523516999 0
0.5997619045351258 0.804824184738213 0
0.5842797664393024 0.7909037892535218 0
0.5644808041290871 0.7973486934803484 0
0.5687961810427034 0.7769749901333698 0
0.5489949116663744 0.783424616484683 0
0.5533115426496048 0.7630452431633679 0
0.5885933589997006 0.7705321943023203 0
0.533505833554029 0.7694980460542153 0
0.5378277098584162 0.7491193513714496 0
0.529183129780345 0.7898820933246369 0
0.5576290205073012 0.7426707981400316 0
0.5421497624560792 0.7287461783763554 0
0.5223420485896683 0.7351889332755641 0
0.5266679138320234 0.7148122246604113 0
0.5141332290480999 0.7760421519754102 0
0.5102409868923045 0.7965323077115495 0
0.5035281737733045 0.721500678758906 0
0.5111844511246855 0.7008688299722223 0
0.561947617219827 0.7223105514260549 0
0.1336624604072331 0.3130844076163045 0
0.1376615823087676 0.2932119822019377 0
0.1519754678397953 0.3077801310013287 0
0.08464746658538358 0.80340815229087 0
0.06914907210721449 0.7894521987177735 0
0.06481786893965258 0.8098551188166478 0
0.07348168979411734 0.7690547684473774 0
0.08713520568551081 0.8785559613086107 0
0.06730813627664201 0.8849928076663779 0
0.08279531488092395 0.8989432157257474 0
0.06297185657282023 0.9053801516191936 0
0.07845740081432606 0.9193286630332347 0
0.05863526931955276 0.9257644732943722 0
0.3290754877327365 0.1743122927260628 0
0.8359264227566012 0.1230300478424926 0
0.7364935064946522 0.8550743357120245 0
0.09828060150774098 0.9128933825492586 0
0.09394280584088793 0.9332779900163979 0
0.1137660695024762 0.926843060975582 0
0.1094273197346796 0.9472276289879806 0
0.129251157341705 0.940792626859244 0
0.3753779496208732 0.2160608485807529 0
0.9194355548794654 0.07698431271835171 0
0.9392408346096112 0.07056012376507104 0
0.1596698315584805 0.7980300157585993 0
0.1751772810545945 0.8119940900673339 0
0.1795196650232776 0.7915781580026712 0
0.1957050558864626 0.8057013383415915 0
0.9201711323264457 0.6815010461393824 0
0.9399394079697431 0.6750376482211635 0
0.9244360979695103 0.661174668933191 0
0.9416593865497751 0.1455607297284286 0
0.1540552407728559 0.4770351699196821 0
0.1385759534873189 0.4630975323937059 0
0.7974421352716525 0.7404935613234114 0
0.3229179709380789 0.2897782357343281 0
0.8566034379372831 0.7211860968100521 0
0.6009230191000493 0.10496328082646 0
0.3235894796474061 0.4598252433363368 0
0.09213741896599975 0.4212787479337107 0
0.07672886496948478 0.4074365444243092 0
0.2184218187680884 0.6079498086837819 0
0.1907916853176793 0.8259858031902787 0
0.7872317914229066 0.876423336888944 0
0.7717555130290369 0.8625237521324528 0
0.8789223094057235 0.7896844528136719 0
0.818189433043344 0.9042344277669725 0
0.833672109478386 0.9181435596884835 0
0.8293963155105639 0.9385196646120907 0
0.2140795116680747 0.6283498925799882 0
0.2295780062569401 0.6423280297157403 0
0.8491604152592042 0.9320572733581598 0
0.2097474258037887 0.6487589852750617 0
0.2227532247563463 0.5875337091374611 0
0.3415299768410357 0.5487503666176814 0
0.3573230128901624 0.5623483361728733 0
0.3768704636045438 0.5561754680337355 0
0.3727059161721891 0.5764066880261672 0
0.3517196311467472 0.5844805794533346 0
0.392359785124262 0.5701214279923303 0
0.3883028610337775 0.5912061996212051 0
0.4078848577540582 0.5842101275688893 0
0.4037864623512631 0.6047881304312559 0
0.4233710791623909 0.598111093114269 0
0.4191908142986846 0.6179397216348073 0
0.4388540194730089 0.611914249463905 0
0.5225020934907391 0.1304083385816448 0
0.3395508523974772 0.9062187220096324 0
0.5774378404333248 0.7362629179885775 0
0.9441927860082336 0.6547114033646241 0
0.8786271764199391 0.4280268805457981 0
0.8944048323291615 0.8035849827161148 0
0.9141740054453371 0.7971470281125335 0
0.9098801122136846 0.8175002358764601 0
0.9296529477424401 0.8110330939090638 0
0.9331859823831717 0.791546399844847 0
0.05699668593146467 0.4136208897068049 0
0.06118839050462621 0.3934022208037963 0
0.9254497512930717 0.8313316579924005 0
0.05754737468226834 0.5843246647714592 0
0.07295712239816388 0.5982564293333353 0
0.053228207974922 0.6047154063620439 0
0.06862627348187622 0.6186464654148808 0
0.08842910875503851 0.6122013538939873 0
0.08409549064674954 0.6325924053691298 0
0.06427108629359779 0.6390329732680048 0
0.07975182403805986 0.6529828567784467 0
0.0599290611752033 0.6594230827484615 0
0.07541931724445594 0.6733758794565966 0
0.05567101195584673 0.6798323205152328 0
0.07108626698654774 0.6937691145326 0
0.2181515327997667 0.3414019264679008 0
0.2150986752196792 0.3617134510663724 0
0.2320913394328543 0.3745637316326719 0
0.6933549131474926 0.2847715112269202 0
0.561973571565811 0.1176844432948417 0
0.05622287093400058 0.8505766914564804 0
0.5744919985582747 0.05693383675201069 0
0.2729523315789771 0.337725656837531 0
0.2702018628196131 0.3583317415105899 0
0.04753974146894152 0.8915991602636825 0
0.5035931425456716 0.7449184745114015 0
0.8284640074159219 0.3310993597658822 0
0.8435985588687754 0.3469605180503348 0
0.2415905740023322 0.8482352273747943 0
0.3497925412809153 0.9446804876352508 0
0.9484566348962117 0.369452928948941 0
0.2003947932078413 0.7854123621564612 0
0.184147465117838 0.7712723394941516 0
0.775217499643811 0.5968383214821044 0
0.1333543919704155 0.04928864823903523 0
0.1533680183659725 0.0550665425244391 0
0.157730861630245 0.0753188991758626 0
0.1732008243704423 0.06139627412472193 0
0.1775354474088673 0.08173360347280156 0
0.1922117145574693 0.06692894068614164 0
0.2111965445662652 0.8200602940458643 0
0.198739560946767 0.3485249158202947 0
0.7637599037537093 0.2956897025599108 0
0.9595965549090429 0.668243414987748 0
0.05469522710638763 0.3395129692382629 0
0.05643533347724439 0.3179507317433906 0
0.0501686884934508 0.3592740020115835 0
0.5389345339409101 0.4842670525216317 0
0.5335337178900263 0.5047659617690338 0
0.5147691512440074 0.5109739315099304 0
0.5297258098388213 0.5254738962624951 0
0.9231753162761511 0.05456277237015794 0
0.9435830858695426 0.05019375076459148 0
0.947436229050398 0.4645813985410787 0
0.4329626037958028 0.6353767693997743 0
0.4539764442626088 0.6261600756332016 0
0.2197962756787845 0.9494653148350763 0
0.2042851619479662 0.9354949115198532 0
0.8729480631705269 0.4699773928928425 0
0.05312959773379061 0.2634501022752564 0
0.4165503208059838 0.8847628139498276 0
0.4368316631243609 0.8768217015462556 0
0.05371506313702773 0.7755148500080137 0
0.0580862416746879 0.7550599644906366 0
0.5200579176733026 0.05550416283715454 0
0.05179047556648253 0.7003218214953546 0
0.06682550967334561 0.7141775768979316 0
0.2947983850005493 0.9441235035752062 0
0.3841307645794662 0.9508405412413826 0
0.0512543742882316 0.5302735646799135 0
0.05485170335705025 0.5095894079664234 0
0.05065772210683528 0.1735980530569082 0
0.2804683057453315 0.2761752266586612 0
0.8706758008480739 0.3945220947703619 0
0.9490276241495975 0.8046555478142006 0
0.1344684162164127 0.1797093184537388 0
0.9630841202893325 0.4772679705640155 0
0.6352899738157201 0.2857792029134693 0
0.03118678494475369 0.01769427095907172 0
0.225111733181922 0.6623518577100356 0
0.2053725607120548 0.6691257406850507 0
0.8543136630809282 0.3818022414073088 0
0.9503330981140954 0.2754443886304355 0
0.9469196113454763 0.2954959598067279 0
0.6891629811968329 0.2086469039431919 0
0.5160405150840571 0.2463794763831972 0
0.252229397423181 0.1042574868173172 0
0.2561884359231744 0.08430960764914092 0
0.2369406000803637 0.09014099680107612 0
0.2409893747211387 0.07064895339582455 0
0.7809135229051895 0.1219607239065441 0
0.6773290424259686 0.6100600243109704 0
0.6588115781479951 0.6175814971475495 0
0.6544278692175867 0.6363442114114884 0
0.6400218058057752 0.6239794348839061 0
0.1884743131559191 0.2965907514115265 0
0.1859753401357433 0.3155316471210415 0
0.8189064606963203 0.638967928316851 0
0.707282046844574 0.7320660758111786 0
0.4275935029478174 0.5776125730513467 0
0.1335901348321941 0.9204064286929371 0
0.1490777988878019 0.9343595001094883 0
0.3674763914725149 0.4266448086831463 0
0.5575826577005168 0.1380215650628939 0
0.6163271750044554 0.1188548083206404 0
0.5447266271785911 0.3683319727535003 0
0.5491979272390445 0.3486332018383953 0
0.07177003082512079 0.1042100056534232 0
0.2449146650592169 0.6559373556782967 0
0.330892543727217 0.07907662483825678 0
0.332886318826444 0.05848150998636747 0
0.4156367717591758 0.3732480969859194 0
0.4001788289044458 0.359339255792852 0
0.7064427523400846 0.1273697156781556 0
0.7261378514134922 0.1209632672308536 0
0.09709647293075507 0.5714279253089058 0
0.09522864923890662 0.6669355463194384 0
0.8161635551223753 0.1294683337596154 0
0.3854355440612411 0.5154644543298289 0
0.9044836155805476 0.2332853134601838 0
0.9132172899273407 0.6270250393169072 0
0.9329660601499787 0.6205948694370514 0
0.9372531324375971 0.6002632820558471 0
0.952257111957537 0.6140285855535943 0
0.791522940914575 0.85606615360822 0
0.5250081295622284 0.8102937970730963 0
0.5051992897693832 0.816763879458724 0
0.4913038724961057 0.8038844124073538 0
0.4852979349438352 0.8229866579732188 0
0.1994444190851092 0.08681196139483233 0
0.1985842124154057 0.6143815128587591 0
0.5310086964598006 0.6944820409434895 0
0.5155355569895281 0.6805573560665694 0
0.4961183703520841 0.6864882016947589 0
0.5000434349913283 0.6665571664895341 0
0.4808534526564595 0.67229834209571 0
0.4845641494753362 0.6526112862169677 0
0.9049500690250694 0.4030069199548125 0
0.9268923774394868 0.3985648785248433 0
0.3261581348288198 0.5350275530548064 0
0.8440317505442659 0.9513343643382683 0
0.8632994931714911 0.9474043216473553 0
0.7500792725487484 0.09419199237893916 0
0.5663117991276798 0.09734810024887519 0
0.2750811216985716 0.9500537215245486 0
0.1458361519279313 0.03545555729107996 0
0.05292914904563001 0.09503161103590729 0
0.3144766784179545 0.9381344115041814 0
0.7988395439117393 0.3077993172850871 0
0.2891273162719457 0.6229776368533014 0
0.950579709400807 0.7098968128704468 0
0.9465397139178536 0.7291222399801516 0
0.5400593466236485 0.387929466360267 0
0.5208735565558004 0.3953812817859329 0
0.5359593662707475 0.4092289584397893 0
0.5165955675788063 0.4157526564139759 0
0.5788580363768465 0.03621620456619945 0
0.9663103398752851 0.2892585979810686 0
0.5392711496478217 0.04971005645489063 0
0.9518465137742602 0.8799744672625114 0
0.9367368395695693 0.8656335756051183 0
0.5266382429277578 0.450531918057067 0
0.1891102306755627 0.04792628229472917 0
0.2073335074812093 0.05260738001600734 0
0.8580651728079549 0.4554017941153924 0
0.5637516428850629 0.3610054837340922 0
0.5676002731221852 0.3419243837287092 0
0.9494479261278055 0.105330882034158 0
0.7902790013227794 0.9503871752196943 0
0.08241798895791441 0.2178340681952407 0
0.0893250856907456 0.9528058186839028 0
0.07830568694706752 0.05067729609242511 0
0.05820695726944625 0.04340418267321383 0
0.1585617420311946 0.2592627919236718 0
0.7528437615667189 0.6029163130904654 0
0.1026910247244761 0.9659642967838016 0
0.9587490021236145 0.5954786326978023 0
0.9449931654561744 0.5784175559498733 0
0.2361595069441331 0.9625898045701753 0
0.1395060601928393 0.2246978948278944 0
0.1181251899768165 0.2189545971952612 0
0.2739904827671719 0.8752238981249083 0
0.7241816101735317 0.04692869821961282 0
0.7392768793832444 0.05998677546141362 0
0.7099876934388365 0.03336501404291425 0
0.9666133095265761 0.8936995948232634 0
0.2842848056955259 0.03754053066428453 0
0.05314234864201367 0.192340063254507 0
0.03497788635617888 0.185699424854162 0
0.04760686310789958 0.7207465574019121 0
0.4655611764532348 0.6584364890752178 0
0.673540204832432 0.2891650711804665 0
0.2199903305229331 0.6825409688509119 0
0.201032391829029 0.689626751102876 0
0.2165515184909278 0.7036025972570877 0
0.1967178745844038 0.7100162191557398 0
0.2132343073511958 0.7233753177460818 0
0.1925651147623832 0.7303050995428519 0
0.1855499987340195 0.6756190500838699 0
0.2073831274366126 0.7440279734369074 0
0.4481109872466273 0.6852145464966801 0
0.4673695364541745 0.7324256225377219 0
0.3525177665543396 0.8694130136193678 0
0.3477032558343029 0.6303117991022575 0
0.331185312877919 0.6145158872052923 0
0.3640343534304422 0.6174696241321883 0
0.3955991823913274 0.8600159553528616 0
0.3029956865763591 0.8587353774421571 0
0.4626426872017143 0.7891035851330435 0
0.4363380309370313 0.8326124865934288 0
0.2376900422751291 0.7902098515260692 0
0.3958665129023142 0.6403902997683736 0
0.1629670076764222 0.27496375112221 0
0.04196929260577614 0.5703563897993897 0
0.4640419648780916 0.8303151404286214 0
0.4505337638302399 0.8489353086212927 0
0.9538176417958 0.255480550829756 0
0.9397308602520156 0.2405838869314628 0
0.9615971182986242 0.2334070386526862 0
0.38639836315877 0.8798198372096455 0
0.1455024358576122 0.9538951133220657 0
0.1646884254685864 0.9481706723524239 0
0.1689042367795311 0.9279215246469347 0
0.1610830420248892 0.967561326195208 0
0.7713884102753619 0.9610835196266676 0
0.7547680253540223 0.9445061495123366 0
0.7484146509058606 0.9645857787208989 0
0.7343540684990397 0.9500211792579976 0
0.9538647013954142 0.7829890348510964 0
0.2647308979638053 0.2640530449219547 0
0.2832110844519333 0.2552225980915974 0
0.26522119398174 0.04445606059648888 0
0.0346627720199863 0.3452491713932675 0
0.6957480792700586 0.604573749547064 0
0.6091776733121772 0.3383280346339294 0
0.6247820533636895 0.3226527498670112 0
0.558034531473754 0.4617635941085151 0
0.8037058034133857 0.351249877781734 0
0.8048053531011282 0.546480124178891 0
0.8259900383476892 0.5477908280104645 0
0.8400350088114248 0.5357193098411097 0
0.5803248520918558 0.5269702480272516 0
0.5618756714215927 0.5281199904702042 0
0.5685464794583784 0.5448399826925645 0
0.5467822142846588 0.5403023779552778 0
0.6324789013212622 0.5749908700805355 0
0.6138564538109829 0.584259854506507 0
0.5951274513408843 0.5722921731455692 0
0.5970484690133396 0.5945504192577551 0
0.5763931807845466 0.5877663273440568 0
0.6122102131080825 0.604532402641355 0
0.8311334546157945 0.5045514328188222 0
0.8529095154105915 0.4993701977992734 0
0.5930506202252327 0.548368181516976 0
0.04579607598801061 0.6438002900878351 0
0.8456929933742128 0.5508932901071052 0
0.772654734332987 0.3274488029540157 0
0.2653265625686295 0.8269153554186341 0
0.9551431093627425 0.8599687572306485 0
0.968798254173042 0.6095753904951746 0
0.1987586953714306 0.1131802120390962 0
0.4683121295346366 0.8498805279869568 0
0.04138003619775038 0.3998337124070198 0
0.2895367367812672 0.3502549933967641 0
0.5563313031423416 0.5614556325908948 0
0.4828399110661172 0.7767910983364821 0
0.1800477379011802 0.9622616261200937 0
0.9585839665465584 0.4989702580760001 0
0.4186366806262454 0.65416477411924 0
0.812751880938549 0.5665962328257703 0
0.7918001776513427 0.5806411789269733 0
0.2215058092817039 0.07859466164661344 0
0.6135074606946851 0.04389595320185202 0
0.6307510399805367 0.5948323429957652 0
0.3113551982232063 0.8811218533171323 0
0.5100606279589215 0.9669577157448939 0
0.9682919536968354 0.3616544841559292 0
0.8320832315352056 0.3914980202950396 0
0.3339404792705386 0.8844891873772005 0
0.5654382701358304 0.4159673370538155 0
0.1127244206056134 0.1902916822913536 0
0.04456521554425258 0.05693307052113789 0
0.2775119649509648 0.1532304714911786 0
0.9574433265165339 0.3294467344293374 0
0.3004582765045137 0.2896171657199362 0
0.2949829275967737 0.3097806247255783 0
0.3098082361574177 0.9591010715156427 0
0.8434046124444717 0.4386037610071315 0
0.6997606070926747 0.3072313788785394 0
0.8571510187610287 0.42191468719163 0
0.2297011882398344 0.7395492084349119 0
0.04176606940158595 0.2271509193280596 0
0.957112099084001 0.1594970663331974 0
0.9519562314921697 0.179446257406256 0
0.9614580722626627 0.1391411369836846 0
0.7151286786601871 0.2896037730085189 0
0.7347121787200139 0.2939221803500819 0
0.4815597154276937 0.7168193281308536 0
0.476823637113363 0.6948334610575955 0
0.113809333241137 0.04206529404573928 0
0.9622015223925082 0.06533687746346056 0
0.9638304604974679 0.04257288440719947 0
0.9474859401641693 0.03020748297638604 0
0.605423684657126 0.3179346322943319 0
0.6214398015163538 0.3039733129888738 0
0.5880537866328625 0.3141784189383513 0
0.6887177572683504 0.03900151282231018 0
0.2370967410618133 0.7135433645342207 0
0.09763929048429798 0.2059241377550256 0
0.3010493359441567 0.6411615655053715 0
0.8248660944366557 0.9573374267470316 0
0.4740662221572948 0.9600051372584468 0
0.03033280119387827 0.3656198131672119 0
0.5619069793787937 0.4849699021436654 0
0.3098135447891985 0.6190086679988689 0
0.3196802016621725 0.5964841899234237 0
0.2626380862533849 0.6713389795449485 0
0.8586341859920827 0.5342899898432916 0
0.9631622423631537 0.9133980020823693 0
0.1183700246264912 0.1685364615493182 0
0.4875107709388389 0.757642870292818 0
0.3843989465432703 0.6159926947315504 0
0.7408403194126325 0.3134469347653066 0
0.7677996648758822 0.5752828074515592 0
0.03680291680270215 0.2052260589871256 0
0.9657302962389941 0.7240770035577043 0
0.3010688462948789 0.0312600153029638 0
0.2479594499505786 0.1249663061120806 0
0.3025347325399574 0.583126076184605 0
0.3214265915399598 0.5752413625548793 0
0.7415770524376133 0.04052807542729531 0
0.8066321503927645 0.329804942180013 0
0.5242143160460432 0.03562549754933858 0
0.505247460385968 0.04096230190571915 0
0.4892401731591865 0.02917716349654914 0
0.4721113491601537 0.03914928591588435 0
0.4539789957572072 0.03350842277751326 0
0.4569983645820208 0.05194541184399204 0
0.4381064987473426 0.04640004344476789 0
0.9631762645383958 0.6470536605551451 0
0.09786441600803425 0.2278302935645726 0
0.5298806206909639 0.9605009918848399 0
0.5341956275651717 0.940117779301703 0
0.549383913912215 0.9530781693028102 0
0.5539668878593872 0.9334949326791656 0
0.5694573514837478 0.9474027333382659 0
0.573819756772397 0.9271438374737391 0
0.5893219261464888 0.9410955658762767 0
0.5936495781813143 0.9207341024934377 0
0.6091452577589062 0.934673070267115 0
0.6134654858619428 0.9142965787358174 0
0.6289568653036942 0.9282287335722774 0
0.6252553186317268 0.948506026974436 0
0.6444482495990084 0.9421571781502074 0
0.6487627041152786 0.9217819384286006 0
0.6639422048421131 0.9347644885921779 0
0.6685113682855532 0.9151771516167795 0
0.6839864546848351 0.9290719092904499 0
0.6793359596084614 0.949821813114895 0
0.6995060437548926 0.9431627989538995 0
0.561925488890353 0.9662999633993397 0
0.6968306546218466 0.9618979563442884 0
0.2189923709597862 0.776916314952573 0
0.0208390126925424 0.2394296779937178 0
0.820778118903139 0.2793833105247762 0
0.8253352485130022 0.258967022960513 0
0.1440900206232039 0.2711286088143523 0
0.6693902617159568 0.2150729833256173 0
0.8097981810812234 0.2451548938834081 0
0.2118138774244857 0.3816307187061464 0
0.2278348006055521 0.3953135060316761 0
0.2476950094563834 0.388017457828286 0
0.5357859522078491 0.2397942499228809 0
0.2187057114290624 0.9697982999493284 0
0.2038530881934468 0.03433923521265253 0
0.2239556086393801 0.03995094464021615 0
0.2388998410454266 0.02482732231462226 0
0.215590285933343 0.7989244640606992 0
0.9691162618979011 0.8007502604719267 0
0.9652486232124087 0.7665025038716121 0
0.9469085741432313 0.7621257198272777 0
0.4963155505226359 0.2527487527346781 0
0.4920134167258507 0.2730547905136428 0
0.4766030238946212 0.2591436824027833 0
0.4723049786898326 0.2794572190150372 0
0.4569023873463759 0.265579056336284 0
0.4525929234471855 0.2858607616298197 0
0.4371740495824503 0.2719554078395902 0
0.4328735473420126 0.2922579708067558 0
0.4174203683673577 0.2782859920722907 0
0.4131676039491532 0.2986320405937001 0
0.3977438493882227 0.2846743103175694 0
0.428584752660134 0.3125186060771508 0
0.4088589075430247 0.3188432495874219 0
0.6347771867672988 0.642798063573069 0
0.5883198144978947 0.3348776733773509 0
0.5306389447476121 0.4305839065080281 0
0.5119599359529853 0.4363868035676757 0
0.2228906119622407 0.4165866606071453 0
0.7641001050414818 0.637999280740194 0
0.4585340757350728 0.6054868594719027 0
0.6847392908167185 0.2291702439597419 0
0.6495850887030528 0.2216608867005903 0
0.63401513773953 0.2079200073027385 0
0.6144397221782369 0.2141879880747292 0
0.1913219559782825 0.3886155332392988 0
0.7088646646840617 0.202323847012174 0
0.7038199981593936 0.9226773346664962 0
0.3761038299412953 0.3860154262805685 0
0.5105890136185527 0.5314166471617578 0
0.06252359655312834 0.7346176299518861 0
0.9803667183704026 0.6610914952950839 0
0.5046400591462875 0.6464213299213 0
0.5203165652075104 0.2259061265214428 0
0.5555173526587276 0.2333090272602611 0
0.5354805587223862 0.6743002809844414 0
0.7898840721780622 0.2516720340370874 0
0.7942235917777256 0.2313972819102854 0
0.7987350690510919 0.2109478731006257 0
0.778859801010741 0.2174437891373742 0
0.5818395349516351 0.7159901483741611 0
0.5663775773654871 0.7020639253197622 0
0.441439735206588 0.2515686482269185 0
0.8588022017276626 0.3613456765564517 0
0.6184711994769491 0.6261092159966004 0
0.4730092050680978 0.4490816772453776 0
0.5979806864217324 0.9003486618338599 0
0.559733219206494 0.2129090465906155 0
0.5751388830906251 0.226906901465545 0
0.04314249951245752 0.7411374201481064 0
0.6530679740275083 0.9013467397246969 0
0.672865585482766 0.8949019498986663 0
0.9407687406799895 0.8453634719519632 0
0.9625540393390111 0.8382488638674555 0
0.4532852039446431 0.455498482797293 0
0.6500282308899561 0.6564261625196108 0
0.4969095565577258 0.4223371143326766 0
0.5994873863171142 0.6346698143064908 0
0.8363697770368863 0.2930004786149552 0
0.08104723013112552 0.3870092004049234 0
0.5583377863987486 0.9132297907356909 0
0.653938228769786 0.2012420399956031 0
0.6177877060172599 0.8938934562742715 0
0.49262255931804 0.4426791380906445 0
0.6301886242861154 0.6628135264813833 0
0.6653248562832268 0.6703945809425194 0
0.5219515463328914 0.5655654486908495 0
0.5262419242664327 0.5452660724877664 0
0.7611563525384475 0.1283563217490145 0
0.4798588965278142 0.5035593987900022 0
0.856254197274285 0.2866614323687182 0
0.8316418575992144 0.1433963326444062 0
0.8514054351993435 0.1369608445388243 0
0.8885334301996706 0.4836626350954955 0
0.8848418540258032 0.5026424274452157 0
0.867132744008243 0.5855186712038882 0
0.6187901917846504 0.1937768711041006 0
0.6152433675438882 0.8187482445475363 0
0.6195552530876545 0.7983809646300579 0
0.6350328534623964 0.8122980064470247 0
0.6393432557046184 0.7919508745681998 0
0.6238701870413783 0.7780276851652919 0
0.6505148366271208 0.8262351310538852 0
0.5545281987285353 0.5940822646466333 0
0.568279374528225 0.6072008113581909 0
0.7795143843274346 0.6517943526619877 0
0.7597475956472077 0.6582621332471201 0
0.7485524176704441 0.6241490118151268 0
0.7321962581470048 0.6093809842029013 0
0.728745576086995 0.6303356114941865 0
0.6563318595573786 0.2764527379611467 0
0.4121493722433412 0.563720784692732 0
0.2551827846826543 0.9552371629395926 0
0.8297409105176097 0.2386164389731451 0
0.5731140868196409 0.7566104566609173 0
0.5929174149608819 0.7502038873205406 0
0.6083843382038487 0.76410759340926 0
0.6127672308413632 0.7438299112692695 0
0.3520100695014768 0.4127330669089446 0
0.3829211805102455 0.4405524449238977 0
0.5529613294965178 0.3288020565577514 0
0.6281669780780579 0.7576868860078638 0
0.5793865322633779 0.2064973660531158 0
0.5070763046998669 0.1165031790162162 0
0.5027239273309458 0.136823009738243 0
0.4829866614148162 0.1432460228246757 0
0.4983833747672258 0.1571660108694499 0
0.4786675180215936 0.1635595943012835 0
0.4631869453131408 0.1496670519012062 0
0.4901849746861641 0.3679262794428132 0
0.604074134717835 0.7844627352497775 0
0.06049805995858509 0.8302429151137312 0
0.04074311215052917 0.8366082255737342 0
0.7751612689881102 0.6721244603675275 0
0.6583143429630293 0.1808379878484393 0
0.742499630914264 0.739502993248675 0
0.8006861358565777 0.1155670549439949 0
0.7963425958582075 0.1358425569548096 0
0.8631122618655194 0.3410194357909978 0
0.8784700709595966 0.3549948079224197 0
0.5378410177105006 0.14437789993409 0
0.08223288675214885 0.7281514016406723 0
0.7227387589621841 0.7459476208030685 0
0.7270408095920295 0.7256230993138841 0
0.7116096688937117 0.7117457617354612 0
0.7159347110835723 0.6914546626296689 0
0.6962219265608673 0.6978649441728474 0
0.691855447827858 0.7181909928798402 0
0.5465063585176198 0.7084458493511288 0
0.4323028643316811 0.1218581546725753 0
0.4279766918123227 0.1421897190571507 0
0.4082107377552602 0.1486090863982876 0
0.4236519520631622 0.162513659096941 0
0.4038851330119337 0.168929256671895 0
0.4193296259963852 0.1828344542004644 0
0.4390613843076234 0.1764298141777134 0
0.4477506935185485 0.1357652404681526 0
0.3884353852054947 0.1550307644588967 0
0.3841183616664584 0.175356780721477 0
0.5032043552023526 0.9122282201530743 0
0.2890146838205916 0.9641828099292488 0
0.3258035034012007 0.9778564852500025 0
0.3301688250690353 0.9522401851063784 0
0.3656083760232885 0.9585052787049217 0
0.3795885698472117 0.9685161108493729 0
0.4039593882108422 0.9443397737983694 0
0.1484958459058341 0.3271193063841393 0
0.07786417190590422 0.7486085175233892 0
0.7617908143363502 0.01768893986538028 0
0.7718745350898135 0.0347379655268224 0
0.791826223450771 0.0353029529862216 0
0.8021016527940732 0.01791479989999589 0
0.8125115193106487 0.03593526306453687 0
0.8323695960721937 0.03553404393188914 0
0.8207101461780347 0.05340661317938877 0
0.8435764036855417 0.01797237679049379 0
0.8531503735473481 0.03949930795464546 0
0.8643743359345849 0.0186184933058155 0
0.8753960944534237 0.03646723788789474 0
0.895907291999623 0.03537683065180763 0
0.8020614387264414 0.05411756762471714 0
0.4019393379083188 0.2642700958464001 0
0.3822583868041342 0.2707613592115377 0
0.443398190382686 0.156093151783029 0
0.814593057680897 0.6592436381484785 0
0.834313381009387 0.6528101266225006 0
0.9820129259265673 0.4270944298339594 0
0.9648365779563994 0.4373678980315498 0
0.9640968692006123 0.4166745637105305 0
0.947824100789444 0.426675173159518 0
0.9459291890712824 0.4063006532603095 0
0.963101354983849 0.3965662841020401 0
0.9819578040878243 0.4687500000000008 0
0.9806957200842612 0.4890667863971795 0
0.9618302559515927 0.5210307106916781 0
0.9426337682424569 0.5142411136723885 0
0.9807488449543762 0.5312789652737574 0
0.9623846654857507 0.5428763815791851 0
0.4238615710792414 0.9380592606850264 0
0.4393837929171081 0.9520104831351546 0
0.4186866354616748 0.9623838652292355 0
0.4371382969256178 0.9696632526196822 0
0.4545313466755142 0.9652735965260675 0
0.490823075927894 0.9780242927798037 0
0.4590458506528079 0.9455233173357012 0
0.9812545268820304 0.1336798938953843 0
0.4378534567879386 0.4416094307557286 0
0.3532004892196725 0.1475607275963449 0
0.3686681260011374 0.1614699219611594 0
0.3643502940380611 0.1818216796063939 0
0.3797852044771746 0.1957061147742782 0
0.3488924781907037 0.1679019780835002 0
0.2803443520903205 0.2313348075718376 0
0.9822547358620521 0.1787554425187623 0
0.2922864601764747 0.3303888192955858 0
0.3164543810388066 0.3085680906480764 0
0.2426674078602052 0.5811040601786694 0
0.6361057902020593 0.1124227495841221 0
0.7132207873615879 0.1818861047135025 0
0.1227638655696401 0.2786728504128649 0
0.9833406419433428 0.346747142208625 0
0.9633578715968919 0.309579642808412 0
0.7299026759155516 0.2728825789905164 0
0.100147442614548 0.817367217453747 0
0.389740247650433 0.4951157874534 0
0.9819608882804337 0.2395886753116344 0
0.9816315142046702 0.2195587153006895 0
0.963925639946393 0.2083379782238961 0
0.9446125289283802 0.2190024089774074 0
0.2629310649990133 0.1390090916394841 0
0.2745287119286368 0.1742152390079272 0
0.801131895566945 0.981935954698985 0
0.6883314419530053 0.908778450651281 0
0.7236066246800069 0.9161664611232229 0
0.2008651067716245 0.9567078863055745 0
0.2754389084138796 0.5134680264545206 0
0.2797609782819204 0.493089777056134 0
0.2642647758611732 0.4791622527459771 0
0.2952228587074347 0.5070057753504933 0
0.2995273806217458 0.4866260918451601 0
0.2444666894890082 0.4855973894075566 0
0.4335505428204575 0.4619208101011645 0
0.05017533772941696 0.7960793097239628 0
0.03317585937102457 0.7825037958900036 0
0.04599306670545467 0.8164933077263211 0
0.0282679231480919 0.8208219564767372 0
0.01912278601097689 0.8413733447829308 0
0.4062505345569009 0.017794764760519 0
0.3958352173151669 0.03592480110531765 0
0.3750081848801558 0.03605263674693981 0
0.3843416325767355 0.05275262323794117 0
0.3646002725452839 0.05411345786763905 0
0.3550648525773294 0.03556123871441441 0
0.4190886444972594 0.03595510978674177 0
0.5825857063348594 0.9625737330898778 0
0.6562369014560583 0.01808104202841698 0
0.6666054824245844 0.03654263552294834 0
0.6458465124153359 0.03607228492336095 0
0.6743368279260844 0.05555165372628434 0
0.635412981606847 0.01804006834189698 0
0.1187965853299197 0.469538056128503 0
0.1231361990660913 0.4491687483633687 0
0.1429052736532727 0.4427230322486997 0
0.1076960680027736 0.4352381600355776 0
0.1119758819721061 0.4148617389093258 0
0.3691770132585136 0.331437435513648 0
0.3890216777940531 0.3251085849114724 0
0.3847069757555204 0.3454161548828685 0
0.3333993948362847 0.1539768757406068 0
0.5922184355212793 0.01812244824837078 0
0.1695357817449755 0.490973156396456 0
0.1738655046315919 0.4705956412678045 0
0.1893445677832569 0.4845330965189148 0
0.05181844928721396 0.87104112175613 0
0.2755454414018773 0.3171910240083508 0
0.1601594050808633 0.3612150522101994 0
0.163925133567233 0.3411141961373204 0
0.6559856589086261 0.9820504888118682 0
0.6445000631616792 0.9621297930805758 0
0.1069673593091647 0.872119679350581 0
0.3247501926101656 0.1946455164245117 0
0.03765796939454735 0.6640363390572814 0
0.123701325719095 0.6197263721311853 0
0.04412206548516345 0.9116354361567927 0
0.03069785898939026 0.8989206154386172 0
0.03693060607023713 0.9324597782835669 0
0.05398398504444163 0.9461887204571647 0
0.03448017559972649 0.9525805399301119 0
0.05188375929651234 0.9656283864339057 0
0.06998516274381444 0.9597935311786034 0
0.1280420962602484 0.5993319356944263 0
0.09331586907664863 0.7625921402509306 0
0.5428541560705169 0.8992936113411056 0
0.58250432112647 0.8863923717581614 0
0.6332741883910511 0.9078411461893582 0
0.2595075266116051 0.9362165940254092 0
0.4310515828835951 0.3871419610716709 0
0.3563227757283614 0.3924090421386095 0
0.3803941801877819 0.3657037346635605 0
0.1262560560834481 0.9634632189972 0
0.6548121520466689 0.8058538519156843 0
0.6591393675088724 0.7855402903051356 0
0.8822976327634281 0.1648018270849119 0
0.8668593907462692 0.1508840392898325 0
0.8625381562266865 0.1712261317891359 0
0.8711809257694142 0.1305346863127704 0
0.9066467935363125 0.01813745024310065 0
0.916404451477188 0.03595781236331519 0
0.09180941496278666 0.01793404126739423 0
0.04962055958399503 0.6241486846464741 0
0.03436577045709355 0.6096735352429468 0
0.606674122181896 0.9582442528741094 0
0.6153126575520407 0.9750187866303442 0
0.02046371192235985 0.4039484930099002 0
0.2086360355308363 0.9150962870690986 0
0.1887701560338911 0.9215126541568662 0
0.1367184489654454 0.5585543362635019 0
0.7931606479382892 0.7608223882712883 0
0.8129091463061795 0.754367635569017 0
0.1422638792643617 0.08922465075764024 0
0.8452179470213579 0.9823001463646173 0
0.1356666329868781 0.01766265067371653 0
0.01771923156792632 0.2812488314499269 0
0.01843128759495161 0.3025113866890009 0
0.03535508047161207 0.2916915318481647 0
0.03608163471229464 0.3124911775534042 0
0.3435907902602016 0.01840708247858691 0
0.3366282936147856 0.03848892287076849 0
0.01792895075233253 0.1353862166305291 0
0.03608080732862184 0.1458333333333329 0
0.03608139663827969 0.1250051874005094 0
0.01761403637480874 0.1145793422481464 0
0.7519766837452497 0.8689753637994935 0
0.7562767517892452 0.8486176822976631 0
0.74077887114369 0.8347238420396947 0
0.8634543550150521 0.7757729220576552 0
0.8480098175149307 0.7618335214006258 0
0.8592109476262255 0.7960792137354044 0
0.8523098133834954 0.7415028933688608 0
0.85572633937438 0.1166183468630557 0
0.5576860600604086 0.3081589210022001 0
0.5781625264846272 0.9067811189332174 0
0.0180174181676831 0.4479581188639942 0
0.03555783007854191 0.4395983111635349 0
0.03553541170029773 0.4592316103464843 0
0.03686134429129501 0.4791979652921758 0
0.05346462569946769 0.4665170081165778 0
0.1292311554154967 0.3334633498582526 0
0.3648939710357539 0.3517700688242503 0
0.2818242791427542 0.3958286262481014 0
0.8779768747960428 0.1851387476911701 0
0.9004058171102778 0.6879572466353641 0
0.07495113564145206 0.5028845159450942 0
0.9822059730719184 0.8439067789634427 0
0.01804188788458816 0.07291720018609943 0
0.03529574052752094 0.0842422789542947 0
0.05401414137854371 0.02093157374436472 0
0.08031538413709688 0.8238179304678414 0
0.9836127955683488 0.0930932410004135 0
0.7483868266272251 0.1893505566040414 0
0.7285766456840311 0.1958671030895993 0
0.7437377848735618 0.2100467191819773 0
0.04695292416471325 0.5501444107283182 0
0.8855135063782653 0.982012397155398 0
0.9062654876202458 0.9819673539156979 0
0.8958721645615597 0.9639396530112676 0
0.9166740152390247 0.9640446486159416 0
0.9374983828243515 0.9640587105347398 0
0.9083985903582744 0.9461604053543655 0
0.9477451137047855 0.9820791774990063 0
0.9584589182622298 0.9645437336742675 0
0.9479180214074832 0.9477609262444604 0
0.9686226958018962 0.9477798225624038 0
0.4601311440498619 0.5100176781705632 0
0.01814151215051096 0.4895356208927469 0
0.036086546141673 0.5000017140857004 0
0.3647080637002262 0.01801028034350022 0
0.2271336445349461 0.5671273270000189 0
0.4675312538111472 0.1293425122539182 0
0.07407323120833303 0.9395791579008258 0
0.30388719834742 0.9031910644469403 0
0.7147746899239962 0.9555681866530914 0
0.01745777689599848 0.5298079986910071 0
0.5385150981982354 0.9196762929099881 0
0.4611535690299831 0.2451414410567231 0
0.3927554664052887 0.1347001181534899 0
0.1708458827036489 0.8324050720913569 0
0.6573807983718918 0.88093094294538 0
0.6109339631800552 0.8391278868872716 0
0.5055653432626319 0.3817268918335988 0
0.8026978569241409 0.8903263710046176 0
0.1509820414850813 0.8388425361404602 0
0.5186964693355307 0.9261688356358487 0
0.1014262223826066 0.5510433477433576 0
0.3811318556789071 0.5358337491147083 0
0.7588883785144883 0.9236961624304839 0
0.1410558638492053 0.5381703490939129 0
0.1619400348494618 0.09550148067919423 0
0.02107465876554704 0.5730606998532872 0
0.01621332579450663 0.7393059378543317 0
0.01768045689757247 0.6974237393139231 0
0.01804219591217576 0.656249999999999 0
0.5601588880290447 0.8177226334038401 0
0.7648212878511407 0.8079374608030344 0
0.07820799963492403 0.3119358692814419 0
0.8731542204708935 0.9053070427881698 0
0.9170357166579837 0.8719979467959234 0
0.9429357752300862 0.9187169297510153 0
0.6703098912687377 0.8198292093666606 0
0.4199453627865349 0.3529644819522316 0
0.102619702442649 0.8925071621297381 0
0.6926369686579646 0.8883696355110914 0
0.1961742422067014 0.5392336641466055 0
0.5512033975936629 0.2537446241444473 0
0.2510474868302098 0.366608280072617 0
0.5508944772343046 0.08341485046188596 0
0.8859845637307627 0.8441974269642328 0
0.8095312301047909 0.9441884793115672 0
0.1255754343135235 0.5242259262626376 0
0.8421810899979485 0.8774544440445087 0
0.3266005229177248 0.09938399420484884 0
0.1689400010917099 0.03788207816526395 0
0.09276124197973312 0.5918132747907486 0
0.7210116283114794 0.8411780748795766 0
0.06810229840003451 0.2771741949715201 0
0.4834040991356763 0.3135604188859384 0
0.9816071119978941 0.4059628901353881 0
0.09088601098926274 0.6873305113468009 0
0.201822849352952 0.8603154295510017 0
0.6789278338215481 0.7791429401926824 0
0.1937128526328732 0.4641500389804142 0
0.09156259079810425 0.110577856009355 0
0.1528228997543774 0.7432474541526577 0
0.7468083440032369 0.7191860631774725 0
0.5337593877516373 0.334914967344098 0
0.2490349106957074 0.6357410558878063 0
0.09821034329933076 0.05646376631614791 0
0.2759049023864713 0.07795497626863845 0
0.8847270598953079 0.2396762185767018 0
0.3304261529689688 0.5144901534036813 0
0.9538500204808613 0.08620459936172431 0
0.5558361031562759 0.8381052020032143 0
0.8085998183481375 0.7746991382504919 0
0.9267043584650203 0.3017132392310266 0
0.1571577252719444 0.7228373121959751 0
0.8720595744233427 0.7350851286793411 0
0.1464853447281871 0.1093542103778813 0
0.2825508649692782 0.132623826783282 0
0.06397277160389397 0.297013638061071 0
0.8165878235702606 0.2996452013353337 0
0.2529231854071801 0.8817818814981494 0
0.355604585936856 0.2224593542466513 0
0.507412859761759 0.2869075434578114 0
0.677163298681166 0.8744629410114526 0
0.1782412362125533 0.4502145848611622 0
0.9179572772613764 0.7780446111637808 0
0.8995698164200825 0.08347997429271092 0
0.7295979520745646 0.8004936739342445 0
0.1441648968404947 0.7840700541153969 0
0.4523725154378794 0.8908707950186207 0
0.215987704671988 0.5327926153946418 0
0.2487908836693683 0.4652291683175451 0
0.3445309916618968 0.1882411142393184 0
0.3464185917210496 0.09306460344054018 0
0.9223609604498298 0.5861524281983391 0
0.1181025025472252 0.9064591825147505 0
0.9270562548665072 0.7360866352573052 0
0.46139377716775 0.07196276713392574 0
0.386180796019458 0.08081664763872576 0
0.5161830054078957 0.851009721246931 0
0.3013560711614102 0.3898010343159581 0
0.4233317818226308 0.0685078421195634 0
0.1584009399558406 0.4566623345432496 0
0.9262094954675985 0.1316287999164971 0
0.7493556637734696 0.7940480098721989 0
0.6320678418264047 0.05454871615149426 0
0.5005887016946161 0.2323280687730162 0
0.9546511010948598 0.6892512236190782 0
0.1918343850067991 0.5596155659573958 0
0.1664837340389627 0.8528031402693412 0
0.5012894143848703 0.0619609996936541 0
0.3081299850775696 0.4459140621448989 0
0.2686169020875712 0.6285135666964545 0
0.3276913100947895 0.2696223532556376 0
0.9325888227730507 0.1860286699998807 0
0.8386095382032959 0.6325085014964802 0
0.0754513540690071 0.1247203822575125 0
0.2469901260598449 0.5606979195363624 0
0.1379431674428947 0.9000258143597947 0
0.9030503008662054 0.06401211781495553 0
0.9068749846755338 0.3080726381076207 0
0.6867066894277969 0.1337853576925376 0
0.05544908820831917 0.1175093560317294 0
0.1472941002848057 0.42236700951122 0
0.8849274655044224 0.6741064907691134 0
0.2685713087159509 0.458795599230587 0
0.9307651613113135 0.45203108271017 0
0.1212399509500421 0.5446066791818841 0
0.7992219458329468 0.6454022767796027 0
0.8934855660898414 0.6334739339124418 0
0.266803308833704 0.3801491133256455 0
0.8017218914074382 0.7201788839049174 0
0.6697982539477767 0.6498769392158774 0
0.2605756318733399 0.06419413407321428 0
0.1274601804050336 0.4288005410214297 0
0.2840497001317287 0.4727110404509516 0
0.5012689655676582 0.4019791510338335 0
0.3517183686782881 0.07042209510370551 0
0.4995624500179517 0.4971027315079146 0
0.3390490342868879 0.4737382308037419 0
0.435362181496969 0.3668650856756918 0
0.7390711451630261 0.9300566838485842 0
0.8411628534601745 0.7072914524510934 0
0.1640578453829771 0.7776375651523915 0
0.4482763613727435 0.3061201575332709 0
0.9001393934793744 0.2535802660377641 0
0.3872728368147208 0.4202456230949561 0
0.1732826510516322 0.9075468990237747 0
0.928967400922442 0.376451833323418 0
0.5191801157053165 0.7563226359109505 0
0.8582259220675101 0.1915634664511784 0
0.4051973295018589 0.5090045505097311 0
0.9046796565028428 0.6676430002824433 0
0.2569134862971773 0.8628892024875907 0
0.9260458081104743 0.5657738818172767 0
0.4910034349601693 0.5377778801563834 0
0.6318025720888958 0.1327297826982462 0
0.9454738004994072 0.1252105253824174 0
0.4877087576395423 0.2933077060469538 0
0.8171659248564038 0.7340441029505294 0
0.1534313052509813 0.9139759336448212 0
0.1163282039558544 0.3945127350528483 0
0.7450656637427954 0.814383566663094 0
0.4815652548723642 0.4084400770064201 0
0.54468571726679 0.8037914520798752 0
0.1169035723349836 0.5649890929735294 0
0.4556744344351606 0.8680022543095915 0
0.09647853300633702 0.4009333565911496 0
0.1683411240183224 0.7572131316322057 0
0.7634364176947334 0.2035975364487894 0
0.7005843589845584 0.6775627493333665 0
0.186347945823568 0.8463659852705447 0
0.18459347081713 0.942011545850291 0
0.3718133190069178 0.4063393999479001 0
0.1818386800967847 0.102069256956717 0
0.6910361059260027 0.1134014248800221 0
0.6120920276030767 0.139152823648062 0
0.1125673421531947 0.5853762651109802 0
0.4680106949784834 0.2997069219134559 0
0.7760259378321923 0.8421698048385728 0
0.08540100781392485 0.3666521316777044 0
0.2441858423803983 0.04784288124874286 0
0.9222863517683295 0.3219726650665177 0
0.8427931571848655 0.1776550806439122 0
0.4440027695530455 0.3263722262447355 0
0.2116489493653182 0.5531756012683866 0
0.4952298679478568 0.5174545178014563 0
0.7832638118657679 0.1971079994013732 0
0.5966547975523498 0.1252692914512454 0
0.3965886252763721 0.5497542919318171 0
0.1082285080571419 0.6057617234146339 0
0.7107573114971893 0.1069703391887937 0
0.7605442696945717 0.828277539275622 0
0.2063094225271597 0.8400108452018336 0
0.7957801955450532 0.8357241015684063 0
0.5403726892179117 0.8241840285906504 0
0.1038942871081407 0.6261564506722951 0
0.8470976411328635 0.1573109308815678 0
0.05866650130993739 0.4880344537237117 0
0.3038245111864119 0.466264388919726 0
0.2256910930504984 0.8340936033583162 0
0.399518957398966 0.1892715601357081 0
0.09955434796799761 0.6465426918485758 0
0.836875629341336 0.7276084958574558 0
0.9089484202587765 0.6473268801656105 0
0.2029499134066967 0.5939704641619726 0
0.9199053125408607 0.2471470193130836 0
0.1150369100087609 0.660511282344288 0
0.1831399830618748 0.600409951015793 0
0.1107015400538604 0.6809131715715852 0
0.7744930124141023 0.2378181194788175 0
0.6634784212597393 0.7652408904938858 0
0.4345909230534971 0.1968380591659609 0
0.4318256469317341 0.5571186187431176 0
0.1701177119988329 0.6616213310280834 0
0.3951240685936467 0.2096446026595584 0
0.3192820706622826 0.4801805395257497 0
0.2073001795690156 0.5735600449022009 0
0.8861285926280829 0.9422161926246055 0
0.9423980285091145 0.3156786180425965 0
0.4008938854494976 0.5293668934485255 0
0.08657162664842455 0.7077438281626048 0
0.4543255461403624 0.1904281416008438 0
0.1020318243049716 0.7217339452347188 0
0.6436749933650849 0.7716589366168149 0
0.5205792997118062 0.8306511357985862 0
0.8112550944040631 0.8496129432003755 0
0.9243648594954076 0.2265740433502875 0
0.447304768282236 0.5710822034426233 0
0.06558896560317662 0.3730918076216642 0
0.8069719497194069 0.8699655774750019 0
0.3599711073043743 0.2021400957786452 0
0.4587614752813181 0.1699934259970095 0
0.5013144121098464 0.8364484140094075 0
0.8118767113550608 0.1498120251231678 0
0.3228554541527091 0.5548937114902371 0
0.443068082938837 0.5915416046390577 0
0.04693726689758571 0.3797633198819287 0
0.6326264739803652 0.7374575366580041 0
0.8224424758611903 0.8838649049388007 0
0.3149744450282523 0.50054804522962 0
0.8752960483809016 0.9639274869999135 0
0.9799573042988307 0.5522720376081064 0
0.9618079328823006 0.5624123007844316 0
0.4242743259784705 0.3327467327301792 0
0.9286838983420351 0.6408679184454943 0
0.1899235507687329 0.6551775266273561 0
0.8379227680016386 0.8977721088178481 0
0.3674706605357527 0.8841801038939794 0
0.1787929133314606 0.6207977391624053 0
0.8534107418233806 0.9116988110078517 0
0.4782146304716035 0.5987216019781124 0
0.3066410688869576 0.541321975980573 0
0.6171546963962615 0.7235697536910473 0
0.4045324415954137 0.3391172818688785 0
0.9477809392678087 0.6341149219683946 0
0.1942709189812411 0.634766073129773 0
0.8325796232708229 0.7479123253463885 0
0.8689545260379155 0.9263554229365625 0
0.4938361419580301 0.177609929244494 0
0.8549744232226999 0.8164026823985774 0
0.712110819285291 0.6176093469220421 0
0.4739926772091692 0.6193175722286377 0
0.3107248724570716 0.5209662865888801 0
0.776662157538194 0.1423055189678847 0
0.6101248414913222 0.2344990319920711 0
0.6808089675835749 0.6840368978804792 0
0.5135704090951594 0.1711906864383618 0
0.7192830196560963 0.9363937330845735 0
0.8747001147114453 0.8099831299621689 0
0.2028605917272716 0.7641873383157074 0
0.7415372870131705 0.1348765606880398 0
0.5973018012211879 0.7299190608597784 0
0.5180557325640884 0.1507666866122118 0
0.1657675012324811 0.6820140041507919 0
0.8282941366071751 0.7682361571600725 0
0.7458007829611887 0.1144942816103943 0
0.1812481965198422 0.6960021314305038 0
0.9212004731633641 0.8516945964190739 0
0.176955596746887 0.7163942357896526 0
0.1880117385076187 0.7506862451296392 0
0.7394212957282981 0.9829902442376177 0
0.1725649274874153 0.7367792255952537 0
0.8437460146246631 0.782152330076483 0
0.9451017619730313 0.8248365955691752 0
0.7304357563805508 0.1005998914820475 0
0.5530274106683793 0.1584114655592211 0
0.839504154749305 0.8024997589869443 0
0.6608988846058159 0.6905492121768639 0
0.2207247529314926 0.3208727955985174 0
0.572773038354111 0.1519955414207671 0
0.5862557399249133 0.6957693579939213 0
0.8513540222791049 0.5696237384455731 0
0.8901948232959873 0.8238513520102453 0
0.905706636752867 0.8377781803249574 0
0.3934186834075728 0.3049205776319114 0
0.8857488697631231 0.4081477120803748 0
0.3097587389310357 0.3494786284053932 0
0.5707795436899987 0.6818857445038609 0
0.3779984652040426 0.291011017445024 0
0.5509206382047559 0.6881910090557904 0
0.7347942159972303 0.08030578642682729 0
0.7544052462878755 0.07396295290628907 0
0.7461828939769509 0.5843795313480546 0
0.5947791712567803 0.2205265323262937 0
0.5708523839905588 0.2472731426807413 0
0.759819308102325 0.05158679310279168 0
0.9003711566236654 0.4228345019244973 0
0.8389765046885098 0.3678110495286179 0
0.7044349624479902 0.2227165868885164 0
0.8688008312133852 0.05589429515874572 0
0.5398858306580897 0.6541018598755295 0
0.7601274520815204 0.981710127243133 0
0.9817568995116068 0.05287657865642464 0
0.5200114199143396 0.6603504134022921 0
0.3341862790893529 0.9302599890859824 0
0.9192377030383768 0.4189545973759411 0
0.5091048614039461 0.6263063149873798 0
0.676612042548407 0.3098436549066805 0
0.03782468459447313 0.03738856280657843 0
0.03884815715239787 0.7613051625577426 0
0.2019635425383012 0.3285163832589688 0
0.5771792833310139 0.1317098382659765 0
0.5814993774895789 0.1113871831485714 0
0.5858118901589719 0.0911145349051744 0
0.5704185180213378 0.07724177794345893 0
0.03624121377195211 0.6863566000768658 0
0.5549725733204375 0.06329583915553533 0
0.1749213151332168 0.982831648002543 0
0.5586631591705951 0.04439135654750265 0
0.574999112578528 0.5655164644979186 0
0.03797594258899545 0.5904434773074737 0
0.03673937417774237 0.8566365513181424 0
0.280845102075083 0.9828178950161757 0
0.4062374991495599 0.05401167482638003 0
0.4892702597609241 0.6327234942659461 0
0.1794114651930986 0.3550299595034878 0
0.2819093781512596 0.01776765603892416 0
0.9277533956761133 0.946969721155831 0
0.01787867278368971 0.1977263983754912 0
0.4695217559856395 0.6391351241503398 0
0.9618873059929117 0.7466641750985253 0
0.6658853815185685 0.964848764225075 0
0.4512254040215025 0.6459379892081095 0
0.2178081940350328 0.09838160007238311 0
0.5726766118740485 0.01700749838052878 0
0.5521019681731684 0.9834345082906728 0
0.676704388141684 0.5896029482921721 0
0.9823767052279475 0.9055936423868506 0
0.2381112028106852 0.9822365025929621 0
0.6558651940962337 0.2974575908903374 0
0.2988474585031556 0.2448600808614015 0
0.5816041234167042 0.3726481132391731 0
0.03301900956055581 0.8781376644847485 0
0.8236606219142166 0.3507183684922562 0
0.2426202949240233 0.4099018420132294 0
0.2858548001027525 0.3716265683973335 0
0.3188631399065417 0.9164937974838586 0
0.968110580969172 0.9828953520460291 0
0.01757986182158788 0.0313550534857841 0
0.9828883082260271 0.03200821222583577 0
0.6966455328099764 0.9809626598243187 0
0.363780879137457 0.9819816006225106 0
0.3681038019693035 0.5993488054534425 0
0.01714741980017875 0.1767078454702619 0
0.5312500000000007 0.01669648392650841 0
0.07271759195040101 0.2017121640223304 0
0.01870058379567302 0.9678119730970188 0
0.9821224489267233 0.3014967966063513 0
0.3981965798869737 0.9644202949271869 0
0.09344921097356962 0.9830502179568329 0
0.8698884440372843 0.4892037336121607 0
0.6547655132702577 0.05395345910246785 0
0.1563595949317933 0.01690429130402282 0
0.8528768449869231 0.4020401852057105 0
0.3375288131881606 0.5976005834839944 0
0.4155121691200614 0.8654825332372698 0
0.1953425822050931 0.3684053899239342 0
0.4720516108524422 0.8081379310591685 0
0.8770546057302175 0.5451808452536905 0
0.8618751570795974 0.5166835582091253 0
0.3216809152444592 0.8980658094642798 0
0.24585863667662 0.271547546433028 0
0.03784066987457962 0.4198257547677755 0
0.9647924609917482 0.4571605447325868 0
0.9618534955338951 0.8180418569341492 0
0.03826269489938811 0.2502375607515132 0
0.09390335132059724 0.03725377940330871 0
0.8108470634140739 0.5882171433844587 0
0.6975064045347181 0.01754831741496193 0
0.9836756027166039 0.2811434532015369 0
0.7203695763162927 0.0171071330899914 0
0.8548458465450071 0.4759342076080749 0
0.9474520869899176 0.1988889048484952 0
0.03546129819381505 0.2713884013213241 0
0.1827677002601896 0.3347993554159897 0
0.2983770298028363 0.267405113611441 0
0.01778777429503742 0.9459317812634784 0
0.1150491215731588 0.9827371702584839 0
0.03398184365443002 0.1041669721075998 0
0.2459797356339296 0.1446893155050653 0
0.9799707625000639 0.5946607039703129 0
0.9728988917937769 0.6831002521030408 0
0.4136057747605748 0.6340681097824032 0
0.03517524305455388 0.5191842762228703 0
0.0163112154850919 0.3468393894543733 0
0.8062753452675231 0.9634186252120784 0
0.2639593971933257 0.6485722821407084 0
0.05474891482340688 0.4346188964800458 0
0.1969287117596628 0.01703557632281888 0
0.47790514552098 0.8639065418804216 0
0.9825947123888247 0.7592577414343118 0
0.9448943689422649 0.5344028020126552 0
0.9645095849629652 0.1196952577917338 0
0.2454055504764714 0.8292318160579812 0
0.1907113466260257 0.1300071398153366 0
0.1389653819716336 0.1613755247171376 0
0.1673178506022948 0.321532743160606 0
0.8399048097879469 0.4619363537274244 0
0.6155218399634077 0.2858508356625541 0
0.9439039043312841 0.5575290742922808 0
0.4329419690406532 0.8580246656339479 0
0.2396611752018262 0.6752580735416301 0
0.2857489948927817 0.8627717395325268 0
0.224335467890731 0.05976646244448369 0
0.3177516396952459 0.04432598434478996 0
0.9453022352244416 0.3878082205707695 0
0.9846191912426254 0.885416666666667 0
0.9839765999148457 0.7174876987595398 0
0.8625251165309746 0.4385123813329099 0
0.03381938565028214 0.7081680943006493 0
0.0137480515106479 0.7816743061090532 0
0.2295629087045731 0.8152466233416356 0
0.3388258671727734 0.5677064466127563 0
0.5732513683777261 0.9821877880687966 0
0.4497108189878273 0.9836706149362119 0
0.1907765597023362 0.2786971530475087 0
0.8312844905010823 0.06855318866213933 0
0.01687288139272047 0.6163680659926755 0
0.05033041924080417 0.9838802556472191 0
0.5509214391832833 0.5002581880891105 0
0.9659241929510862 0.6269777651589362 0
0.2498597063465912 0.2474284034909113 0
0.1476341514799322 0.2433007141451793 0
0.5383170043189865 0.5580615927782001 0
0.4477951285182826 0.01533464632253928 0
0.9414945225801821 0.7463918920278474 0
0.5103665777802359 0.9851820878450428 0
0.540206310008809 0.4644203729364036 0
0.8880840384240973 0.05153015920011483 0
0.5710690818325912 0.3245047755185571 0
0.9566516142245612 0.9317686175315099 0
0.01619792418220761 0.8871953595850594 0
0.4033697021712214 0.6226357912696781 0
0.3472309759289246 0.9651095018687506 0
0.7814949101845277 0.05136444885973168 0
0.855270769429411 0.96569784924125 0
0.441390054650181 0.06237828169439019 0
0.379143022519092 0.8989460980713478 0
0.03415329270267187 0.1657117809507402 0
0.4882461768198789 0.04873972255671377 0
0.1707676159049734 0.3028518229038163 0
0.7273837653565622 0.9679727566624231 0
0.4938428695582261 0.7041020999228673 0
0.2683330435747369 0.9678379677052888 0
0.4864974389020016 0.7369321309389575 0
0.967926045534631 0.2694021151563901 0
0.6632768724843464 0.06880984237609239 0
0.947976613163239 0.4454584331587971 0
0.7487295414255112 0.2838418883902506 0
0.1552444889484949 0.9844948020652718 0
0.05054065557520371 0.2830809562902933 0
0.6282318955152043 0.03474866431178114 0
0.2346231853916892 0.1082685449477075 0
0.5763534928944007 0.2981185807892851 0
0.03380491897034943 0.5388148255374102 0
0.7097955396942262 0.2732987109317528 0
0.7795007879888429 0.3096288712972989 0
0.9864128235033029 0.3641020712394038 0
0.5590640429973551 0.3789890725471194 0
0.3735732578813621 0.06908008113582031 0
0.9860398096459948 0.9479166666666667 0
0.1308255596751899 0.2410931989587052 0
0.6002347195113783 0.6166338319653237 0
0.5437982971757757 0.03183910821495217 0
0.9658815257778322 0.1902108426058684 0
0.9861328208141761 0.8020833333333337 0
0.5533385660655163 0.4018631737667059 0
0.930483561196224 0.5256898633125013 0
0.3020833333333343 0.01372300418329908 0
0.9688814081992249 0.8739032153099373 0
0.9027639467484776 0.9294670247488663 0
0.9656868938056968 0.5798534917478986 0
0.638895025157836 0.3068595306633455 0
0.5989474738493645 0.0341130644050151 0
0.05023714343905056 0.07561665258004585 0
0.6622658081777146 0.6023816915686508 0
0.04051628008939195 0.3281405206902501 0
0.6277708806290865 0.965225069422315 0
0.01553709069832876 0.9079617068832947 0
0.2629628060775873 0.8455747359964767 0
0.2184594716892624 0.9866744750971336 0
0.2320966045947654 0.6954948658994966 0
0.3985797790255965 0.8924366432115518 0
0.0124866164669668 0.3648132877112886 0
0.5483625190534198 0.4238260620958063 0
0.967257326090685 0.1005841068313049 0
0.4247092145118831 0.9838096712537306 0
0.5605456405197843 0.5783764896974504 0
0.04943541262164941 0.450164474166749 0
0.1221725758298902 0.1525198869082857 0
0.844827112751499 0.5180307127725233 0
0.546844518675244 0.5175933765696359 0
0.9479166666666666 0.01309176502505038 0
0.9685829432959638 0.7042668322868997 0
0.03126652924922685 0.7294898076749103 0
0.4987020573377814 0.7834270611883866 0
0.5441491190009496 0.4472863762774433 0
0.1277439809188987 0.03286987424269922 0
0.9620863412165434 0.3794325182617194 0
0.4637189049343479 0.6784943297755102 0
0.4368404300801934 0.6539396387845977 0
0.1877314489687262 0.03083014346603047 0
0.3856834549061574 0.9859587059591162 0
0.4832232083860786 0.8417016971236095 0
0.8166463598380709 0.3162313959284533 0
0.9840801050869252 0.6182507148527584 0
0.932741168622082 0.03757992051861042 0
0.03493090604892923 0.8036498488220805 0
0.2831871465044904 0.638465042643348 0
0.6284396646204302 0.6110600129372956 0
0.7895341624425001 0.3222930462239444 0
0.03231315000079144 0.6284227928926528 0
0.04869192866653638 0.1567930339444232 0
0.08359471546498148 0.9689159512013439 0
0.5792325885680732 0.3540816038676284 0
0.1013445148346562 0.1725926262894347 0
0.4718095456228272 0.7486619637087137 0
0.07371037139223136 0.03250609936335047 0
0.7286642457112121 0.03101365273832168 0
0.4233643971991331 0.05182296301874934 0
0.3128000370413566 0.276166361728261 0
0.7005791526003836 0.5877232832580941 0
0.789956334935776 0.9676852991262078 0
0.01525105849101788 0.01525105849101788 0
0.9847489415089816 0.01525105849101838 0
0.9847489415089816 0.9847489415089816 0
0.1552700705461038 0.2899873005931656 0
0.8332011267879267 0.5629268939512504 0
0.7901398734098455 0.06506514864575952 0
0.5009932044403043 0.765857382035908 0
0.01514498467823006 0.9848550153217699 0
0.2538679034573469 0.03257409296107072 0
0.4372112298370803 0.02955354599156679 0
0.3500458614078126 0.6072878798050849 0
0.8617537496608145 0.5524504059976942 0
0.2679650339796759 0.2460720940008322 0
0.2937188291617278 0.8741690180197046 0
0.6584942066133399 0.9505154699563783 0
0.9668631292305545 0.1723800479454896 0
0.2181473549273205 0.756670310240863 0
0.7595056790934703 0.3143394453591011 0
0.9326313573662615 0.433493913422018 0
0.5437980559837454 0.9686820592001359 0
0.8384502902625459 0.9671341558681016 0
0.3484451825867169 0.05130657484634432 0
0.9701388403730901 0.2500009206179299 0
0.0480493999526479 0.3016519271126271 0
0.5842951882047865 0.6054654101665473 0
0.05394501775113031 0.2088703022302268 0
0.3516688619853878 0.888673338825029 0
0.06958345923512632 0.4698421245929166 0
0.4029220443194237 0.8759858939311316 0
0.690422593258923 0.06022409104791349 0
0.03255278282898333 0.5574254894256092 0
0.9701063204503704 0.08344060505877349 0
0.4722462721168189 0.05605179752779693 0
0.6858169419052516 0.2977529040481516 0
0.2710616835389759 0.02942461656909323 0
0.9379648119469264 0.9344408398514539 0
0.8380633159054078 0.05087776707840308 0
0.9061990124498254 0.04767046684801679 0
0.9676334414180071 0.3423083709589615 0
0.8698351778930854 0.4109143224898641 0
0.4498979868060112 0.6654814203321164 0
0.03273398180615578 0.06830203250551337 0
0.6454189868280732 0.6077164724171804 0
0.2500337186184115 0.9709880139232383 0
0.6399237378680457 0.3254080305265149 0
0.1449903390422672 0.9700343348834692 0
0.4603872808525593 0.6976207106978293 0
0.9370241505099066 0.4989100451487617 0
0.02987083636982024 0.6456873061989032 0
0.7945038021981037 0.5974838357521279 0
0.4787800315384844 0.7932160991636144 0
0.93539945983272 0.7745332911325957 0
0.1757796419540968 0.2847992940981749 0
0.02974658465913582 0.748484510779442 0
0.2722996598651348 0.858361449817437 0
0.7129464458768922 0.6017775434478256 0
0.5507177663153122 0.4749107989179622 0
0.7093869715357044 0.9705177504581637 0
0.9709632403670883 0.854166687076195 0
0.7605109550158408 0.5898542433430459 0
0.2080426648405556 0.06895395371949742 0
0.0319524015257216 0.3868291889264975 0
0.1814290245027083 0.1176663077896128 0
0.5624982338652129 0.02861391039926897 0
0.681818136092657 0.9677243646215103 0
0.9888303653890383 0.677571483917035 0
0.02910396222989214 0.9169960259189474 0
0.934870582450794 0.4167471772553785 0
0.03611166162662038 0.9692112130684202 0
0.3349109626055649 0.5836405128845445 0
0.4895022381297763 0.01233869215731975 0
0.7558761626374267 0.03259228550287196 0
0.869345810853202 0.5045551611675261 0
0.2601949560918456 0.182342228045803 0
0.7375063578336808 0.5961234076796675 0
0.3922495149006751 0.06673507162025949 0
0.6145833333333325 0.9895627309777258 0
0.7495095244810674 0.3002480302849302 0
0.01168270631060531 0.8224877049884056 0
0.1415037930408112 0.2559212801662228 0
0.2251655242065045 0.7184593411401512 0
0.2333989646508239 0.7265462864845663 0
0.2214677477955151 0.7314622630904968 0
0.3558688046323726 0.623890711617223 0
0.3678172811407153 0.6259358922563065 0
0.3596517323426456 0.6323569797413411 0
0.8151463861534906 0.3402616553361346 0
0.8136832126638012 0.3509841231369951 0
0.8051689769030751 0.3405274099808735 0
0.3432291229124391 0.8769511004982842 0
0.329749497071082 0.8747386671162599 0
0.3390381407129825 0.8672005802373436 0
0.4752549464426192 0.7715501465552768 0
0.4727412991339158 0.7829473417347628 0
0.4651563345104177 0.7777063899535575 0
0.4579246784845585 0.8195468328289344 0
0.4501899979075614 0.8314638135110251 0
0.4440727115140283 0.8206955059113381 0
0.8260623146650692 0.3409088641290692 0
0.8175480789043431 0.3304521509729476 0
0.3054314403666776 0.6300851167521202 0
0.3172267910509057 0.6270356927360281 0
0.3128446866283847 0.6381121414892794 0
0.3196861759884428 0.2991731631912022 0
0.3084563287716602 0.2990926281840063 0
0.3116881237212963 0.2896977007271322 0
0.6503060128427968 0.04501287201291437 0
0.6434166775483312 0.05425108762698105 0
0.6389571771208703 0.04531050053742758 0
0.4072515967642798 0.6472775369438067 0
0.4093183403131228 0.6587811168703981 0
0.3979332564511571 0.6518938796949649 0
0.6109933898669683 0.9666315197522268 0
0.6061871855433423 0.977918655131617 0
0.6018679178582699 0.9695313882534997 0
0.3540780510805342 0.6404298047827151 0
0.3660265275888769 0.6424749854217986 0
0.346032460113787 0.8594326015780975 0
0.3325528342724299 0.8572201681960733 0
0.4061264199406672 0.8529392924834563 0
0.3977995911956636 0.8483092478656528 0
0.4083268287450035 0.8412325849962474 0
0.3014978432881794 0.8476689589103004 0
0.2924391079336576 0.8520415251939198 0
0.2909412646454779 0.8409751066620632 0
0.4552287236375474 0.7799473771074097 0
0.4577423709462508 0.7685501819279237 0
0.433619865187263 0.8206955059113381 0
0.44135454576426 0.8087785252292474 0
0.2449376411008742 0.7805005103039224 0
0.2359822913450726 0.7772034354211551 0
0.2432298901708178 0.7674940941990084 0
0.7715085822598466 0.5860605644668317 0
0.7797999212636125 0.5779619931892662 0
0.7835088386475768 0.5887397502045388 0
0.359074831688558 0.6033183426292636 0
0.3508827462772799 0.5958842296292097 0
0.3599117165580253 0.5919146924533886 0
0.3030671814486214 0.3300552735666744 0
0.2936346938866242 0.3200847220105821 0
0.304415415158771 0.3197511762816706 0
0.3194049782865158 0.03254374921646153 0
0.3094102429950624 0.03779299982387685 0
0.3110635815863323 0.02601076469554847 0
0.03608110198345077 0.1354192603669211 0
0.04653748286525394 0.1321319915216703 0
0.04653718821042507 0.142546064488082 0
0.6551936263809308 0.3070514693036264 0
0.6662386183223203 0.303650622898509 0
0.6655670506070175 0.313244501311798 0
0.8379802836836467 0.5112910727956728 0
0.8336539497620352 0.5222092752980111 0
0.8268071206941829 0.5154696353211605 0
0.2444499205227136 0.01241366115731113 0
0.234033253856047 0.01241366115731113 0
0.9595566623039115 0.7747457693613542 0
0.9733368113379043 0.7739399494884656 0
0.9676448504294071 0.7821832149782076 0
0.9627613791225086 0.2208725084382911 0
0.9727785770755316 0.2139483467622928 0
0.9716143162516472 0.2264828769766878 0
0.5946299142583777 0.9604089929819937 0
0.5898237099347516 0.9716961283613839 0
0.1038563422808671 0.03965953672452399 0
0.1036198415308507 0.0292233501840789 0
0.1135728324911205 0.03162910750529419 0
0.2943723407345704 0.8607535584873419 0
0.2838157620918689 0.8540597062391048 0
0.3271899666550158 0.0414074536077792 0
0.3288433052462856 0.02962521847945082 0
0.3057186543177902 0.3091743576868273 0
0.3151511418797874 0.3191449092429197 0
0.48499487129728 0.9890121463899019 0
0.4954115379639466 0.9890121463899019 0
0.9531442849085174 0.5502027279357329 0
0.9443991366367745 0.545965938152468 0
0.9536395172140079 0.5386395917959201 0
0.4047361438314445 0.6372292047753885 0
0.4161212276934101 0.6441164419508216 0
0.6647026994643328 0.2933113310354019 0
0.6750761236904195 0.2995043630435735 0
0.2838395396227533 0.3837275973227174 0
0.2936054356320814 0.3807138013566458 0
0.2915901751520822 0.3928148302820297 0
0.8775415593329992 0.934285807780584 0
0.8787641094561782 0.9229021595648976 0
0.8873511427512619 0.9308325444089192 0
0.8355298681118577 0.3796545349118288 0
0.8466450838847189 0.3748066454679633 0
0.8431984473080669 0.3866501308511742 0
0.9901833591852013 0.6534624143142089 0
0.9811622612291134 0.6482540809808756 0
0.9909789020439121 0.6406250000000004 0
0.229193640964664 0.2688334798560814 0
0.2161832388600028 0.2729604476625115 0
0.2193650537484776 0.2622259162488365 0
0.1288156250848279 0.2218262460115777 0
0.1258025802973224 0.209767539075127 0
0.1364930154053338 0.2126391878914436 0
0.2283412066174577 0.783563083239321 0
0.2266334556874011 0.770556667134407 0
0.4160829133050343 0.8556725814256604 0
0.4055556757556944 0.8627492442950656 0
0.8424310607814618 0.5268750113068166 0
0.8312578977919981 0.5310535738323042 0
0.1904564223364024 0.9594847562128341 0
0.1994227754890949 0.9690227296244758 0
0.1890140910538727 0.9717995995317354 0
0.1244753748260032 0.2300238980769832 0
0.1211059513166121 0.2428034449582387 0
0.1147557664674254 0.2317341440765167 0
0.3191517517006001 0.9889282426250012 0
0.3295684183672667 0.9889282426250012 0
0.2317552737220435 0.1214748270146601 0
0.2412913176711339 0.1166174255298941 0
0.2384234060014881 0.1298237075968466 0
0.1626497980117516 0.02739318473464336 0
0.1667214641325636 0.01747324360809932 0
0.1730116672125219 0.02796213703871991 0
0.3437873372979866 0.6024442316445396 0
0.3446242221674539 0.5910405814686644 0
0.2268241297763706 0.7085729808956542 0
0.2148929129210618 0.7134889575015847 0
0.9543979400680715 0.7543949474629015 0
0.9635679646026601 0.7565833394850687 0
0.95607859867782 0.764314111849445 0
0.208626306560071 0.09259678073360772 0
0.2082834447032317 0.1057809060557396 0
0.1991015572282699 0.09999608671696425 0
0.09285638314169198 0.02759391033535147 0
0.1025728733519454 0.01956348111612166 0
0.1078822402305573 0.2124393674751434 0
0.1051818555449557 0.1981079100231896 0
0.115424805291215 0.2046231397433074 0
0.7704172371638955 0.9816556740583734 0
0.7657579311784412 0.9713968234349003 0
0.7760477162608163 0.9713423702501407 0
0.2986122441529959 0.2561325972364213 0
0.2907940571273848 0.2613138558515192 0
0.2910292714775445 0.2500413394764995 0
0.3061501351448374 0.2621260684918125 0
0.306385349494997 0.2508535521167928 0
0.3243314787536536 0.9341972002950819 0
0.3321775520791941 0.9412500870961804 0
0.3223227517434949 0.9451872983052799 0
0.2446409904942164 0.7213760977262224 0
0.2409432140832269 0.7343790196765679 0
0.9752706306806506 0.7910638277886228 0
0.9614904816466576 0.7918696476615115 0
0.1231021956117209 0.1954360816231733 0
0.9722410091908682 0.7529609582664185 0
0.9739216678006166 0.7628801226529619 0
0.98276574003393 0.7483226810368697 0
0.9724120368359735 0.7420258978689764 0
0.2259601472633087 0.1128681626572829 0
0.2230922355936629 0.1260744447242355 0
0.4842605716649569 0.8323441775484142 0
0.4736325866320851 0.8360084187761154 0
0.4746699499109633 0.8266508992009201 0
0.1046253794830342 0.2361719922611724 0
0.1079948029924254 0.2233924453799169 0
0.9592850856733319 0.149319101658441 0
0.9699613924993575 0.1478445593920522 0
0.9677884059100267 0.1580225240668086 0
0.9362397446732721 0.550877811439471 0
0.9367349769787625 0.5393146752996583 0
0.6223037468957598 0.5895460987511361 0
0.6214806265443096 0.5996823728185601 0
0.6130333334595327 0.594396128573931 0
0.08517844121734952 0.203818150888678 0
0.08089222552245712 0.1936794893155515 0
0.09335307478940558 0.195785476181899 0
0.2928684756971269 0.5757595516475547 0
0.2907940244330264 0.5859808043615125 0
0.2811277675901959 0.5786142798244621 0
0.8489849912979509 0.4586690739214084 0
0.8416547111162094 0.450270057367278 0
0.8507348926262133 0.4470027775612619 0
0.311803320825902 0.3396001781215781 0
0.3010225995537552 0.3399337238504895 0
0.9442015483617067 0.7542588059275626 0
0.951690914286547 0.7465280335631863 0
0.5840248664018803 0.5569423230074473 0
0.5717727960184532 0.5551782235952416 0
0.5807985498418056 0.5466040821047703 0
0.5850632819597061 0.568904318821744 0
0.5940890357830585 0.5603301773312727 0
0.2977206020506437 0.2996988952227573 0
0.02967366692599643 0.04524260727333163 0
0.04119495006936286 0.04716081666385818 0
0.03304393240088616 0.05501486113061138 0
0.981796201242552 0.2295736953061619 0
0.9717790032895289 0.2364978569821603 0
0.0399726175973858 0.5803999335534318 0
0.02952530067727122 0.5817520885803804 0
0.03152197568566162 0.5717085448263385 0
0.04576524242329943 0.1212572717161194 0
0.05622132865027374 0.1283840758372803 0
0.06093446102016342 0.9627109588062546 0
0.07026179173968106 0.9701123082209452 0
0.06121109001602998 0.9730297358485963 0
0.5723362776563857 0.5974835693511239 0
0.5614037866283802 0.6006415380024122 0
0.565460689756541 0.590924295995345 0
0.9696398433154099 0.4940185222365898 0
0.9806220748330567 0.4996563047367859 0
0.9695661980642053 0.5046080405761962 0
0.6502917883354529 0.06325585081011498 0
0.6389429526135264 0.06355347933462818 0
0.7778532322794656 0.5683380914933044 0
0.7898534886671957 0.5710172772310114 0
0.5866877361585443 0.5376692147721138 0
0.5744356657751172 0.535905115359908 0
0.6033218745804617 0.5554656287269986 0
0.6043602901382874 0.5674276245412951 0
0.07756779045415774 0.2097731161087856 0
0.0900286397211062 0.2118791029751331 0
0.2221691058855726 0.1435641416334275 0
0.2311719461851703 0.1487619339038715 0
0.8011741835439672 0.3622366443477625 0
0.8112847862940902 0.3615627197606754 0
0.8087531664246717 0.3725494863267039 0
0.1731633057701676 0.1464496120397177 0
0.1830500941884763 0.1432371997501218 0
0.1427805180898613 0.1846568669564254 0
0.1470087832488327 0.1751600279195575 0
0.8205338367583028 0.5070224284742282 0
0.8162075028366913 0.5179406309765665 0
0.2005641142402168 0.2580394894118401 0
0.1928386893808431 0.2649954931991393 0
0.1870481519772436 0.2566820985557128 0
0.2109027506812818 0.2569528549350121 0
0.223913152785943 0.2528258871285821 0
0.1452993400780745 0.2175467396843911 0
0.142286295290569 0.2054880327479404 0
0.4680467878652669 0.819226535743895 0
0.4786747728981387 0.8155622945161937 0
0.02735919018263727 0.9391957797735226 0
0.01720152729981256 0.9364184221001597 0
0.02677294318741241 0.9296824206102038 0
0.421697924986779 0.9730967682414831 0
0.4154796072559412 0.9828837376707774 0
0.4124683177308371 0.9721708346585298 0
0.2398505941199172 0.7447746042174559 0
0.2996477378561515 0.3498668109010786 0
0.2909115984788709 0.340321906346175 0
0.829595582567808 0.5553588609808574 0
0.8229765038632378 0.5647615633885104 0
0.8193709596431191 0.5571935304181175 0
0.2763290544682283 0.3758878408614895 0
0.2743137939882291 0.3879888697868735 0
0.2374335488431636 0.139685212293339 0
0.2397181329759362 0.1537660371155978 0
0.60991837885777 0.3002483649946185 0
0.61343174308674 0.3109539726416028 0
0.6019103204281561 0.3072290246473476 0
0.08733840728078357 0.2320296481892158 0
0.09501522224114956 0.2390586854241977 0
0.08448921351389893 0.243258040048841 0
0.0477639228006162 0.4836162095079438 0
0.0473765237258052 0.494018083904706 0
0.03647394521648401 0.4895998396889381 0
0.2994704305305721 0.6209931524260852 0
0.2950883261080512 0.6320696011793365 0
0.0306113566102193 0.3268195371065878 0
0.03758952605468913 0.3366948460417588 0
0.02768460257551653 0.3353738624580965 0
0.1985656056730762 0.2725250185513877 0
0.185049643410103 0.2711676276952603 0
0.1810189790831804 0.133103817041997 0
0.1927424617313216 0.1401405225234614 0
0.1367168990940232 0.1705424215854382 0
0.1492572661264432 0.165993131051257 0
0.9712829156476481 0.8197764938035951 0
0.9654848787158981 0.809396058703038 0
0.9749142988296511 0.8111306955724837 0
0.9776245413560386 0.8014167969026302 0
0.9834225782877886 0.8117972320031873 0
0.249658253856047 0.02143475911339909 0
0.2552083333333341 0.009021097956087964 0
0.0254869937525391 0.3460442804238204 0
0.01850882430806933 0.3361689714886494 0
0.963540807032063 0.9561617781183356 0
0.9748761324831032 0.957307958752736 0
0.9697942437132701 0.9656899143086678 0
0.8609756023803667 0.04769680155669559 0
0.8593881433775776 0.05899285217318639 0
0.851562914544559 0.05079535857113626 0
0.9719792109520575 0.0591067280599426 0
0.9818573517997156 0.06289662266154572 0
0.9720796632401663 0.06912677206506368 0
0.8289201369316521 0.3698433056341173 0
0.825473500355 0.3816867910173282 0
0.02613397494738195 0.9492561605967952 0
0.03570539083498181 0.9425201591068394 0
0.2541841782770293 0.837403276027229 0
0.2522766900399598 0.8469049816856355 0
0.2434980622394018 0.8387335217163878 0
0.9556582003308186 0.03639018369179275 0
0.9572397440011378 0.02452811738837912 0
0.9654120041677871 0.03071081810378584 0
0.6301498686708045 0.0446486902316377 0
0.63703920396527 0.03541047461757107 0
0.289595905296738 0.2380974442166196 0
0.2817777182711269 0.2432787028317175 0
0.1510978734298623 0.02617992429755139 0
0.1573880765098206 0.03666881772817199 0
0.1008956398500633 0.187969248450063 0
0.06043441998817589 0.9821556704552531 0
0.05110708926865826 0.9747543210405625 0
0.9920400525434626 0.6112086907597127 0
0.9820254337934946 0.6064557094115356 0
0.9899853812500319 0.59941368531849 0
0.3419894101851341 0.9374702383606166 0
0.3399806831749753 0.9484603363708146 0
0.8317089128940021 0.5713286371592944 0
0.8214842899693133 0.5731633065965545 0
0.2755880592158046 0.2506473460462149 0
0.2741546930349982 0.2387034507863349 0
0.9764391796299836 0.6139130526739665 0
0.974384508336553 0.6021180472327436 0
0.8324524048939734 0.4559681768637122 0
0.8342023062222359 0.4443018805035658 0
0.4805641769535293 0.8528041195020155 0
0.4897815461096124 0.8495748905870079 0
0.487122514677063 0.8606773129654139 0
0.2371353548774091 0.9724131535815688 0
0.2284084571198738 0.9760174012711453 0
0.2274326091865977 0.9661940522597519 0
0.4757676689603576 0.8457911125552832 0
0.4731086375278083 0.8568935349336892 0
0.3762513742562869 0.6076707500924965 0
0.3782033315015405 0.5952775025373238 0
0.3863509037885239 0.6035994471763778 0
0.5670197764774046 0.3031387508957426 0
0.573711287363496 0.311311678153921 0
0.5643775709464999 0.3163318482603786 0
0.4698271426729806 0.7042385105828247 0
0.4791916762705283 0.7058263945942246 0
0.472195181830146 0.7152314441194538 0
0.2641446843231084 0.8362450457075554 0
0.2553660565225504 0.8280735857383077 0
0.2415428417129124 0.03633510178168253 0
0.2340707255098892 0.0438969129444795 0
0.2314277248424034 0.03238913347741923 0
0.02806333387168342 0.211973629390172 0
0.03928449310214405 0.2161884891575926 0
0.03054491017112532 0.222936059560639 0
0.2319878643274252 0.7518731138755764 0
0.242137270207508 0.7570985096581204 0
0.9717714914543992 0.6540725779251146 0
0.97256703431311 0.6412351636109062 0
0.9711893427667224 0.5156382668840351 0
0.9602071112490755 0.510000484383839 0
0.9707409175448704 0.6936835421949702 0
0.9616170221954119 0.6967590279529889 0
0.9637749964443183 0.6861757378610595 0
0.8145701175742809 0.9712098089307095 0
0.8155707198520894 0.960378025979555 0
0.8238654921588472 0.968169209698186 0
0.2282853372499738 0.9844554888450479 0
0.2185825915591624 0.9782363875232311 0
0.5382851642570327 0.5215336364160655 0
0.5468133664799514 0.5289478772624568 0
0.5382540120617401 0.5328881371088865 0
0.06386225638538756 0.02671883655385759 0
0.0659586643308388 0.03795514101828212 0
0.05611054932399495 0.0321678782087893 0
0.3959667274530784 0.9839582550234702 0
0.3919400173965655 0.9751895004431516 0
0.4022232899434866 0.9731890495075055 0
0.5822036397636317 0.3061484998638182 0
0.5795614342327269 0.3193415972284542 0
0.06815272209415801 0.21195544474023 0
0.07300292059791469 0.2200163968266852 0
0.2557694176961601 0.2398750097093858 0
0.2477684896143606 0.2338826178223506 0
0.2536782009639295 0.2263292240408252 0
0.241658118332267 0.2422928223823905 0
0.161317075739966 0.2433009921672006 0
0.1535916508805924 0.2363449883799015 0
0.9637474133439987 0.571132896266165 0
0.9553400296309356 0.579135523848886 0
0.9534005491692374 0.5704149283671525 0
0.1530979467555634 0.2512817530344256 0
0.1667808710155972 0.2512820310564469 0
0.8087786170198386 0.5565381785023307 0
0.8153976957244087 0.5471354760946778 0
0.6316149706508994 0.5849116065381503 0
0.6231676775661226 0.5796253622935212 0
0.8956688198114593 0.9244579604710496 0
0.8944462696882802 0.9358416086867359 0
0.05876643499452261 0.2155345138441782 0
0.06333130485076566 0.2052912331262786 0
0.4443082017379069 0.8630134599717697 0
0.4417378664354465 0.8534799871276203 0
0.4531040991327002 0.8584687814654421 0
0.500594826854065 0.9816031903124233 0
0.5051832888901175 0.9925910439225214 0
0.4232841892781888 0.6347224395910889 0
0.4257996422110241 0.6447707717595071 0
0.2642746790765148 0.3921555329571605 0
0.2717851642310399 0.3999952894183885 0
0.3365172396650626 0.9714829935593765 0
0.3456913944092657 0.9744540957051419 0
0.3349776581454036 0.9808275873957678 0
0.4349015169379981 0.644658204092186 0
0.4277385553532194 0.6540522064519187 0
0.3826360123766845 0.9772374084042446 0
0.3888925748670926 0.9664682028882799 0
0.7042417959038398 0.2871876421177195 0
0.7074446428764309 0.2984175759435291 0
0.6965577601200836 0.2960014450527297 0
0.02771458989825692 0.5933041867682172 0
0.01926394798653275 0.584612798041124 0
0.33869990049898 0.9586748434875645 0
0.327986164235118 0.9650483351781904 0
0.2979982529058886 0.5928417118920488 0
0.311107467101065 0.5898051330540144 0
0.3065709874669961 0.5995207687614581 0
0.9772878840285968 0.7003507406502552 0
0.9794458582775033 0.6897674505583258 0
0.2279854538872809 0.02191460283033808 0
0.2231188666979012 0.009500941673026952 0
0.479246650210681 0.9793837431356119 0
0.473418445580067 0.9903715967457101 0
0.4348868160825071 0.8674231835901017 0
0.4462530487797608 0.8724119779279236 0
0.8212621955445056 0.3612969651159365 0
0.585156540956185 0.9815031558508432 0
0.5779185373562927 0.9723807605793372 0
0.6370924994867782 0.2963193667884074 0
0.6301674133370949 0.3054164218261097 0
0.628364887666037 0.2948762579511716 0
0.3076211982853131 0.8921564588820363 0
0.2965953412536587 0.8966255988461279 0
0.3003293411915519 0.8855909932812239 0
0.6927887744989631 0.3024921414633455 0
0.689585927526372 0.2912622076375359 0
0.3226478387468725 0.8828055203471664 0
0.3184568565474158 0.8730550000862258 0
0.4311046072559412 0.9919048356268654 0
0.4372100167498552 0.9837401430949713 0
0.4436054094939134 0.9918353074681059 0
0.4084416076743242 0.9634020800782112 0
0.9713562995723466 0.1364105154395344 0
0.9798596198090413 0.1451139378479021 0
0.2597976679243644 0.1504782018027514 0
0.270221514974989 0.1461197815653313 0
0.2670881179003401 0.1575888917285987 0
0.8535952540339257 0.3919212133065096 0
0.8424800382610643 0.396769102750375 0
0.7225156772878694 0.2812431759995176 0
0.7323074273177828 0.2834023796702991 0
0.7249204286901005 0.2917629766793004 0
0.04801582093195966 0.04039637273989616 0
0.04591941298650842 0.02916006827547157 0
0.3138413774075891 0.9795814765734828 0
0.3071896257069885 0.9906532339484816 0
0.3387425731114697 0.9918993447707665 0
0.02868510602197749 0.7611610114598144 0
0.03601200826171125 0.7719044792238731 0
0.02584895713129087 0.7717603281259449 0
0.2830970919233928 0.02765409335160435 0
0.2914891122230693 0.02451383567094401 0
0.2926768259952024 0.03440027298362414 0
0.0104195063462712 0.2342981723301921 0
0.0104195063462712 0.2447148389968588 0
0.3120378918284426 0.5685777213708776 0
0.3119806620399586 0.5791837193697422 0
0.3025919623284414 0.5725200781857405 0
0.2079925395705921 0.7921684131085801 0
0.2056476709099028 0.8023129012011453 0
0.1980499245471519 0.7955568502490263 0
0.9814591544166598 0.8327089548182418 0
0.9723800062054647 0.8410778214154491 0
0.9716331875502061 0.8298799972702482 0
0.3147468732256855 0.6077464289611463 0
0.3016376590305092 0.6107830077991807 0
0.0838068613564143 0.03487993938332956 0
0.08275989317750898 0.02522007031537232 0
0.6444741563803438 0.9521434856153916 0
0.634877690896703 0.9553179100275059 0
0.6348517841153676 0.9453316025623217 0
0.01839002773393839 0.6665043733196212 0
0.02785008265336153 0.6601431695286402 0
0.02819791447512421 0.6703975428482624 0
0.9749409280320667 0.02542848201310399 0
0.9733593843617475 0.03729054831651762 0
0.186450879669891 0.98208461047296 0
0.1774845265171985 0.9725466370613184 0
0.9531048236135022 0.2262047238150467 0
0.9542690844373867 0.2136701936006518 0
0.4309237557187505 0.9767364619367064 0
0.4434245579567226 0.976666933777947 0
0.9444485348937293 0.5679733151210771 0
0.9528559186067923 0.5599706875383562 0
0.1902986877341076 0.1076247344979066 0
0.1906415495909469 0.09444060917577468 0
0.3076913213603952 0.359951362539597 0
0.297580320285511 0.3603395450352824 0
0.2097854091003434 0.9632530931274514 0
0.2083430778178138 0.9755679364463528 0
0.9901833591852013 0.6638790809808756 0
0.3940927044472667 0.6103904125814031 0
0.3960446616925203 0.5979971650262306 0
0.2478591715116056 0.2594879749619697 0
0.2572953021551982 0.255740724206433 0
0.2552947673202127 0.2678002956774913 0
0.3127523231348172 0.5584038958385565 0
0.3221410228463344 0.5650675370225583 0
0.02346195544083624 0.7820890509995284 0
0.01613505320110253 0.7713455832354696 0
0.8661270096047033 0.9368798722919589 0
0.874714042899787 0.9448102571359804 0
0.07327472555507314 0.02329853138521643 0
0.08232424734035082 0.01601250233723828 0
0.5199706243249427 0.9637293538148669 0
0.5299982361859981 0.9707147112926782 0
0.5200882398199769 0.9739430732227051 0
0.2572491591450437 0.3840832855769657 0
0.2547205293878545 0.3960897052084807 0
0.2929257054856109 0.5651535536486901 0
0.4661770472063641 0.8400978342077892 0
0.2919963557422969 0.01574533011111162 0
0.3015760898141066 0.02249150974313141 0
0.2862575447989575 0.5956964400689562 0
0.01955125553955384 0.04222585261293443 0
0.02770227320803054 0.03437180814618124 0
0.4950128063376531 0.7292164048489317 0
0.4840285771648477 0.7268757295349055 0
0.4925439446004991 0.7191600034448797 0
0.5365120692755457 0.542784225221522 0
0.527983867052627 0.5353699843751307 0
0.05587280037743581 0.4241198930934253 0
0.04629479234899325 0.4272223256239107 0
0.04741867790302212 0.4167233222372902 0
0.2196570016583683 0.08848813085949825 0
0.2104751141834066 0.08270331152072286 0
0.5584384718310629 0.5699160611441726 0
0.5504118370441963 0.5780474609318313 0
0.5483046683554749 0.5695870323785536 0
0.6069593980812968 0.2911871263314587 0
0.6184808207398808 0.2949120743257139 0
0.2957393519462536 0.3710253325355671 0
0.2876957684420098 0.3609407808970488 0
0.9727936800045374 0.04772473153181206 0
0.9630159914449881 0.05395488093533002 0
0.4619932819848986 0.8589413911482742 0
0.4594229466824382 0.8494079183041248 0
0.4942519876895716 0.761750126164363 0
0.4919165577532107 0.7713242401861951 0
0.4851753410024781 0.76721698431465 0
0.4998476308890428 0.7746422216121474 0
0.4907709842019493 0.7801090797624344 0
0.3178058697793092 0.9684787783828226 0
0.3058437437856976 0.970203769706303 0
0.03503162014635486 0.1145860797540546 0
0.0447154659313746 0.1108381640696646 0
0.9528779500530031 0.3126291304255042 0
0.9446588199272954 0.3055872889246622 0
0.9551387414711842 0.30253780130757 0
0.7124621091772065 0.2814512419701359 0
0.7198491078048889 0.2730906449611347 0
0.09520568696458476 0.1791197204491036 0
0.1070344677201348 0.1814421542903942 0
0.3204994288335588 0.6167622776020806 0
0.3279126750952659 0.6247893023392398 0
0.9251329442611034 0.9372090754546223 0
0.9180759930171938 0.9465650632550983 0
0.9154555416021839 0.9368044175538894 0
0.6254059068895639 0.2858150192880117 0
0.3428046706279632 0.8865812631011147 0
0.3456098571914325 0.8974460304173306 0
0.3367456658340079 0.8953539546934164 0
0.7542710514936906 0.973147952982016 0
0.7599015305906112 0.9628346491737833 0
0.7806723726055689 0.9643844093764377 0
0.7853316785910234 0.9746432599999109 0
0.1286677032990624 0.164955993133228 0
0.1264192204214519 0.1741228900015285 0
0.5543600950484183 0.52285668351992 0
0.5571118997088789 0.5128693998310211 0
0.5646274760820533 0.5181327067813052 0
0.1017761857161495 0.2474003841207975 0
0.05675910233349379 0.4988119308450676 0
0.0454691247493616 0.5047955610260618 0
0.9622037674364531 0.8281453604008023 0
0.5488829789292636 0.5089257823293732 0
0.5591503599628986 0.5042018055907583 0
0.3779995776971293 0.6251974275559875 0
0.3901327297227923 0.628191497249962 0
0.3837333608766513 0.6373962300743992 0
0.6361354718953828 0.9636774312514454 0
0.6265130996304066 0.9568655481983755 0
0.3555059275331908 0.9735455512456306 0
0.3564196759761066 0.9618073902868362 0
0.3646946275803727 0.9702434396637162 0
0.9773312527239455 0.9478482446145352 0
0.9835846894051525 0.9573763808048674 0
0.02332200833948506 0.3562296013107926 0
0.03249778660693226 0.3554344922802397 0
0.9718899201867969 0.4831673784805975 0
0.9608340434179454 0.4881191143200078 0
0.0901412024829743 0.2228321808799066 0
0.07961519375572368 0.2270315355045499 0
0.4346399999888423 0.8453185761136883 0
0.4434358973836356 0.8407738976073608 0
0.2760203384398008 0.1637228552495529 0
0.2655964913891762 0.168081275486973 0
0.8037036204172341 0.9726772899555318 0
0.8119983927239918 0.9804684736741628 0
0.4695895410385008 0.7405437931232178 0
0.4609047728114136 0.7493309818543569 0
0.4586847682270872 0.741212811268861 0
0.5392975189437974 0.5678900124722063 0
0.547324153730664 0.5597586126845475 0
0.9604005990567128 0.3195131886188747 0
0.9712987313955908 0.3171527574951848 0
0.9683414588554118 0.3270863033056475 0
0.0313025410470642 0.2332902986608887 0
0.02008138181660357 0.2290754388934682 0
0.1202713002281907 0.1605281742288019 0
0.1305689789007619 0.1569477058127117 0
0.4160312449630226 0.8751226735935487 0
0.4261719161222112 0.8711521173917627 0
0.4266909919651724 0.8807922577480416 0
0.9693598823118392 0.5950696683340576 0
0.9637736281483282 0.6025270115964885 0
0.8440193857235889 0.05648458813301505 0
0.845606844726378 0.0451885375165243 0
0.5675884286340395 0.9742438757340681 0
0.5722555976126062 0.9644368482446087 0
0.1351658099340146 0.2328955468932998 0
0.2175526515849804 0.1079246902196207 0
0.2080279022531794 0.1153239962029773 0
0.3034899874755824 0.3801125654948794 0
0.9734365163061485 0.3335171215704596 0
0.9625383839672705 0.3358775526941494 0
0.5575369196241599 0.5862293771720418 0
0.5684694106521655 0.5830714085207536 0
0.5543289428531257 0.5342111842127411 0
0.02140970883042254 0.3652165504392503 0
0.01439891597602938 0.355826338582831 0
0.2399067479565986 0.8127217325412474 0
0.2336264754898512 0.8027282374338524 0
0.2439703147418766 0.8002033466334642 0
0.4247978132653302 0.8519436476239994 0
0.4264958442135192 0.8392375581037399 0
0.8205318812070758 0.5839737618758987 0
0.8117994721763114 0.5774066881051145 0
0.04345549635002999 0.09959929157175357 0
0.05418911862697462 0.1062704835338183 0
0.9622179479646557 0.5876660622228504 0
0.9728288281528803 0.5872570978591057 0
0.8056515976487078 0.06350100663143532 0
0.8113857924522381 0.05376209040205293 0
0.8149759513745045 0.06314552940877116 0
0.6172225014054912 0.9617346611482123 0
0.6215417690905636 0.9701219280263297 0
0.3249489779234092 0.3162092161535113 0
0.3271581203179962 0.3060704020125452 0
0.3356527172025988 0.3137115275179801 0
0.905581268553376 0.9378137150516159 0
0.9126382197972854 0.9284577272511398 0
0.2954469676172845 0.972744638913106 0
0.2994114599890046 0.9616419407224457 0
0.4972438167725773 0.03506973270113412 0
0.4989536821770576 0.02383900129696448 0
0.5069573257904484 0.02973157050154945 0
0.6062274672720248 0.03900450880343354 0
0.6066360774410566 0.02764968167265813 0
0.6139160708637169 0.03254112607107662 0
0.5202412147306341 0.9830552592727796 0
0.5102136028695786 0.9760699017949683 0
0.06342661054822929 0.01751126857572355 0
0.9629838286128141 0.1294181973877092 0
0.9728820559224979 0.1266875758435591 0
0.3199885306132265 0.9556706283110106 0
0.3121424572876861 0.9486177415099121 0
0.05606556350470254 0.4772757309201447 0
0.04516298499538135 0.4728574867043768 0
0.2037435419628324 0.0778829575571649 0
0.2147742370611297 0.07377430768305543 0
0.5967387356449942 0.3160565256163416 0
0.5932253714160243 0.3053509179693573 0
0.2225765973189581 0.8070855437011674 0
0.226640164104236 0.7945671577933842 0
0.6212782882739765 0.02796748162604118 0
0.6208696781049448 0.03932230875681658 0
0.3560901170374775 0.8961566338350972 0
0.3500311122435222 0.904929325427399 0
0.8077429518749051 0.3120153566067702 0
0.8116392551154177 0.3230181690542332 0
0.8027358471522519 0.3188021297325501 0
0.6886417703710338 0.5886631157751331 0
0.6981636159352211 0.596148516402579 0
0.6862262337058713 0.597088348919618 0
0.4279124661936464 0.9660235589244588 0
0.2463838722513867 0.02870070763784649 0
0.2490268729188726 0.04020848710490676 0
0.7980831564176323 0.3260489942019787 0
0.7941868531771197 0.3150461817545158 0
0.6159647204068114 0.9533751399242727 0
0.6770167152838262 0.5998314863015712 0
0.6865385608480136 0.6073168869290172 0
0.009561393005488417 0.8373533390581318 0
0.009561393005488417 0.8477700057247985 0
0.281854845144546 0.1806701939370672 0
0.2839290688220358 0.1704676778495019 0
0.2912552020379449 0.1769226327786418 0
0.327810697257499 0.8912774984207401 0
0.3165180567338328 0.8895938313907061 0
0.9620962991840256 0.5526443411818083 0
0.4242270690803573 0.8617535994356088 0
0.01586750744026821 0.897578533234177 0
0.00776854534916438 0.9018975201083139 0
0.008098962091103834 0.8915143464591962 0
0.2035782298147893 0.3750180543150403 0
0.2052206287123862 0.3650594204951533 0
0.2134562763220824 0.3716720848862594 0
0.5147308882160057 0.03829389972752884 0
0.5164407536204859 0.0270631683233592 0
0.4619295014717338 0.808458228144208 0
0.5508505425594681 0.4128446179312561 0
0.5421609426620836 0.4165275102677978 0
0.544648966168132 0.4055460661032476 0
0.3660690776998728 0.6084092147928154 0
0.3742166499868563 0.6167311594318694 0
0.4667897899780703 0.8659543980950065 0
0.01539519740065298 0.7920125902012151 0
0.02510910133084132 0.7924273350916903 0
0.2172913284465646 0.787920389506636 0
0.2096935820838137 0.7811643385545171 0
0.7931519899247231 0.5890625073395506 0
0.7848606509209574 0.5971610786171161 0
0.5803441844946665 0.596615868755302 0
0.5762872813665058 0.6063331107623691 0
0.3570401074191274 0.6123787519686366 0
0.5569003945946251 0.4198966995748109 0
0.5593884181006734 0.4089152554102607 0
0.4616089645425788 0.7056321354029416 0
0.4686054589829611 0.6962270858777124 0
0.009661875470332371 0.2239439332299423 0
0.01944060430235905 0.2499231723301921 0
0.009021097956087853 0.255208333333333 0
0.8529648644877231 0.4385580711700207 0
0.8602951446694648 0.4469570877241512 0
0.6169798633379334 0.3304903922504703 0
0.628206766799193 0.3340034700420976 0
0.6204045767734367 0.3418411124255568 0
0.3066291567729351 0.2828917637240986 0
0.3178590039897177 0.2829722987312945 0
0.7191007069526352 0.2995464857281579 0
0.7114166711688791 0.3083602886631681 0
0.8003293403107989 0.5639948041804099 0
0.7963560763920885 0.5539367498569703 0
0.8242354125601303 0.5370893329169817 0
0.8136430699368498 0.5364339810011949 0
0.2133934152498041 0.8094923790532818 0
0.2034508002263639 0.812880816193728 0
0.6419342433502154 0.5905934627789448 0
0.6427981740205782 0.5806727263213299 0
0.3716847244923344 0.9752488557359418 0
0.3725984729352501 0.9635106947771473 0
0.6137247913733368 0.573411465221764 0
0.6230360151284764 0.5687769730087783 0
0.5711002617567242 0.5275451192487279 0
0.5738520664171849 0.5175578355598289 0
0.9320478598737116 0.2335789651408752 0
0.934488694211894 0.2227882261638474 0
0.9421716945901979 0.2297931479544351 0
0.2448682726926052 0.6839705809340045 0
0.2511496307276055 0.6732985265432894 0
0.2563567282183846 0.6820110339356638 0
0.9773523886000691 0.3628782776976665 0
0.9834221726898196 0.3735220672026001 0
0.9743617377865859 0.3722982736608628 0
0.03864959867520418 0.0626175515133256 0
0.02712831553183775 0.06069934212279909 0
0.03694959158324973 0.6751964695670736 0
0.02748953666382659 0.6815576733580546 0
0.2915111566608126 0.8821145756325101 0
0.302537013692467 0.8776454356684185 0
0.4177748706310656 0.6649251457857503 0
0.4262838493632035 0.6625151513859118 0
0.4254220393680237 0.6732755230524221 0
0.05284274887938234 0.1480259147936273 0
0.04238636799757911 0.1513131836388781 0
0.2916789409444227 0.6489865109132985 0
0.3005246679720784 0.6522795125634637 0
0.2911542729723444 0.6601044579713908 0
0.439506343342061 0.6882180106337163 0
0.4447327665054437 0.6972704410945501 0
0.2728625128087496 0.6735122484986045 0
0.2724733160990368 0.6640752179330871 0
0.2826977426544015 0.666248486886743 0
0.310073818253331 0.648027956937928 0
0.3218691689375591 0.6449785329218359 0
0.2198243390150189 0.3884721123689112 0
0.2177657095940165 0.3988785514227043 0
0.2097552480034833 0.3920371577599394 0
0.2658681934079452 0.6812802271578505 0
0.2595868353729448 0.6919522815485658 0
0.2478710976487766 0.7114348501133203 0
0.2435860556225988 0.7031132264302998 0
0.2543604122095621 0.7010047120093994 0
0.3883841061699045 0.6476423240694291 0
0.2736045459297928 0.8361315141821584 0
0.2742067509663717 0.8256149189831866 0
0.2824847343275351 0.8348310777467109 0
0.2672124315655673 0.8178469403239406 0
0.2577885748886267 0.8185560985797466 0
0.2596744438855646 0.8094876834850531 0
0.4575921482637775 0.730817226727973 0
0.3436252047537689 0.6404298047827151 0
0.3564853064405524 0.8594326015780975 0
0.4519986164829872 0.7898886247203118 0
0.388250440914411 0.8525608034911885 0
0.311046993569432 0.8519205145358362 0
0.4266255457864585 0.8284634845705842 0
0.2481677482554345 0.7904417579168245 0
0.03405338270997693 0.793076822356042 0
0.02598662466979368 0.8030003615577287 0
0.6093529594941637 0.6213715239809621 0
0.6062224663097304 0.6105831173033394 0
0.6153407062925158 0.6153208093189777 0
0.4853332533357945 0.6994677804902314 0
0.4877012924929599 0.7104607140268604 0
0.241117581099865 0.2527636759666589 0
0.2391170462648794 0.2648232474377172 0
0.5968717495775104 0.3264061528358414 0
0.5881868005653786 0.3245280461578511 0
0.04515337245097439 0.4371086038217903 0
0.03669924997656077 0.4297120329656552 0
0.8705761464754569 0.433269630939354 0
0.8598380676460017 0.4302135342622699 0
0.8678890975904839 0.4249707838687141 0
0.6776616198464673 0.03777207417262929 0
0.6718003649415252 0.02742104795518929 0
0.6828565023634081 0.02865048660487024 0
0.2127832028805698 0.4198452804532188 0
0.2205190562652202 0.4268247815565652 0
0.2104116471835494 0.4300834014026387 0
0.2253627062838964 0.4059500833194107 0
0.2152936152723609 0.4095151287104389 0
0.9734584406631739 0.1163808481735616 0
0.9818309116227065 0.1233731662253869 0
0.2451576521902034 0.3989596499207577 0
0.2352275477647877 0.4026076740224528 0
0.2377649050309677 0.3916654819299811 0
0.2521831721216745 0.4070318973009525 0
0.8720984628334045 0.04618076652332026 0
0.8642732340003859 0.03798327292127013 0
0.9712589315464398 0.381187290713758 0
0.9651891474566894 0.3705435012088243 0
0.1253040662700713 0.9830378639548788 0
0.1206525888283034 0.9731001946278419 0
0.130907533525216 0.9734008883242369 0
0.5004418519434077 0.9724910042623488 0
0.4926020997400682 0.9656847076733276 0
0.5022208757555819 0.9601514191558727 0
0.9499206775128242 0.322562676235967 0
0.7143514548248132 0.008553566544995728 0
0.7089379904255054 0.01732772525247667 0
0.7029198689340259 0.008774158707480995 0
0.2632987417233553 0.6599556308428285 0
0.2731339715690072 0.652691869230967 0
0.9648341057360885 0.2994191203947403 0
0.9566149756103808 0.2923772788938983 0
0.3938843243572459 0.6193142430006142 0
0.3996181075367678 0.6315130455190259 0
0.1302127239392039 0.2859424163074013 0
0.133426943096422 0.2749007296136086 0
0.1408758014659858 0.282170295508145 0
0.02311747484385951 0.903441161160956 0
0.02344789158579896 0.8930579875118383 0
0.4824446490425944 0.9690147150191253 0
0.4708682233253814 0.9703741653749336 0
0.01840161957716258 0.8532516791140838 0
0.008840226571674104 0.8596483400559516 0
0.4950452907238366 0.7409253027251795 0
0.503560658159488 0.7332095766351537 0
0.01860121186217722 0.2082237990843548 0
0.02734079479319595 0.2014762286813084 0
0.1815153043885028 0.3919425870455707 0
0.1892523330791228 0.3989050857025982 0
0.179445681489343 0.4022321395088702 0
0.687250825996592 0.01792388890119612 0
0.6931120809015343 0.02827491511863606 0
0.4697397637209741 0.7574855792413926 0
0.4588349909095605 0.7581545973870357 0
0.9899786521494154 0.5573860188040535 0
0.9899786521494154 0.5469693521373868 0
0.9626371550132288 0.9397742200469569 0
0.9682585512299454 0.9301581041401571 0
0.9742440920186128 0.938163706655604 0
0.8451266598129804 0.4083585487042907 0
0.8347298530871217 0.4030874662489553 0
0.1042491662733642 0.9828936941076585 0
0.1096078941199127 0.991368585129242 0
0.09880793882011812 0.9915251089784165 0
0.5652323958459263 0.3866996510146163 0
0.5703340832070297 0.3758185928931462 0
0.5765024360556008 0.3835291713606431 0
0.8538776809777993 0.4876522027036742 0
0.8623671452911457 0.4825689706101178 0
0.8613989797239379 0.4942869657057171 0
0.47759037637898 0.7619760325334447 0
0.6295953523004835 0.6029461779665304 0
0.6203249388642563 0.6077962077893253 0
0.0262080567240407 0.3953888409681988 0
0.03666621886173599 0.3933314506667586 0
0.03092187406005509 0.40189110270846 0
0.8634930983270571 0.416414504840747 0
0.8742311771565122 0.4194706015178311 0
0.4572878643541657 0.8396252245249571 0
0.9726639209833035 0.1644640148729546 0
0.9619876141572777 0.1659385571393435 0
0.3254327572700457 0.605500038564358 0
0.598748743905036 0.3366028540056402 0
0.6073006789846517 0.3281313334641306 0
0.9599069282938575 0.9225833098069396 0
0.9715138652992417 0.9209727964155868 0
0.7377762490663232 0.3036845575576942 0
0.731956527328858 0.3114680666065517 0
0.7288924569825486 0.3017056893989394 0
0.8259973183395586 0.06097990092076405 0
0.8202631235360283 0.07071881715014644 0
0.6122587384294796 0.3481812728998941 0
0.7614333312073038 0.3314885685610667 0
0.7705116270491449 0.3364014965855996 0
0.7357630026526158 0.3211359507614451 0
0.7455261237471266 0.324487634466712 0
0.9503866377693228 0.7725573773391871 0
0.7941829999333014 0.3546421944737961 0
0.8246803049141869 0.4975694332347038 0
0.8333498876849059 0.4340147186110198 0
0.5630445591178466 0.4269969787914356 0
0.571071553605245 0.422696506634362 0
0.5686778425872612 0.433726148371982 0
0.5736055574616254 0.4126899517016152 0
0.5684195094151639 0.4051887832679644 0
0.576586796740959 0.401911397915764 0
0.566517265736877 0.4558817970542577 0
0.5593426897868083 0.4498951073187853 0
0.5678254240499313 0.4440133102645279 0
0.7050415126383579 0.3163291586263528 0
0.7166975767145621 0.3174580684109816 0
0.7680840923205928 0.5649643086171876 0
0.778137659724176 0.5580195926589328 0
0.7947327747771729 0.5442228065065162 0
0.7862834980681332 0.5516794321845955 0
0.5693059082267267 0.4777721129643787 0
0.5599707554262738 0.4733667481260902 0
0.5673696842742069 0.4661689589468035 0
0.8017239583878387 0.5366283566325497 0
0.8105616752235603 0.5265822134548536 0
0.6492682167739836 0.5970355274896524 0
0.638085013404305 0.6012744077064728 0
0.8464694335831067 0.48045205487587 0
0.8455012680158989 0.4921700499714692 0
0.5646431300606538 0.4965576626180358 0
0.5718399120831072 0.4877786678971255 0
0.5745760627649673 0.499366428371496 0
0.8210087252180083 0.3910022980827025 0
0.8143989940378027 0.3811910688049911 0
0.8251551933738924 0.400455293322227 0
0.8278018149258085 0.4120447392761426 0
0.6411334866198205 0.5697312679562089 0
0.6514527593191365 0.5754131241970033 0
0.5851953165955224 0.518231836078443 0
0.5787225309208515 0.5088194236110204 0
0.6320551907779794 0.5648183399316759 0
0.6226123045851937 0.5586044428599186 0
0.6041952118860076 0.5451668351755588 0
0.6144664662412366 0.5522642823855813 0
0.5972040282753418 0.5375723853015923 0
0.5908411442086534 0.5268734185567301 0
0.3303899152676324 0.2966754745556711 0
0.32364573876439 0.3267860347483545 0
0.6234554320486896 0.618584614466948 0
0.4986855216657654 0.7128013893408867 0
0.7384342899347754 0.5777772822952355 0
0.7351404070293369 0.5869899423285407 0
0.7273918029871613 0.5803876932757215 0
0.653842397502894 0.6050490819929156 0
0.6576916274488044 0.5943681370653876 0
0.9746200750667412 0.9748657234945486 0
0.963284749615701 0.9737195428601483 0
0.7569912794264166 0.5798311693998069 0
0.7481974110292861 0.5744255985899684 0
0.7590057964787518 0.5698772366417207 0
0.9803530746266034 0.5417755014409319 0
0.9903744224771881 0.5364728159702123 0
0.2161260344119096 0.2838848084304312 0
0.2062974471957232 0.2772772448231863 0
0.6729631783279033 0.3193343108321322 0
0.6619181863865138 0.3227351572372497 0
0.6831448121821824 0.3176352966404234 0
0.6881863248205409 0.3085375168926099 0
0.6947190944543163 0.3163291586263528 0
0.1656214920847639 0.3313234696489632 0
0.1750427754312422 0.3281660492882978 0
0.1733464169137113 0.3379567757766551 0
0.4611007855844911 0.9730083950087438 0
0.4642987844164045 0.9626393668922573 0
0.5757673241254475 0.02661185147336409 0
0.5824475236976638 0.01756497331444978 0
0.5855382359490628 0.02716932640728509 0
0.039610353036165 0.4098297335873976 0
0.02915219089846977 0.4118871238888379 0
0.2724096937660211 0.1840706979976034 0
0.2797358269819302 0.1905256529267433 0
0.2854206953331997 0.1599752940911275 0
0.4842236728547687 0.9566751299126491 0
0.4059833217532194 0.0638467630791002 0
0.4147846404860953 0.06125975847297171 0
0.4145304630897549 0.07109484672569188 0
0.06872687002082967 0.4603493346600093 0
0.06152404246729704 0.4681795663547472 0
0.06066745325300038 0.4586867764218399 0
0.1248061233623497 0.2685559962259358 0
0.1354692008891316 0.2647838754266795 0
0.4490044870263193 0.6753479834143983 0
0.4568084458701796 0.6719878750538133 0
0.4559149460904876 0.6818544381360951 0
0.4419145024530864 0.66817347449235 0
0.4410210026733945 0.6780400375746318 0
0.4542491340495933 0.6914176285972546 0
0.4508709133084097 0.7034735231951246 0
0.2422879201305216 0.6655977146099634 0
0.253776375656301 0.6636381676116225 0
0.9903744224771881 0.5260561493035457 0
0.1933322690916878 0.3785104615816165 0
0.2015679167013841 0.3851231259727226 0
0.04537396727691623 0.2070481806086762 0
0.04785554357635813 0.2180106107791432 0
0.4806757611596701 0.03416322470621674 0
0.4711931591905683 0.02830635772707113 0
0.4797575711900846 0.02332029651740353 0
0.2205133376842576 0.02947641399313505 0
0.6730093511245421 0.5803889907672942 0
0.664910917430789 0.5879787654271482 0
0.6612158804136471 0.5787648079022704 0
0.9264945753068241 0.2165140974627167 0
0.9366184100233104 0.2127282802762765 0
0.5914807798710774 0.3729357620764824 0
0.5887622350996182 0.3639173268750379 0
0.5986388915539913 0.3642049757123472 0
0.5858349522579465 0.3815773445547696 0
0.5807332648968431 0.3924584026762397 0
0.8517306493717909 0.5261603513079075 0
0.8493345974017538 0.5350046498422006 0
0.9760320622690972 0.07817863586272011 0
0.9661539214214393 0.07438874126111705 0
0.01824417904535525 0.9568718771802487 0
0.02659037969769973 0.9601962565135653 0
0.9506639892753199 0.2369954627920745 0
0.7501729992530515 0.3138931900622038 0
0.7548588035875454 0.3249338897636093 0
0.7660802067132287 0.3208941241565584 0
0.2051862061906901 0.4127737485565124 0
0.2304245496806265 0.4236819367597624 0
0.228052993983606 0.4339200577091822 0
0.09775185324616609 0.2168772156597991 0
0.2262109476711683 0.760433664778552 0
0.2239242715835775 0.7481097593378875 0
0.9522320120970248 0.5176359121820332 0
0.9506088673945077 0.5066056858741943 0
0.2139043484164135 0.03714508992643434 0
0.210462077461291 0.02667055927935325 0
0.598641594262359 0.6055921256115394 0
0.6046293410607111 0.599541410949555 0
0.9806486372681142 0.5207623941750749 0
0.9712895504529844 0.5261548379827177 0
0.05145001916055858 0.4583407411416633 0
0.05865284671409121 0.4505105094469254 0
0.3127840567959396 0.9006284369556101 0
0.18240739115103 0.02443616968910317 0
0.1783357250302181 0.03435611081564721 0
0.03617085652304453 0.6000585062752102 0
0.02590950383230595 0.6029192157359538 0
0.9518710837898945 0.5869480943238379 0
0.1834959572232638 0.381766647223652 0
0.1736893056334841 0.3850937010299239 0
0.1995092872803818 0.3955295650265156 0
0.1974396643812221 0.405819117489815 0
0.6823797105925038 0.05788787238709892 0
0.6852622465035874 0.06837316960212003 0
0.677219363837168 0.06603695094130546 0
0.02395651614099803 0.6509686530994512 0
0.0337644028821838 0.6548618226280923 0
0.9717975592063588 0.567164427402947 0
0.9708826185905656 0.557342169196269 0
0.9808722449146239 0.5620942958147844 0
0.3147482615198334 0.548107843735405 0
0.3163996018578887 0.5381747645176896 0
0.3245067944907645 0.5449606322725218 0
0.03450573476961338 0.02754141688282508 0
0.04260046316164867 0.01931292235171822 0
0.8533511349155481 0.5173571354908243 0
0.8602546715358401 0.5254867740262085 0
0.008573709900089377 0.1821039227351308 0
0.01751304629193423 0.1872171219228765 0
0.008939336391844854 0.1926131991877454 0
0.4870041049204202 0.7472875006158877 0
0.4955519567422552 0.7512806724021097 0
0.2544370311262713 0.6522548189095025 0
0.9813267620860427 0.4789083931985901 0
0.9725209621885784 0.4730089852820082 0
0.6815272925972173 0.04727658327429729 0
0.6704711551753344 0.04604714462461634 0
0.2478280688425477 0.8197143288994202 0
0.990274214790926 0.5155395782048632 0
0.9848767327233229 0.3554246067240144 0
0.9758162978200891 0.3542008131822771 0
0.7418446259053159 0.5902514695138611 0
0.7308021389577017 0.5928618804943472 0
0.3306158838209682 0.9021422657369561 0
0.7421108516005407 0.297085105317506 0
0.74517492194685 0.3068474825251183 0
0.6473801096270348 0.3021585607768414 0
0.6455775839559769 0.2916183969019033 0
0.9908935927652085 0.5672082770107315 0
0.9754870416806749 0.3445277565837933 0
0.9812901165688163 0.3357365071952914 0
0.8315999863566437 0.4662553387562581 0
0.8389989152045766 0.4734531279355447 0
0.8306940917732732 0.4777721129643784 0
0.4646223183494198 0.05399860468589446 0
0.4668200246422844 0.06400728233086134 0
0.4591960708748853 0.06195408948895886 0
0.1655248562501003 0.2873932973456703 0
0.1732736289295351 0.2938255585009956 0
0.1630188432255386 0.2964195617484909 0
0.8972635914931787 0.9441882989894855 0
0.04241872942388492 0.8745893931204393 0
0.03487919186914912 0.8673871079014455 0
0.04427891173247817 0.8638388365371362 0
0.7151786348775646 0.02523607356645285 0
0.7037470489867773 0.02545666572893812 0
0.1088700731488175 0.9743507335211428 0
0.1144735404039621 0.9647137578905008 0
0.671689386116299 0.07266604526620946 0
0.6688068502052155 0.06218074805118834 0
0.05267696081975048 0.2246748223930946 0
0.847375328166477 0.4689352806677497 0
0.5922649538580824 0.6110496210659355 0
0.5906718286090631 0.6000079147121512 0
0.3539663460135318 0.9828901450820218 0
0.4967468186029235 0.04485101223121646 0
0.4887431749895327 0.03895844302663143 0
0.5955829546853219 0.02611775632669294 0
0.5889027551131054 0.03516463448560725 0
0.9386760247115375 0.0161530361956812 0
0.947701303415418 0.02164962400071824 0
0.9384606614602889 0.02471089517134906 0
0.4353857240901775 0.6624025837185906 0
0.9574551072523865 0.01597025841271127 0
0.1860796018127283 0.7609792923118954 0
0.1954361651174451 0.7574367917226733 0
0.1935040284225548 0.7677298389049295 0
0.583776201532984 0.3444796386224896 0
0.5734164308451293 0.3480029937981688 0
0.57796004381004 0.3384010285530301 0
0.9679626975574213 0.3519814275574453 0
0.9360973063319642 0.3931865495478064 0
0.9456157121478619 0.3970544369155394 0
0.9364107832553846 0.4024327658925764 0
0.2827478462245895 0.6476382494822868 0
0.2921182412243236 0.6398133040743598 0
0.8230566837080706 0.2691751667426446 0
0.8330545043521016 0.2658965138437077 0
0.8307759395471699 0.2761046576258393 0
0.8776063226339927 0.5342110318002062 0
0.8678443958611501 0.5397354175484911 0
0.8683961127649253 0.5287656040950067 0
0.09807011784902286 0.9745072573703173 0
0.8153449913255935 0.2622456599683276 0
0.813066426520662 0.2724538037504591 0
0.5564142092810385 0.492614045116388 0
0.5449279865620966 0.4922626203053711 0
0.5504207566598519 0.4846184773326485 0
0.6323528956158676 0.3240303901967631 0
0.635777609051371 0.3353811103718495 0
0.2345966728282893 0.7045191152168587 0
0.2410859873890749 0.6940889771129378 0
0.2724226676842717 0.8454612044710796 0
0.9332876432802943 0.7521762910019122 0
0.9359946690618189 0.7600432049016274 0
0.3205533966010661 0.5858627762391515 0
0.6151028690104078 0.3202936910806715 0
0.6227876512605449 0.04922233467667314 0
0.8022760292949458 0.5736187058763718 0
0.833012523579557 0.5417550689257872 0
0.5652110754399855 0.5364799865813843 0
0.6044919525759336 0.5782760138260381 0
0.706649813566026 0.2125202169503452 0
0.6967989718224116 0.2156817454158542 0
0.6990138229404473 0.2054853754776829 0
0.8075764576097041 0.2553395954297751 0
0.8175667147971128 0.2520609584219605 0
0.4281499371671698 0.03275432788915428 0
0.4376588642922115 0.03797679471816734 0
0.4285975716223009 0.04117757661575483 0
0.02955085379596523 0.2448336193726155 0
0.02815244540578193 0.2553271137090897 0
0.5926419747793427 0.2307176453783133 0
0.6024520063740512 0.2275127821591824 0
0.6003148098966136 0.2377038952112019 0
0.6770647762663377 0.2221216136426796 0
0.6748808515749684 0.2323458837124934 0
0.6672063370245875 0.2252972533954311 0
0.6825194154938837 0.2394078838461436 0
0.6726609762521336 0.2425835235988951 0
0.02642827956993432 0.1917129116148266 0
0.03589040157944051 0.1954627419206438 0
0.4801787629900163 0.04394450423629903 0
0.6089352309999323 0.1969680095230344 0
0.6166149569814436 0.2039824295894149 0
0.6067599961967255 0.2071735680083486 0
0.03317763280579161 0.9767665141511233 0
0.04322104043371228 0.9765457343578197 0
0.04028701161288351 0.9841010354405229 0
0.3321927154968723 0.5518220390539593 0
0.3338440558349278 0.541888959836244 0
0.3046451305019415 0.5516180280837244 0
0.8219676190254178 0.2317132925957166 0
0.8197695457994165 0.2418856664282766 0
0.8119962543072247 0.2349825200508481 0
0.8020108864294745 0.2382760878968467 0
0.8042089596554758 0.2281037140642868 0
0.6573037505181355 0.2285912050829176 0
0.6594876752095048 0.2183669350131038 0
0.5729956335405919 0.2370900220731432 0
0.5631848683246432 0.2402910849705012 0
0.5653281178746764 0.2301079643629031 0
0.2359352313764046 0.2755577788513922 0
0.02681372079726518 0.5652430946394482 0
0.03726103771737976 0.5638909396124995 0
0.8246480487349642 0.3062266802056422 0
0.8264788003035735 0.2963228399751444 0
0.8345390254682771 0.3029043188454529 0
0.7187206551840465 0.1990954750508866 0
0.7263564298104761 0.2061188190681433 0
0.7165004393104915 0.2093471910294307 0
0.6462385400208025 0.1942807368254584 0
0.643976683254658 0.2045810236491708 0
0.6362769945056745 0.1976197204790262 0
0.6993527253535934 0.03618326343261224 0
0.9820098559261123 0.7703175682698153 0
0.7029556292680144 0.6203647935846459 0
0.7106503006614953 0.627263100246902 0
0.7014951106442187 0.6300185469095058 0
0.5224450725467982 0.215676550734235 0
0.5125938055805483 0.2189282971877972 0
0.5147223129198362 0.2086987214005893 0
0.9403998857610382 0.4115239152578439 0
0.9308814799451404 0.4076560278901109 0
0.6923843132840705 0.2361174620186459 0
0.6901644379612357 0.2463551019050476 0
0.06545022113866317 0.1211148691446209 0
0.06360955951671998 0.1108596808425763 0
0.07361069244706397 0.1144651939554678 0
0.5027298738241013 0.2221392683135839 0
0.4928586604113693 0.2253041440991777 0
0.4949998325408544 0.2151153436397454 0
0.02561932592490701 0.6130208006178111 0
0.01716305930011941 0.606266481110818 0
0.1766465953690191 0.3185321951408238 0
0.1843715201979665 0.3251655012685156 0
0.0484758067833182 0.3230456262168204 0
0.03829895740084333 0.3203158491218272 0
0.04625848409476951 0.3152209546483974 0
0.5104526334510633 0.2291170976472295 0
0.8385717686140436 0.2829132416709288 0
0.8285739479700126 0.2861918945698657 0
0.4632825535431163 0.2349183548924848 0
0.453429192217131 0.2381500309917704 0
0.4555581767302642 0.2279269448275321 0
0.4864592872086285 0.2559462175687307 0
0.4787314690832029 0.2489235260610357 0
0.4885877323972103 0.2457260612269832 0
0.4435722753054335 0.2413636345768682 0
0.4336913988093325 0.2445276815605802 0
0.4358239389081779 0.2343226679105299 0
0.5413405012840653 0.2569683056861227 0
0.5490273734993857 0.2639049161440341 0
0.539164477189788 0.2671285976857095 0
0.6448559048932121 0.3304681823473165 0
0.5894926255191701 0.6380114090230617 0
0.5972172663536437 0.6449440031724936 0
0.5872225055556997 0.6482855978890645 0
0.4512966521182855 0.2483550446418208 0
0.7964793304144088 0.2211725775054555 0
0.8064646982921589 0.2178790096594569 0
0.7932203089600574 0.1938328764749143 0
0.7855366745275905 0.1868615379958322 0
0.79549317162188 0.1835864150693732 0
0.3843670445575644 0.2605398464967678 0
0.3744970219868277 0.2637390727091761 0
0.376605679740258 0.2535175599944062 0
0.7361572152787964 0.2029569111357883 0
0.7339369994052414 0.2132086271143323 0
0.7641553099458616 0.5825685253973025 0
0.7533469244963958 0.5871168873455503 0
0.427297208974904 0.2751206999559404 0
0.4195577039995296 0.2681041870137229 0
0.4294345446070759 0.2649388948973727 0
0.4096798531378383 0.2712780439593454 0
0.4118171887700102 0.2610962389007776 0
0.03686199654660161 0.2608129810364186 0
0.02675174705299543 0.2659025339939952 0
0.2246115437951262 0.28993081569069 0
0.2147257521308465 0.2942476128513648 0
0.3998415936482708 0.2744722030819847 0
0.4075821088777902 0.28148015119493 0
0.7123385363410533 0.5886618182835605 0
0.7054507853922126 0.5811481724419639 0
0.7172101691328823 0.5820867074674302 0
0.827538079515306 0.248791730966829 0
0.9727694737955506 0.90949582223461 0
0.9811210967316385 0.9170706165678274 0
0.6264026647620902 0.2008484392034195 0
0.6242274299588835 0.2110539976887338 0
0.8087310568996589 0.2076564494720874 0
0.8009559375527193 0.2007528133245405 0
0.8109519254012862 0.1974613896960021 0
0.4233480895108819 0.06016540256915637 0
0.432377225924657 0.05710062235656976 0
0.4323609182364059 0.0654430619069768 0
0.3702201631557165 0.2840120777705712 0
0.3680762941072184 0.2941593739714255 0
0.3602979920588923 0.2871604342969727 0
0.4773639824855548 0.06225679885813284 0
0.4719377350110204 0.07021228366119725 0
0.2342606551355646 0.05380467184661331 0
0.2241455382650556 0.04985870354234989 0
0.547755148134058 0.2263253013054903 0
0.5456516524332884 0.236551638591571 0
0.5378894479086188 0.2295679126368002 0
0.5563123728470529 0.4799403505308138 0
0.5543761488945331 0.4683371965132386 0
0.4307354479732378 0.04911150323175861 0
0.4397482766987618 0.05438916256957904 0
0.79099944045843 0.2040279362509995 0
0.19704107157593 0.3584651528721144 0
0.2069191180832231 0.3551191834433335 0
0.4630451724586805 0.0363288543466988 0
0.462126982489095 0.02548592615788559 0
0.7142855881924556 0.2195435609676019 0
0.04399771046156636 0.9674197997511629 0
0.6686564644234707 0.697436482147815 0
0.6708539260946954 0.6872930550286716 0
0.6786115059123501 0.6941803249996226 0
0.6397023808145075 0.2249624524615993 0
0.6474109070061398 0.2319209016945902 0
0.6375281991175945 0.2352224674555992 0
0.1976974329721156 0.7473571092832734 0
0.2051218595819421 0.7541076558763073 0
0.1205401563300014 0.02703139760377415 0
0.1207766570800178 0.03746758414421925 0
0.6675615551155017 0.6601357600791984 0
0.6774813451286514 0.6568192190420361 0
0.6752446462963766 0.6670780399053571 0
0.2016276924675564 0.7747998502360842 0
0.1922711291628396 0.7783423508253065 0
0.6286645215282347 0.1905481523797072 0
0.5849590271737026 0.2237167168959194 0
0.5828218306962651 0.233907829947939 0
0.8186829712366999 0.2895142559300549 0
0.7460623057503935 0.1996986378930093 0
0.7384817361556282 0.1926088298468204 0
0.9292817692164616 0.504838024671625 0
0.9398289593761817 0.5065755794105751 0
0.9320865780827368 0.5125035589334384 0
0.02387073359079261 0.3846348790973448 0
0.01812638878911177 0.3931945311390462 0
0.3281687770727624 0.5794409377197119 0
0.3272955821338687 0.590062351403984 0
0.9638088011159529 0.7353705893281148 0
0.9743335319590147 0.730732312098566 0
0.9715667552200635 0.5370776734264712 0
0.9621074607186717 0.5319535461354316 0
0.5806785811462319 0.2440909505555371 0
0.6551295688212225 0.2388512200769175 0
0.168002178579053 0.9751964870988755 0
0.1705653899630347 0.9649114761576508 0
0.7266547324082352 0.6405840055437806 0
0.736523430570815 0.6373532725757816 0
0.7344325868920554 0.6476016666253758 0
0.9401135543931256 0.03389370174749823 0
0.9310882756892453 0.02839711394246125 0
0.8164606861407259 0.2145875860309185 0
0.7756526079197507 0.1900708008476779 0
0.7733501147802506 0.2003527679250813 0
0.7657389108342334 0.193315569371386 0
0.5301547544084494 0.2226238509360811 0
0.5322832617477372 0.2123942751488732 0
0.5280512587076798 0.2328501882221619 0
0.5100465232662952 0.4464598620767282 0
0.5192990894403715 0.4434593608123714 0
0.5173856767536815 0.4535324193214239 0
0.5212994403502986 0.4334853550378519 0
0.528638593837685 0.4405579122825476 0
0.982322603868817 0.04244239544113021 0
0.01413784106141525 0.3736269284897404 0
0.02306093342487092 0.374030191217702 0
0.784358302095914 0.2346077006945514 0
0.7766764067124217 0.2276309543080959 0
0.7865416963942333 0.2244205355238298 0
0.7559116221609793 0.1964740465264154 0
0.7535871012841475 0.2068221278153833 0
0.5914662431942838 0.6280380675280653 0
0.5814714823963397 0.6313796622446363 0
0.4315673874191448 0.2547455150910368 0
0.4238190510218893 0.2477045484246986 0
0.5462558190271847 0.4355562191866248 0
0.5373940318742808 0.4389351413927357 0
0.539500731900516 0.4272049843019172 0
0.720428197686143 0.6239724792081143 0
0.7189676790623473 0.6336262325329742 0
0.4393068923945191 0.2617620280332543 0
0.3967770596947334 0.3321129333901754 0
0.394619708675467 0.3422667183758735 0
0.3868643267747868 0.3352623698971705 0
0.4850419520172951 0.798550255785484 0
0.4887410444381329 0.7883215801760004 0
0.4950029649169436 0.7936557367978702 0
0.7582141153004793 0.1861920794490119 0
0.5184154689424927 0.5383413598247621 0
0.5163596381550304 0.5484603963609929 0
0.5085331828310904 0.5415356836979887 0
0.06622246158061768 0.1319895889501719 0
0.7015752264208593 0.2790351110793365 0
0.8463119871555856 0.2898309554918367 0
0.8541064065060668 0.2968012747958158 0
0.8441641963873675 0.2999707979189343 0
0.520157411728687 0.5284452717121265 0
0.7667849102582137 0.2308971393981338 0
0.7689683045565331 0.2207099742274122 0
0.6324829055267072 0.6528057950272261 0
0.6224371586841754 0.6558247223772629 0
0.624731439924767 0.6458169909231057 0
0.4947660579378829 0.4325081262116606 0
0.4849508890022153 0.4357138988362501 0
0.4870943876220582 0.4255428869572662 0
0.7498801884573608 0.6614811735969003 0
0.7575907040879081 0.6684097281805419 0
0.7477232968980612 0.6716287685303222 0
0.6165784462795921 0.6374725671348714 0
0.6266241931221239 0.6344536397848347 0
0.06234958993537543 0.09962080834466525 0
0.5875764676753027 0.3546340721892656 0
0.5921200806402135 0.3450321069441268 0
0.3920988623562265 0.2675157275289689 0
0.3942075201096568 0.257294214814199 0
0.3723501239557623 0.2738872486538281 0
0.3645887591384558 0.2668649621514665 0
0.4688782964623021 0.2521425617297532 0
0.4710067416508839 0.2419224053880057 0
0.02606265307817879 0.1812036351622119 0
0.4907243079832004 0.2355157192461522 0
0.4829942666999535 0.2284917945723137 0
0.6378660582735028 0.6697381926822392 0
0.6401084275880358 0.659619844500497 0
0.6477858615754232 0.666544510701353 0
0.6561262858664076 0.1910400139220212 0
0.666028120812469 0.1877627819044018 0
0.6638400637158475 0.1979648079779837 0
0.5588805396843726 0.260656865719142 0
0.5567045155900953 0.2708171577187288 0
0.4731357261640171 0.2316993192237674 0
0.543494674900756 0.2467694370336641 0
0.5336317785911584 0.2499931185753395 0
0.8700165983086826 0.5199623882779236 0
0.6070865396996747 0.6417528662898166 0
0.6048164197362043 0.6520270551558194 0
0.498452126108626 0.2425384107538472 0
0.6517616587364194 0.2114514633480967 0
0.6418001132212914 0.2147904470016644 0
0.369086765213323 0.06159676950172965 0
0.3626458132798251 0.06975108811976294 0
0.358159320611786 0.06226777648567228 0
0.5199585955974647 0.01759866151194411 0
0.527732158023022 0.0261609907379235 0
0.3900011180961784 0.2777178347645535 0
0.7497743739049093 0.9823501857403754 0
0.7550637260407599 0.9908550636215665 0
0.7447106478641486 0.9914951221188089 0
0.7585126342235494 0.6210308160279046 0
0.7506980896185815 0.6135326624527961 0
0.7606583061716868 0.610414466665574 0
0.7168768353835875 0.6438746265825683 0
0.325318979260845 0.05140374716557872 0
0.3347573062206148 0.04848521642856796 0
0.7464268513625396 0.6342599727362518 0
0.7563262613559629 0.6310741462776603 0
0.7542006950480585 0.6411851071987853 0
0.7787878402216917 0.1321331214372143 0
0.7689092550383207 0.1353309203584496 0
0.7710349377218184 0.1251585228277793 0
0.3902865045461138 0.3625214952282063 0
0.3825505779716512 0.3555599447732145 0
0.3924429023299831 0.3523777053378603 0
0.6599132424188664 0.6531515508677441 0
0.6576765435865914 0.6634103717310651 0
0.02696083533476229 0.6918901696953945 0
0.01820915822663671 0.6870912429765832 0
0.7612566128985292 0.2137868478831197 0
0.7711481093527373 0.2105206627930818 0
0.7779254705815734 0.1798243394421369 0
0.6424027088286275 0.6496121130463399 0
0.02793108009435963 0.8490049480505366 0
0.02720991366054526 0.8608832823816897 0
0.7093945317054944 0.9397782660192365 0
0.7170288547900463 0.9459809598688325 0
0.7071403668394444 0.9493654928034955 0
0.5003778349488226 0.4496060293382125 0
0.5022912476355126 0.4395329708291601 0
0.5256899828848175 0.1577689442004127 0
0.5279483751372945 0.1475722932731509 0
0.5355826254580236 0.1545745508613517 0
0.005841353155302653 0.8279105191608692 0
0.01540274616079107 0.8319305248856682 0
0.5123257395303136 0.653385871661796 0
0.5100274274528339 0.6634537899459131 0
0.5023417470688079 0.656489248205417 0
0.6319174053327461 0.2180920127626734 0
0.4066956745692192 0.3289802657281502 0
0.3989402926685389 0.3219759172494472 0
0.814020133238718 0.1396401794413916 0
0.8041096536066342 0.1428272910389887 0
0.8062530754902915 0.1326554453572125 0
0.7386489968787195 0.6272423116546566 0
0.4664298579168856 0.1769937886059105 0
0.4687144966514559 0.1667765101491465 0
0.4763828792870233 0.1737768727580476 0
0.6046094467175085 0.2173572602005114 0
0.6122822818347795 0.2243435100334001 0
0.7039294492776748 0.611091548234553 0
0.6947742592603982 0.6138469948971569 0
0.9411540169879756 0.7683295054799367 0
0.9302401119065633 0.7662469905542864 0
0.543200598463571 0.681245645020116 0
0.5409646673322783 0.6913365249996399 0
0.5332446275910935 0.6843911609639655 0
0.3801284260040884 0.2808861883282808 0
0.3698781558907744 0.1989231052764617 0
0.3621607006712177 0.1919808876925196 0
0.3720677492576178 0.1887638971903361 0
0.4508010793369549 0.5985142320554802 0
0.4529253110064166 0.5882541965083817 0
0.4606583074045345 0.5952268239248042 0
0.02534973135195201 0.8716338389649927 0
0.02438332338317079 0.02452466222242788 0
0.2838546559644499 0.8746964580723064 0
0.2816469834635347 0.882642015685112 0
0.6672720485265289 0.8776969419784163 0
0.675014442081966 0.8846824454550595 0
0.6651231919273288 0.8879164464220232 0
0.3662133028348283 0.3892122342095889 0
0.3584582663811208 0.3822338304868218 0
0.3683487934875877 0.3790370225578014 0
0.7662864779090683 0.6279559504904382 0
0.7976194031581235 0.2585981655066147 0
0.7998411266296428 0.2484134639602477 0
0.370493968610831 0.3688811767492973 0
0.3782490050645386 0.3758595804720645 0
0.6552243861997 0.8911388413350385 0
0.6629667797551371 0.8981243448116816 0
0.2109264813435289 0.7705518266341402 0
0.4023556352499297 0.3492282688308652 0
0.8423334448187583 0.3098746381494321 0
0.6231109274400217 0.3133130314279425 0
0.5553050341844481 0.1482165153110575 0
0.54543421418944 0.1513946827466556 0
0.5477118377055088 0.1411997324984919 0
0.5610278907921109 0.2505088834125943 0
0.5533603751261953 0.2435268257023542 0
0.8485139787327429 0.2797437185478103 0
0.6631118704445214 0.6804718965596916 0
0.6730669119334008 0.6772157394114993 0
0.7800353097712337 0.2548855747704778 0
0.787739142385145 0.2618054422842921 0
0.7778903799783166 0.2650189830176826 0
0.7619238503443448 0.648130706993657 0
0.7520244403509215 0.6513165334522484 0
0.7403743379087244 0.6167649980090141 0
0.7425200098568618 0.6061486486466834 0
0.5044347462553556 0.4293619589501761 0
0.8428640010928188 0.5433062999741075 0
0.835841515860951 0.5493420590587849 0
0.5895706680864115 0.7229546046169697 0
0.5873698208272564 0.7330909894241779 0
0.5796386876924799 0.7261265331813693 0
0.6474860326629943 0.8841733626026592 0
0.6453296204908026 0.8943812609923177 0
0.6616642452428714 0.2081575116606101 0
0.6715660801889328 0.2048802796429908 0
0.4987403935018987 0.5447163001953015 0
0.500796224289361 0.5345972636590707 0
0.6054524614121612 0.589405136882131 0
0.596087960177112 0.5834212962016622 0
0.3368032396973167 0.1812767034826906 0
0.3346405921360312 0.1914433153319151 0
0.326912840171451 0.1844789045752873 0
0.5576643468715187 0.5425711803239212 0
0.7850158387185795 0.6689021798922908 0
0.7773378266577724 0.6619594065147576 0
0.7871923963882417 0.6587371260395209 0
0.6484265971174241 0.1840787107518765 0
0.4828158821930689 0.445880407668011 0
0.4751442118772442 0.4389151684136167 0
0.4838611421113148 0.6159438927746885 0
0.4761036538403863 0.6090195871033751 0
0.4859721187425319 0.6056459076494258 0
0.2513220032418225 0.1533183137355421 0
0.2544554003164715 0.1418492035722747 0
0.7421570331610745 0.6545355738020286 0
0.5651778480273139 0.1450085532418305 0
0.5629002245112451 0.1552035034899941 0
0.6431710812092797 0.9045939429570276 0
0.635432727672574 0.8976284642246484 0
0.5531458663389994 0.6780796111439251 0
0.5454258265978146 0.6711342471082506 0
0.5510918252373518 0.4545249851929792 0
0.5523999835504062 0.4426564984032494 0
0.5994979454824243 0.7197884036874268 0
0.5917668123476479 0.7128239474446181 0
0.7674544323176591 0.6651932968073238 0
0.7652975407583593 0.6753408917407456 0
0.05061437059357271 0.7480986923193714 0
0.05283304803279293 0.7378775250499963 0
0.06030491911390812 0.7448387972212613 0
0.6960757200561994 0.9157278926588887 0
0.6982205706551584 0.9055174944932898 0
0.7059648487583526 0.9124669365008973 0
0.6945871266323543 0.2259434154241292 0
0.6869511360067757 0.2189085739514669 0
0.7514072964879435 0.2170114392497137 0
0.496109758362628 0.1673879700569719 0
0.4862518299898119 0.1705847617728887 0
0.4885254463944097 0.1603628025853667 0
0.4652946970834198 0.4421344782154902 0
0.4674297038925662 0.4319679693837292 0
0.3640680473676395 0.3993742210432548 0
0.3619116942541973 0.4095362334284224 0
0.354166422614919 0.4025710545237771 0
0.5222472494463789 0.650257450239335 0
0.5145615690623528 0.643292908498839 0
0.6827512770703653 0.8916357927048788 0
0.6904842053054849 0.8985740430811863 0
0.6805985137178856 0.9018402002749737 0
0.7954744733652064 0.2687315737538195 0
0.3676745284626237 0.2091004721796991 0
0.3775815770490238 0.2058834816775156 0
0.5158130708296239 0.1609786865252868 0
0.523447321150353 0.1679809441134876 0
0.3739585744741065 0.3961774131142343 0
0.7970461771409978 0.6555410880983285 0
0.8069075017569219 0.6523229574640406 0
0.8047317330649729 0.6624617687827663 0
0.7158581620186593 0.9092114997292606 0
0.7137133114197003 0.9194218978948595 0
0.561407842941209 0.3699972781406058 0
0.5726778831508835 0.3668267984866327 0
0.4609742102972295 0.1598302389491078 0
0.4709272316673672 0.1566133231012449 0
0.6255309472041555 0.9008673012318149 0
0.6276894864856783 0.890654619267105 0
0.7003733340076381 0.8953130869231949 0
0.7887974350309165 0.214195831119 0
0.7696309899873213 0.655028242954554 0
0.8533554103671475 0.3439899769206664 0
0.860957231796591 0.3511825561737247 0
0.8512003802982191 0.3541530973033933 0
0.2342568093226871 0.2859487739540307 0
0.2328565270416241 0.2963115783749643 0
0.5059768919311927 0.1641783486539058 0
0.5037032755265948 0.1744003078414279 0
0.5202789130274138 0.1405875125969283 0
0.5301715556006199 0.1373931192578674 0
0.6849001336695654 0.8814162882612719 0
0.5969297207359971 0.210342840134131 0
0.07019388422951628 0.7416130737376376 0
0.06797520679029606 0.7518342410070129 0
0.7415490588807589 0.2202532474571009 0
0.7317482734124385 0.2234151553894559 0
0.7668177667207396 0.1455305653178161 0
0.7590648642208664 0.138555966708381 0
0.1927292887943772 0.9493597160779328 0
0.1944393163825481 0.9387532286850722 0
0.2025751343597954 0.9461013989127138 0
0.7492185704951406 0.2272179675248374 0
0.9829526489406621 0.9382321287077354 0
0.2136432576252076 0.3044448233513717 0
0.2051577482419911 0.2983988160911129 0
0.6940386871943627 0.7080279685263439 0
0.6841347460344918 0.7112573724993031 0
0.6863179854009964 0.7010943481458067 0
0.6885154470722211 0.6909509210266633 0
0.4645548568710873 0.04554734887993817 0
0.455488680169614 0.04272691731075262 0
0.7893681650801907 0.6485983147207952 0
0.6209940690479435 0.1835540193457788 0
0.6111297073882582 0.1867601765832488 0
0.6133335846515513 0.176537324824927 0
0.9026606128243675 0.4129207109396549 0
0.8930600131933942 0.4154911070024361 0
0.8953494693940962 0.4055773160175937 0
0.5498630814079413 0.2161253109706675 0
0.5576252859326108 0.2231090369254383 0
0.3726440756117679 0.3587369017439054 0
0.3748004733956372 0.3485931118535595 0
0.8020121201270688 0.1530353959105761 0
0.7942450623786422 0.146050661826397 0
0.6199488218179845 0.8836713581058921 0
0.610046773833447 0.8869137161357765 0
0.6122078896341716 0.8766916179673971 0
0.629850602286403 0.8804325210987256 0
0.4043689987598567 0.5567375383122746 0
0.4064783187670214 0.5465066919992737 0
0.414258692250506 0.5534899383797312 0
0.4631472045063705 0.4522900800213353 0
0.4554326965216924 0.4453428809914479 0
0.466263376472121 0.6124022158502702 0
0.4683743531033381 0.6021042307250075 0
0.3881414548404716 0.3726740030017555 0
0.3980337791988036 0.3694917635664013 0
0.6078841962194961 0.8971210590540657 0
0.6001432640356833 0.8901413189155707 0
0.8266099208528537 0.6458890274696758 0
0.824453219345142 0.6560268823854896 0
0.8167497591886087 0.6491057832326648 0
0.1823206043591551 0.9521365859851924 0
0.3467117349263003 0.1780715461614093 0
0.3389839829617201 0.1711071354047815 0
0.3859962797172284 0.3828298488102595 0
0.8906559031948895 0.02672477504576803 0
0.8856516932265234 0.03592203426985119 0
0.8804003044217898 0.02726997866381159 0
0.5618761144931916 0.2027419955436444 0
0.5520121727510183 0.2059461631746669 0
0.5541550680377159 0.1957791121276957 0
0.3627438640348171 0.3619143438296423 0
0.8090642032646336 0.6421851025482268 0
0.4409610512059229 0.6017279270514814 0
0.4486940476040409 0.6087005544679038 0
0.0877704560772597 0.7453809535101783 0
0.08004852932902651 0.7383799595820307 0
0.08995481350038204 0.7351523955688197 0
0.6458469258459 0.7614994697080355 0
0.6359209857215714 0.7646729113123394 0
0.6380929182023863 0.7545134444035599 0
0.4368261536805602 0.1866339366718371 0
0.4269602745249411 0.1898362566832126 0
0.4291955051520043 0.1796321341890889 0
0.7193252392428706 0.7186844305246727 0
0.7214875333123026 0.7085312453399411 0
0.7292031036614616 0.7154699141291525 0
0.4451864256105365 0.5813119040408404 0
0.4550436536781161 0.5780244959101645 0
0.4511379338086264 0.4656543045161722 0
0.4610043445060447 0.4624464274356604 0
0.4588570743700281 0.4726022491545396 0
0.4219875095875377 0.5604197017179249 0
0.4297095749397757 0.5673655958972321 0
0.4198714375955793 0.5706666788720394 0
0.4071961583169662 0.1962445585225634 0
0.4094242916976757 0.1860530071680863 0
0.4171014926156759 0.1930260055549415 0
0.6337725902032316 0.7748433108910534 0
0.6260185825597181 0.7678572855865778 0
0.5815618388099195 0.1963199317020986 0
0.5717027710216335 0.1995361552748945 0
0.5738780775681751 0.1893587209238773 0
0.4049987139143065 0.2064310797844885 0
0.3973215129963064 0.1994580813976332 0
0.4565435107108403 0.1802107837989266 0
0.4642118933464077 0.1872111464078277 0
0.8492515381661035 0.1471358877101961 0
0.839369749366039 0.150353631762987 0
0.841523646399279 0.1401785885916152 0
0.8696871679672925 0.009309246652907777 0
0.8592705013006259 0.009309246652907777 0
0.07237824165263862 0.7313845157962792 0
0.5695598757349359 0.2097032063218657 0
0.4854130646332512 0.5206755177421027 0
0.4931166514540131 0.5276161989789199 0
0.4832998481394075 0.5308371989195664 0
0.5082195536656572 0.1539663487408309 0
0.5763166586452002 0.6989166416568418 0
0.5840476374382743 0.7058797531840412 0
0.574108556158561 0.7090270368469617 0
0.9289686563664667 0.8586640860120961 0
0.9309846069216767 0.8485290341855185 0
0.9387527901247794 0.8554985237785407 0
0.7268185440775681 0.9432074561712855 0
0.724564379211518 0.9527946829555445 0
0.6554341742720585 0.6735287199128073 0
0.8698852151940043 0.02754286559685515 0
0.8748894251623704 0.01834560637277194 0
0.713772189988642 0.7016002121825651 0
0.7236500544072331 0.6983856957870449 0
0.394474205200317 0.5599378599620737 0
0.4022545786838016 0.5669211063425312 0
0.1085325846939504 0.691111862690684 0
0.1184384380373476 0.6879075734958464 0
0.1162694826774376 0.6981062646149453 0
0.4466934652239929 0.1834289778892786 0
0.4444582345969297 0.1936331003834023 0
0.7821885422960823 0.2447450767579524 0
0.7920538319778939 0.2415346579736863 0
0.543175821936963 0.1615913336739173 0
0.3423543048766405 0.1983962887318974 0
0.3324639053507749 0.201598489824494 0
0.4839671912552416 0.1808020402296528 0
0.8364614596063416 0.6426593140594903 0
0.8463189755306114 0.6394369292087256 0
0.844170896933657 0.6495877417717358 0
0.4704985847727998 0.5918441951779091 0
0.3411459365134942 0.1609394269120534 0
0.3432999420279786 0.1507688016684758 0
0.3510464837051881 0.1577313528399225 0
0.5421420349524656 0.2091624275547188 0
0.2648220815127024 0.2391968549643463 0
0.2710117405680247 0.231828211749849 0
0.5902425037741011 0.8933705167960106 0
0.592405081388052 0.8831631738777215 0
0.4794222367793774 0.4185943682941379 0
0.489237405715045 0.4153885956695484 0
0.60127474660354 0.1899513150021825 0
0.990803555998947 0.4008981117343611 0
0.9810193169371152 0.3944524766505922 0
0.9902157609381681 0.3893876982495653 0
0.1356231975628577 0.9667487769403347 0
0.1402746750046255 0.9766864462673714 0
0.8372227454868328 0.1605270436324316 0
0.8294948537200084 0.1535697445138507 0
0.4888795409680082 0.5479480198307844 0
0.4966164995097376 0.5548864398697024 0
0.4412706032465337 0.468865468168108 0
0.4434178733825503 0.4587096464492287 0
0.3312374412845106 0.1641445842333348 0
0.9116567301014896 0.009068725121550325 0
0.901240063434823 0.009068725121550325 0
0.6308683987915278 0.1803253006213854 0
0.9233251122282179 0.8415131272057372 0
0.9331092459865307 0.8383475649721819 0
0.5299486252862147 0.6572261366389107 0
0.5321844548182539 0.6471331734759538 0
0.4532925678479134 0.1528801018421175 0
0.4455744419506172 0.1459291961255908 0
0.4554688194158446 0.1427161461846794 0
0.870791166412558 0.3480071218567088 0
0.8686361363436297 0.3581702422394357 0
0.6690336006652102 0.782341615248909 0
0.6767713378484803 0.789315830840543 0
0.6668771046921425 0.7925145058967696 0
0.6569757597777706 0.7956970711104099 0
0.6647134969610407 0.802671286702044 0
0.6202626983975974 0.6659754867078447 0
0.6279744972466742 0.6729171175932298 0
0.6180485713581562 0.6760790778196912 0
0.5661398899080395 0.6173671795498982 0
0.5758622372998391 0.6143035660539155 0
0.5737227526796537 0.6244699342456227 0
0.4708663450677721 0.4592380246597028 0
0.8802022571950781 0.009036359719864218 0
0.9723542334908716 0.4012645871187141 0
0.9717664384300927 0.3897541736339183 0
0.8287579994498082 0.6357382149066655 0
0.8539753698100633 0.01829543504815467 0
0.8488715351761043 0.008986188395246897 0
0.589233401239296 0.203328256997542 0
0.5914087077858375 0.1931508226465247 0
0.8814999467817854 0.5129418228959688 0
0.8921359753445837 0.5103670870090313 0
0.8887940681005659 0.5206664824597844 0
0.9748534480769199 0.7207823511586221 0
0.9834566837969405 0.7274376596994838 0
0.5479294618848136 0.3113958881832499 0
0.5553236947784632 0.3184804887799758 0
0.5455670966028682 0.3217174559610255 0
0.6829867019465506 0.673899198374337 0
0.9429352513265105 0.8351000337605692 0
0.9538279006560213 0.8315427297183153 0
0.9516613900095003 0.8418061679097093 0
0.4678637026842538 0.5169570979266562 0
0.4699950202888381 0.5067885384802827 0
0.4777275789232299 0.5137279582363757 0
0.5029094407832048 0.524435582481607 0
0.9229199171167983 0.02758605986481366 0
0.9115256225067503 0.02704763130320792 0
0.9180410881463605 0.01867587880470634 0
0.6483640544339484 0.8364200552374128 0
0.65825569061268 0.8331992123238503 0
0.6561049084195075 0.8433841365073779 0
0.4353307929433272 0.5845770888452022 0
0.4374491356150267 0.5743473882469849 0
0.6724623665720751 0.8096589654275321 0
0.6625610216577034 0.8128415306411724 0
0.3874546365354106 0.2026753587169183 0
0.3896520809380703 0.1924888374549931 0
0.3757699269784913 0.3010845237696169 0
0.3658477558816672 0.3042328802960185 0
0.04501347320580207 0.5143868420946469 0
0.03563089459811342 0.5095929951542854 0
0.858450993211876 0.2765151985906495 0
0.850710774670334 0.2695974847697417 0
0.5198076137209172 0.5757282304930113 0
0.5311147899507498 0.5716419404285309 0
0.5289708573387756 0.5818047222306928 0
0.5608500909473773 0.6850383767798256 0
0.5630753190816209 0.6749269788679604 0
0.4489114297944707 0.1732116200873614 0
0.2358788898982958 0.6853764697205634 0
0.2260434675588493 0.6890179173752042 0
0.2298257528623796 0.6788995211962709 0
0.6604123639479293 0.8230321702102729 0
0.6526634943368949 0.8160444914847848 0
0.5704227782458638 0.8998095341188167 0
0.5682501564416879 0.9100054548344542 0
0.5605104082029246 0.9030338700200534 0
0.439565207606985 0.5641004110928705 0
0.4576409736648478 0.1325538763610354 0
0.465359099562144 0.1395047820775622 0
0.7390868708670653 0.7122513960609467 0
0.7369245767976332 0.7224045812456783 0
0.570955133931172 0.7667927233971435 0
0.5808537229096707 0.7635713254816188 0
0.578694770021202 0.773753592217845 0
0.6125112327956572 0.6589866826037242 0
0.6251381105031423 0.8155231254972805 0
0.632880351246518 0.8224848549279816 0
0.6229856082872639 0.8257099739782374 0
0.09985428227679338 0.731943667365843 0
0.1097681596260532 0.7287308575192799 0
0.107590617597875 0.7389405796504042 0
0.3763932438337979 0.1684133513413182 0
0.378551755603316 0.1582503432100281 0
0.3862768734359765 0.1651937725901869 0
0.3708232178030296 0.151297998835964 0
0.3807068474052082 0.1480784200848326 0
0.5685785605277429 0.6919748349118116 0
0.578517641807456 0.6888275512488911 0
0.7208987165228096 0.1888766039015509 0
0.7110427260228248 0.1921049758628383 0
0.1296377580920156 0.4186205810553151 0
0.1197180311885698 0.4218311399653777 0
0.1218956088755518 0.4116511799992632 0
0.8384548685094375 0.008986188395246897 0
0.8612931804843789 0.1337477654257974 0
0.8690201582578416 0.1407093628013014 0
0.8591324129728064 0.1439224419143284 0
0.6221296975520996 0.2212260031486687 0
0.7258145571839206 0.6882333135510854 0
0.7181060912959538 0.6813041349653386 0
0.727985937396302 0.678082785886755 0
0.6226968524108641 0.7406437239636368 0
0.6303967260292115 0.7475722113329339 0
0.6204671044597105 0.7507583986385666 0
0.3834800360802564 0.3080393038630607 0
0.3912201806008129 0.3150145812716919 0
0.3812815332734966 0.3181333075028412 0
0.5851776276971034 0.7432334026545591 0
0.5830157508902614 0.7534071719907289 0
0.5752759636264828 0.7464366873247474 0
0.5505959712346328 0.9062617010383983 0
0.5527685930388088 0.8960657803227609 0
0.6356519312340616 0.6798417837940858 0
0.8571549776919858 0.5887253333130902 0
0.8648669579502585 0.595635211585219 0
0.8548891916340012 0.5988418736944211 0
0.5907553869802913 0.7603680408114305 0
0.4247321411442317 0.2000278080376898 0
0.09867043926189928 0.3907564752487884 0
0.08876288156873124 0.3939712784980365 0
0.09095478782429356 0.3837943971556753 0
0.7446539874587504 0.7293445282130737 0
0.7347702202531468 0.7325630462812796 0
0.5846618405409332 0.8761859909373527 0
0.5747558687180088 0.8794128333044259 0
0.5769133881324721 0.8692064524836172 0
0.6427738450447587 0.819266568750455 0
0.6406213428288802 0.8294534172314119 0
0.1866818134255105 0.9317621000035786 0
0.1965276589909287 0.9285037828383598 0
0.7810618064382545 0.2072758942693738 0
0.0855900204912764 0.7556003288871599 0
0.08339877943538299 0.765823454349154 0
0.07567293085001081 0.7588316429853833 0
0.6384705606357077 0.8396383414149395 0
0.4717167871901954 0.4116599885716238 0
0.4695737690972087 0.4218142798593416 0
0.6089792928970317 0.6303895151515456 0
0.7335299005075813 0.6951643467084613 0
0.8762900139275132 0.3651500139296917 0
0.8861531136416994 0.3619600113977718 0
0.8839730566096158 0.3721152174050437 0
0.4314016486313726 0.4720815820062425 0
0.4391217090574488 0.4790262400731859 0
0.4598032975359729 0.1223935726467575 0
0.4499130173896735 0.1256049367538747 0
0.4905334441907376 0.4528333956605723 0
0.4982887198215202 0.4597602869081405 0
0.3807579855510234 0.450713586011648 0
0.3906417550735424 0.4475012086652742 0
0.3884785601143203 0.4576623497530244 0
0.5803334238055485 0.8965867453456895 0
0.5725936755667853 0.8896151605312888 0
0.5126130104108425 0.1336156741599439 0
0.5049001160154063 0.1266630943772296 0
0.514789199095303 0.1234557587989305 0
0.6819650103643679 0.7214139945640513 0
0.689692937676925 0.7283497100361832 0
0.6798025002134348 0.7315727117203943 0
0.7094458578691428 0.7219059187733199 0
0.7171614282183018 0.7288445875625313 0
0.4276537721417519 0.3599147838139617 0
0.4254994766280724 0.3700565913308056 0
0.4177910672728554 0.3631062894690755 0
0.3928021569509642 0.4373438749715822 0
0.4005227315142611 0.4442926387129587 0
0.6506209023835304 0.1738729859383064 0
0.6407331565379253 0.1771137088417436 0
0.8535658872868618 0.12678959570094 0
0.8634536325718971 0.123576516587913 0
0.817706899818134 0.02699468443787223 0
0.8073065860523609 0.02692503148226638 0
0.8125019665598463 0.01798445285560174 0
0.6649360321949054 0.2828089045708066 0
0.6661582070448442 0.2731661880748327 0
0.674762379682371 0.2795223546844926 0
0.7017325583607847 0.7149683773076507 0
0.7039157977272895 0.7048053529541543 0
0.6742443085710016 0.7144803741835142 0
0.8374893833804145 0.2455409846716999 0
0.8352865523781108 0.2557162766653839 0
0.8960256539632343 0.01810508484141454 0
0.8906189238617448 0.009036359719864218 0
0.04336808942799192 0.8265507666500277 0
0.05324556333201991 0.8233681114200262 0
0.0506205860545571 0.8334255703437327 0
0.7307713309427102 0.1856629699339595 0
0.7230934017814886 0.1786724707459111 0
0.9230510247115377 0.009607153683156011 0
0.1710934439155817 0.9177342118353548 0
0.1810264035427617 0.9145297765903205 0
0.1788371964067111 0.9247170894019004 0
0.1605816854666456 0.4464851905558465 0
0.1506531068045567 0.4496926833959747 0
0.1528338523153617 0.4395155394085715 0
0.1064033684810957 0.397723045821999 0
0.108595274736658 0.3875461644796377 0
0.7248897842771068 0.7357853600584764 0
0.715010402903379 0.7390068483071236 0
0.8747278276440743 0.5924116059698499 0
0.8724620415860898 0.6025281463511807 0
0.7304709171169999 0.6198582978485438 0
0.3458465730960575 0.03702508079259148 0
0.3401095419374936 0.02844800267467773 0
0.3493278214187655 0.02698416059650066 0
0.3587803020959205 0.1646859500223298 0
0.3609343076104049 0.1545153247787521 0
0.8661538966615052 0.2834659212322359 0
0.8683506925990963 0.2733196874541672 0
0.8396524015790231 0.2353922260586135 0
0.8474008744418279 0.2423167717571684 0
0.6139721608796067 0.7812452102075347 0
0.6062292364608419 0.7742851643295188 0
0.6161272626226135 0.771067639287276 0
0.4579903089343423 0.520180269991867 0
0.4657228675687342 0.5271196897479601 0
0.8621846939034191 0.738294011024101 0
0.8699010722621546 0.7452629888947047 0
0.8600261917422309 0.7484718712394646 0
0.6182756581409533 0.7608972397085619 0
0.7723397798892537 0.2479586174913428 0
0.24116702252513 0.3025334981571353 0
0.231521756997569 0.3065155398937946 0
0.5433603586240776 0.3318585119509248 0
0.535966125730428 0.3247739113541989 0
0.3910128705642023 0.5326003212816168 0
0.3987412553629348 0.5395605926901713 0
0.3888602404776396 0.5427940205232626 0
0.05540546782255362 0.8131742132714844 0
0.06265796444911886 0.8200490169651895 0
0.2573451556471297 0.945726878482501 0
0.2672943241550884 0.9431351577749789 0
0.2651319531906129 0.9526454422320707 0
0.8073008263970368 0.008957399949997946 0
0.8177011401628098 0.009027052905603794 0
0.3828668880051052 0.1379130969321292 0
0.3905954258053916 0.1448654413061933 0
0.8276359381989066 0.02679407487154839 0
0.8224405576914212 0.03573465349821303 0
0.6208309061053474 0.8358997951481051 0
0.6130886653619717 0.8289380657174039 0
0.451079832832002 0.1630432888900192 0
0.3696448552397164 0.4164921043155232 0
0.3597432304869959 0.4196889377960454 0
0.8553885397301546 0.3341176444454647 0
0.8456316882317826 0.3370881855751332 0
0.5584189206690938 0.6104283516038431 0
0.5562794360489084 0.6205947197955504 0
0.8905369384850798 0.4736498291093635 0
0.8807407466850987 0.476820013994169 0
0.8827442549705079 0.4668072080080371 0
0.3742343278522597 0.1785892301639355 0
0.3665092100195992 0.1716458007837767 0
0.5674360511485596 0.2199079740280803 0
0.5632128147346228 0.7598278499121426 0
0.561053861846154 0.7700101166483688 0
0.864331506180313 0.7281356127446965 0
0.8544566256603894 0.7313444950894564 0
0.8420258527373027 0.6597465645430167 0
0.8518833686615725 0.656524179692252 0
0.4807267670657665 0.456034665237939 0
0.2370618852973955 0.5639126232681906 0
0.2448287669600251 0.5709009898575159 0
0.2349005261975756 0.5741156935893441 0
0.497875158974398 0.374826585638206 0
0.4957241140490674 0.384953621635483 0
0.4880339297608335 0.3780533154400901 0
0.5880716064531798 0.9035648903835387 0
0.5208660963212333 0.9159598162692631 0
0.5109504122689417 0.9191985278944615 0
0.5131200392546441 0.908989508527876 0
0.7766847226371707 0.04305120719327704 0
0.7706571091434264 0.05147562098126168 0
0.7658469215960693 0.04316237931480704 0
0.5406846271343762 0.9094849521255469 0
0.5307754107525855 0.9127135449063328 0
0.5329449396887262 0.9025222041218917 0
0.06578396573440259 0.7620573664690069 0
0.4475524316646817 0.04917272764437997 0
0.4460427472522749 0.03995423311114055 0
0.5261225384557602 0.3279681395985324 0
0.5283292764345509 0.3178270836086332 0
0.5963337468587678 0.7774974647760489 0
0.5941769505785687 0.7876832622516496 0
0.5864365627195014 0.780717991777921 0
0.548426442298492 0.9164530418228395 0
0.8664560793115461 0.3683254482467077 0
0.8944741556888209 0.5001409237876678 0
0.9017682770076014 0.5078655833514835 0
0.9903478600421306 0.4841167265319235 0
0.9909789020439121 0.4739583333333341 0
0.4100171149986997 0.5739654561308106 0
0.4177391803509378 0.580911350310118 0
0.6072282488087247 0.7267444072754128 0
0.6094243930699611 0.7166137501030612 0
0.7865023766982008 0.1390740379613471 0
0.7886280593816986 0.1289016404306768 0
0.8652500492994433 0.3309306903421088 0
0.8575263271640785 0.3240288989965757 0
0.3522510494831356 0.1951906050089818 0
0.3544406428499789 0.1850313969228562 0
0.782861727893577 0.6790665173694694 0
0.7927162976240463 0.6758442368942327 0
0.8655066179892409 0.4626895935041175 0
0.8676591169022576 0.4528115352574055 0
0.8751005620835437 0.4600993346461305 0
0.1962747834461356 0.3025933890013232 0
0.1973572779517745 0.2923961785013162 0
0.5515433327692489 0.6038690782480644 0
0.8316581923496008 0.9622357913075665 0
0.8306575900717923 0.973067574258721 0
0.04918836106460756 0.4067273010569123 0
0.9731155393244819 0.2034282889199076 0
0.9819684764536205 0.2090386574583043 0
0.5387575274887102 0.7014639451473091 0
0.5365871361748216 0.7116290370057701 0
0.528838305145912 0.7046471328019503 0
0.03450551764931054 0.8287150910252357 0
0.03713049492677328 0.8186576321015292 0
0.9742163944010043 0.2953776972937099 0
0.9727401602618077 0.3055382197073817 0
0.5169664859654828 0.1132953212282288 0
0.524679380360919 0.1202479010109431 0
0.5000327590099894 0.3647245176930709 0
0.4923361360335977 0.3578001167967917 0
0.5021839203574231 0.3545983550470495 0
0.4914171102200112 0.4052096140201268 0
0.4837240698539336 0.3983102142218936 0
0.4935759252015806 0.3950797512356004 0
0.8883234518483639 0.3518160343101184 0
0.8960064945304667 0.3587812377854705 0
0.8656180397190364 0.1134017871423114 0
0.8733453329165535 0.1203599568671688 0
0.1373771403449197 0.4255837752663248 0
0.1395547180319016 0.4154038153002103 0
0.08248142536124026 0.8136130413793556 0
0.07256662653837476 0.8168365246422445 0
0.07473266776251808 0.8066316355537589 0
0.6584686766824832 0.2662347499321615 0
0.6682950241699489 0.2629482000458475 0
0.07040672204784099 0.8270304227907863 0
0.1542126897888245 0.1024278455285378 0
0.1443746119962744 0.09928943056776074 0
0.1521019570569118 0.09236306571841724 0
0.5120823828024124 0.5687857262125888 0
0.509938450190438 0.5789485080147506 0
0.4375238465097472 0.3567400584968335 0
0.4298154371545301 0.3497897566351034 0
0.990815757102335 0.2139460243170117 0
0.9911527193512853 0.2034259664746265 0
0.8866876421127369 0.4931525312703556 0
0.8963199437757547 0.4906510276128077 0
0.7128578769913609 0.7491695312429094 0
0.7051295209325559 0.7422287587469645 0
0.990803555998947 0.4113147784010278 0
0.8624947319645011 0.3881621680888353 0
0.8642118099881789 0.3785537306721362 0
0.8723928788717518 0.3849136573536627 0
0.8373809454479023 0.8126722860817848 0
0.8472392889860025 0.8094512206927609 0
0.8451160796845998 0.8196237477876014 0
0.8521635896831479 0.5425916399751984 0
0.1042272074892215 0.4078975477502377 0
0.1141520429639803 0.4046872369810871 0
0.5945626008025153 0.8729567930569126 0
0.5240967352996621 0.5554157605893079 0
0.5142144491882598 0.5586100844625345 0
0.9909789020439121 0.4635416666666675 0
0.9821086450322424 0.4583339245500467 0
0.9911297429883303 0.4531255912167134 0
0.56243889130036 0.5531478076417297 0
0.5515567587135002 0.5508790052730863 0
0.8800806406300733 0.3918482900430943 0
0.8817977186537511 0.3822398526263951 0
0.1562104897365336 0.3341167512607298 0
0.1543655848580583 0.3442449866123871 0
0.1466509410273589 0.3372475417357965 0
0.2763105044238398 0.4657533198407693 0
0.2741572379964509 0.4759366465984644 0
0.266418042288562 0.4689789259882821 0
0.5867208248989431 0.5911583733009059 0
0.5857603160627154 0.580029250244813 0
0.1007937755215615 0.684121841459193 0
0.09862482016165153 0.694320532578292 0
0.7439179733170793 0.9737880114792583 0
0.1832079985521659 0.9043375814563115 0
0.1909517510432953 0.9113204590228572 0
0.8332393420055806 0.01801324130085069 0
0.8281178068294764 0.009027052905603794 0
0.8848967538835246 0.4569291497613251 0
0.8870229402776484 0.4467926950975008 0
0.8946666331646126 0.4535005684594074 0
0.8916608183679373 0.3790498500944753 0
0.499089261062692 0.4121581326832551 0
0.7929110365199973 0.1086169416744942 0
0.7907998293808836 0.1187638894252695 0
0.7830247300443032 0.1118137761557688 0
0.5438213474443103 0.5969289500555136 0
0.5408364814850241 0.6067157636569446 0
0.09213235552856025 0.7249426734376956 0
0.1877367747513762 0.665398288355613 0
0.1976480557403938 0.6621516336562034 0
0.1954612797230371 0.6723723953844604 0
0.9735480319665299 0.4426428735658212 0
0.9734247519414834 0.4322311639327546 0
0.982136205951614 0.437506139467026 0
0.5043452856577806 0.5618303619842738 0
0.4944844331238901 0.5650620816197568 0
0.3773746141436178 0.4234452158890512 0
0.3850970086624831 0.4303990340094269 0
0.3751987859913802 0.433598626803522 0
0.124071769867426 0.4014766780710244 0
0.6149609636188124 0.7336998324801584 0
0.6248905851883133 0.7305136451745257 0
0.4357019998041981 0.4517651204284465 0
0.4455693303662909 0.4485539567765108 0
0.4258362524223459 0.4549756586234555 0
0.4279877094060864 0.4448199689507375 0
0.23922788891906 0.5537176781782432 0
0.2292996481566105 0.5569323819100714 0
0.6604872740732242 0.170666421166548 0
0.6527938334937253 0.1637014192564151 0
0.7985143658573927 0.1257048059494023 0
0.8084248454894765 0.1225176943518052 0
0.6019180196264804 0.7946434599939953 0
0.5920208354872141 0.7978639869958675 0
0.5366962648643469 0.5887470338153031 0
0.5253890886345142 0.5928333238797835 0
0.9563303393729217 0.4320215355955339 0
0.9559604849950282 0.4216748684350242 0
0.9644667235785058 0.4270212308710401 0
0.474464625940934 0.7246224753342878 0
0.4651000923433863 0.7230345913228879 0
0.8217592844771376 0.146604178883787 0
0.8239027063607949 0.1364323332020108 0
0.8352252223886548 0.6054151130720856 0
0.8373705276593779 0.5952856781943681 0
0.8450319061050056 0.6020614303000098 0
0.1987030957823637 0.9183044706129825 0
0.2008846907917679 0.9081122754789734 0
0.3850272559456414 0.1277449099923993 0
0.3751386775454579 0.1309578887710386 0
0.4824858927896413 0.3610019033629095 0
0.4846370541370749 0.3508757407168881 0
0.4734491037009893 0.534063007639374 0
0.4635757099510778 0.5372861797045847 0
0.1175781242039036 0.4320193505285037 0
0.1098359749874399 0.4250499494724517 0
0.6406297470110914 0.02705617663262894 0
0.6458249415314526 0.01806055518515698 0
0.6510417069356971 0.027076663475889 0
0.8983012231742205 0.4804581416045105 0
0.9060877367503046 0.4874465341218227 0
0.3442700829545059 0.4057706875686005 0
0.3421159764314653 0.4159395088065428 0
0.3343759898844944 0.4089771294661987 0
0.886818169977484 0.5308511061435345 0
0.8974541985402822 0.528276370256597 0
0.4017020452054499 0.1791004084038015 0
0.4116073795041595 0.1758818554361797 0
0.8288902714715524 0.5891848706668912 0
0.8386969551879031 0.5858311878948154 0
0.4400267789251148 0.128811697570364 0
0.4421891027962399 0.118651393856086 0
0.5053656405103047 0.9020171824628879 0
0.5152813245625963 0.8987784708376895 0
0.5059916175663044 0.4666873981637571 0
0.4961472268082194 0.469914764486117 0
0.38525100910726 0.2128527256201557 0
0.4562552599988408 0.6158234675525521 0
0.4464152318678088 0.6190371625485533 0
0.7502238511636339 0.7464427166260055 0
0.7523744166013777 0.7362817707013968 0
0.7600986368507476 0.7432214940787273 0
0.5648452231583242 0.8826356220775531 0
0.8527438863632781 0.6089713085721387 0
0.4785839070654407 0.4661910126522641 0
0.4862954204167489 0.4731266402214983 0
0.4764349984187545 0.4763299996432621 0
0.3256772800415921 0.1470206878490872 0
0.3234664905374217 0.1571797237150428 0
0.315744375742729 0.1502235358235232 0
0.8380644125053558 0.3291576064329069 0
0.8305861406577948 0.3219537594209165 0
0.8401865457472288 0.3200120060879412 0
0.52482784820863 0.4604213547666641 0
0.5155752820345536 0.4634218560310209 0
0.8506026578524721 0.619121673557731 0
0.8604599433814679 0.6159021169521423 0
0.9003047314596296 0.4704453356183786 0
0.2108089442345924 0.9048934616598485 0
0.203057599495524 0.8979094500697232 0
0.5134337890212529 0.4735763336089974 0
0.8796047698166579 0.5721634166449289 0
0.8818778371886483 0.5620404703033599 0
0.8888755075498307 0.5688749195598024 0
0.4939983181615332 0.4800537514771149 0
0.1351827270291531 0.4357617866350647 0
0.1450996869690392 0.4325450208799598 0
0.8498117166663193 0.3170784851614225 0
0.8596732262356079 0.3138915310580666 0
0.7968841597303701 0.008957399949997946 0
0.3541494269802139 0.01820868141104359 0
0.3598864581387778 0.02678575952895734 0
0.9916703209716714 0.3400402377709797 0
0.9896197955971449 0.329029602757646 0
0.2749043957356951 0.1256420672098134 0
0.2727409649841457 0.135816459211383 0
0.2650944957505627 0.1288346996379144 0
0.699568747336216 0.7251285343455094 0
0.6974062371852829 0.7352872515018524 0
0.5717491350045401 0.634443275740619 0
0.5286057837668831 0.9229225642729184 0
0.08322411897252519 0.3768306660413139 0
0.09313167666569322 0.3736158627920658 0
0.5474031161485717 0.5859003484064228 0
0.2742488864904272 0.3274583404229409 0
0.283915950789176 0.3237899216519683 0
0.2826193958777259 0.3340572380665584 0
0.4946021043108119 0.6495163080691339 0
0.4923037922333322 0.659584226353251 0
0.7257475525771662 0.9059788504459709 0
0.7179990899158184 0.8990238890520088 0
0.5255080578559571 0.6774288185255055 0
0.5232721267246644 0.6875196985050295 0
0.6459804385805332 0.1092098482253163 0
0.6382600869002439 0.1022598559983214 0
0.6481347352787179 0.09904695463951563 0
0.5092432542477877 0.1063386873039076 0
0.5191334355134036 0.1031308295159202 0
0.08660369898791087 0.4041849505077294 0
0.07888804755030515 0.3972228724146163 0
0.3730293908320794 0.443758339081933 0
0.3708661958728573 0.4539194801696832 0
0.6006508765823654 0.7571557403649003 0
0.5984888486017746 0.7673198938557902 0
0.6855647408383532 0.61659013227911 0
0.7334879222877757 0.9129332384888064 0
0.735628850184935 0.9027456278115544 0
0.4344688319554098 0.1116885003855699 0
0.4443550704199686 0.1084817395690806 0
0.5718935760857311 0.719150349900108 0
0.569692728826576 0.7292867347073162 0
0.4468434610911485 0.4859709942686719 0
0.4369745064759875 0.4891871081068064 0
0.3798540901689346 0.4983426682171244 0
0.387587895855837 0.5052901208916144 0
0.3777017383743386 0.5085170016553389 0
0.2862020231354244 0.4625330303062654 0
0.2784628274275356 0.4555753096960831 0
0.1970906273955388 0.4915041409500459 0
0.1992615656100284 0.4813142179149315 0
0.2070076252223103 0.4882852623460626 0
0.4254822910551042 0.5878618330828078 0
0.4156279684582246 0.5911606103415792 0
0.9024086574348479 0.4603730262395625 0
0.9101729421239886 0.4671813387347095 0
0.3962070856612862 0.4646146242764229 0
0.3863233161387672 0.4678270016227967 0
0.4324163587688282 0.6810435017116682 0
0.9012770427679678 0.02675714044745414 0
0.7205884804610725 0.7561105289053203 0
0.7107075984902493 0.7593324393451611 0
0.7765592106367605 0.02638967040260881 0
0.7668326747130819 0.02621345269610131 0
0.7715173502600288 0.01786515757188778 0
0.8569785159395663 0.1540974850857001 0
0.711551508907745 0.9295355338755349 0
0.7016630209571431 0.9329200668101978 0
0.6026419594496262 0.6621778194864012 0
0.7727363643692871 0.2937025462305318 0
0.7650335739789309 0.2867870701336099 0
0.7740100345945086 0.2847999138042308 0
0.456788598664161 0.9553984569308844 0
0.4665560364050513 0.952764227297074 0
0.6406231574700905 0.009020034170948488 0
0.651035117394696 0.009040521014208491 0
0.8806265435838159 0.3448654238007919 0
0.8904799244725832 0.3416866501884906 0
0.8618401306097151 0.3037513679810585 0
0.8695547411074744 0.3107017818162117 0
0.8430058082172101 0.2626457675485785 0
0.8529428226963431 0.2594172475914178 0
0.4082421458305368 0.4512402397761986 0
0.4159650968775905 0.4581896583151399 0
0.406085280683893 0.461399390945592 0
0.2852641844993255 0.3134858243669645 0
0.8028706162304712 0.1054194197858473 0
0.7950955168938908 0.09846930651634667 0
0.4001223214391601 0.5771657777806098 0
0.6087791130527704 0.8493193086109663 0
0.6186780034556993 0.8460924944492472 0
0.6165231533284146 0.8562839161729419 0
0.4742870146954709 0.4864822865943582 0
0.4665755013441626 0.4795466590251241 0
0.7718451752102329 0.6073754708613933 0
0.7818785106707231 0.6047042793536714 0
0.778506186237145 0.6152414287329604 0
0.3464264360679482 0.3956086751834329 0
0.4335250712229241 0.159303405439985 0
0.4412297873451547 0.1662614829803711 0
0.4313566681853928 0.1694717366373272 0
0.8768675920930417 0.5822582685526297 0
0.8844626757288729 0.5891512033185914 0
0.3485819024519753 0.3854462363163254 0
0.3507173931047348 0.3752710246645378 0
0.4567090906467445 0.4827545361056357 0
0.7322883349984947 0.6577663067700277 0
0.3213045369856475 0.1673474322077708 0
0.4039300367083399 0.4715640428153642 0
0.9730548975635899 0.4218844967722449 0
0.764030630605265 0.5998773172862849 0
0.8772538477143171 0.3176490210788455 0
0.8794207520884243 0.3075088580018375 0
0.1550282656311281 0.4293375280398317 0
0.8729476390367772 0.337877737735081 0
0.1560910611025955 0.1122140996947348 0
0.1638184061632329 0.1052877348453913 0
0.567533430470313 0.7394668580643045 0
0.5597883188635641 0.7324906747830433 0
0.7359693171873405 0.117728774420624 0
0.7436690349871796 0.124685421149217 0
0.7338375692133314 0.1279199139594467 0
0.6681532179334884 0.8299962514802379 0
0.09549630466263193 0.752372764873949 0
0.6028423229011226 0.7470168992949051 0
0.610575784522606 0.7539687523392649 0
0.2064605987394013 0.9252955992944759 0
0.7224206801189054 0.6609930034471915 0
0.7301451263879245 0.6679269106238443 0
0.5210965737922431 0.6976754354578559 0
0.5189261824783544 0.7078405273163169 0
0.5520486898379531 0.7255283649012052 0
0.5498893914816901 0.7357084882581935 0
0.7730002475827145 0.6822844698805779 0
0.7807007064881811 0.6892265268825197 0
0.7403721062160917 0.268488763107522 0
0.7324552093549079 0.2617338899236981 0
0.7429246396554482 0.2573400740407036 0
0.6118146939027448 0.7914218499399177 0
0.6096585788113902 0.8016025746841355 0
0.4415431822997862 0.9418103297598581 0
0.4316226819981747 0.9450348719100905 0
0.4337820713808529 0.9348347185347941 0
0.6438253147939225 0.1193663359185611 0
0.6536999631723965 0.1161534345597552 0
0.1683210880841969 0.4534384597022059 0
0.1705018335950019 0.4432613157148028 0
0.7287525674030658 0.8481262052958006 0
0.7308952497275847 0.8379509584596356 0
0.738636188819171 0.8448990888758596 0
0.7643983537065707 0.7229031294866149 0
0.7742681405996508 0.7196818457078541 0
0.7721189891815715 0.7298392643753577 0
0.7663120738348419 0.008844469932690169 0
0.7760386097585206 0.009020687639197611 0
0.7545287731458642 0.7261233056657955 0
0.7686933656509842 0.7025950951063697 0
0.7785575294860088 0.699376154087787 0
0.7764116689596744 0.7095267698005285 0
0.7070314363296775 0.6471074551432527 0
0.7147184896755654 0.6540652281540591 0
0.9468766449303632 0.4164879132099137 0
0.9550130291359473 0.41148760848542 0
0.4513742111676361 0.9385667468601314 0
0.449214821784958 0.9487669002354279 0
0.8894991665218023 0.4254306912351477 0
0.8821880230915311 0.4180872963130865 0
0.4240968295947025 0.5501888554049239 0
0.3575788747730531 0.4298503367465106 0
0.3653069963132141 0.4368045209615573 0
0.3554094796137522 0.4400100490249215 0
0.4541646519181496 0.4079483962228719 0
0.4520122838859151 0.4180904757912035 0
0.444308616296038 0.4111589718772479 0
0.8241699359106445 0.2215383280041183 0
0.8264362945181444 0.2113157678167488 0
0.8319432274028363 0.2284414743815468 0
0.8418547184642498 0.2252172614670153 0
0.2905648985352908 0.2263025539899204 0
0.2828243315170998 0.2194394113418717 0
0.2930448779620701 0.2144071577599544 0
0.4236793872757021 0.4651348097928489 0
0.4215304930866173 0.4752955816979269 0
0.9910064629632837 0.4322972149169801 0
0.9911297429883303 0.4427089245500467 0
0.6916401183040466 0.633282260276405 0
0.6993347896975275 0.6401805669386611 0
0.9903478600421306 0.4945333931985901 0
0.990274214790926 0.5051229115381966 0
0.7406764214143072 0.1824046966911805 0
0.7631365193529636 0.685500901253796 0
0.4545618880652831 0.4929154041392563 0
0.2800314149601215 0.1429271491372303 0
0.7378535922758913 0.6748560892095912 0
0.7455641079064387 0.6817846437932328 0
0.3962620302584576 0.9375634969944395 0
0.3940450763951542 0.947590157519876 0
0.3863477184427696 0.9408138807159461 0
0.3819517830718165 0.1855314477478776 0
0.9822800872823114 0.1886370210673407 0
0.9911273679310261 0.1831277212593814 0
0.9911527193512853 0.1930092998079598 0
0.4387562836059338 0.3940794266902936 0
0.44091125393643 0.3839423689877213 0
0.4486159546587686 0.3908798346063441 0
0.8993577761811877 0.3860019517380457 0
0.9015331141370524 0.3758773165166943 0
0.537142976013671 0.361729216393093 0
0.5349946421947421 0.3718468446433193 0
0.527410991029822 0.3652440882829119 0
0.4212741032704581 0.950221562957131 0
0.4113230118362585 0.9533618195138025 0
0.4139104796450417 0.9411995172416979 0
0.6285749463809915 0.8428644027100807 0
0.2694197012911572 0.9331886306907864 0
0.2772064988346404 0.9401071944403561 0
0.4344479417850583 0.4143622812006864 0
0.4322922040308814 0.4245110416907099 0
0.4245838975521361 0.4175722714458167 0
0.4553227041529894 0.721426195513139 0
0.4477168229433402 0.4383983549706656 0
0.8779401187082497 0.4391240784726083 0
0.8877099979893377 0.4356954971706907 0
0.09023141337582241 0.8205925739607942 0
0.09239745459996579 0.8103876848723085 0
0.4366003098172927 0.4042202016323548 0
0.8157248178522705 0.6124380607355977 0
0.8179049103481854 0.6024256162172714 0
0.8253837514471123 0.6086518054847702 0
0.7699743994288033 0.7399997161308467 0
0.7678238339910595 0.7501606620554555 0
0.4260237573724689 0.9278588709286375 0
0.4359442576740804 0.9246343287784051 0
0.339444284356111 0.6224138431537749 0
0.3361716465734579 0.6326872582877224 0
0.8551091520090216 0.2492689267759188 0
0.8572721702076302 0.2391201681628324 0
0.4356874410975043 0.1491414354200898 0
0.4258143219377425 0.1523516890770459 0
0.6792766214563949 0.2118599436344045 0
0.6449225027545327 0.8090759291813545 0
0.2507319553740638 0.2984761287370102 0
0.2493971853300088 0.3086800902558405 0
0.4288956090949541 0.397282736013732 0
0.4622793308353705 0.4998583120733917 0
0.4721432070743466 0.4966291723831112 0
0.1484884467215798 0.4598799334684778 0
0.1407406135702958 0.4529102823212028 0
0.4524137012797745 0.5030747702364278 0
0.6757092036411217 0.6198368608882164 0
0.6839449020535063 0.6263669688563561 0
0.52186925845258 0.3482001892255875 0
0.5197199340912828 0.3583246079880071 0
0.5120298676951121 0.351398337180909 0
0.09114913278588282 0.7727979437886012 0
0.1010682355113042 0.76957386095892 0
0.09890149922053837 0.7797796644965906 0
0.1837891786322326 0.4673728401241093 0
0.1915287102080651 0.4743415677496645 0
0.1816050362074244 0.4775643688933596 0
0.4954578741762182 0.9052789478035902 0
0.4976191594841703 0.8950679101134038 0
0.4125556465948211 0.4309281684775534 0
0.4202750609110967 0.4378757695407933 0
0.4104025477079586 0.4410829060825066 0
0.5542269878687234 0.7153782003885919 0
0.5564419679415534 0.7052548873354455 0
0.5641625972926571 0.7121872383729086 0
0.430140808292949 0.4346652313457844 0
0.6913264317235857 0.1984501780034136 0
0.6814524399293709 0.201667239951778 0
0.6836158904561236 0.1914705140119999 0
0.5477283651828587 0.7458950747557406 0
0.555470281578453 0.7528580206516997 0
0.5455696262540105 0.7560822972674087 0
0.2659595319108005 0.321198130728334 0
0.2646629769993504 0.3314654471429241 0
0.8025776002408633 0.6726252218145451 0
0.8004234894158607 0.6827895592917237 0
0.5309759937152061 0.4772889219989465 0
0.5290494125598244 0.4874640149041389 0
0.5210908723341205 0.4804858843814537 0
0.4126695895270801 0.02687493727363038 0
0.4074619309062131 0.03593995544602968 0
0.4010428759360339 0.02685978293291835 0
0.6834475589899623 0.2869682912036933 0
0.6846697338399013 0.2773255747077195 0
0.6944105156068372 0.2738238381625703 0
0.6857253362992459 0.2663779016433696 0
0.5998965582889467 0.2855927888976737 0
0.5900222743705753 0.2886806096286849 0
0.5915218764603359 0.2777499815259953 0
0.8265398711251142 0.04447032855563893 0
0.8166108327443418 0.04467093812196282 0
0.5400710438197578 0.134187363643286 0
0.5324015817098769 0.1272025829670634 0
0.7060783188222198 0.6946598034012582 0
0.7225139942986345 0.2646210526625524 0
0.7250665277379909 0.2534723635957341 0
0.1149107516343042 0.2717718946426871 0
0.1169530094270138 0.261655040455758 0
0.8703210806521355 0.6126823697051242 0
0.8681798521413294 0.6228327346907165 0
0.4563162503425603 0.3978108361679997 0
0.4640199179324374 0.4047423400819552 0
0.7532761280978462 0.6887174436879506 0
0.7609788349222013 0.6956610218277828 0
0.349845713787534 0.4228944658594097 0
0.3399516207175225 0.426100907757008 0
0.5765379737410028 0.7839393896934458 0
0.4168723294287126 0.4106297921606464 0
0.4147165916745357 0.4207785526506699 0
0.4400048525258711 0.431455241100654 0
0.7403472501780013 0.7496658355015132 0
0.7480714704273712 0.7566055588788438 0
0.67591065537456 0.1845318074634442 0
0.6857846471687747 0.1813147455150798 0
0.7231602064853769 0.831006182803852 0
0.7330438279014823 0.827779066383911 0
0.6380925754071247 0.2740518618130983 0
0.6281881408613954 0.2770476437642746 0
0.6309907424528001 0.2653203026639036 0
0.8856927250044562 0.1920959092911761 0
0.887859680085463 0.1819312987065869 0
0.8955755302938764 0.188888460306593 0
0.5564747850620537 0.3548193427862438 0
0.554239135031827 0.3646687282437963 0
0.5469622772088177 0.3584825872959478 0
0.2919065344105705 0.9541531567522276 0
0.2820479027595816 0.9571182657268987 0
0.2849397533495605 0.9470886125498774 0
0.1871824468892939 0.4947232701939186 0
0.1949285065015758 0.5016943146250497 0
0.3762509541442416 0.6446482543754547 0
0.9902157609381681 0.3789710315828987 0
0.9045348438289715 0.4502365715757382 0
0.8360312831423486 0.3390299389081085 0
0.4781808981383475 0.3812612527313531 0
0.4760272005961755 0.391392565732225 0
0.4683252138990201 0.384473467026211 0
0.8561735638642944 0.6362089194293528 0
0.8660389349309664 0.6329869426657447 0
0.8638937839245989 0.6431433801573629 0
0.4597242543033843 0.4250335896612151 0
0.1661332222937163 0.4636289879055271 0
0.1760533704220726 0.4604051130644833 0
0.6614211919403213 0.02731183877568266 0
0.6666160744572621 0.01819025120792361 0
0.8639879213779332 0.293611525553961 0
0.8738876207651535 0.2904160144174787 0
0.8815896865169169 0.2973644067775468 0
0.8837556618004889 0.2872188024558218 0
0.5423929869011198 0.3781307195568837 0
0.5326610019172708 0.3816455914467026 0
0.4612935857671834 0.9353393327943329 0
0.4536219462820116 0.928382762318763 0
0.4230877630812845 0.02626230870650675 0
0.4166687081111053 0.01718213619339537 0
0.09991674348438673 0.4282584539846442 0
0.09786721145090832 0.4384695113243451 0
0.09008788693252134 0.4314898052734117 0
0.09797901624976302 0.82756771236092 0
0.1078964186253526 0.8243455116064964 0
0.1057279922605676 0.8345460065136694 0
0.6173993103157713 0.8085646045887971 0
0.607502636039507 0.8117862146428747 0
0.2728965014967652 0.2226231738808168 0
0.2753764809235445 0.2107277776508508 0
0.3671620005436627 0.9478634998288363 0
0.3577004586521019 0.9515928831700863 0
0.3592540831724761 0.9409511042940009 0
0.08123204314461718 0.7760292578868246 0
0.8698699217318593 0.5754238192961872 0
0.4520925969984292 0.711484947900237 0
0.6781420473516795 0.259762580960532 0
0.6704525169893185 0.2528311428178608 0
0.8810734144214089 0.127325672786993 0
0.8832378215685481 0.1171509433413914 0
0.2676944808956125 0.506500295224903 0
0.2655306499068893 0.5166907678392922 0
0.2577862223886222 0.5097230366096747 0
0.5898617539466021 0.8080495185449565 0
0.5976059892615269 0.8150114863945422 0
0.5877058386730032 0.8182368202012857 0
0.517571600272354 0.3684422362382335 0
0.9037058090014529 0.3657340909109261 0
0.9058761472081176 0.3555901138232727 0
0.8750854264707012 0.327788992286192 0
0.3071754423997827 0.8699286153796447 0
0.3142771007239922 0.8618617621487382 0
0.3909987727750487 0.8699178962812536 0
0.3804264401938161 0.8723969046677629 0
0.3850268498100947 0.8624949637393708 0
0.6185005376571071 0.10870084336747 0
0.6086250970522524 0.1119090445735502 0
0.610798459704904 0.1017550796203798 0
0.2504901270164207 0.5880991951524177 0
0.2526329289828788 0.577889713286472 0
0.2604556481390943 0.5848848482602202 0
0.1314468079113649 0.3232738787372785 0
0.1215498564099791 0.3264901652813288 0
0.1237655089058473 0.3163006941603548 0
0.8072864790185451 0.04502641534462704 0
0.7969438310886062 0.04471026030546937 0
0.8021688713807099 0.03561910802537926 0
0.7463851291419487 0.8518460090048439 0
0.7541267177672475 0.8587965230485782 0
0.744235095119951 0.862024849755759 0
0.6294492543961365 0.7951659195991289 0
0.6371880545835074 0.8021244405076122 0
0.6272940532750254 0.8053394855385413 0
0.623369837126497 0.9110688624625878 0
0.6156265959396013 0.9040950175050445 0
0.5064861497011106 0.3343443360049241 0
0.5043332447187202 0.3444739362846297 0
0.4966402023634217 0.3375443538710646 0
0.1370185957821902 0.3404195634728532 0
0.1388635006606654 0.3302913281211959 0
0.5936031841741635 0.1829429897067392 0
0.9908935927652085 0.5776249436773983 0
0.249570773075692 0.9396230163849137 0
0.2474084021112166 0.9491333008420053 0
0.2698555158296329 0.4963111705257097 0
0.2775999433479001 0.5032789017553273 0
0.3355692786127111 0.1438080300656465 0
0.3278471638180185 0.1368518421741269 0
0.5133600040571068 0.6907130930193959 0
0.2367218533510471 0.4786314454989523 0
0.2345563378672747 0.4888179012191557 0
0.2268115017293136 0.4818519573105515 0
0.4875443822378355 0.5105069582957292 0
0.475270078592186 0.2214877440767928 0
0.4603018092128345 0.2927838417716377 0
0.4581435281756134 0.3029135397233634 0
0.4504346424099646 0.2959904595815453 0
0.5344323530908143 0.2022151273528726 0
0.4690478501278573 0.9423042398963566 0
0.4712955852422329 0.9321202553549883 0
0.5597781146331638 0.1278530041788678 0
0.5499418638147658 0.131009196207688 0
0.552137320747413 0.1208406353236619 0
0.8758119228325647 0.1953000634005753 0
0.8835277730409781 0.2022572250005813 0
0.7798441863218833 0.7367784323520858 0
0.7960579736791014 0.6189260680423688 0
0.7983927492254893 0.6093910543466687 0
0.8059112012069556 0.6157468851637989 0
0.3818596672133389 0.9596783260453778 0
0.3748695703013774 0.9546729099731521 0
0.8987359069678208 0.565651413452423 0
0.8964628395958304 0.5757743597939919 0
0.7485278114664676 0.841670762168679 0
0.1020566504690529 0.4180702434215183 0
0.5077947270971983 0.5891063499068857 0
0.5000694961786935 0.5821638456264633 0
0.8628141184621456 0.2562206439970819 0
0.8501598154492132 0.7516682073847434 0
0.8578761938079487 0.7586371852553471 0
0.7633052942698362 0.1181796112123724 0
0.7731838794532071 0.1149818122911371 0
0.5945307797333312 0.1354355187144671 0
0.6043734125777133 0.1322110575496537 0
0.6022493947586947 0.1423772848128754 0
0.9824790724977288 0.2500240270597989 0
0.9909804441402168 0.2447943376558175 0
0.991498628357512 0.2552296894039821 0
0.5005536510490859 0.1469945103038465 0
0.4906850180910211 0.1502060168470628 0
0.4928552943728811 0.1400345162814594 0
0.6956490493616959 0.1781099141235525 0
0.6879438142801324 0.1711712075749969 0
0.4923424413002921 0.5752220839767035 0
0.484613655152249 0.568278161862132 0
0.4950152831838157 0.1298731396618227 0
0.4971914718682762 0.1197132243008092 0
0.9916703209716714 0.3504569044376463 0
0.480331943063678 0.3711342167340761 0
0.5444643281679139 0.1138345598763001 0
0.5345788685800569 0.1170421453963618 0
0.5367421268189558 0.1068798779201798 0
0.02993294908075306 0.8389907851783325 0
0.02369535457953442 0.831097650629834 0
0.7841323044346752 0.7164629046892713 0
0.6217127200645164 0.7882043248976749 0
0.2517453861345085 0.9294224607492587 0
0.2418086325985953 0.9328288831087631 0
0.6330627040576342 0.1701195758078152 0
0.4348227548055592 0.4993471200867396 0
0.4271010027718594 0.4924023658912536 0
0.7682468957842788 0.2679917766055886 0
0.7585743903603922 0.2709896924659182 0
0.7605140419405186 0.2610970313641979 0
0.112746644138773 0.2819509519650189 0
0.1048935302034371 0.2750499961948411 0
0.6433601367401454 0.6867878343887988 0
0.6334685757133168 0.6899667592997895 0
0.5821206848986904 0.8010893208026109 0
0.732619194938224 0.7427253070258718 0
0.990815757102335 0.2243626909836784 0
0.9909804441402168 0.2343776709891509 0
0.02725646115362312 0.3075012821212025 0
0.02839403392167067 0.3189948655381649 0
0.01956886036299915 0.3140049701059632 0
0.3594373651834469 0.009005140171750137 0
0.3488787284634346 0.009203541239293456 0
0.8260449889394883 0.126249190801054 0
0.8183348312941436 0.1193302178849613 0
0.8282162651112566 0.1161110749263999 0
0.406171145090773 0.9342953131630242 0
0.3984737871383884 0.9275190363590943 0
0.3764231948217515 0.9440311310970668 0
0.378640148685055 0.9340044705716302 0
0.9896197955971449 0.3186129360909793 0
0.565371553663471 0.7496406274004744 0
0.7884190097968712 0.6961582015766785 0
0.2185598030965152 0.9118783198357033 0
0.2207327118002713 0.9016754944264531 0
0.5387079128093917 0.6168509721605498 0
0.5309859274844531 0.6099108439679992 0
0.4378636926654356 0.1389774797626517 0
0.7505482291758934 0.1792004995845419 0
0.7603755178491475 0.1760420224295125 0
0.1100655595185197 0.8141440059348468 0
0.1178145355293242 0.8211223000875962 0
0.6283898452559089 0.1054848139992108 0
0.6305441419540936 0.0953219204134102 0
0.648613518277954 0.269388629336937 0
0.6458109166865493 0.281115970437308 0
0.6861589483189202 0.9189251799708655 0
0.6939032264221143 0.925874621978473 0
0.7588329743958669 0.7058116375405243 0
0.8797886477054662 0.7420377970532769 0
0.8776301455442781 0.7522156572686405 0
0.07202919697607374 0.9496863445397146 0
0.08169915844953934 0.9461924882923644 0
0.07965512421728005 0.9562996749312531 0
0.5232594271708334 0.602973748073158 0
0.5155340196452622 0.5960314364885475 0
0.47902879652959 0.551173828550592 0
0.47688488426503 0.561336511606791 0
0.469158033818773 0.5543921806521976 0
0.01765303178930933 0.10416517646586 0
0.00880701818740437 0.1093730044574065 0
0.008846013601904956 0.09895883867512012 0
0.438261044921363 0.9608368678774184 0
0.4290352141893914 0.957197174182195 0
0.8724178944950572 0.1680139794370239 0
0.8646987734864778 0.1610550855394842 0
0.8745785117548486 0.1578429331873722 0
0.4301397780720019 0.132023936864863 0
0.4202535774714813 0.1352347260639136 0
0.4224166637311605 0.1250689438716259 0
0.5855463455429309 0.8284254729340287 0
0.5932931279244873 0.8353897705106358 0
0.5833893994794903 0.838616455393793 0
0.4726328611671553 0.3642098406541725 0
0.4193780481444935 0.48545764671473 0
0.4116557867888231 0.4785108745013364 0
0.9909789020439121 0.6302083333333339 0
0.3281580312573359 0.2218924523564227 0
0.3260620352135857 0.2319852751342565 0
0.3183390710689294 0.2250398889496459 0
0.4159313449092112 0.1555613727476143 0
0.4180937147837914 0.1453994027277191 0
0.991498628357512 0.2656463560706487 0
0.4161222365249726 0.9311550566063527 0
0.4182844228182001 0.9209546668499637 0
0.5598365549460387 0.297755468115694 0
0.5500866575271705 0.3012669092182302 0
0.5522371524128007 0.2908634563317242 0
0.4469575697963112 0.958642039830611 0
0.6339541811454775 0.1225762661411841 0
0.6240648735466756 0.1257922955094433 0
0.6262164826032574 0.1156387789523813 0
0.3435871173938975 0.2357945748273281 0
0.3414309615653021 0.2459483907948491 0
0.3337248395733968 0.2389916545085544 0
0.359014448277662 0.2497340486602187 0
0.356856664333875 0.2598866229462953 0
0.3491354554420158 0.2529038853996994 0
0.5403300593515755 0.30450387639928 0
0.2853308835606572 0.510236900902507 0
0.2930747165147153 0.5172049959323002 0
0.2831827413679378 0.5204361214843138 0
0.2423005172761777 0.4957861813818327 0
0.2323901656544443 0.4990066931934318 0
0.4614298909653881 0.5474483305092666 0
0.453703654833133 0.5405050126178527 0
0.4214907890297737 0.1726740566487027 0
0.413768542537548 0.165721457884418 0
0.5443280604868495 0.7185960138637422 0
0.6507503354030586 0.2591706413079518 0
0.1133100512347632 0.4524010657367475 0
0.1209663921980055 0.4593534022459358 0
0.1111402443666774 0.4625857196193147 0
0.7304668142019614 0.7528881492787101 0
0.7283165357008498 0.7630510573809617 0
0.4114586006117842 0.0088973823802595 0
0.4218767741659886 0.00828475381313587 0
0.6053467207659081 0.8219735162992039 0
0.4894708368037325 0.1127587300846282 0
0.4795797399878964 0.115973809884107 0
0.4817439377549435 0.1058092703833329 0
0.7752950865923209 0.1048348645403618 0
0.6562259974199601 0.03630746022315468 0
0.7836535187885463 0.2818271202163248 0
0.7759507283981901 0.2749116441194029 0
0.8480047959573975 0.109682515362249 0
0.8458263810654907 0.1198241973527742 0
0.8381048376485081 0.1128883658519675 0
0.3023033105789835 0.9516122875454245 0
0.3670354921471338 0.3416037521689491 0
0.3571233190686159 0.3448042034288281 0
0.3592648401799957 0.3346378867735269 0
0.6316067213729983 0.7849892798667458 0
0.7999033539430616 0.2968099411954533 0
0.7902761844483019 0.2997573535931199 0
0.7913399944796242 0.2887679775034862 0
0.4139411861164167 0.2508810770446978 0
0.4160651975066044 0.2406632435142412 0
0.2812445341801222 0.3439903251171476 0
0.3169939959140896 0.1876872335458963 0
0.319156643475375 0.1775206216966719 0
0.5290214862096349 0.09992175750059923 0
0.5212982544919397 0.09296512357627795 0
0.2870651304856292 0.9371420854656849 0
0.6802354242536401 0.164229366632113 0
0.6703698086353151 0.1674354467255904 0
0.6725258208017439 0.1572887743911792 0
0.09922084883654803 0.8651421591717079 0
0.09705128249733774 0.8753378203295958 0
0.08930477202472109 0.8683603001507227 0
0.8068159477834722 0.9909679773494925 0
0.8176824449405191 0.9895004963246703 0
0.5034171544151451 0.3918530214337161 0
0.7865350548172392 0.02667216413230844 0
0.7818503792702923 0.03502045925652197 0
0.376941994507017 0.3384267951982582 0
0.3841665828157039 0.4779975163648537 0
0.3764380572687381 0.4710452418414552 0
0.8933134376695107 0.5486064835792903 0
0.9030612022467466 0.5453588202477748 0
0.900896339499057 0.5555043098867181 0
0.7428378239629754 0.172254639671681 0
0.4542203643766062 0.105307012995765 0
0.4465000935357762 0.0983441195252488 0
0.4867912368155415 0.3407431928714377 0
0.4769409935715851 0.3439449794375556 0
0.04167559855022074 0.7892915528069832 0
0.04344546125402615 0.7790093229490086 0
0.05194520043322237 0.7857970798659882 0
0.3630893994122971 0.1443434016535567 0
0.1718893574731233 0.09878536881795563 0
0.1737677287868943 0.1085716229841527 0
0.3320935954929238 0.6428052639681801 0
0.009215643797475803 0.3075056933445002 0
0.01035321656552335 0.3189992767614626 0
0.7558954071681753 0.008844469932690169 0
0.7515663030694311 0.01868964748770302 0
0.7456708959012561 0.009845177555012907 0
0.5399887361572476 0.7389327648739025 0
0.8337841401779078 0.1332131902434494 0
0.1379523384837811 0.5961159517076161 0
0.1302100723666057 0.5891375562374956 0
0.1401203145901384 0.5859215722506854 0
0.3634861418916009 0.867193492872624 0
0.3674536817778136 0.8572130808313538 0
0.5304844235433835 0.3076999415571535 0
0.5206408362687158 0.310894169801487 0
0.3652484074651522 0.1341704090449577 0
0.3674087754056883 0.1240022221052278 0
0.4146931314860507 0.1181111707554346 0
0.4048046601900306 0.1213225402608388 0
0.4069673285454414 0.1111539779455969 0
0.7761862706586042 0.6248178901817276 0
0.7862196061190945 0.6221466986740057 0
0.8436659289779724 0.1299954461906585 0
0.2621074146192593 0.4893474083706312 0
0.2720128770715468 0.4861260149010556 0
0.237896763241956 0.9528096216572967 0
0.2279778913114588 0.9560275597026258 0
0.2297151476092817 0.9462473767897472 0
0.5393786260438977 0.3518798309355404 0
0.1620422693240482 0.3511646241737599 0
0.1524827206148735 0.3542954146488266 0
0.8617520181387621 0.6533004029584637 0
0.8596069739424077 0.6634592257297446 0
0.3900884249459512 0.04433871217162944 0
0.3796749087284456 0.04440262999244049 0
0.3854217010976613 0.03598871892612876 0
0.6614517840613627 0.009040521014208491 0
0.6718309570625666 0.009149730193715122 0
0.8565579324042953 0.3715739589818802 0
0.2732764822968006 0.523661576939128 0
0.2810203152508587 0.5306296719689212 0
0.8303946800031634 0.1059693929358747 0
0.8557320862649914 0.7688032217291405 0
0.8655984625580093 0.7656068855838618 0
0.1088732079407723 0.472751411852773 0
0.10121686697753 0.4657990753435847 0
0.231886871341093 0.9360480908478208 0
0.2340614843999095 0.9258475352121659 0
0.4851466502257509 0.133084646205039 0
0.04967909537807774 0.8813201410099063 0
0.05956329278192796 0.8780169647112539 0
0.05742393887279174 0.8882959839650302 0
0.4048440784713976 0.4239856891923831 0
0.7153831223619669 0.1717229351832698 0
0.7252557367818676 0.1685093012156783 0
0.8208801173215768 0.1942210695777807 0
0.8131049979746374 0.1873174334302339 0
0.3046375317092519 0.9411289575396938 0
0.4245793320865713 0.114900381556384 0
0.4267452997103 0.1047307272693786 0
0.8943255419436059 0.5859286797832527 0
0.8921857774946386 0.5960820172004728 0
0.7675640179401808 0.09789047873779233 0
0.7774048685312769 0.09472244260242396 0
0.9068456838079398 0.5249739006506248 0
0.904869785684858 0.5351585243343748 0
0.6492413116067455 0.7887455824366677 0
0.6470777038756437 0.798902363241942 0
0.1091370094191338 0.8619226979764347 0
0.1013904989465171 0.8549451777975616 0
0.6681968775251202 0.1776070134074818 0
0.5450205598506287 0.8890880579368408 0
0.5549349968189206 0.8858602269184959 0
0.2263116469023006 0.9188635477767658 0
0.2362334081598029 0.9156443400377081 0
0.3323245535689936 0.01958429828336006 0
0.2219679994105959 0.93926602889315 0
0.6302064908034237 0.009020034170948488 0
0.6248688313197979 0.0196131836410991 0
0.6196623405163746 0.01059314947015061 0
0.3776781083331783 0.8550398118776978 0
0.2520703719682478 0.2882936082854997 0
0.2603005347731265 0.294440200384205 0
0.7527843952839935 0.2542076420956834 0
0.7448674984228097 0.2474527689118596 0
0.600471479056824 0.6723540184849763 0
0.592776665997371 0.6653943910370715 0
0.8330451298927399 0.6154275575904119 0
0.1859770444227132 0.4571823119207882 0
0.603271558277014 0.01965437359433597 0
0.5981925510939732 0.009061224124185419 0
0.609245673849708 0.01059314947015061 0
0.8227426625041817 0.09923691597398326 0
0.8326312350414331 0.09601420689955087 0
0.6031920185839916 0.8321633374690716 0
0.3223284077170652 0.8550468992424173 0
0.3126862825246166 0.2080067567500096 0
0.3106102560464704 0.2181086832899076 0
0.3028614714584073 0.2111683738681051 0
0.9906272634410151 0.139756613614359 0
0.9892323563680261 0.1511906575668767 0
0.7125752810649952 0.6642258320078758 0
0.9910064629632837 0.4218805482503135 0
0.9929964123806149 0.7023839911734722 0
0.9929964123806149 0.6919673245068055 0
0.2192509935539234 0.9596318073922024 0
0.8124389248567874 0.6694070911802572 0
0.3906265525660845 0.02698276261318877 0
0.3958342111869515 0.01791774444078942 0
0.2968957234522898 0.9339045403120121 0
0.2891624689373697 0.9269231222024906 0
0.4812118695051821 0.9288873368325479 0
0.4734576051445082 0.9219224297305242 0
0.1055899857031044 0.445435771572852 0
0.09576112915123908 0.4486671228616195 0
0.5778021102280062 0.821463505084443 0
0.2404783413512949 0.5913048394004911 0
0.2483010605075104 0.5982999743742393 0
0.6878828291186154 0.2562608444153829 0
0.4752589576129817 0.136294267539297 0
0.4774189464239164 0.1261328909196602 0
0.4606249182152284 0.3775424654645554 0
0.4584712206730565 0.3876737784654274 0
0.3239058793849903 0.2421390911017774 0
0.1154161335344325 0.4422034541994732 0
0.4808270897182049 0.1534028085629796 0
0.2633682237898102 0.5268843183238996 0
0.7916727694888903 0.01797808758919556 0
0.7864552764251872 0.009020687639197611 0
0.8363087788263183 0.2081178301902088 0
0.8285995290563997 0.201167088217009 0
0.3085142600027202 0.2282015060677414 0
0.1503241919250789 0.3644702581475311 0
0.1426475074590891 0.3575506205861583 0
0.4167833590629464 0.8350885560808953 0
0.339273177621515 0.2561009650809257 0
0.3687082723964225 0.4640909390761468 0
0.3609796776774784 0.4571356921464318 0
0.05966220491831575 0.7927657542208681 0
0.06143206762212111 0.7824835243628936 0
0.4966294575474859 0.9429837343240712 0
0.4867154865775747 0.9462151425119317 0
0.488963820572818 0.9358537542691515 0
0.8849514374516511 0.3245960684718177 0
0.5541479071552039 0.6307323555943923 0
0.5464269379162582 0.6237935276483373 0
0.3553594972725275 0.1373877349877459 0
0.345469825804405 0.1405999559935156 0
0.3476288338572601 0.1304269633849166 0
0.1410791531565336 0.3201018570002219 0
0.3547097663028095 0.2700347988909472 0
0.4434695240292058 0.630768422516488 0
0.4359083116344058 0.6236455094318396 0
0.4572250396463698 0.7989410551811454 0
0.4465809689276427 0.7997260947684137 0
0.6971764439895054 0.6503711685101519 0
0.6387396692942473 0.972170919708694 0
0.6502428610351527 0.9720901409462219 0
0.6444824671677207 0.9821312675743401 0
0.4641091142157606 0.1020968715673725 0
0.461964091099953 0.1122344916112042 0
0.2205875217622174 0.5977417589106215 0
0.2305212497993655 0.5945196638798869 0
0.2283555468052365 0.6047277136530472 0
0.7420849838380125 0.8722023658877404 0
0.7343433952127136 0.8652518518440059 0
0.3362198878968627 0.5906205481842695 0
0.3286045074251666 0.5970423867037089 0
0.41037060044295 0.138444409734482 0
0.9911273679310261 0.1727110545927147 0
0.9803597242990523 0.167651712159591 0
0.9892323563680261 0.1616073242335434 0
0.3532503766538849 0.4501806208770584 0
0.3455222551137238 0.4432264366620117 0
0.5351071585715189 0.8923185622684808 0
0.5372735623516307 0.882113008864216 0
0.1357824067896611 0.606314975673521 0
0.1456926490131937 0.6030989916867109 0
0.601035072520551 0.8423543199288359 0
0.5988802223932661 0.8525457416525305 0
0.1673709009036154 0.5011623795875361 0
0.1772780538701532 0.4979433001326892 0
0.1751131730287931 0.5081325233237692 0
0.1258717109896718 0.6095291539128058 0
0.1336120215190844 0.6165121938919005 0
0.5543005789863119 0.11067836784748 0
0.7498249717130915 0.8791551342863678 0
0.7399332718058541 0.8823821363746147 0
0.8905258753223685 0.6911907427407149 0
0.8982598066204581 0.6981301312814995 0
0.8883798648325487 0.7013636273868504 0
0.2698703382129498 0.2903944218121188 0
0.2685319216187658 0.3005769422636293 0
0.5937941854510287 0.2679312991425044 0
0.5839199015326573 0.2710191198735156 0
0.2896441794518331 0.4898579344506471 0
0.2973751196645902 0.4968159335978267 0
0.2874919184946775 0.5000477762033136 0
0.7870319183119666 0.09164924262318486 0
0.7969914980224405 0.088451720734538 0
0.6822476237292332 0.009149730193715122 0
0.7352542292345895 0.009845177555012907 0
0.4730868033639785 0.146456537362941 0
0.7434064234756764 0.6919447643672196 0
0.4855426412787706 0.9085095933310949 0
0.4756288562569298 0.911751279103068 0
0.477797608128243 0.9015713612260792 0
0.5741026371585234 0.2742034547754216 0
0.5718173211868167 0.2840949087430972 0
0.5642723658033755 0.2774605612615124 0
0.2466287865791882 0.4754132788625509 0
0.2565278297652708 0.4721957105317611 0
0.2543657326750907 0.4823798210767669 0
0.4993556696353232 0.1095486848000352 0
0.4057627506261686 0.376446184162935 0
0.4134779712186477 0.3833949196745643 0
0.4036039500856405 0.3865930068515798 0
0.5077229432982233 0.3716248238884637 0
0.406047935383597 0.1587691715350913 0
0.2904632911249226 0.2828961961892987 0
0.2892800007815514 0.2930741647057397 0
0.2792850154019603 0.2863531951751022 0
0.4911258404750934 0.9256559286446873 0
0.8517295831251805 0.2220178957022757 0
0.8440204089489938 0.2150671440252089 0
0.261669819366055 0.9262034200700171 0
0.271581994045607 0.9231754567353943 0
0.6079096899704011 0.9464586615706122 0
0.6172002881953165 0.9415895486207755 0
0.1032376285535203 0.7593689057674129 0
0.1109899949881757 0.7663506264754023 0
0.02700487904047721 0.140609774981931 0
0.02672354773893415 0.1509451102915758 0
0.01764761945078946 0.1457215519401739 0
0.8105961216612448 0.112379578477151 0
0.8127806020351384 0.1022319433190035 0
0.1193864513328815 0.3366706258545056 0
0.1117051523273639 0.3296974412775818 0
0.2951209044402163 0.2043052312200564 0
0.569617668686517 0.6445804220838435 0
0.5618689389698309 0.6376706940848299 0
0.08400801852461048 0.9364285739586119 0
0.09163394576581674 0.9430419043501503 0
0.0487935152848753 0.6617297109028715 0
0.04172702269127898 0.6539183145725582 0
0.05286256858160698 0.6516116864181483 0
0.501522619183244 0.0993841930877265 0
0.4811526905217511 0.5410036888761911 0
0.5389069457974919 0.09671417198053761 0
0.4498682186812727 0.4282441653155911 0
0.4747208179438251 0.008731714769128929 0
0.4643041512771585 0.008731714769128929 0
0.585063613694726 0.6584501985497861 0
0.5773389728602525 0.6515176044003543 0
0.6035575320216285 0.9175153406146275 0
0.6113053718104244 0.9244848245014662 0
0.6013974179701103 0.9277035863802763 0
0.09456510698827919 0.8001847065394994 0
0.08681493154025033 0.793205949808571 0
0.09673257194314588 0.7899825040572003 0
0.1794401747641162 0.4877531264576854 0
0.5979980241641925 0.949669909375193 0
0.5992335919526974 0.9378843180716958 0
0.4765580358801008 0.9495451498577294 0
0.5147502622641313 0.009250419548689881 0
0.5043335955974647 0.009250419548689881 0
0.2798692998004402 0.354293367453677 0
0.2715770971992951 0.3480286991740604 0
0.4458348218005661 0.9674684245728749 0
0.6031113865957952 0.09481238570550499 0
0.6129868272006499 0.09160418449942476 0
0.2327103163082758 0.5843188846580653 0
0.6509094961209793 0.9910252444059341 0
0.639406304380074 0.9911060231684061 0
0.1303333164934392 0.008831325336858264 0
0.1245014823639911 0.01942778581928284 0
0.1191681658705522 0.01059646048242457 0
0.6212111755828186 0.9212626561540475 0
0.6190510615313002 0.9314509019196963 0
0.338462061796768 0.009203541239293456 0
0.32719582510556 0.0103807570440666 0
0.2777974932736422 0.2007350860495927 0
0.2678696632533076 0.2039188485885377 0
0.5573046744317578 0.008176750164979707 0
0.5468880077650913 0.008176750164979707 0
0.5086393982528475 0.3242180327221629 0
0.5163324406081462 0.331147615135728 0
0.2547942880826987 0.5676866429653185 0
0.7351207353490851 0.165313875152182 0
0.7274104559295633 0.1583643395895406 0
0.2991740803380847 0.400731610696601 0
0.2894081843287568 0.4037454066626727 0
0.5583991001806149 0.3452787927835522 0
0.565675958003624 0.3514649337314008 0
0.6706884768841597 0.9050395507577229 0
0.6607896711565308 0.9082619456707381 0
0.4004831020802744 0.1416546022758887 0
0.4026429647679643 0.1314899256120832 0
0.3790993455262833 0.3282730102125602 0
0.3713592010057268 0.3212977328039289 0
0.2635638899744694 0.2231165780588281 0
0.4040633352547253 0.2540549339903202 0
0.3963315174560633 0.2470790529581191 0
0.2815073942532767 0.9199567348508642 0
0.2737575123281745 0.9129715242300949 0
0.8501677562286143 0.09949963753133967 0
0.8425101519041355 0.09276192540652317 0
0.852394655592335 0.08951487907642053 0
0.08806298701103743 0.8307930688679671 0
0.2970592381485043 0.1940957980972071 0
0.2872426446521671 0.1973345819890564 0
0.3515087773365623 0.9339568079892441 0
0.3609703192281231 0.9302274246479941 0
0.4481220974715574 0.5233979561009674 0
0.4459738089144298 0.5335600833423824 0
0.4382464325671645 0.526615177630179 0
0.7702404865493453 0.1728463675625952 0
0.7625746004247593 0.1658547876981251 0
0.7033553348059631 0.185069778388569 0
0.7011772734672 0.1952886495379047 0
0.8892887931237597 0.3043116460401806 0
0.4889441417979318 0.3306135925917322 0
0.04199316502054429 0.6169111099447104 0
0.04379698921600778 0.6071944708024953 0
0.05142438377945852 0.614432045504259 0
0.07689826934629906 0.7964301755043217 0
0.07906573430116576 0.7862279730220227 0
0.05749660333453477 0.8029672142703053 0
0.06698347052343356 0.7996536587672106 0
0.1066516746685672 0.7867584212275192 0
0.28875931701452 0.5376004923284264 0
0.2788530579433828 0.5408259477832406 0
0.2461575810177815 0.9124242046723223 0
0.2384077435201726 0.9054402172369223 0
0.3709700341865464 0.9273103158245348 0
0.3808945578075645 0.9240930654434141 0
0.6586370362004159 0.91847954502269 0
0.6662267865638332 0.9249708201044786 0
0.6563524544786958 0.9282732135103893 0
0.8767454434316665 0.1476736388707704 0
0.884464564440246 0.1546325327683101 0
0.8053968434325176 0.1803603789236753 0
0.7977132090000508 0.1733890404445933 0
0.1358792459705301 0.9586791661596328 0
0.1277536067125765 0.952127922928222 0
0.1373767965996586 0.9473438700906549 0
0.1054180641395035 0.7491495303904312 0
0.1153319414887634 0.7459367205438681 0
0.4311125493176999 0.605012671289087 0
0.4290224168858467 0.6149269855493562 0
0.4212809467305377 0.6080254073745381 0
0.3744709525610097 0.05343304055279008 0
0.3698042287127198 0.0450830473072894 0
0.9128229226374276 0.5042027121623041 0
0.9104847422931903 0.5144288753836675 0
0.6134666244419804 0.2615868997179835 0
0.611241234142889 0.271489122705032 0
0.6036215506777987 0.2647599378079357 0
0.2847966737337565 0.1224274826045145 0
0.2771502045001735 0.1154457230310459 0
0.008964475376166292 0.1406097749819311 0
0.008683144074623228 0.1509451102915759 0
0.06173120795538423 0.8678224088101795 0
0.06947605145009828 0.8747982517653033 0
0.04808420221743581 0.806286308725142 0
0.6388597847094863 0.925005336000439 0
0.6466054768571434 0.931969558289404 0
0.6367025574513513 0.9351929558612424 0
0.09364246412445471 0.8479664231304638 0
0.1035586247070405 0.8447469619351906 0
0.3802130363485789 0.02704668043399983 0
0.279515947593697 0.4069577719976483 0
0.2870998527796995 0.4148745524122195 0
0.1166130966652665 0.479721830791583 0
0.1066897192761191 0.482935186515853 0
0.1191173620565467 0.2514764164983894 0
0.1092219903285012 0.2546923149151407 0
0.5251979421897283 0.8955471550492669 0
0.4233441773213855 0.3801950290287952 0
0.4211853767808573 0.39034185171744 0
0.03740996223727688 0.9052780257977049 0
0.03911880022916592 0.8952598878511498 0
0.04583090347705249 0.9016172982102375 0
0.2544480207221819 0.8004352530242195 0
0.7909194589066078 0.9817685877862994 0
0.7963992811168055 0.9909679773494925 0
0.7861868444564684 0.9908006104368069 0
0.9298070464437135 0.5932078551270931 0
0.9336770629530021 0.5822849920741062 0
0.9411231489468858 0.5893404190028602 0
0.1314430675817593 0.6267129257276132 0
0.1413537633817487 0.6234987474883285 0
0.6712492145289528 0.9914007992840291 0
0.6816658811956194 0.9914007992840291 0
0.6817845811068152 0.6365289888855115 0
0.271053628556321 0.2802164532956778 0
0.7135728692961427 0.9919449780332342 0
0.7239895359628093 0.9919449780332342 0
0.4091620971146159 0.4036889078643544 0
0.4190294029922162 0.4004826266595012 0
0.7757701777898016 0.9908006104368069 0
0.3983230614803774 0.1518199254285921 0
0.00880701818740437 0.1197896711240731 0
0.5380093564471981 0.3985792124000281 0
0.5284164614132739 0.4023051201128611 0
0.5304664515897244 0.3916553740730999 0
0.05912341653293562 0.6213975750306774 0
0.06092724072839911 0.6116809358884623 0
0.6541952272205607 0.9384608333711926 0
0.369858124290191 0.02703145854522004 0
0.3750629757586142 0.01802550223228006 0
0.4182211580408812 0.2305147611299825 0
0.4083432931354086 0.2336912897499817 0
0.7558000715814116 0.7635490988401976 0
0.7459234705957789 0.7667722177157053 0
0.3984781437948096 0.236900875674069 0
0.3886223286497411 0.2401401564979478 0
0.3787527800663383 0.2433387120285115 0
0.3688827574956015 0.2465379382409199 0
0.05354696102899181 0.9085077938879931 0
0.05525579902088085 0.898489655941438 0
0.5760215289093036 0.9549882332140719 0
0.5656914201870503 0.9568513483688028 0
0.255445257474796 0.1319876988757823 0
0.2576086882263454 0.1218133068742127 0
0.5344088381440513 0.7217792015183834 0
0.3650365187287427 0.03580693773067711 0
0.1279288656163516 0.2961846796170741 0
0.1356620213580003 0.3031481949091211 0
0.1259293046655843 0.3061208923242575 0
0.1141025986167531 0.7083136411521138 0
0.1240084519601503 0.7051093519572762 0
0.5914857521639015 0.9309148341848572 0
0.6665140723491281 0.7075545427550384 0
0.6643443366790043 0.7177111648197866 0
0.5544191996183886 0.2807086116864044 0
0.5446693021995204 0.2842200527889407 0
0.5122054240783407 0.9567876471056262 0
0.5043656718750013 0.949981350516605 0
0.1932911952815242 0.6826229005933729 0
0.2032024762705419 0.6793762458939634 0
0.9914683838395176 0.743693810319714 0
0.9914683838395176 0.7332771436530474 0
0.1144026986112223 0.7937388347718657 0
0.1165716258886148 0.7835359952112561 0
0.26725377979041 0.3109068724220331 0
0.2576678702993331 0.3149139791420164 0
0.09961183308661659 0.2575790080781661 0
0.3386855627915621 0.3886458693611488 0
0.02653715601976919 0.2864701816490458 0
0.02689318403328184 0.2971014592685828 0
0.01807525958143896 0.2918801090694639 0
0.6057230861418377 0.9073226202848387 0
0.8733335394542495 0.7725577349658199 0
0.8754776469972068 0.7623916984920265 0
0.8321604502182999 0.6629699029702777 0
0.8398729219462154 0.6699063408907938 0
0.1215340971932362 0.6299237293194972 0
0.1292758390559005 0.6369102829159252 0
0.8578892996455969 0.1064354690321463 0
0.8677809999902533 0.1032189093114021 0
0.2865423263276814 0.3031558942085607 0
0.11347602708263 0.8415247611807672 0
0.9906272634410151 0.1293399469476924 0
0.2500421992203463 0.5027537686756971 0
0.2478783682316231 0.5129442412900863 0
0.1125386524492893 0.8892900725957744 0
0.1047935308759068 0.8823134207401596 0
0.1147124808825472 0.8790963312061959 0
0.9081421414098194 0.6949016915950215 0
0.9059961309199996 0.7050745762411569 0
0.1212250013275185 0.8485044382429291 0
0.1233943688810456 0.8383034828214078 0
0.06359837646557254 0.7722848092276955 0
0.07131538095066592 0.7792534835825754 0
0.0837277512102077 0.8511884204908041 0
0.08589587697073098 0.8409902046284332 0
0.6410184462531648 0.9148115423089793 0
0.6509153390713934 0.9115643390766488 0
0.0815591524937429 0.8613841674285317 0
0.07381256534001923 0.8544079489265012 0
0.922303615147978 0.6713378575362867 0
0.9321877529696267 0.6681061585771773 0
0.9300552701480944 0.678269347180273 0
0.7566779245639434 0.7159658869982919 0
0.7489633938351605 0.7090318137197049 0
0.1323669197432054 0.08600444207271529 0
0.1345307081680562 0.09618052339447758 0
0.1246337486468999 0.09296031470955263 0
0.05402066011060724 0.8608089066063052 0
0.06393341877877756 0.8575901936603546 0
0.01023185596117993 0.4103075798382831 0
0.01918027610815687 0.4156413594246238 0
0.008948420146976943 0.4220004462530068 0
0.6784214051192793 0.9119778011340303 0
0.6762489114851942 0.9221245304536148 0
0.5066140058702445 0.9396199622738248 0
0.1598354482398534 0.08541018992752841 0
0.1499973704473033 0.08227177496675142 0
0.8340414184511983 0.9806505695069789 0
0.8392756401773455 0.9911500731823086 0
0.8280991116071859 0.9895004963246703 0
0.6229085995498546 0.08843519768939373 0
0.6327788411941895 0.08521023968850427 0
0.437969499726638 0.224149700020986 0
0.428088623230537 0.2273137470046981 0
0.4657125719939805 0.9149841976255084 0
0.4932891223049051 0.915458865680579 0
0.4576921775911417 0.2177250067006606 0
0.4478388162651564 0.2209566827999462 0
0.4322934408326553 0.00828475381313587 0
0.8921885425420186 0.161594688411772 0
0.8943554742188365 0.1514253940951703 0
0.1444597327088667 0.5655301385353284 0
0.1466278598561636 0.5553358149643236 0
0.1543691435995849 0.56231161723615 0
0.08757137414806004 0.008967020633697143 0
0.0780862065256242 0.00704548170354119 0
0.257724325451605 0.206955770094898 0
0.25556296189267 0.217124186171793 0
0.6613261627876459 0.9910252444059341 0
0.665908710649933 0.9824260436899632 0
0.7360453433880012 0.7699946947528861 0
0.7261670096471124 0.7732170743794963 0
0.06610201749524225 0.847394446722627 0
0.8133900423058825 0.6219730744312977 0
0.394917161827355 0.1245327328022454 0
0.3871889513677077 0.1175775246411548 0
0.6159040620731711 0.6862283575384938 0
0.6081922632240941 0.6792867266531085 0
0.04666449067519707 0.6719343297862571 0
0.05780003656552501 0.6696277016318471 0
0.1958280668212892 0.07687045104048695 0
0.1884899332469883 0.08427278243381697 0
0.1848735809831683 0.0743312720794716 0
0.8223002885540548 0.6661866587332667 0
0.3908584734936411 0.9209928502027178 0
0.4007675883259565 0.9177246663713026 0
0.413578770756827 0.6014496117727625 0
0.4058356600526607 0.5944991290000726 0
0.1160323531641986 0.3093371788683077 0
0.9912036481816913 0.1190332192776948 0
0.4010419339451176 0.0088973823802595 0
0.3906256105751682 0.009020362060529918 0
0.5772627076770015 0.2167021337593305 0
0.1753681358896548 0.07156493879876175 0
0.1676331545195562 0.07852625132433211 0
0.1654658430003437 0.06835758665029223 0
0.7755531631045358 0.7571038781536744 0
0.7656774005264801 0.760325656101555 0
0.1323777258742129 0.882856200762053 0
0.1246304570140337 0.8758779607516681 0
0.134550580432317 0.8726611784519105 0
0.1168853354406513 0.8689013088960533 0
0.2694768326819827 0.4111244351679353 0
0.5326416191857405 0.2975709625921338 0
0.5174435434453889 0.8885748289842788 0
0.7696068998507505 0.872702062360564 0
0.7794936522259718 0.8694735445106985 0
0.7773450390476854 0.8796518547388097 0
0.5168662235378068 0.1984970160846755 0
0.5070149565715569 0.2017487625382378 0
0.4971476141997277 0.204938467179509 0
0.4872764007869958 0.2081033429651028 0
0.1448185250742814 0.3004960566016332 0
0.1428189641235141 0.3104322693088166 0
0.1401014257388224 0.07904369749263918 0
0.1478349169217641 0.0720908217017503 0
0.5316593563001941 0.3450207136883918 0
0.541478657495341 0.3417740845912466 0
0.815017157073408 0.09227675728267959 0
0.4696920473751272 0.1191834312183649 0
0.1190549855506204 0.8587043275219071 0
0.4774127940056203 0.2113065218221825 0
0.4675542534696838 0.2145140464736361 0
0.1082981980441404 0.3023724932876564 0
0.1061344022844033 0.3125522951237537 0
0.8484641265369789 0.6292804917171073 0
0.3566213861143824 0.1748618288449471 0
0.1023150950028614 0.8071642391209378 0
0.1122332119068331 0.8039410276020377 0
0.666450471502135 0.623597597306506 0
0.6680703102869818 0.61382076072926 0
0.1345482487192042 0.5687487565220335 0
0.1422895324626255 0.5757245587938599 0
0.9426225568523927 0.9910395887495032 0
0.9530392235190595 0.9910395887495032 0
0.3755439520495471 0.5186989904706543 0
0.3678101463626446 0.5117515377961642 0
0.7793008496598266 0.08470485682061535 0
0.09716023607539442 0.2680854404503925 0
0.09499612857986323 0.2782644977727243 0
0.05694582293879641 0.6315908289572394 0
0.06644867988773701 0.6288397193414428 0
0.1364093890889308 0.4732836903425691 0
0.1463155971300874 0.470066351156694 0
0.1441490327316993 0.4802525091055572 0
0.6739643297634741 0.9319181989413139 0
0.1271103930702648 0.6471090341100214 0
0.137019363458788 0.6438982305181373 0
0.5837346674768557 0.9239389699835884 0
0.5815708414594429 0.9341197016750079 0
0.3067348701609924 0.9309099942764996 0
0.764016132409141 0.855570717215058 0
0.7618660983871434 0.8657495579659731 0
0.6952537112732649 0.7454499344376382 0
0.2481029374503992 0.3189713485621414 0
0.3614408867495733 0.3244923284279097 0
0.3515287136710554 0.3276927796877886 0
0.6311155268473727 0.9180349398808179 0
0.555654701401284 0.9596890663510749 0
0.5594206326979814 0.950240451320538 0
0.1255649131870976 0.8281024514658901 0
0.1277340540802646 0.8179009457942404 0
0.0550335811408042 0.64141663167792 0
0.06210007373440052 0.6492280280082332 0
0.5877758844273065 0.009061224124185419 0
0.9061558717384055 0.03566732150756141 0
0.1518891359987086 0.487222576972239 0
0.141982927957552 0.4904399161581141 0
0.1633569781513067 0.910761416334298 0
0.1556105738814073 0.9037856843404096 0
0.1655362467817327 0.9005711670298864 0
0.5115072078658712 0.4837514265141898 0
0.2103306912252045 0.9530866005703253 0
0.2120407188133754 0.9424801131774647 0
0.06513999642473112 0.8951864796427857 0
0.1204800072467879 0.2889151137225376 0
0.1104627858159207 0.2921932152746917 0
0.2633808533671768 0.3417763514771634 0
0.2550914987875501 0.3355161417825566 0
0.133020736359682 0.4459458903060342 0
0.1308560762767051 0.4561331403785373 0
0.7577667542749866 0.1010974465273347 0
0.7598765362139426 0.09098502458939683 0
0.8379729998788676 0.02675321036119149 0
0.5239692899040232 0.3380944428812936 0
0.128973327349036 0.8554830491625476 0
0.8801372537797354 0.174970287388041 0
0.8900200590691556 0.1717628384034579 0
0.8348581344051538 0.08602944844463173 0
0.09937620271271258 0.9500167238359418 0
0.1016850627877838 0.9402528095021894 0
0.2306568080817356 0.8984544530954537 0
0.2229059492198128 0.8914695949195989 0
0.5793896388151183 0.9442491496072714 0
0.5716385541280724 0.9372732854060024 0
0.6917462492198638 0.9361173541221748 0
0.4649348729669182 0.3572778465527939 0
0.4627809232409549 0.3674101599239605 0
0.1302044662176661 0.07582348880771422 0
0.6535767073124121 0.7684499135553504 0
0.6557486397932271 0.758290446646571 0
0.01788071374005107 0.2708327490582966 0
0.00885961578396316 0.2760410823916299 0
0.009021097956087853 0.2656249999999996 0
0.08690007303345576 0.1754668709997893 0
0.07914532278976782 0.1824089256315914 0
0.07697853672871036 0.1722289820226082 0
0.7584105107419084 0.8384476107866425 0
0.768285103763382 0.8352236720570975 0
0.7661513448107187 0.845393743568118 0
0.8201461557299452 0.6763501117650454 0
0.1555494399981088 0.06519272085015082 0
0.1456534952896278 0.06196464337603858 0
0.781639226971806 0.8592949528703364 0
0.7893773661687409 0.8662447452485821 0
0.6271060919677105 0.9383673802733568 0
0.2500944236868798 0.1146118964646989 0
0.2597436619626465 0.111458897226831 0
0.2142124425451867 0.9322808272355384 0
0.3636230744967865 0.3143526257181907 0
0.3559294416255137 0.3074274759199992 0
0.07722167098107641 0.8817743844874943 0
0.07938958615453262 0.8715798285864198 0
0.1320761059110468 0.4936582519809924 0
0.1398162091780561 0.5006283198476742 0
0.1187415316760537 0.7733323468808058 0
0.1209109247182698 0.7631273916892987 0
0.194929251989431 0.416149269232595 0
0.2063318620417402 0.6213657027193736 0
0.2085030155917471 0.6111656607712704 0
0.2162506652180816 0.618149850631885 0
0.9180247990179033 0.6916735913470307 0
0.9279091504468799 0.6884446421797491 0
0.9257628171383376 0.6986171873873972 0
0.6332112228159423 0.2554042873218924 0
0.623306788270213 0.2584000692730687 0
0.1580830814138787 0.3714073973159588 0
0.1482478682580943 0.3746626032532905 0
0.3980938593939179 0.5877081635950472 0
0.3903313230790197 0.5806638138067677 0
0.2456711458133937 0.9589134837548839 0
0.1221531631268806 0.8007186015857746 0
0.04848299154226487 0.8435924585151073 0
0.05836046544629281 0.8404098032851057 0
0.1822916666666672 0.009021097956087964 0
0.1718750000000004 0.009021097956087964 0
0.04770831778600282 0.6339744873671547 0
0.5859538162406741 0.9518346494830773 0
0.009215643797475803 0.2970890266778336 0
0.00885961578396316 0.2864577490582966 0
0.07288358572687209 0.9021616836724705 0
0.07505172557878298 0.8919680116960627 0
0.04778293769489494 0.9291121257889695 0
0.04052633577770026 0.9220476072201798 0
0.05137866740235808 0.9186999547255824 0
0.12802283499506 0.9032424984372727 0
0.1357666511375444 0.9102161215263659 0
0.1258463186897096 0.9134328056038439 0
0.1950252969360478 0.3120638368560806 0
0.1872248266458312 0.3060611992662839 0
0.1639603727022239 0.4738154055937433 0
0.1717006431882837 0.4807843988321303 0
0.1617955112589157 0.484004163158069 0
0.009661875470332371 0.2135272665632757 0
0.8853652224405184 0.7591665066505986 0
0.1349091607625922 0.3505907512969541 0
0.1327506320727976 0.3607655947956585 0
0.03571835759195335 0.3020913547007844 0
0.1087514992038855 0.01059646048242457 0
0.06854633506693941 0.9225465681638034 0
0.0608035629461865 0.9155723124567829 0
0.07071462869357314 0.9123544073262142 0
0.02700517369530608 0.1301957020155192 0
0.5365845095217494 0.1920479911943396 0
0.5267257363170211 0.1952798387884941 0
0.01795712923081849 0.4376461723516708 0
0.009008709083841548 0.4427290594319968 0
0.008948420146976943 0.4324171129196734 0
0.1658383581075696 0.3782587518148617 0
0.1638577052728086 0.3884346916367803 0
0.2127022000312345 0.009500941673026952 0
0.3497909477464922 0.1202561470850997 0
0.3399012762783697 0.1234683680908694 0
0.3695715641632714 0.1138315836520762 0
0.3596812940829657 0.1170441039259953 0
0.2522083714331768 0.492564976701421 0
0.9158033612431981 0.4836711479205025 0
0.9138220818447322 0.4938640339287997 0
0.02672733518624792 0.4334662685014412 0
0.02678762412311253 0.4437782150137645 0
0.2539076788889583 0.9194092867938666 0
0.1060591722295778 0.9565959628858911 0
0.09600805520761085 0.9593850577338523 0
0.8008802331432134 0.76776076326089 0
0.7987363427080042 0.7779277962628434 0
0.79101675750308 0.7709894212732417 0
0.09798804081472678 0.008967020633697143 0
0.1509644124967057 0.5349518073583107 0
0.1432231506457542 0.527979891343187 0
0.1531316992932547 0.5247613496075847 0
0.9102884747183617 0.6847291463873733 0
0.1407499831601059 0.008831325336858264 0
0.09407470908196092 0.458956514871021 0
0.09180767265605577 0.4691222071044793 0
0.759717485208857 0.8759278681940843 0
0.7575657731766986 0.8861076386809588 0
0.4820027041489384 0.4934125130012492 0
0.1475567343334322 0.5075997088086285 0
0.1574645256434083 0.5043807934017061 0
0.1552982287522793 0.5145705181855386 0
0.1039696337091579 0.3227326261198147 0
0.1018062286320603 0.3329130866929915 0
0.3167791584388933 0.0103807570440666 0
0.2656250000000008 0.009021097956087964 0
0.008683144074623228 0.1613617769582426 0
0.8488893532080862 0.3645783630425348 0
0.8412875317786426 0.3573857837894764 0
0.05590065240585784 0.7652874072493251 0
0.226171348854886 0.6149316802916207 0
0.2361050768920341 0.611709585260886 0
0.02711402914609196 0.4947686674892237 0
0.02750142822090296 0.4843667930924614 0
0.1628857337467378 0.957865999273816 0
0.1532927389412507 0.9607282197586369 0
0.1550954306630993 0.9510328928372448 0
0.5221154204443619 0.9535592851755993 0
0.8969473968592896 0.6607149682756512 0
0.8948035610036326 0.6708747455257784 0
0.8870713013600795 0.6639467135189864 0
0.2601453378017027 0.1969630784936398 0
0.2913379872199373 0.9167191896971914 0
0.02666881420605455 0.07857973957019704 0
0.02649388386566542 0.08899664481893416 0
0.01786695754419898 0.08333410543483655 0
0.3802089439085015 0.009020362060529918 0
0.2694187529084942 0.1084855908174603 0
0.2793110309065555 0.1052710062121615 0
0.009070756075255482 0.4843511437797065 0
0.009070756075255482 0.4947678104463731 0
0.08242800307160042 0.4247700658924613 0
0.08037847103812201 0.4349811232321623 0
0.01023185596117993 0.3998909131716165 0
0.007894532827931844 0.3891369513007625 0
0.5563113465173537 0.1856357537232937 0
0.5464474047751805 0.1888399213543162 0
0.3893515019075604 0.1074073594251287 0
0.3794615960258467 0.1106195366152825 0
0.04537468131017852 0.7309419887750093 0
0.05506522983051398 0.7276820936768991 0
0.40912980455248 0.1009839710823184 0
0.3992413332564599 0.1041953405877225 0
0.8801819503459514 0.609458764089755 0
0.7055145019173207 0.174926240448486 0
0.4079078003318108 0.3662936763893857 0
0.3303063426020319 0.2117492646981443 0
0.3380293067466882 0.2186946508827549 0
0.008964475376166292 0.1301931083152645 0
0.1286862694086193 0.4663177942611044 0
0.9480010672806058 0.5978709573768247 0
0.01035321656552335 0.3294159434281292 0
0.133313887431986 0.835082128528052 0
0.4289088416976615 0.09456018951031842 0
0.4190193418288229 0.09777207068113258 0
0.007894532827931844 0.3787202846340958 0
0.1679146817745543 0.3680664067091023 0
0.0711178103178759 0.3902057106043598 0
0.06895862773705552 0.4004193826140527 0
0.6900998264465612 0.1610245352405857 0
0.08635193482976483 0.4519902546225141 0
0.09678260271154215 0.4861529858219213 0
0.1045224914360364 0.4931234047607313 0
0.05653996870550765 0.5468405684436828 0
0.04910364922647242 0.5402089877041159 0
0.05869069376726682 0.5369051454194804 0
0.5760309660394001 0.1792056208335917 0
0.5661718982511141 0.1824218444063876 0
0.08062635784762501 0.9091359393794911 0
0.5362341259154682 0.4945165071453327 0
0.5263490045343826 0.4977134695278399 0
0.1005648349361255 0.2954083315301376 0
0.1230810540877196 0.7529222638921145 0
0.1252536075460911 0.7427133131520873 0
0.5638933223158921 0.9303193850764524 0
0.5617121196715674 0.9404488330087157 0
0.9114027668147033 0.3726861925544965 0
0.8716173892054341 0.6500784261948556 0
0.06490141949925116 0.5062369619557588 0
0.07270713316511584 0.5130199785070095 0
0.06265741702291494 0.5163724245176742 0
0.7949648241735238 0.8833748539467809 0
0.7928194668999243 0.8935571995521647 0
0.7850864341493072 0.886605682494328 0
0.352866494955615 0.3651123749260095 0
0.3429901310264696 0.3683247807555131 0
0.8671465171312442 0.2359213862051007 0
0.8594382395640505 0.2289692311863503 0
0.1767488537983306 0.9349665352486128 0
0.3611615486037424 0.239555200694324 0
0.7188629507437548 0.8513529010980248 0
0.7266038898353412 0.8583010315142486 0
0.9070900704876861 0.3929181690575386 0
0.897217774718571 0.3960907026353196 0
0.875900072201634 0.6297671954187267 0
0.9907124997317001 0.7865220308859929 0
0.9907124997317001 0.7761053642193263 0
0.1264925556187088 0.7803127604251523 0
0.4485215586970315 0.08839233115595263 0
0.4386562647403939 0.09156705772926821 0
0.04423208032208403 0.9493846301936384 0
0.04545729555733935 0.9393242493703657 0
0.9479559250213661 0.8526661145913058 0
0.9459399744661559 0.8628011664178834 0
0.08496526028321738 0.888749588517179 0
0.5516754008858011 0.9432865509909879 0
0.07020012539572396 0.2292138641359943 0
0.137649912286927 0.5108180446315068 0
0.3113856927282861 0.1705557611783799 0
0.878220270151265 0.2701219306941896 0
0.8705173667016358 0.2631712080526032 0
0.05721618639062259 0.7174620671499219 0
0.04969866933719103 0.7105341894486334 0
0.05930799261991404 0.7072496991966432 0
0.5957627219388837 0.1728071411054488 0
0.5858966831211813 0.176006648749791 0
0.05630962718199717 0.9359765968757685 0
0.07472372607334293 0.4178489641377605 0
0.08443314196774226 0.41435764617901 0
0.8107544823271585 0.7645333869097545 0
0.8030348971222343 0.7575950119201527 0
0.2028997110567895 0.7268402086444669 0
0.1946414946733935 0.720160659349296 0
0.2049760909677998 0.7166957684509108 0
0.7969639381224222 0.02660887644310872 0
0.3377921423940614 0.4362707297627414 0
0.3300624050379928 0.4293157727098745 0
0.2739709912078693 0.2596378215067761 0
0.2818396950986324 0.2656989123751293 0
0.2725996018545684 0.270114135790308 0
0.8702575155113647 0.178182439740153 0
0.0530530388226409 0.5199314863231684 0
0.06085875248850559 0.5267145028744192 0
0.1274224028069161 0.7325081668954941 0
0.1196730314233003 0.7255222491491429 0
0.1295909392830816 0.722302646240796 0
0.9911029865359592 0.8386200561483881 0
0.9903561678807005 0.8274222320031872 0
0.3148438452733595 0.1978559818763594 0
0.3225926298614226 0.2047962912981619 0
0.08971443146304275 0.2607935096560493 0
0.256082014249328 0.9092051639930808 0
0.450262932587077 0.5132353642796635 0
0.8081426714069598 0.6897200369541789 0
0.7982813687901427 0.6929390520338665 0
0.1596294064847684 0.494191570210626 0
0.06635425026394293 0.932671815597599 0
0.06402860812638733 0.9428839391789953 0
0.4458644494982658 0.9214097070869881 0
0.455783824097813 0.9181822930211896 0
0.394001747339196 0.172143018696686 0
0.3961602591087142 0.1619800105653958 0
0.05825707068927188 0.01046578687218236 0
0.06766953985895752 0.00704548170354119 0
0.05437190708420525 0.5570321791699313 0
0.06395895162499965 0.5537283368852959 0
0.06198457389412804 0.952991125817884 0
0.8906928354699126 0.9729760250833328 0
0.9010688260909028 0.9729535034634827 0
0.8958894969992557 0.9819898755355481 0
0.1472901173727071 0.9441273067157769 0
0.1391644781147535 0.9375760634843662 0
0.8496923068440121 0.9911500731823086 0
0.8551562967195374 0.9822710895785087 0
0.8596306565421916 0.9911210163962001 0
0.8999109688477462 0.168555699730318 0
0.09623547858909975 0.3157679405391633 0
0.9021353774599171 0.9550500291828166 0
0.9125363027986496 0.9551025269851536 0
0.9062730899002922 0.9639921508136047 0
0.06143837127651514 0.6970454680139774 0
0.0537307437611646 0.6900770710052937 0
0.06337863947119726 0.6868007175239164 0
0.1115966946185779 0.9370353449817813 0
0.1038544376716821 0.9300605254959899 0
0.6529211095584073 0.2490988392958832 0
0.6430659511538781 0.2522527187006587 0
0.5958151323015234 0.9105413821636488 0
0.8965244369539181 0.1412541508512368 0
0.9042484150556909 0.1482163064946987 0
0.08241364589623379 0.4724521402601302 0
0.08955580379180289 0.4792947007326939 0
0.1849030124471868 0.4195044831943841 0
0.1926495542566548 0.4264591142610814 0
0.3550166019565519 0.3549680999206176 0
0.4839070851737657 0.09564227929095959 0
0.4740159883579295 0.0988573590904383 0
0.5332991555091797 0.4199064324739087 0
0.5236172561632092 0.423168281461002 0
0.5262774669247769 0.4124908074268826 0
0.4106425245808 0.9143484101793787 0
0.4205440454282963 0.9110522245016635 0
0.1265197050102311 0.4765039522099676 0
0.124336216345578 0.4866877268730476 0
0.5417897707386934 0.9465979743022566 0
0.5396322673015894 0.9567895805938251 0
0.5320381241280677 0.9503093855932715 0
0.9374136306063259 0.9820183220462348 0
0.9322910737539331 0.9909787332967317 0
0.9114660771434562 0.9909836769578489 0
0.9166738175640561 0.9819624102545806 0
0.9218744070872664 0.9909787332967317 0
0.02677641493399041 0.4535948646052392 0
0.02678888845528715 0.463990355359845 0
0.01802989168897984 0.4583536096185999 0
0.1632844213682074 0.05823140832458051 0
0.06823961200753453 0.8372275585512523 0
0.03529591861317344 0.9608958764992661 0
0.02740612271114673 0.9685115930827195 0
0.05293387217047696 0.9559085534455352 0
0.04318196744811942 0.9591044631820088 0
0.1221694975660821 0.4968761305626078 0
0.009008709083841548 0.4531457260986634 0
0.009021182605138289 0.4635412168532692 0
0.3413981209547448 0.3308443398461761 0
0.3435741675243223 0.3206987815005589 0
0.1694295417608498 0.4055783740271016 0
0.1771665704514698 0.4125408726841292 0
0.3300093247585788 0.1266803280364812 0
0.3201173261874597 0.1298929858199218 0
0.6154868496983219 0.1663824550998511 0
0.6056224880386366 0.169588612337321 0
0.8753040763979911 0.9821272149738991 0
0.8802567531891325 0.991006198577699 0
0.8700473232088584 0.9911210163962001 0
0.7624569007078802 0.2512097262353538 0
0.1827062694639558 0.06416260740543178 0
0.1953057723636672 0.8909248106266492 0
0.1853833487840765 0.8941432997732269 0
0.1875557750950443 0.883939846511028 0
0.1538432904285281 0.3917795565195785 0
0.1616942379544425 0.3986145057346407 0
0.9114697514296353 0.9730060012658198 0
0.9218780813734455 0.9730010576047026 0
0.01978226857105392 0.0630069259630921 0
0.00902094394229408 0.06770860009304969 0
0.01076132462875989 0.05779832587004241 0
0.8699493507237429 0.09304302879592319 0
0.8776780907971824 0.1000093469060883 0
0.1500317985798009 0.5827029542639804 0
0.1383202530654508 0.3779109077521313 0
0.1460791425542506 0.384848046920559 0
0.2249434346456462 0.57733051806874 0
0.9903561678807005 0.8170055653365206 0
0.2014457080348365 0.4711226891456812 0
0.01800016470516597 0.4998169499157408 0
0.00892940862991054 0.5050491394693669 0
0.5510796283677811 0.3387176291980734 0
0.7412419206989889 0.7020971466031791 0
0.6352175170796694 0.1599676354216722 0
0.6253527593332719 0.1631792272013141 0
0.9346307509981161 0.8757616688537497 0
0.9442916766719147 0.8728040214338149 0
0.9421855881004615 0.8829321146824463 0
0.8906734198557993 0.991006198577699 0
0.2460272832764578 0.6084841845601234 0
0.2560390689415837 0.6052785403120501 0
0.06554516460015136 0.6766040999859146 0
0.06767418920982959 0.6663994811025291 0
0.9270861990316881 0.9640516795753407 0
0.9322902651661089 0.9730080885641016 0
0.1271217203958986 0.3436345376823534 0
0.9918063977841745 0.08821328716687349 0
0.9827852998280865 0.08300495383354012 0
0.9909789020439121 0.07812500000000011 0
0.5010410733725409 0.9224252831171826 0
0.1599628023156594 0.8833985228827838 0
0.1500438459021647 0.8866174267491467 0
0.1522168057059908 0.8764205145959325 0
0.01809193868039377 0.4791423606329763 0
0.009021182605138289 0.4739578835199358 0
0.07029443399186708 0.4395589642891569 0
0.07795431785278806 0.4462787036701073 0
0.6289896377134072 0.9911060231684061 0
0.2003846565442026 0.4334265851296351 0
0.2081205099288529 0.4404060862329813 0
0.8789062109432391 0.1374989623822394 0
0.8887986995952336 0.134289948856462 0
0.08738857595172023 0.4894829189775721 0
0.04975833364402227 0.5773405272854245 0
0.0518800913047367 0.5671381687054671 0
0.05966913234298277 0.5741223061915017 0
0.3795430779108193 0.4132925115214281 0
0.3846151243644029 0.5631484480130329 0
0.3825328506482255 0.5732640580092487 0
0.3747881898883664 0.5662910780299514 0
0.9010494104767894 0.9909836769578489 0
0.6549491165830548 0.153552980026569 0
0.645082744893361 0.1567595447983274 0
0.008846013601904956 0.08854217200845343 0
0.07626531601132958 0.9294539104670303 0
0.08620010332760697 0.9263033265248163 0
0.3632247283506326 0.920316019519778 0
0.01777149356357066 0.1249827794393378 0
0.7937380581005608 0.6285025294911359 0
0.8854061570910835 0.1069753603783599 0
0.8931342385959389 0.1139410762981842 0
0.5983269697718389 0.6825032982037789 0
0.7244537785534026 0.86847854764623 0
0.1228489427374587 0.3639852369540207 0
0.1305872894339556 0.370945106243225 0
0.4529269300149913 0.3706104713631769 0
0.00902094394229408 0.07812526675971632 0
0.9427082021159174 0.9559098183896001 0
0.9531884698348565 0.9561523299593639 0
0.9479786505432908 0.9643012221045036 0
0.09611170367431443 0.9230856862828283 0
0.08836900116103352 0.9161110227912466 0
0.503686425349391 0.08921703137513209 0
0.4937988407369266 0.09242702887125975 0
0.7568282019342554 0.9341011559714103 0
0.7666095573225723 0.9306075406569736 0
0.7645493807423394 0.9410125341979 0
0.1178416879090638 0.9553454239925904 0
0.1193392385381923 0.9440101279236124 0
0.0847832552564558 0.4996128600059469 0
0.07755645633671648 0.4927545749167195 0
0.03554662088941984 0.4494149607550096 0
0.7751996817740859 0.8898342003441935 0
0.4692436971122239 0.3370147564764844 0
0.4670895144337573 0.3471473043219347 0
0.9827211746481818 0.8542960040335617 0
0.9911029865359592 0.8490367228150548 0
0.9916181881122226 0.8594259478851738 0
0.9912036481816913 0.1086165526110281 0
0.1317583475783308 0.7120969286747382 0
0.1339252316390153 0.7018895521375697 0
0.2620056189874948 0.3520793938136929 0
0.8711883322103878 0.7827286874356636 0
0.8810675166495853 0.7795135003438283 0
0.9830100459658657 0.1030798397779015 0
0.9918063977841745 0.09862995383354023 0
0.2596714300604753 0.4143581073499448 0
0.2674022134231324 0.4213205899292045 0
0.06984044260663158 0.6562029697634542 0
0.07201145516582885 0.6460079150232257 0
0.241569413131532 0.3705860058526445 0
0.2493712481432966 0.3773128689504515 0
0.2398931744446188 0.3812905947304789 0
0.1172770163132835 0.3468418136786064 0
0.6628139530704031 0.2457691426842106 0
0.7449925431106712 0.1621096780455433 0
0.04784040402260525 0.01046578687218236 0
0.03642672580571021 0.008847135479535861 0
0.5570971899701441 0.875657899691633 0
0.920007556325382 0.4639500309965071 0
0.9179036303501638 0.4740223403753233 0
0.5440812577122794 0.9368063559904343 0
0.0444611083852447 0.560250400263854 0
0.1723680816848833 0.9552161492362589 0
0.1808187840106641 0.8291954376408179 0
0.1730115818791217 0.8221995810793454 0
0.1829844831861369 0.8189899466288063 0
0.2619044883690285 0.1012841804079465 0
0.1609139620943651 0.8356238041159086 0
0.1531550491030115 0.8286404177313311 0
0.1630869697122953 0.8254216857067795 0
0.1366414408999689 0.1062453032045981 0
0.1487965672980436 0.5451438213795291 0
0.158705115945544 0.5419252796439268 0
0.03619837799579639 0.4692147878193301 0
0.02745185475078582 0.4739735328326908 0
0.2405809809397141 0.895234317730068 0
0.7413843597024502 0.9573034789894482 0
0.744561046926531 0.9472636643851671 0
0.7515913381299415 0.9545459641166177 0
0.05909253821804544 0.4035115552553006 0
0.0668627754504747 0.410528717065557 0
0.1652526688877681 0.815216194694768 0
0.1502356568728147 0.317449718692734 0
0.6313260147928212 0.7001141931687536 0
0.6236178092867374 0.6931681425740407 0
0.6894210016816771 0.9464923060343973 0
0.6816612071466482 0.9394468612026725 0
0.1611677710152562 0.920948729145878 0
0.3287465333224709 0.08923030952155281 0
0.3188772239352286 0.09241742018958576 0
0.3210232343399747 0.08226373550628974 0
0.04450001869988274 0.4628743092315311 0
0.5234634484304393 0.08279709753808012 0
0.5135753977342081 0.08600616955340107 0
0.4827088010658978 0.6624548141563389 0
0.4904484438238939 0.6694277542926221 0
0.8483633886164449 0.02873584237256965 0
0.8427599848097709 0.0375166759432673 0
0.06732166655608418 0.3149433005124163 0
0.0762395637448875 0.3221583203178977 0
0.0653532306660477 0.325165751548872 0
0.9334676913782043 0.009607153683156011 0
0.9909789020439121 0.06770833333333343 0
0.01076132462875989 0.04738165920337573 0
0.4307291500010733 0.3023882884419532 0
0.4208761783046436 0.3055753233354254 0
0.4230205756455829 0.2954450057002279 0
0.7653062453612742 0.8930616934279246 0
0.7554137318655088 0.8962889595202082 0
0.5759911416285121 0.9169624782034782 0
0.5859060523329707 0.9137576107133276 0
0.06829507196754081 0.5333460836139861 0
0.5763749461492161 0.2643847723919307 0
0.9916181881122226 0.8698426145518403 0
0.3698540318501136 0.009005140171750137 0
0.3831883589951325 0.9142986954556224 0
0.3070876485772835 0.190897698997744 0
0.1630394906032308 0.5215424342006623 0
0.1308325907755975 0.7599039842975178 0
0.9531020159835077 0.9733114555866369 0
0.9426217482645686 0.973068944016873 0
0.02697268170074701 0.5050499965122175 0
0.02601005913904353 0.008847135479535861 0
0.809443908131921 0.7271114934277234 0
0.8073040300640282 0.7372688321369704 0
0.7995820133395454 0.7303362226141644 0
0.7801245531571852 0.1696371047107495 0
0.6716390822252872 0.9422931508535365 0
0.2992093887892343 0.183927049766744 0
0.9730801072523865 0.009424375900186077 0
0.9626634405857197 0.009424375900186077 0
0.07418328847017364 0.6358126893185673 0
0.07636088206431291 0.6256194353920053 0
0.1360847182904793 0.6916826971802204 0
0.1283470203760957 0.6846955678046005 0
0.1382564026457402 0.6814762895647131 0
0.4017775917662162 0.4817261078321673 0
0.9899327441176647 0.9330237953744021 0
0.9899327441176647 0.9226071287077355 0
0.1729483229199443 0.5183230056400469 0
0.1828554758864821 0.5151039261852001 0
0.8153250353528082 0.1771200588054539 0
0.9905647845821551 0.9730013808048674 0
0.9905647845821551 0.9625847141382007 0
0.6152215264407458 0.08149250377451889 0
0.02553846865914811 0.9921609076169132 0
0.03595513532581474 0.9921609076169132 0
0.9247801895423233 0.8789438544491522 0
0.9268862781137766 0.868815761200521 0
0.5242729238814657 0.9433676788840308 0
0.2299630700192031 0.384938618832174 0
0.1215086134220906 0.933817843917413 0
0.008307640152293849 0.9217858648017536 0
0.008307640152293849 0.9322025314684204 0
0.06651921036777381 0.9902155426316435 0
0.07693587703444044 0.9902155426316435 0
0.7990848280057452 0.07725805123976487 0
0.8071484265876694 0.08407811513292668 0
0.9124253944146442 0.6745720232109129 0
0.9145578772361765 0.6644088346078172 0
0.8753008663897497 0.8951128719436144 0
0.8654050867451266 0.8983409799798335 0
0.8675517326639828 0.8881468091352782 0
0.9534948115685014 0.8699716122465799 0
0.07820442260020377 0.5301276195133382 0
0.080371834781921 0.5199374670248676 0
0.0881131266933452 0.526909645469281 0
0.1388871564073254 0.5483623426787074 0
0.07626789778350984 0.4565680956795088 0
0.5734831111640141 0.8418447970713865 0
0.5812298935455704 0.8488090946479935 0
0.7630782178146921 0.9527948345695021 0
0.772859573203009 0.9493012192550655 0
0.5666384925858952 0.7871618418068591 0
0.5743802852841947 0.7941262413669351 0
0.1404220776312011 0.6712730834624892 0
0.1326863111022545 0.6642930709506635 0
0.1425896840020989 0.6610769942240593 0
0.1302003849494121 0.8930493987108027 0
0.1202800525015774 0.8962660827882806 0
0.904185941361596 0.5827051736758733 0
0.4812496376928641 0.3236864252390219 0
0.4910986032407442 0.3204875862386487 0
0.2240001953048791 0.6251317222397238 0
0.1903584170019583 0.4367817990914241 0
0.8005621211187126 0.9005115227482137 0
0.7906837310944961 0.9037423512957607 0
0.5828931333019238 0.6686263975483613 0
0.9582703586046897 0.9477703744034321 0
0.4980809026717062 0.6765226840921466 0
0.5077894959904282 0.6735572612780518 0
0.505826963670806 0.6835227788806642 0
0.3230421908183403 0.07224794238341165 0
0.313172881431098 0.0754350530514446 0
0.8083079091783143 0.9074655511293911 0
0.8160513752994965 0.9144207686256898 0
0.8061698514344666 0.9176518919881084 0
0.08261583725825727 0.5098020044629523 0
0.09244795687326096 0.506530348523805 0
0.9588485743508768 0.849108810549052 0
0.8545490049169586 0.07935490110670756 0
0.8622066092414374 0.08609261323152406 0
0.06485763655433285 0.4209411367790084 0
0.3808994064050846 0.2331605347444615 0
0.4590279781881795 0.2553602486965035 0
0.4667527056204986 0.2623613693695336 0
0.2066346965376658 0.7068094082064138 0
0.1988751332067164 0.6998214851293079 0
0.2087919551599784 0.6966146741799819 0
0.2768235832302332 0.3068610938499469 0
0.06309266518654294 0.6014859178476896 0
0.05538779132859517 0.5945200355667515 0
0.06525224854021611 0.5912905470523973 0
0.064674553113237 0.7243976034249089 0
0.4932529500691256 0.3103606938751415 0
0.5009474541741934 0.3172878612278518 0
0.50878713043913 0.9293955908585698 0
0.4006341043290865 0.2267523932898103 0
0.1748868727186935 0.4228507177126156 0
0.7739998977910179 0.6348612204314834 0
0.8407480695187892 0.6223496833371038 0
0.8309065985772467 0.6255863757497883 0
0.1568831121781942 0.9412650862309562 0
0.7932806882833058 0.2788797078186582 0
0.1444681815592247 0.8694411974113071 0
0.1367209126990456 0.8624629574009222 0
0.1023555647724563 0.5033120967525504 0
0.1122626813370333 0.5000942974464821 0
0.2586810961926596 0.4620123837740661 0
0.8307526016297507 0.1910231319512408 0
0.7437739445420416 0.77693823471424 0
0.1073790842853064 0.3500570248371861 0
0.1151143533483236 0.357020936665034 0
0.8690666285159745 0.7928818332745382 0
0.8613326513206387 0.7859260678965299 0
0.59601957575012 0.2580290761554559 0
0.1594151269165692 0.4089232389098998 0
0.1439156752358845 0.3950278610184194 0
0.09053795819433247 0.905918299137503 0
0.3712339874873192 0.5390696237866093 0
0.3790011596417254 0.5460046085742218 0
0.3691032914501375 0.549240483246123 0
0.128418563730112 0.3811305499104935 0
0.8087774937723222 0.2927328832205766 0
0.8077136837409999 0.3037222593102104 0
0.1927633671897416 0.5118844437296082 0
0.2026715476959866 0.5086653144857354 0
0.2631849246655579 0.2741553624273246 0
0.5561523371290679 0.9233623617074282 0
0.5660787715855728 0.9201868141047149 0
0.07948649975364463 0.09724665931398435 0
0.06993961528319259 0.09395845237317207 0
0.07765608421171638 0.08699510603373323 0
0.8946053377379277 0.2364807660184428 0
0.8868999820917305 0.2295247496741397 0
0.8967782599343502 0.2263292971158807 0
0.9092829067391581 0.8650458797416278 0
0.9071380252737127 0.8752286825937512 0
0.899385215354887 0.8682766155394557 0
0.09487745406407988 0.8855315617191744 0
0.3504108913719557 0.2903406325502942 0
0.3525547604204537 0.28019333634944 0
0.1351715154058724 0.7394937102437404 0
0.0689558883299467 0.7039733457152658 0
0.1376546238821804 0.8146786405244567 0
0.1299042462244071 0.8076984891461629 0
0.1562280903643483 0.4668487522314659 0
0.4332068821902821 0.3770035233736814 0
0.5129488921900617 0.3039639983071759 0
0.510793745081229 0.3140911403586557 0
0.4203667188593413 0.2203417932404386 0
0.08938277974013631 0.1004305844919503 0
0.08166631081161252 0.1073939308313892 0
0.1447665437163936 0.6508764309020139 0
0.1469319897020293 0.6406776797079174 0
0.2937850554416321 0.9064719333962525 0
0.3014401301257251 0.9134383207478791 0
0.8830458733346708 0.9020694410070358 0
0.8851925192535269 0.8918752701624805 0
0.008840226571674104 0.8700650067226182 0
0.00892940862991054 0.5154658061360335 0
0.08509797807180608 0.2814794054741028 0
0.09283127219984877 0.2884439612185514 0
0.1707817934609197 0.528513837062093 0
0.1302795054834919 0.9916692788256368 0
0.1406961721501584 0.9916692788256368 0
0.07603636387896501 0.5403182620583994 0
0.2163878793366217 0.9220815150101611 0
0.5230681068833468 0.3853714991595356 0
0.05128421335118827 0.396617966605408 0
0.1060233355051086 0.9198682217624203 0
0.09190820379655945 0.3361278887004598 0
0.09964372241476543 0.3430927038582269 0
0.8461836434872492 0.2049184644254692 0
0.05556528029181601 0.3287318504908268 0
0.06448317748061932 0.3359468702963082 0
0.06741211919116091 0.5810957870196731 0
0.06953387685187534 0.5708934284397156 0
0.07435209444544133 0.2467452909452247 0
0.08202890940580732 0.2537743281802066 0
0.1280390268688757 0.06564674780587665 0
0.1203045208732586 0.07260749238595282 0
0.3394916606643543 0.3410500619928972 0
0.3315371145176212 0.3340560638056674 0
0.5889777709082216 0.855780181543472 0
0.596721811440441 0.8627451702256025 0
0.32274596211582 0.2529962469241297 0
0.3150831577560089 0.2459898675498318 0
0.07325279211550184 0.6835724969945983 0
0.1697377411291646 0.08861754207599792 0
0.4401035005875155 0.2139477618941145 0
0.4701028964025694 0.8947859393496274 0
0.4800166814244102 0.8915442535776543 0
0.7730476404628961 0.900015521183443 0
0.332171438647811 0.1165095117366642 0
0.521130858495201 0.6131089565767632 0
0.3598325625613067 0.0448373482910267 0
0.3519537365040754 0.1100855086319481 0
0.8587623547409665 0.02905890063023048 0
0.2438430853261073 0.6186881511986968 0
0.3937379060739811 0.389797149396269 0
0.4014531266664602 0.3967458849078983 0
0.2457135963767593 0.5231341404638077 0
0.2379695732084833 0.5161648725298301 0
0.02684771650654422 0.1197922648243279 0
0.193248370602071 0.8158435707659352 0
0.1854411684705286 0.8088477142044628 0
0.8104436449837424 0.8972803993857952 0
0.1001881467742578 0.5135012412095559 0
0.4572375765075569 0.3503476235917228 0
0.964887775944865 0.9035487984528164 0
0.9555909872117043 0.9065998116660028 0
0.9573165207934156 0.8967506080364498 0
0.5365763839156872 0.6269886079593918 0
0.4901987182070524 0.5853799258688386 0
0.9148845410178943 0.882184662785622 0
0.9049868496336233 0.8854153985834499 0
0.8983900289549686 0.9157550480059733 0
0.8907556095364445 0.9091403677095673 0
0.9005719456169721 0.9054465195223078 0
0.2103087173939042 0.7337016455914946 0
0.1999741210994979 0.7371665364898797 0
0.9377932882685286 0.6852129432206395 0
0.210511361175981 0.6860838599768939 0
0.2126814456174939 0.6758333547679813 0
0.143361205168194 0.05217759538173716 0
0.1356466820918494 0.05907569623333664 0
0.07170127463835207 0.5607012115672688 0
0.07386933625965447 0.5505096008410204 0
0.922629013902234 0.8891305704388508 0
0.9303575080661146 0.8960304653129456 0
0.9204618595416858 0.8992712736494154 0
0.6981683491883696 0.952530377649094 0
0.688083307115154 0.9558598847295917 0
0.7058026722729214 0.9587330714986899 0
0.1088955429323915 0.1448502018307634 0
0.09887764497618079 0.1420091030904163 0
0.1059452050343073 0.1336580593142565 0
0.1395077189619466 0.7190828464210894 0
0.934314441988872 0.6579430361489076 0
0.9420660969889884 0.6648745257928939 0
0.07758557064125793 0.6631793681175217 0
0.2257523331455483 0.4441710920970287 0
0.2356578265609547 0.4410282473002259 0
0.1129510107094817 0.3672004481126004 0
0.07079169794002005 0.6084514473741081 0
0.2058281714014401 0.45071648328002 0
0.2158551620407869 0.4473732995530236 0
0.4172262964740653 0.4956176586946632 0
0.9066580820664745 0.2231283966523127 0
0.8989527264202771 0.2161723803080096 0
0.825930771260865 0.911188993727728 0
0.8237927135170173 0.9213753345864453 0
0.07814827409679043 0.8340150662283075 0
0.2052300258064917 0.8877059968075243 0
0.3717341147031241 0.10366141843605 0
0.5056650656335175 0.5992467741002602 0
0.459834893004576 0.2075437844460503 0
0.6363176579860598 0.8498310407160816 0
0.8986916404320879 0.1310808612559905 0
0.2455395580111731 0.437827792021709 0
0.2477776491003187 0.4276657375117967 0
0.2553587197124794 0.4347163166211263 0
0.198221869078386 0.05026683115536823 0
0.1997726110193393 0.05976816035107446 0
0.1906609726165159 0.0574276114904354 0
0.008728888447999239 0.5253206660121699 0
0.008728888447999239 0.5357373326788365 0
0.0819236573424047 0.6427876310737882 0
0.1490971550934246 0.6304751530236579 0
0.1512661090307497 0.6202744211879453 0
0.7746993525938041 0.8047176264652727 0
0.7669669167321645 0.7977715745767531 0
0.7768449814748281 0.7945517402389913 0
0.5245049812108458 0.7250005789679876 0
0.5322459055228737 0.7319675558259597 0
0.120002570902502 0.5070648225544269 0
0.8916394120802537 0.8613219406300481 0
0.8894945306148083 0.8715047434821713 0
0.2450604005838292 0.1623950353460745 0
0.2511707718659227 0.1708052399061144 0
0.4030272109360526 0.9078222240230023 0
0.09328063492333161 0.1592440864988647 0
0.08270849437381445 0.1552467604864215 0
0.09125584232474776 0.1492039195944799 0
0.4899233807592467 0.8882773917194812 0
0.4998311470933333 0.8850156263787787 0
0.4795605756644936 0.2011296453619461 0
0.9499331229172575 0.8898880442560737 0
0.9402721972434589 0.8928456916760086 0
0.4992915248176983 0.1947367618635952 0
0.5674587768255432 0.6547450227445651 0
0.8598083261130425 0.88119077281572 0
0.8697041057576657 0.8779626647795009 0
0.6397486089333867 0.8771954639273146 0
0.6320079442656928 0.8702122027661018 0
0.5018703968823389 0.2698485961877733 0
0.4941644836242433 0.2629017716241605 0
0.5040214637807314 0.259695577298291 0
0.507356312448995 0.7111847543655642 0
0.5150980438026639 0.7181564517096586 0
0.391513977914599 0.09723735256185018 0
0.5096886957903575 0.8816029231258246 0
0.5196053134174895 0.8783716073374019 0
0.4662722616345827 0.09192988047499906 0
0.8344489224904608 0.95433589554265 0
0.8271312049736098 0.9479285456795612 0
0.836714033027415 0.9449270144751796 0
0.836596364258311 0.8603150633189255 0
0.828857403611661 0.8533611387835551 0
0.8387359270812047 0.850147749034161 0
0.7842263523778457 0.9342911846919855 0
0.7764838383121265 0.9273355555502093 0
0.7863794545593159 0.9241078213587315 0
0.6746818109397739 0.1471397355577067 0
0.6648161953214489 0.1503458156511841 0
0.1698845568174696 0.8801799731935877 0
0.1677115970136435 0.8903768853468018 0
0.3670967382473531 0.5592619021033044 0
0.3593295660929469 0.5523269173156918 0
0.5520164408371807 0.6408695019376167 0
0.9592299116504182 0.8868370310428875 0
0.8606261526369914 0.8335306414373072 0
0.8683752643770187 0.8404773653996818 0
0.8585095768399423 0.8436993949719753 0
0.4112933465398415 0.0908134333232582 0
0.474742892441432 0.5714965139637376 0
0.8875745078245731 0.09679947986288107 0
0.9545341652880853 0.1694716618697267 0
0.9446350828001027 0.1726763229250803 0
0.9472130165960183 0.162701727388551 0
0.9084836715450567 0.5624037501209076 0
0.147866504977364 0.8968106246978963 0
0.1401205083676954 0.8898326164110451 0
0.6823458967653565 0.8064370000764131 0
0.6844976489233485 0.796268820444462 0
0.6922287038132926 0.8032170990324714 0
0.8141922453821064 0.7918157380874813 0
0.821917903437871 0.7987597572672878 0
0.8120694522887252 0.8019922051723101 0
0.06739901929367353 0.1693671216963569 0
0.07515376953736141 0.162425067064555 0
0.6156871048051226 0.2516708843759724 0
0.7367126068310329 0.9400389315532909 0
0.7469195852585242 0.9372814166804604 0
0.2819053392068245 0.4829004087535428 0
0.7075773242165699 0.2497121032060692 0
0.7052957153739496 0.2596178457164044 0
0.6977477269088022 0.2529704225878853 0
0.6137615011526754 0.696375791407458 0
0.09066668442806836 0.2986232392315161 0
0.789715455673152 0.7335557709600041 0
0.7875708659203838 0.7437162227154932 0
0.4425454898169896 0.5062924563455282 0
0.4326719861128616 0.5095077141299754 0
0.5363553628817035 0.9298970361058456 0
0.5462409930288112 0.9265856127945769 0
0.3478911020141201 0.2155054087355638 0
0.3457427906694241 0.2256485963938423 0
0.9381050428829107 0.9029863948865731 0
0.1771613635589349 0.2534696862661169 0
0.110361102494937 0.8994831723222443 0
0.0611830675635181 0.1857555499544586 0
0.05190003537442445 0.1829690581557076 0
0.05994075429592888 0.1763845448556592 0
0.09270750866178645 0.8957251889277428 0
0.1388909284759436 0.8522630681219443 0
0.1818335650705578 0.7814252487484115 0
0.1899572291155595 0.7884952600795662 0
0.1905985170808928 0.5220749260458857 0
0.8888056461062475 0.786465246790823 0
0.8909508533501092 0.7762942943209793 0
0.2234599946181355 0.4544814891440673 0
0.4309303068589169 0.08460840114102219 0
0.06016781843619423 0.2327756871680308 0
0.06678009159400317 0.2397908258458956 0
0.1417475794445797 0.4051999958533197 0
0.1339834315703023 0.3982684862543002 0
0.2445849987517723 0.09719924180919665 0
0.246564518001769 0.08722530222510849 0
0.2542089166731777 0.09428354723322907 0
0.92535142327583 0.9168097991384618 0
0.9153594289407947 0.9197548147860637 0
0.9181983593705313 0.909116184171112 0
0.9236799939142545 0.7943467139786903 0
0.9314194650628059 0.8012897468769554 0
0.9219134765938887 0.8040900610107986 0
0.4624489510685091 0.2826589903224284 0
0.4547476553967807 0.2757199089830518 0
0.4646036830181043 0.2725181376756606 0
0.2152421469469884 0.6657387991975432 0
0.2075599932579217 0.6589423629800563 0
0.2174295794928554 0.6555554214925488 0
0.9104698652066505 0.9022162892970172 0
0.09748105944980556 0.3532718268446545 0
0.9028354457881265 0.8956016090006113 0
0.5511532271579895 0.7732349298240254 0
0.5588955463545389 0.7801998033090264 0
0.281472756816408 0.0950955119397906 0
0.2892042084080874 0.1020556441533762 0
0.9422725271326102 0.1827374637030684 0
0.9349513784405432 0.1759675292218927 0
0.05423035577767576 0.06012408131817137 0
0.05138608640684938 0.05016862659717586 0
0.06105122664027257 0.05335963739420935 0
0.08200841271705778 0.3393441386100244 0
0.08417091893435269 0.3291645214447889 0
0.2156445580602947 0.04627916232811174 0
0.205593297837328 0.04347330761432994 0
0.04497263272235791 0.1987830611208163 0
0.04406011749909627 0.1890197440543345 0
0.536978654334337 0.2772901403367951 0
0.534796607128749 0.2874449849821148 0
0.141333966859998 0.9273829644012127 0
0.1314206460869496 0.9305995277760906 0
0.4615446052145353 0.3300900393315468 0
0.4713960843523631 0.3268877144471676 0
0.5190183799687419 0.1883298799261425 0
0.07110059147908321 0.05699619410381501 0
0.080587959982997 0.06030078087509222 0
0.07338286451501269 0.06661967888648213 0
0.04025074484366453 0.3624469075893977 0
0.04241573025671852 0.3522615867024256 0
0.09585356295273945 0.5338810778978746 0
0.09802097513445668 0.5236909254094042 0
0.827866202222358 0.683280082699848 0
0.8180048385250906 0.6865005151468386 0
0.07511699304910868 0.5880616693006111 0
0.4381061354898818 0.9144338594808316 0
0.06051917439344717 0.08936925506441412 0
0.06005509343214066 0.3560027883191846 0
0.05243195779991922 0.3493934856249232 0
0.06231836273860908 0.3461222719325242 0
0.7635294006948878 0.7704923149384165 0
0.449171061276482 0.2585738522816012 0
0.008521171645329062 0.7970087704800215 0
0.008521171645329062 0.8074254371466882 0
0.5356667717062226 0.7593086987128325 0
0.5434086881018169 0.7662716446087916 0
0.8721037000483666 0.08288305082621023 0
0.008619068561355969 0.5460752312139222 0
0.008619068561355969 0.5564918978805888 0
0.08377868689231743 0.5472911367403724 0
0.3490684801996689 0.08174334927212284 0
0.3590493322548987 0.07879373727962141 0
0.3563994437762794 0.09011499144803875 0
0.07944426148653017 0.5676746923954402 0
0.3356330394341941 0.4464413016148783 0
0.07984359797504753 0.3495195402462404 0
0.07210631311284077 0.3425561729905695 0
0.3534489126613294 0.2326053326801371 0
0.363317221879269 0.2294092222608383 0
0.1534338041782823 0.6100739507915718 0
0.1556037358724023 0.5998749268256669 0
0.1574475440517106 0.1602552073359512 0
0.1651729689110844 0.1532992035486521 0
0.7089774609157196 0.8545775732909038 0
0.706826514913789 0.864752431492563 0
0.6990897026534784 0.857802277466994 0
0.01053732938277352 0.5677803499266432 0
0.01053732938277352 0.5781970165933099 0
0.7074166384523505 0.07976584248201291 0
0.7052584119161831 0.08970335677089725 0
0.6975547307056977 0.08276685710826492 0
0.4658538437165789 0.3098349596078429 0
0.455986676913709 0.3130415774177505 0
0.7532617119728144 0.9064715150607819 0
0.7455212397882389 0.8995174603138161 0
0.1438346139086598 0.6986702738976823 0
0.3832836998700741 0.5256491017222685 0
0.3733921078583801 0.5288836378630939 0
0.9025427368065603 0.6778001234589037 0
0.8926666413073501 0.6810318687022388 0
0.7885316629034406 0.9139244333543824 0
0.7807890086846523 0.9069701101583336 0
0.945534513016856 0.04020061687048876 0
0.9537067731835053 0.04638331758589548 0
0.4592859787008281 0.5576110135654655 0
0.008726618603759229 0.5897491147811466 0
0.008726618603759229 0.6001657814478132 0
0.07957731239458515 0.264280760552433 0
0.2947639660135303 0.1191876760562913 0
0.2969327678427806 0.1090162066678833 0
0.304654251358076 0.1159727442984276 0
0.7317292447783881 0.05345773684051325 0
0.7293623505516856 0.06318876982452126 0
0.7218147159468293 0.05665973120362089 0
0.009261027445778558 0.7555084301809427 0
0.009261027445778558 0.7659250968476095 0
0.01765829707790978 0.5199531388148708 0
0.5901975234339881 0.990409261816445 0
0.6006141901006548 0.990409261816445 0
0.2432388971731154 0.4480788264095554 0
0.2292232046810338 0.08436782922384478 0
0.2312475920014213 0.074621807521219 0
0.2389649874007512 0.08039497509845034 0
0.3240390783679538 0.06195038495746696 0
0.3318894312768305 0.0687790674123121 0
0.2455293540277694 0.3395667618256342 0
0.2468114776599429 0.3292558574913949 0
0.8950889300439449 0.8886456288087403 0
0.2726940019808017 0.05105957491894664 0
0.274752999838633 0.04099829563038671 0
0.2822258078376947 0.04760180995284446 0
0.08935406610188101 0.5644552004159497 0
0.08718666831540428 0.5746474172883964 0
0.3472459499894138 0.3480022345251954 0
0.8171104870567127 0.08108308778790646 0
0.2329159930855408 0.2476280948581381 0
0.008106662897253314 0.7342363022604987 0
0.008106662897253314 0.7446529689271655 0
0.008454864243666593 0.6303175273439443 0
0.008454864243666593 0.640734194010611 0
0.35109245317745 0.4603520797835221 0
0.7808337057990706 0.9557353474231809 0
0.7823048687267179 0.9439530470515789 0
0.8171986622707232 0.9507629530292994 0
0.8194637728076775 0.941354071961829 0
0.2759323327032012 0.9027661813511202 0
0.2660069324955315 0.9059849032356503 0
0.1320737329287964 0.7974962963159908 0
0.009021097956087853 0.6510416666666656 0
0.009021097956087853 0.6614583333333324 0
0.100450151975195 0.9027002723394983 0
0.8040176430903418 0.9278352799924573 0
0.7962741769691597 0.9208800624961586 0
0.4579550752102347 0.9080111423937334 0
0.009368929777850532 0.6717127066529545 0
0.009368929777850532 0.6821293733196212 0
0.142286295290569 0.1950924482070524 0
0.5270956296712868 0.8000879451988666 0
0.5176245582272665 0.803413052392323 0
0.5197120583363247 0.7932072005180932 0
0.3457833099189094 0.3105599673595928 0
0.3480079913037901 0.3004402219374205 0
0.008840228448786236 0.6924618696569611 0
0.008840228448786236 0.7028785363236278 0
0.6496433746422842 0.8739530442700354 0
0.8414162623687951 0.9251004165233216 0
0.8392783653848841 0.9352884689851253 0
0.831534212494475 0.9283316121502871 0
0.201062972697567 0.1417828965839477 0
0.211401609138632 0.1428695310607757 0
0.9545152720275657 0.4014334686811748 0
0.9635991120922307 0.4066204239062853 0
0.008509204166242956 0.7133570252085999 0
0.008509204166242956 0.7237736918752666 0
0.6877492019588909 0.08461330977673798 0
0.6855046690961328 0.09613992000091659 0
0.6778573668854935 0.08804885838050525 0
0.3665515390733591 0.4742614538182039 0
0.7922004849739073 0.940725312860101 0
0.5165233447666453 0.9363932070511036 0
0.5264460484503513 0.9331433074687758 0
0.04467899956318699 0.3423810703157652 0
0.03114260135979996 0.3762245010468547 0
0.5564696927672463 0.1005101963244967 0
0.5641426853467454 0.1075162717718585 0
0.7708955722718405 0.9101976032420647 0
0.1481597755455846 0.6782602128381089 0
0.8562299542153476 0.9397307975027576 0
0.8536656218578785 0.9493693429928118 0
0.846596082901735 0.9416958188482141 0
0.7223028363834771 0.8786550395571961 0
0.7145633310061047 0.8717042192274389 0
0.4821591977078417 0.27625600476434 0
0.4744540012922269 0.2693004507089102 0
0.484308220310236 0.2660992364582131 0
0.3448226656158729 0.2732149971442688 0
0.1495276052370459 0.227043578721259 0
0.7175747298188841 0.8138877985612775 0
0.7154250456375296 0.8240578273089066 0
0.7076909907971392 0.8171113351420569 0
0.107928583033652 0.5204726736381495 0
0.7377808700776293 0.8925630722709806 0
0.7300408822025501 0.8856103038723532 0
0.8808639566726673 0.9123779694907013 0
0.2612033098253793 0.5370767375399498 0
0.2534574774354681 0.5301059284401139 0
0.7901742141861562 0.8186111284772208 0
0.782437261572417 0.811665335569592 0
0.7923143699502068 0.8084435850351399 0
0.8931007408006736 0.7661166942620011 0
0.895253239347745 0.7559406530386151 0
0.1107739728080392 0.3773721711540071 0
0.1030393834189041 0.3704078708650204 0
0.2879288329290981 0.06459437282651204 0
0.2899215173139904 0.0546038865666722 0
0.2976835402632251 0.06153517015177978 0
0.8216548165331063 0.9315633870482489 0
0.943525341889293 0.7872677173479716 0
0.9514461627725059 0.7938222913326485 0
0.9411068032663846 0.7981009738295237 0
0.1726928728459306 0.4330611873956569 0
0.1649564308502136 0.426097576885402 0
0.1257467367474419 0.05585969981157524 0
0.9528923041310254 0.05776531411402602 0
0.9507211785010597 0.06794850061426583 0
0.9414119602395769 0.06037693726483129 0
0.7102610440967454 0.8920686247368519 0
0.7201504346552523 0.8888359754535622 0
0.08626229970089405 0.6223968796315585 0
0.07852769111845737 0.6154239096544341 0
0.4100620958454904 0.3561518688725418 0
0.9124526875144043 0.5420563506418026 0
0.9167896715702771 0.3048929386693237 0
0.909040763800074 0.2979243572303756 0
0.9189554506948173 0.2947446577920786 0
0.2196627160303644 0.645543507495401 0
0.2119134687359318 0.6385544389275249 0
0.2218287589625074 0.6353389611478643 0
0.5387407880013872 0.1819046327899376 0
0.2385407926906186 0.323021968605219 0
0.1811555275230025 0.05466127820972555 0
0.9160656413533568 0.7875958196381572 0
0.925571629822274 0.7847955055043139 0
0.6064909862784027 0.1220620498859429 0
0.6142096013037661 0.1290038159843512 0
0.06825632210825688 0.0470407393828195 0
0.1525023102453402 0.6578564434138394 0
0.2302270615579153 0.5091949027440623 0
0.2224828821490124 0.5022266225813854 0
0.7610212912822862 0.913469588348829 0
0.7511287992050164 0.9166980891424369 0
0.8936269247013608 0.2840204160095704 0
0.8859248589495974 0.2770720236495023 0
0.5187345620673033 0.4055669690999544 0
0.1035938168882288 0.5408528527906777 0
0.0936859684471173 0.5440715728505545 0
0.8664791826689308 0.7179691797504477 0
0.8587522646170895 0.7110268804131114 0
0.8686280093487371 0.707809963353507 0
0.8974025057814961 0.7457652788847122 0
0.8896683461375721 0.7388172763538097 0
0.8995531309314784 0.7355920898113091 0
0.4427332353945991 0.2890593662182876 0
0.4350237984622314 0.282106689323173 0
0.4448834865148179 0.2789080847347049 0
0.4438279899287401 0.5437222341470641 0
0.6595354357796086 0.8707269778827115 0
0.6517980120500009 0.8637490792073669 0
0.3867295444404579 0.5529648799827763 0
0.1354829358779134 0.5210076799275493 0
0.1277424107225372 0.5140362909665951 0
0.1236781021673352 0.9236247448342596 0
0.5295205528887025 0.8751433561666204 0
0.5394339541678123 0.8719128518349801 0
0.09710664512485223 0.09348508224796948 0
0.09493741979474823 0.08331818298127014 0
0.104841096237432 0.08651995225469411 0
0.3820107857980539 0.4881657720184561 0
0.3721246283165555 0.4913926527821806 0
0.95304900879662 0.9160574659166923 0
0.9454777536451706 0.9092592755003257 0
0.8873439230990238 0.8816890597453191 0
0.847356253404813 0.07243428806961555 0
0.8571682070539155 0.06901202222471903 0
0.1577751985785609 0.5896776358632075 0
0.1599444164510481 0.579480622406382 0
0.1395952719491734 0.0423721027650576 0
0.1496020851469519 0.04526104990775953 0
0.5584642349885787 0.1754826536330081 0
0.06431978748591161 0.2503071139772612 0
0.6390457205294664 0.707048301088805 0
0.6291949541028871 0.7102496843630562 0
0.08069311557660119 0.6052288916136613 0
0.1190940926132726 0.1100151883710072 0
0.1289918860924204 0.113240915964489 0
0.1212884416339423 0.1201197083041814 0
0.08830550442666352 0.1380117770779731 0
0.7022321490997063 0.2328906334830332 0
0.6488954408382657 0.7038490716429067 0
0.6467643801483316 0.7139845628372092 0
0.5254745925071824 0.9904642153502582 0
0.5358912591738491 0.9904642153502582 0
0.1927402221032825 0.9906687864716885 0
0.2031568887699492 0.9906687864716885 0
0.1147401408947926 0.08973554245459192 0
0.1169039293196434 0.0999116237763541 0
0.1543871379727194 0.8662222935449442 0
0.7725591968297535 0.8148851699073537 0
0.4860708913399127 0.08547511757836512 0
0.7687626595040425 0.9204241773237196 0
0.4187218301015793 0.3156809278322863 0
0.4110132557460889 0.308737645090561 0
0.110405476215898 0.06939190218605501 0
0.1125709155646885 0.07956864318789258 0
0.5781905038041203 0.1690697722323014 0
0.08613935482438917 0.3189420704083331 0
0.08830412339963456 0.3087617394122721 0
0.9333792010728469 0.05237826156737468 0
0.9312080754428811 0.06256144806761449 0
0.9355630644678263 0.9124440491372627 0
0.9327241340380898 0.9230826797522144 0
0.2766875491580487 0.5510208736558347 0
0.2689485473943874 0.5440500532963295 0
0.1333156490813644 0.5311981376782753 0
0.09430172547669807 0.7147388866986618 0
0.08440225670028667 0.7179476149016385 0
0.9213054355778083 0.06577354254425483 0
0.9293381947445383 0.07377221824171137 0
0.1159742073828025 0.05224802271492723 0
0.1235818626057762 0.04567697114238722 0
0.1252981897355624 0.4389846446923992 0
0.1432332366115596 0.8318618166564973 0
0.1410626923055077 0.8420628480120149 0
0.2638840076190253 0.09131024082385841 0
0.1621139154414262 0.5692851540474311 0
0.1642820425887231 0.5590908304764263 0
0.9818100189622307 0.4165286599846737 0
0.8965469075679664 0.7934155117420444 0
0.8866635708674425 0.7966347177648934 0
0.05811598710457988 0.1665806298976059 0
0.07312897693877751 0.1523849001601702 0
0.5722212037435828 0.8043117729160242 0
0.9288378547521596 0.2915493970202507 0
0.9210889469819565 0.2845808155813027 0
0.2219526084286699 0.3780972251694091 0
0.8726836960143143 0.2530228872371042 0
0.917266805719 0.08716433492061404 0
0.9271668608379112 0.08395384242279152 0
0.9249981116774458 0.09413386462505385 0
0.07548971638009538 0.07681558237534014 0
0.08503660085054743 0.08010378931615242 0
0.8064718062905492 0.7848736621214978 0
0.8163202574396949 0.7816412142164755 0
0.8616039300487947 0.2188191137445439 0
0.7961381917879703 0.7030886792391338 0
0.06600234787618164 0.07351099560406293 0
0.8681013984317765 0.1883511070711743 0
0.8603820391470982 0.1813947991201572 0
0.7832836887891228 0.7640456302355312 0
0.7811397983539137 0.7742126632374844 0
0.7717712398083647 0.0782830286753492 0
0.7813982895890544 0.07520982869611009 0
0.4470382184644131 0.2687672320879371 0
0.6056300751646571 0.3566105258383807 0
0.2877941331437414 0.1498491046556401 0
0.2957028635259764 0.1565939272555891 0
0.6353819969712911 0.2453324853098238 0
0.08749023663848321 0.6599592015489426 0
0.08532398324168128 0.6701557128880176 0
0.09151894082780676 0.5542629116331755 0
0.524950971320557 0.2906410501399882 0
0.8210550598237589 0.6288160891599737 0
0.7046755727438635 0.8749289234035291 0
0.04281780423150705 0.1796487389555351 0
0.8795981198243904 0.8747343848359115 0
0.8740037079600723 0.8575980937535569 0
0.8718547132734502 0.8677783485163532 0
0.8641096938933476 0.8608263736971463 0
0.07452919821274723 0.7211644892693019 0
0.06128391059727639 0.1494110011905674 0
0.06883863543372937 0.142232694612434 0
0.8563667881539121 0.8538738962519407 0
0.8486176764138847 0.846927172289566 0
0.3034315059769967 0.1635513441902777 0
0.3012836124667241 0.1737245336791787 0
0.06251069403557019 0.2603558406759234 0
0.05493869118413203 0.2534013755765943 0
0.1664479934399132 0.5488966826715002 0
0.1686158386385754 0.5387046686502818 0
0.2181198653054571 0.1339864985089609 0
0.4630017789134003 0.9903715967457101 0
0.5979159869856543 0.1626522713803729 0
0.85421779346729 0.864054151014737 0
0.1178355944934883 0.5172544578504694 0
0.8408787157672349 0.8399732477541957 0
0.849918521508654 0.884414680608003 0
0.852070894602337 0.8742305362522257 0
0.2084455468732668 0.3449634211440977 0
0.216625104009723 0.3515576887671366 0
0.2333745335811087 0.3642451586691319 0
0.2235950073262667 0.3681385913495221 0
0.2248782014745212 0.3578200183859821 0
0.4010416666666661 0.9909789020439121 0
0.4114583333333328 0.9909789020439121 0
0.8838666455354689 0.8543737477684983 0
0.8937573302755476 0.8511456198257826 0
0.1689422345745322 0.2614504471333419 0
0.9393402859460188 0.8078443208616322 0
0.5058516192878907 0.07904900533693426 0
0.04925692701802969 0.2352517841029959 0
0.6956569145109347 0.830504715936079 0
0.6879247370306927 0.8235566733234472 0
0.6978091291355426 0.8203333212770543 0
0.7025246787470719 0.8851251733247483 0
0.6947878626547562 0.8781733855898723 0
0.1964816594345047 0.04113275875369082 0
0.2552027842814477 0.9917495394828822 0
0.2656194509481143 0.9917495394828822 0
0.3373849435522903 0.3512139584846867 0
0.8430091006232073 0.829798742093113 0
0.8331273512905272 0.833019318837708 0
0.1568443353510303 0.6374533534075344 0
0.8443279888629015 0.86727805880702 0
0.8344494653933578 0.8704914485564141 0
0.2388839504412271 0.4684473349539465 0
0.1589910178336665 0.9311405123782115 0
0.1667963311240588 0.9380460984996793 0
0.7412201825292853 0.9198783498514871 0
0.7313388849215166 0.9231115724859036 0
0.01734795700935521 0.5401458972260929 0
0.6892031831935244 0.8610260524467674 0
0.6913541291954548 0.8508511942451084 0
0.178524670955289 0.5354852400896664 0
0.1475764363736323 0.8114572415992907 0
0.1454062442294898 0.8216596982473682 0
0.3413054562027525 0.07474935997098114 0
0.3386555677241333 0.08607061413939848 0
0.5256022566572763 0.07265844322978315 0
0.533325113415008 0.07961739725266004 0
0.1455411622543559 0.146443360949986 0
0.1433819956399986 0.1364151772516662 0
0.1531867712078113 0.1398714935882064 0
0.3012599296353362 0.08866549802766399 0
0.3089884890700293 0.09562606054217115 0
0.2990944937526331 0.09884071239551251 0
0.9375229290549858 0.2508271024883712 0
0.9467742510239078 0.2480322188806094 0
0.944566319826878 0.2582754344375178 0
0.1407534049422482 0.756680274205829 0
0.1385832755727984 0.7668854020030131 0
0.2030555319649736 0.1232360499877027 0
0.2123247388467223 0.1253798341515837 0
0.8782382019524153 0.8372530194146233 0
0.8761216261553662 0.8474217729492914 0
0.6836200660707927 0.8439015186036769 0
0.6935065855307467 0.8406777436239034 0
0.6737320771668699 0.8471191314093485 0
0.6758845335021618 0.8369456807881436 0
0.07551771004591307 0.284416531945725 0
0.07768256642592752 0.2742370684998979 0
0.9179003294377661 0.5213110294614455 0
0.9137313095961831 0.7120198374327837 0
0.9038489748068217 0.7152482771192619 0
0.7033909776355968 0.8374543915775104 0
0.9008388702573358 0.7730684407089958 0
0.06999704436869214 0.2672178870240552 0
0.90034589044727 0.3384946209766834 0
0.8926489821827219 0.3315440104673569 0
0.2182709245069304 0.6930717830539999 0
0.09277105196312724 0.07313865932287705 0
0.1092004848611653 0.1067904161160465 0
0.2967729590403219 0.9906532339484816 0
0.2264046302645649 0.3476642560867463 0
0.2277004328499644 0.3373542020011866 0
0.2359535303147627 0.3436165316200321 0
0.9064314941260543 0.7901965344402537 0
0.9042894188872493 0.8003660054143241 0
0.2630012746809588 0.4416585664740055 0
0.2652393657701044 0.4314965119640933 0
0.08057056066335783 0.3017973691006859 0
0.6176416627203573 0.1562305147137081 0
0.8232600934986546 0.8362403519642614 0
0.825390478354627 0.8260658463031787 0
0.3463879328948432 0.9147259251764349 0
0.3568681927408883 0.9134365285942014 0
0.9030297218668011 0.1107316186062084 0
0.9008613863442657 0.1209072015692399 0
0.6888048349522864 0.7759296052620346 0
0.6810822705229476 0.7689845900080924 0
0.6909592716536859 0.7657712550774446 0
0.2009941149419723 0.8230230486180716 0
0.1633362746812518 0.1430500857775918 0
0.2250782894731803 0.8812629152592748 0
0.215154193191716 0.8844839565902742 0
0.09926134765668082 0.5612356365261317 0
0.2485889053221566 0.07747928052248276 0
0.6373728001689989 0.1498191961918262 0
0.927551349517756 0.8211823759507322 0
0.9176649317533782 0.8244159469344303 0
0.9197665299780624 0.814266664892762 0
0.2750447683916117 0.4282628397820838 0
0.3491592397781364 0.9918993447707665 0
0.1036589776164455 0.1238554706423045 0
0.1136768755726563 0.1266965693826516 0
0.3054413468938981 0.06847245817009306 0
0.3034223904155326 0.07848825129297116 0
0.1983403252954269 0.5290445538684496 0
0.1884324339921674 0.5322640363240415 0
0.8275264232454946 0.815890518764371 0
0.817659165453622 0.8191115518909243 0
0.1611771958899583 0.6170503563269014 0
0.8099232164542178 0.8121628011474427 0
0.8021975583984533 0.8052187819676362 0
0.8077872715633501 0.8223381286862504 0
0.7944606057847141 0.7982729890600073 0
0.2280622897030515 0.5193848019177837 0
0.6999588133168971 0.8101632925294251 0
0.2919805151718217 0.04454260727811221 0
0.7789927063405296 0.7843810713128333 0
0.7712596376265725 0.7774372802751228 0
0.3080157332917087 0.1432661188888346 0
0.3058049437875383 0.1534251547547902 0
0.3974687885761459 0.5020601689815656 0
0.39531643678155 0.51223450241978 0
0.8475957007089456 0.6768369885491066 0
0.8377302981899428 0.6800603269763676 0
0.3217392784739995 0.3369917568950758 0
0.2036378380731236 0.4609168677902383 0
0.1959031859611897 0.453949654470196 0
0.2737422408506737 0.08813292513360715 0
0.2836354183522056 0.0849175630748219 0
0.7966083306504157 0.7881023201338493 0
0.7867251422021692 0.791327123201353 0
0.3047192060785459 0.4186185557861573 0
0.3068794727249717 0.4084499595240674 0
0.3146065892887583 0.4154063282329807 0
0.3123824683284229 0.1229328426845558 0
0.3102203073878626 0.1331043568222016 0
0.7240174686445344 0.7833829623751281 0
0.716288660957383 0.7764393250032036 0
0.3424507384587068 0.5010506519436062 0
0.3446118221090601 0.4908725531698204 0
0.3523393515529364 0.4978330203554563 0
0.3003725354714981 0.04140234959745187 0
0.9120270588295109 0.8073236319944969 0
0.9021424722714231 0.8105426092962875 0
0.4738683856146062 0.4015224285167515 0
0.3992960531029565 0.4068930504090436 0
0.2311670914679915 0.4614723916392102 0
0.22126992036323 0.4646745990952051 0
0.9370695007029841 0.08074174794615119 0
0.9335008472456767 0.7055641841616028 0
0.9236164958167001 0.7087931333288844 0
0.5493463125706781 0.8686863124846954 0
0.5592565389100816 0.8654617076437527 0
0.1339741934171205 0.1901448997043659 0
0.2442335514423698 0.3498768159111939 0
0.901310058643144 0.07374604605383323 0
0.9112429278728355 0.07049821526665362 0
0.9095026856497739 0.08023214350553132 0
0.2946206259119847 0.5548554241648108 0
0.2848971392806703 0.5580948976266251 0
0.1535285141498131 0.2730461799682812 0
0.1513258813271993 0.2651957003690121 0
0.1607643748538084 0.2671132715229409 0
0.6571051067210847 0.1434039411930964 0
0.6968868655559635 0.0458512975449365 0
0.7075218336412065 0.04303304815523856 0
0.2225510318524275 0.6724464132804737 0
0.7042597879630448 0.7898270661996778 0
0.6965311460271546 0.7828825948659536 0
0.7064104780189148 0.7796607416651111 0
0.6801934214620191 0.8166072440155414 0
0.2606246748249115 0.3624700107916035 0
0.2524284309927932 0.3562176630947065 0
0.8117222738302199 0.9343977943979871 0
0.801826599364913 0.9376259649060374 0
0.171144867397146 0.269300926732611 0
0.2935283950981363 0.08170290314631251 0
0.5126526890296352 0.04823323237143684 0
0.5221361168596729 0.04556483019324653 0
0.709835774659904 0.1546151606572293 0
0.7076768369176998 0.1647630709182533 0
0.6999671542152578 0.1578184659224456 0
0.9141418802513959 0.1450097423894504 0
0.9119729175163143 0.1551809856333838 0
0.3654912677788646 0.2192601014137021 0
0.3732039037212775 0.2262099694278891 0
0.01915639794412949 0.5617722478072329 0
0.9368119849052483 0.2986045995188772 0
0.9389454811923876 0.2884407573081014 0
0.9228259556988148 0.1043118713531064 0
0.9206553622271114 0.1144885647303002 0
0.9129274630868313 0.1075210505000702 0
0.5259132336459531 0.2430868631530391 0
0.5237590600292624 0.2532857318054976 0
0.7085600190214927 0.7694948536694793 0
0.7008294155517812 0.7625538560070686 0
0.4260767090472437 0.6266582455172909 0
0.6931068511224425 0.7556088407531264 0
0.6853835673751695 0.7486673335080143 0
0.2317494425993119 0.6321207908075999 0
0.7021105654748891 0.799995112897474 0
0.158362191035229 0.1224586494507375 0
0.1685116945086695 0.1256372416401229 0
0.1611771080668946 0.133021902079272 0
0.1897279105721771 0.8737409126197264 0
0.1798054869925864 0.8769594017663042 0
0.9590719430237493 0.8027029041430636 0
0.405455726668688 0.2916531754556347 0
0.4152939861582554 0.2884590163329954 0
0.2104130932183179 0.5156351378611549 0
0.2125782325301521 0.5054450087565964 0
0.6776591498110002 0.7417271090333131 0
0.6699312224984432 0.7347913935611812 0
0.7647064725141213 0.1557073722494776 0
0.7548415038139235 0.1589030271163949 0
0.3838454562980481 0.392982726866578 0
0.3579153139702181 0.5149723228703609 0
0.3600731002950096 0.5047903340550455 0
0.7998822048548827 0.1632108854984399 0
0.789978533044245 0.1664369216441378 0
0.5338483575468741 0.8547500813516342 0
0.54376071594974 0.8515235420013495 0
0.5415933031077498 0.8617166597870999 0
0.123574669051804 0.1299222969761333 0
0.4251469578546851 0.2852719814395232 0
0.7273425155481246 0.2436542560743166 0
0.717401300491851 0.2465414188131709 0
0.5976009281447147 0.0777089812953638 0
0.5997049730966387 0.06752053545229036 0
0.6074037990434652 0.07447304474147648 0
0.6521550652920033 0.3260868409425168 0
0.1611540097288412 0.0464743103448515 0
0.1258497448385307 0.1397431013340247 0
0.1334613108998167 0.1331662402555545 0
0.9085871237029501 0.1278714035640147 0
0.31335557553567 0.3776663246262998 0
0.3155157480218673 0.3675074809745988 0
0.3232474197677825 0.3747497089270979 0
0.1488102776555173 0.8490427562503895 0
0.6622098519980599 0.7278524067582457 0
0.6544796157761864 0.7209265753297699 0
0.0949288574552441 0.5816206000498273 0
0.08501905283989331 0.5848400920293177 0
0.9051380241416513 0.7527154664961146 0
0.7999051157137852 0.9472878272656308 0
0.1881673777510297 0.44698192741057 0
0.1804322754634819 0.4400144565420164 0
0.214741336626681 0.4952567992059659 0
0.2169122748411705 0.4850668761708516 0
0.6354806810952993 0.07544087974112496 0
0.6431162234995383 0.08232760246514143 0
0.01736769034303187 0.750161399108109 0
0.2582568346243547 0.898999821114106 0
0.1710704127310761 0.04963917614499291 0
0.9421730464620813 0.09812712708069471 0
0.9400008904834503 0.1083051338087472 0
0.932726010817726 0.1011013788552839 0
0.4588795823300819 0.08356608004292948 0
0.4687864564722508 0.08032656756599532 0
0.3360058167428672 0.5317024962743234 0
0.3436917377489752 0.538563903055761 0
0.6755122896601778 0.7518860153488013 0
0.713276467463632 0.8342297193846313 0
0.7111261384834441 0.8444027470724558 0
0.7854301222537021 0.7538806361894317 0
0.3145512701576731 0.1127613732961478 0
0.06061594806691256 0.2703121486233883 0
0.0174759621997545 0.6459425273439443 0
0.2190777903249429 0.4748804204506481 0
0.2113706934750869 0.4678895179555053 0
0.1156684228536872 0.5274441420503178 0
0.3002808754326719 0.1363059757534686 0
0.5790714825927453 0.8590085232210655 0
0.4735505457951754 0.3167617080940842 0
0.4501994213759733 0.9010400164040177 0
0.4601281692721408 0.8978419210083365 0
0.01661586706349627 0.7288433274690995 0
0.5194166681511962 0.2735787371959365 0
0.5216024910066474 0.2634171945448509 0
0.5292917821190166 0.2703535298788836 0
0.1537369212077282 0.6954444228789621 0
0.1515774345562643 0.7056512778363115 0
0.3074340312787904 0.05848197191025323 0
0.01734943261502919 0.7079022281988953 0
0.4822286690335732 0.8814919698430294 0
0.5019929170654338 0.8748124047319019 0
0.7268792105688413 0.3191570826026902 0
0.6502467416933174 0.08914290599820668 0
0.6579670933736068 0.09609289822520156 0
0.3244400050228724 0.1095527329435624 0
0.3343319565426633 0.1063407729979506 0
0.2435486824123284 0.5333265596798578 0
0.0828591821889485 0.595034852062042 0
0.06020405254056915 0.3074821849022307 0
0.071090385619409 0.3044747536712564 0
0.4918544808940072 0.4901841793602054 0
0.489710673272883 0.5003310651489584 0
0.1364136791233212 0.7770895831050495 0
0.1342437733358823 0.7872932314354997 0
0.1698573154401862 0.5762598356466582 0
0.1655163537436495 0.5966525949680686 0
0.5602808013093515 0.3353632201432303 0
0.5821970503780814 0.06384515437909422 0
0.5843966218877212 0.0539994516310226 0
0.592101673707528 0.06091076925810607 0
0.6600665015956253 0.7380068040711645 0
0.08315266411685934 0.6803531954016988 0
0.08098613898790524 0.6905498129397005 0
0.4346679202651542 0.8870334697485143 0
0.4245272491059657 0.8910040259503003 0
0.250955756146351 0.4550537697242918 0
0.2410740246961326 0.4582542250028087 0
0.948626354729786 0.2854701742185817 0
0.9406522245766972 0.2784149717199552 0
0.1155472226160523 0.1794140719203359 0
0.1235964184110131 0.1850005003725462 0
0.874059286651654 0.07291919072577913 0
0.8818020281339595 0.07986960629017825 0
0.9054618167049961 0.185685527282955 0
0.9032948616239895 0.1958501378675441 0
0.5217657052336711 0.8681714503081661 0
0.4473842232816215 0.3535465985702786 0
0.4495388647484607 0.3434160563394194 0
0.1667406618776133 0.6342278307453681 0
0.1645754964862179 0.6444303574296277 0
0.9052003153385044 0.1005549252290145 0
0.1674235563065375 0.8050120529129666 0
0.1574989441397111 0.8082341575404007 0
0.6446298954673871 0.7241258047756683 0
0.227344869719431 0.6523399437128881 0
0.2637990877168804 0.6122611083344055 0
0.266072864947933 0.6020768981485214 0
0.9161840272779045 0.7502503911590943 0
0.9140347608441535 0.7604257653129973 0
0.1797599687256261 0.5730385588265601 0
0.1775904697352479 0.583234027185511 0
0.5061780328033465 0.2495641145589377 0
0.5138839460614422 0.2565109391225505 0
0.909801498020099 0.165350986683992 0
0.907633014547236 0.1755191366756777 0
0.8673323862239395 0.6703930351512946 0
0.85746373674675 0.6736168118850829 0
0.8158627178993726 0.6966500078889816 0
0.2194982925873987 0.8640697415562435 0
0.2294234994667776 0.8608471781595294 0
0.2272517403244623 0.8710547135332359 0
0.8934039578017262 0.06695893200235137 0
0.8916637155786646 0.07669286024122901 0
0.2912945447718827 0.612767492226397 0
0.7328793313055725 0.04372838682345404 0
0.7404269659104289 0.05025742544435446 0
0.09059517536738582 0.602007314342368 0
0.4114886383249738 0.6113639260330316 0
0.141106919853272 0.1265943728937748 0
0.2925181572490519 0.1293840202350588 0
0.7295653062092353 0.1482202765806798 0
0.7197003076420179 0.1514157026441761 0
0.2660466691548228 0.08113229195888971 0
0.5679007525634894 0.8246873956105131 0
0.5700602456935615 0.81449874287777 0
0.509570118400293 0.2767749726598576 0
0.4997131382438048 0.2799811669857272 0
0.2864931983478708 0.8999064677954403 0
0.08825801512319914 0.05357053120428651 0
0.09054028815912862 0.06319401598695362 0
0.2185421578382235 0.7417885909359097 0
0.3830734523046803 0.2230114138973253 0
0.6866541448964163 0.7860959297966014 0
0.6780412068374112 0.8267786386745662 0
0.1741927652817545 0.5558702194827813 0
0.671578841461413 0.8572989910224624 0
0.6638433088927822 0.8503431532069291 0
0.9485597116593304 0.7195095264252993 0
0.9389471199209465 0.7224311850416207 0
0.9409671176624232 0.7128184714867685 0
0.285797879132402 0.07474031634012906 0
0.2780358561831673 0.06780903275502148 0
0.1497473237924017 0.8012530998174893 0
0.1081747124118995 0.05944725885013158 0
0.1060098382702339 0.04926453018094357 0
0.8880915330521369 0.2669235442479382 0
0.7613823086815039 0.7806607230137654 0
0.2074023660598592 0.8774993171472002 0
0.5431791994380748 0.07644679670312449 0
0.5410403912112378 0.08658545101142145 0
0.2413791076246561 0.5435178922381441 0
0.2336352265659473 0.5365461042618378 0
0.569165510769821 0.8622353655881386 0
0.1720566922946024 0.8699810393022861 0
0.1450816052105374 0.7362680090699025 0
0.1429128099497123 0.7464731553264957 0
0.1790251158836363 0.04290418022999654 0
0.7918553337410449 0.7233984322507572 0
0.7119898974666494 0.7967732596966315 0
0.364112189336029 0.09701942246419054 0
0.3740022211986043 0.09380737542739681 0
0.9536845252733147 0.6508825319598847 0
0.9613864097237194 0.6576485377714466 0
0.9518946704586383 0.661477409176186 0
0.3167117880525255 0.1025926345574342 0
0.6899074284950584 0.07467579548785352 0
0.2686830812493658 0.5919649313322929 0
0.2708258832158238 0.5817554494663472 0
0.709580389480996 0.06961005350350469 0
0.7172840706914814 0.07654655316613707 0
0.4227031622984218 0.9008456028909257 0
0.430345060535822 0.9074518595615108 0
0.1004411071033294 0.06640840965207134 0
0.3949779851032019 0.4271904640571114 0
0.2849375200981025 0.4250465031208608 0
0.2948297568331623 0.4218341377858853 0
0.5487610318205587 0.09354357143100211 0
0.5154140002367625 0.3785443041833685 0
0.1419948564334088 0.794273118995888 0
0.1081915520274831 0.9096762825320046 0
0.8742072509119605 0.7249186956850923 0
0.1159342860248507 0.9166511217451663 0
0.440574954357378 0.2991890641700133 0
0.4384305570164387 0.3093193818052108 0
0.1695947482908791 0.7948040868806352 0
0.1773484730389361 0.8017861240350026 0
0.5093633705983454 0.4938818543972804 0
0.5017062872854777 0.4869723036248241 0
0.5459259367725701 0.841331082784549 0
0.5536708823334457 0.8482976612200146 0
0.4035664768101888 0.08385359252813218 0
0.4134560140865317 0.08064169212694638 0
0.09928645618282017 0.1036323537653742 0
0.7470437934696555 0.2373900563495319 0
0.7371840378411103 0.2405224882945522 0
0.5151037096658059 0.8135288382659102 0
0.5077201383308438 0.8066480935851367 0
0.6025490100473547 0.3467572875724161 0
0.2181537413622358 0.5226037237633289 0
0.2082470565280702 0.5258240294924679 0
0.5052573303821669 0.297034256161078 0
0.5151044215696537 0.2938372856039094 0
0.9225385471303211 0.5004273259609838 0
0.2905108851453427 0.4421805543280529 0
0.280618133438852 0.4453968909892758 0
0.2827746724450745 0.4352224251557495 0
0.1876123604548701 0.7986397481721313 0
0.2428526072797865 0.3602674328891045 0
0.3402647596653515 0.2934731239898878 0
0.1494164262645701 0.7158572205255034 0
0.1472490179693209 0.7260629380915612 0
0.179687063752826 0.09190143021475927 0
0.6403226661535401 0.7443987697286302 0
0.9295901584100275 0.15894040498602 0
0.9274187389138122 0.1691104060366281 0
0.919694963215804 0.1621444225787435 0
0.3668679076993116 0.9105194197707421 0
0.9214693397035223 0.7189668342069894 0
0.2590378010400453 0.5472716634125439 0
0.2372463356580785 0.6491326926970185 0
0.2350131991205695 0.6591446066941662 0
0.2787426185152278 0.8929198468009956 0
0.2703712209266017 0.06092861165730934 0
0.2628984129275399 0.05432509733485158 0
0.7779697907157537 0.3418343768653867 0
0.7861156290597109 0.348174537339724 0
0.8193046099173634 0.7238877470113096 0
0.8115825931928806 0.7169551374885037 0
0.09305733011408468 0.6771330288331197 0
0.412686306452326 0.2133801821375708 0
0.4225537716419818 0.2101791680122865 0
0.186266479169823 0.5424548679122303 0
0.9157473331769531 0.3523978137075247 0
0.9080480187059667 0.345444960582069 0
0.5614146333703549 0.8552637783812009 0
0.782293549012017 0.1594589497645961 0
0.8488831456987288 0.7142387746305727 0
0.8510319723785351 0.704079558233632 0
0.2836473284975247 0.6058084068851847 0
0.2764431000246624 0.5989474993546483 0
0.340302210435776 0.5112506362664617 0
0.3325746809918997 0.5042901690808258 0
0.3352734125656649 0.3613784981461908 0
0.3275191232406053 0.3544263256138928 0
0.7570884758123051 0.8009927353376167 0
0.7592341046933291 0.7908268491113353 0
0.1014766194764494 0.1137359183600273 0
0.4510357535346996 0.07678901824694889 0
0.8174823653257454 0.1669530803410954 0
0.8251905198678651 0.1739101348476539 0
0.9073339364893085 0.09041216570779365 0
0.6922587641887655 0.1508766249795617 0
0.9580257714366848 0.07577073841259241 0
0.9465454275452363 0.07838236156339767 0
0.4623472425683081 0.8878148133599116 0
0.09374494893810037 0.1206974082916322 0
0.2350034963525591 0.8780403518625606 0
0.6044650522875599 0.8697223531659711 0
0.6143671002720974 0.8664799951360869 0
0.2903135831528981 0.1395457823016918 0
0.3805043886029833 0.5838064438236862 0
0.1919002359113356 0.8635379487130022 0
0.1996505240137935 0.870518393457726 0
0.8051756407889159 0.7474305984462142 0
0.7953013916049708 0.7506579747973499 0
0.7515038677616445 0.7838818837746291 0
0.9283816751533467 0.1214540927499167 0
0.9184831825413632 0.1246632718968806 0
0.7197193135265292 0.8037174901643361 0
0.7274533683669195 0.8106639823311859 0
0.2316303128660231 0.8510487167786656 0
0.2393837606030867 0.8580336887556581 0
0.1494869616974838 0.4121631900643294 0
0.5181785401457838 0.23614280145232 0
0.8999090186078722 0.6030145363895827 0
0.8900461523931392 0.6062370599249214 0
0.7471244152000331 0.1519622625968958 0
0.1754580012835429 0.8973526173406903 0
0.949385742816888 0.152528898030813 0
0.9394866603289054 0.1557335590861666 0
0.9094357220292038 0.7323668153265502 0
0.9017015623852798 0.7254188127956477 0
0.391896044668083 0.4849475317997975 0
0.9431134389840606 0.7026425255452813 0
0.2514001012031193 0.6256019031928703 0
0.2414778948186955 0.6288273038936329 0
0.5142777517658957 0.4260697299908258 0
0.7416257405538668 0.7871043608118098 0
0.563579854193185 0.8450713191644006 0
0.5657393601271049 0.8348786799102001 0
0.6173255713926699 0.07130405793144545 0
0.6440596115767263 0.8567900625078155 0
0.6539516727140506 0.8535639961204917 0
0.5172594095126622 0.2837113079938903 0
0.8819392728554485 0.7318646079798738 0
0.5083146083893366 0.2393537725781067 0
0.2258962530128037 0.5295736935490967 0
0.3296299969197954 0.2593839118658565 0
0.320807275290814 0.2632346883139108 0
0.6242659906750263 0.8632531809743678 0
0.63416399732201 0.8600161238029567 0
0.9515587294062189 0.1423509333560566 0
0.9443740936386092 0.08856398574447782 0
0.9581550028199006 0.7169869082140756 0
0.9561350050784239 0.726599621768928 0
0.9256379754445915 0.4804398401823002 0
0.4793304143155213 0.07857608409326683 0
0.4892221698786822 0.075360833673567 0
0.5586031381809922 0.09038147535538055 0
0.949767981439393 0.6716405316044558 0
0.6219472998459863 0.1359413031731541 0
0.4402652523600074 0.9042272378700937 0
0.5369344235235676 0.7968367727022561 0
0.5348469234145092 0.8070426245764858 0
0.1463344932899719 0.7738658730133605 0
0.6472248375116809 0.6301618231476973 0
0.6494166919768851 0.6207804660157278 0
0.6566197236827909 0.6269628542795189 0
0.6984031427727129 0.687713846753107 0
0.7082595350340655 0.6845087059815178 0
0.0734529466478428 0.2943362534905004 0
0.5296645336605621 0.05260710964602255 0
0.5373675356448334 0.05959439969962688 0
0.5277609196575738 0.0624914528907588 0
0.5036514107383848 0.6936785158334906 0
0.9577073800472121 0.2444437947412211 0
0.9387120179093269 0.3729523811361795 0
0.9311475837624885 0.366305116039327 0
0.9408922007493734 0.3628056638520885 0
0.4718976047177856 0.1941634877169187 0
0.4817612114991611 0.1909603088598391 0
0.4942376261007779 0.8678365960176312 0
0.5040951747978021 0.864423892764677 0
0.1388357899206386 0.1163498231377722 0
0.6950187634655909 0.6605297777914692 0
0.6873221168334409 0.6536028895868775 0
0.3373344907965091 0.2663394064707068 0
0.9516489733043334 0.09576774069794114 0
0.7718072446844583 0.6448968167010909 0
0.8897081289753772 0.08665672034166017 0
0.8974361952692784 0.09362273381393182 0
0.3223341030018931 0.4223604375996058 0
0.324494369648319 0.412191841337516 0
0.2729003344799245 0.5715341967523895 0
0.2646907443573029 0.5644601727815991 0
0.2749926287316749 0.5613190031397141 0
0.06603753500196424 0.2870939165162955 0
0.3266484761713596 0.4020230200995736 0
0.3189270516083846 0.3950731422748449 0
0.3288086718445601 0.3918584304035275 0
0.3309641382285873 0.3816959915364201 0
0.3331243107147847 0.3715371478847191 0
0.9062733741277251 0.4405282477929237 0
0.9140153983979604 0.4474007055730787 0
0.9317628846308972 0.148767575628282 0
0.3557529293473839 0.52515548305266 0
0.3480158832797489 0.5181942793115413 0
0.08350697243355565 0.1176491191334338 0
0.3650144645311758 0.5693775120995203 0
0.1487564746608205 0.1195987601338839 0
0.3365095573193872 0.09622429882269451 0
0.271086117818865 0.885501729240792 0
0.6694266859342457 0.8674929769157478 0
0.4144033837869421 0.3359320072995288 0
0.4165666167607476 0.3257949911588005 0
0.1572222655038911 0.4191270583567903 0
0.8355889809850882 0.6902107303581608 0
0.1506634947469133 0.753454573031991 0
0.7317468847044143 0.7903271928428326 0
0.7218685360146848 0.79354944346654 0
0.687051027666357 0.8712200383400529 0
0.6793154542083334 0.8642689551181673 0
0.5178992546730051 0.06567115317617889 0
0.4898610871826965 0.2831812482802983 0
0.4800068681646875 0.2863824625309955 0
0.2060809734393447 0.5360131397706237 0
0.8770198231914863 0.2327233339026602 0
0.8748537538350659 0.2428742708791424 0
0.5300848792240422 0.7421541423235068 0
0.1206101223926085 0.6777011658803392 0
0.711990624939576 0.1444710976483685 0
0.3442409909443258 0.1031810776157963 0
0.3541313372807992 0.09996903445669197 0
0.8813599375786197 0.212417329940779 0
0.8791927453879088 0.2225718650000981 0
0.8714797786783756 0.2156159141692995 0
0.9083231300340739 0.7806453259658774 0
0.8553211129904774 0.6837707979706567 0
0.8108726414387614 0.2826019378152979 0
0.8031609490562843 0.2756724310409808 0
0.4086309488535842 0.5363129927576278 0
0.9011205618826355 0.2060122753678119 0
0.8912407397505113 0.2092131758313799 0
0.5883484944126276 0.2510545979601788 0
0.5981758596393976 0.2478832366256101 0
0.332792815335798 0.2865758851685448 0
0.4424383464219135 0.8940580164846967 0
0.5311010629767514 0.1749419522092873 0
0.5409639582301824 0.1717338823692639 0
0.6039043529559265 0.04748050985594321 0
0.6115076523450372 0.05409027605012751 0
0.6019045446062785 0.05767483270421875 0
0.5951096080910349 0.7400614740901595 0
0.5766750174675606 0.04657502065910507 0
0.5865796407970072 0.04364063553811692 0
0.4147262339984399 0.8946043908904531 0
0.3025568733969489 0.4287905064947985 0
0.2712248929054004 0.6187865164336657 0
0.2611910968990512 0.6219881585971944 0
0.8939663837090963 0.7184735516040208 0
0.920902719576675 0.1995506782095259 0
0.9187284198353209 0.2097128157097936 0
0.9110068482937553 0.2028093423441738 0
0.8814871461035038 0.6468541698313071 0
0.8793453803176668 0.6570111926324078 0
0.7042844221487734 0.1375201356697886 0
0.7141489551308873 0.1343206776567354 0
0.09430797598616836 0.4111060522624301 0
0.6286055703081777 0.06643611655799103 0
0.9104730174846383 0.7704677259068992 0
0.1549903125131609 0.7330423831743165 0
0.915352345877349 0.1824808142366289 0
0.1519173641994875 0.7910500349369981 0
0.3634942396667922 0.532119512534995 0
0.353594808976323 0.5353414689761754 0
0.7098533120267035 0.2398939956846518 0
0.8840869493440664 0.7216981749856251 0
0.8862343617656083 0.7115276393092391 0
0.2428766154542286 0.8850152175433744 0
0.2506275508926656 0.892000981684843 0
0.3334763159006313 0.4566111259252427 0
0.3257462031809689 0.4496554190259724 0
0.714618792008554 0.04981489024358782 0
0.7122518977818517 0.05954592322759589 0
0.0780675279221188 0.1349634879197746 0
0.3622341839453628 0.4946122352812597 0
0.3643908795744822 0.4844353390825914 0
0.1593187335636386 0.7126313695067832 0
0.6529485815944271 0.07937354605082736 0
0.2095746913990177 0.8672963532404759 0
0.9163134366291854 0.1348369315836312 0
0.7023844655427208 0.06276521254347167 0
0.5317427328469324 0.0426677770021146 0
0.2814800999975877 0.6160185515120891 0
0.9502498690028081 0.359499482762384 0
0.9426854348559697 0.3528522176655315 0
0.4430665532431169 0.3738039312897318 0
0.3351794849141533 0.2764979439291996 0
0.1234076926317829 0.5344163027222608 0
0.1135006811719466 0.537634518509941 0
0.5316297638644238 0.5151199290157644 0
0.5222474805414143 0.5182239138862128 0
0.5241514345670168 0.507869946639482 0
0.3201746246784321 0.4325302596053392 0
0.5902314914001071 0.1557362730630947 0
0.6000912574998599 0.1525177442949669 0
0.5623198460790659 0.8075356634420943 0
0.2393064584763237 0.6390345428017734 0
0.1311479073996237 0.5413885141378986 0
0.9273793372417136 0.6034932534495556 0
0.9351095962937879 0.6104290757464492 0
0.9252358010979045 0.6136590471401577 0
0.770420687751469 0.8250552091436475 0
0.7781615218202793 0.832001341925123 0
0.8948174034263379 0.3214040392600105 0
0.7104309152464467 0.6743581783171874 0
0.2608459686696423 0.4518369851808128 0
0.8785004304675188 0.7045882507684547 0
0.5567378578977308 0.7903866549825157 0
0.8707735124156775 0.6976459514311182 0
0.7129388155800126 0.09683634066671942 0
0.7030769078333599 0.0998373552929715 0
0.2237266782251315 0.539765026107383 0
0.3839024712925788 0.09063300951899106 0
0.3937923026414782 0.08742099068158493 0
0.6700904997682289 0.0813555488701096 0
0.6678459669054708 0.09288215909428821 0
0.1717887552031273 0.7846078615775314 0
0.1741026552504076 0.7744549523232716 0
0.7738907254306145 0.8523467784855129 0
0.7837744393733836 0.8491179792233965 0
0.2589253978319569 0.3733786966991313 0
0.211746450541333 0.8570888178667693 0
0.8449453991588645 0.16748300576274 0
0.8350705035128339 0.1706991185136038 0
0.811241443178444 0.632124913588175 0
0.8630451201625888 0.6907091426614018 0
0.8531770841247843 0.6939293193254255 0
0.5132194499092161 0.3885540868097658 0
0.6276734707796587 0.2383740360768329 0
0.6493914336842381 0.1364605139107407 0
0.6592585124226322 0.1332533495353557 0
0.9240379390898088 0.1418016107223162 0
0.9215190206208915 0.7680026505698789 0
0.7489797618387573 0.9268764231395341 0
0.6292465026413622 0.6250443254402533 0
0.637399496286537 0.6333887492284875 0
0.2707266147272673 0.4486171805237797 0
0.5106736660290864 0.05873258126540432 0
0.5032684373854192 0.05146165079968662 0
0.3282921438988943 0.5247588532292439 0
0.3381398258129417 0.5214337964487609 0
0.7170846518061841 0.04014685613126356 0
0.2685025858266585 0.3692404274181177 0
0.4732073145548471 0.665367415585464 0
0.4750626629642855 0.6555238876460928 0
0.6642586170369308 0.6329789544384755 0
0.8637711222395056 0.2086645786852249 0
0.830335818782189 0.4220512942088895 0
0.9699816366397228 0.664667455141416 0
0.8281600879168928 0.4877786678971253 0
0.7801128979995959 0.3328816832338028 0
0.6579033652113617 0.7481428968366781 0
0.6501819947109784 0.7412039100337426 0
0.8879051914591849 0.6163912832788649 0
0.9555030570405758 0.6047536091256983 0
0.9447551221975671 0.6071459338047207 0
0.6768394374436378 0.1369910672551246 0
0.6845490629239329 0.1439340259951197 0
0.4222573328194076 0.0780546875208179 0
0.43200475586214 0.07506155573976769 0
0.08568933057355183 0.127768671415711 0
0.7162903018767883 0.1241664914545046 0
0.723996504667591 0.1311174534330845 0
0.2450500663055106 0.8748070158173356 0
0.5239319750563898 0.8579764601921578 0
0.52609938789838 0.8477833424064074 0
0.2051250464878562 0.5837652545320868 0
0.215026702162681 0.580546877019831 0
0.2128515690815215 0.5907520866497169 0
0.9171717727209547 0.7393133637997584 0
0.926068509423457 0.7470236626166411 0
0.7817070374339943 0.6417587563923803 0
0.6657339604908714 0.1027862077355972 0
0.6734521518101766 0.1097346540221494 0
0.6635732782783126 0.1129453931530627 0
0.8827866995194407 0.6842653648075896 0
0.9153614159865855 0.6168741320800857 0
0.9054933417168568 0.6200973092154694 0
0.9076374677761014 0.6099464019786477 0
0.6614181544917017 0.1231018808463075 0
0.6691318275285483 0.1300453081286632 0
0.6207878429108971 0.05941665752494862 0
0.4952486123566092 0.8198752687159714 0
0.4883009037199705 0.8134355351902862 0
0.4982515811327445 0.8103241459330388 0
0.8729175412813704 0.6874874300763494 0
0.5412503726102017 0.7764613312694492 0
0.5007724296942051 0.8002083600594516 0
0.1435107200415877 0.9171911811688791 0
0.1512545520693916 0.9241677168771547 0
0.4884859115042718 0.6793932718952345 0
0.9131128085711783 0.05928744509255673 0
0.2917885403767372 0.4796685661480559 0
0.2605524691388691 0.8887807209274124 0
0.8235840899979132 0.7035809385768655 0
0.8137219228797824 0.706800460384206 0
0.3090614635482972 0.3975193831434245 0
0.9193202041747562 0.729140086784097 0
0.9035013323875418 0.2808248567781908 0
0.9013321352384334 0.2909716355845102 0
0.7394768079240172 0.7972708419032217 0
0.3857085743058076 0.2979657975384677 0
0.7295188105949704 0.233591543511989 0
0.1262398656587307 0.3913045432361241 0
0.4446020892811202 0.8838462482824381 0
0.9367979843921804 0.7326044376187284 0
0.9292053903952733 0.7259133826801976 0
0.7956384325397952 0.3447822206476619 0
0.9583217189946903 0.282351493305752 0
0.1686648083713058 0.8426041061803491 0
0.158732887762022 0.8458228382049007 0
0.156561123932458 0.8560230583148301 0
0.1643097480792241 0.8630023754994554 0
0.3514330480683835 0.5455279325380959 0
0.2788721091797584 0.6257456017748779 0
0.2469747878774622 0.6458392057830515 0
0.1185069020272356 0.3843387417272178 0
0.7569020310768402 0.2341482481421447 0
0.5129351111814864 0.7283448060172351 0
0.3112216592214977 0.3873547934473784 0
0.9472952545323015 0.6821444359201208 0
0.945149134831087 0.692319730919597 0
0.8825570020745562 0.2498248349346637 0
0.1819305997186817 0.5628399666225515 0
0.1896637540137434 0.5698141581614043 0
0.3762805459254837 0.08399101354713157 0
0.3959549701881685 0.07724924948527306 0
0.9526154052478335 0.6995740182447625 0
0.5071658006309796 0.5040383315089225 0
0.5169667212113731 0.5008174543982883 0
0.1113330866663244 0.5478250134626208 0
0.3253046405164342 0.2797002944949828 0
0.2583820338982571 0.07425187086117757 0
0.2682402671299056 0.07107455517092637 0
0.5579974955926603 0.8279139177035272 0
0.2588259063916393 0.6321273112921304 0
0.7351872242010349 0.8176089286956105 0
0.7429222674432427 0.8245537043513944 0
0.2470452167505092 0.8653606763120563 0
0.2549183358521787 0.8723355419928701 0
0.506752562068266 0.4190448853733262 0
0.9507064809932451 0.491267845482036 0
0.9529565578646322 0.4804167017260437 0
0.6944163906926295 0.1407279566769797 0
0.174230678254341 0.8597818040721719 0
0.7219067511194528 0.2265469231692204 0
0.9143420997318252 0.5793516409424758 0
0.9122048020796008 0.5895059609317366 0
0.3971389301829165 0.4170408482302279 0
0.9339344410086867 0.1385947648224628 0
0.145687236346938 0.9070008740023079 0
0.7939988621010685 0.7132433563434315 0
0.5121871079702022 0.7862872298434798 0
0.5216581794142224 0.7829621226500235 0
0.9056730181048014 0.2706762428419447 0
0.9133782286418739 0.2776274624168845 0
0.6115846690549512 0.7064866614790399 0
0.6038709218413849 0.6995468764434931 0
0.9102170764161055 0.3353023208609354 0
0.4283700449654864 0.5298312638049656 0
0.4305183335226139 0.5196691365635506 0
0.3494264948655991 0.5555493513952774 0
0.9097770928776009 0.599791359254199 0
0.1562809675612131 0.7706496285318578 0
0.1541113711117359 0.7808538096338942 0
0.9728519905992532 0.4113187269229592 0
0.4452225582688434 0.3636716257491369 0
0.9254324561085447 0.264274583262959 0
0.9331431744486274 0.2712279364273772 0
0.9232606326992162 0.2744322016450567 0
0.1940043136067502 0.5494246150520007 0
0.1840965505698718 0.5526458188176255 0
0.9520753699549478 0.2654624697300957 0
0.9428240479860257 0.2682573533378575 0
0.3566610947021666 0.477481036317283 0
0.5140167355851769 0.8612047113629393 0
0.1289791999577438 0.5515805077226931 0
0.9426115860537578 0.6173117274953229 0
0.9230916750386597 0.6238099543769794 0
0.1246408104039733 0.5719661348770472 0
0.1268110106502145 0.5617717146185157 0
0.6522280500537714 0.6463851869655497 0
0.6446025279924428 0.6395711374922788 0
0.8772015444620098 0.6671709698825349 0
0.8750583072663521 0.6773285560378732 0
0.2507825032972393 0.06742154373451942 0
0.8445927213624158 0.7345556946131584 0
0.8467395336393095 0.7243972963337539 0
0.5062614446205209 0.8542289026486686 0
0.4986260306439719 0.07211043342615969 0
0.508515003028789 0.06889957160442867 0
0.4778597263090129 0.2965073139802048 0
0.470157836834158 0.2895820704642466 0
0.5390890207233597 0.7866533549046599 0
0.5313444816671871 0.7796900696894261 0
0.3622127736594681 0.5804436337397509 0
0.3545213220184548 0.573414457813104 0
0.3003987046145674 0.4389600753197127 0
0.2982421656083449 0.449134541153239 0
0.9215210147052602 0.4545700560330316 0
0.9292517029314353 0.4614110576736454 0
0.263456834087176 0.8785028898115289 0
0.342302343752366 0.06445180254503646 0
0.3996217947485662 0.4918943634857698 0
0.2491413447654411 0.5504981335962633 0
0.310288153859951 0.4357444933199847 0
0.3180164558960507 0.4426998284302535 0
0.8346132376185004 0.4947606674812436 0
0.9571238280019514 0.678747319303413 0
0.9180612246948947 0.390697148342554 0
0.9159212232322781 0.4007858992398279 0
0.9605276830652896 0.6118019880243845 0
0.2568865823344492 0.557471449352643 0
0.3158597323624878 0.4528696527406179 0
0.9256234856386687 0.3492055296107786 0
0.9234516141408196 0.3593506828519821 0
0.1618638384707288 0.7878337904554954 0
0.9250561832463198 0.1791715468146162 0
0.9380138276692511 0.1182449554828769 0
0.9358416479835028 0.1284196626494573 0
0.9474608633136063 0.1152707037082877 0
0.4918855536195805 0.0652113999410614 0
0.9214184279838878 0.5380413016575319 0
0.9196098445457764 0.5482415975709319 0
0.5652755877362609 0.6648252091465678 0
0.5575542835625253 0.6578880268300571 0
0.5238195313010645 0.7727700990148128 0
0.9228849854040799 0.1893379374218934 0
0.9306065569456456 0.1962414107875132 0
0.9277979280186186 0.3390580636899392 0
0.935502208982485 0.3460109328343967 0
0.6932163050477665 0.1030528981385858 0
0.683324469974369 0.106488446742353 0
0.9601675284031199 0.3556002603658781 0
0.9583742942965235 0.3655537065524351 0
0.8403905435417547 0.4266403366050012 0
0.6965747208839408 0.1305775366853466 0
0.1203047192067216 0.5923541004027032 0
0.1224726953130789 0.5821597209457725 0
0.6416737057373407 0.1295198524756231 0
0.3368861216508592 0.4839142077808561 0
0.3467747347450887 0.4806965761927062 0
0.3894299597347608 0.4100978252737718 0
0.91993325124783 0.5964378265208016 0
0.9475599889394843 0.3326551006714474 0
0.9547432148129691 0.3394963855025822 0
0.9448598772359197 0.3427047517446922 0
0.6789990795127073 0.1268395985660763 0
0.5343892440004859 0.6370478252617786 0
0.5266702188936194 0.6301052697739913 0
0.4227955985111835 0.5127238003047621 0
0.1159649168881185 0.6127440477729096 0
0.1181353021586952 0.6025468295545301 0
0.80386122109434 0.7100242068006196 0
0.1746409481428582 0.9450911091013575 0
0.111630577887759 0.6331387685900522 0
0.1137978064136179 0.6229414114017402 0
0.9375872368009777 0.4676862155890998 0
0.9451326122451649 0.4740734157145753 0
0.9352836199957444 0.4771782327625964 0
0.2654519845321746 0.8690565503062495 0
0.4954052793210585 0.3002343374556492 0
0.4975608087006506 0.2901076247523826 0
0.9068140383808097 0.6574849402240268 0
0.9166922591141435 0.6542507745494007 0
0.5285039127818664 0.7527209936412 0
0.5207610821474924 0.7457557845932573 0
0.8659364464682983 0.1985124227805795 0
0.08757335269659472 0.3564798187716998 0
0.07767125309237766 0.359691853152245 0
0.4855564283876093 0.3034340624664461 0
0.8483489677160418 0.1947663085208238 0
0.8560605978387174 0.2017156223558239 0
0.924203384280152 0.5759631550078079 0
0.9355194867833243 0.572095718883575 0
0.8991663561138932 0.3011199164617553 0
0.8969974216854004 0.311264367686046 0
0.9435665935245912 0.135385627555423 0
0.8013991857467573 0.6353420878195508 0
0.7915608181867504 0.6385627184511878 0
0.6296550722221015 0.1428785347567086 0
0.6395203000357932 0.1396704441333637 0
0.4726271012013236 0.5817024762983922 0
0.4648983303141045 0.5747608260430511 0
0.5035669825975209 0.6093710370013307 0
0.495827690049457 0.6024459504196689 0
0.1764158399312653 0.849584562769943 0
0.1841627841466436 0.8565632265727736 0
0.5263429746296728 0.7629103409825829 0
0.09530871456713569 0.363444139750659 0
0.51267908243128 0.5211952893358441 0
0.8857632777509192 0.6265434606780701 0
0.8836223605405562 0.6366976686530983 0
0.7971016060294845 0.3340597528468014 0
0.1147354572440892 0.5751826790422547 0
0.9331833508887788 0.4868270403077757 0
0.1120002793520776 0.1528605662576044 0
0.1100990037503781 0.1608688535781206 0
0.5129675955676699 0.7400537038934829 0
0.3489353942439657 0.4705226909283187 0
0.3412060932203722 0.4635676196589452 0
0.4262330781338539 0.5400181984691621 0
0.4185049790893033 0.5330721574025337 0
0.5089322665732323 0.4088659037239047 0
0.5110712610617293 0.3986802164098832 0
0.6796390256525661 0.6466606097607188 0
0.6719438094020258 0.6397453183406701 0
0.9232595450040139 0.4448617322502171 0
0.6050345160312756 0.736874486064524 0
0.331319256967147 0.4667817370700393 0
0.8505095396261878 0.1846092735475453 0
0.852665656705776 0.174440606216524 0
0.1190717616425129 0.5547978860777067 0
0.1091648973587951 0.5580162203584434 0
0.1072956289883793 0.653526987096432 0
0.1051327796238338 0.6637234143318632 0
0.09739149860345209 0.6567391190840071 0
0.891350351652789 0.6436304350906505 0
0.2492520301497547 0.8555622149311926 0
0.2007670629110512 0.6041759885103659 0
0.2106858660873926 0.6009601364228773 0
0.4516974937637208 0.3332946538027995 0
0.45384988100386 0.3231676117734827 0
0.9534659363810349 0.132175831183051 0
0.192097234874987 0.6449717998785645 0
0.2020091723925149 0.6417625292024174 0
0.1998354882862609 0.6519682559512089 0
0.7027287248031069 0.667430403024055 0
0.9046949664164713 0.3182123096815852 0
0.9391006951808558 0.4583062406256243 0
0.1785969142636085 0.8393855286809508 0
0.06680881847569475 0.495459484834403 0
0.06941413917095918 0.4853295438060282 0
0.8150375355812916 0.7442058692597732 0
0.1885698155706236 0.8361758942304117 0
0.8956274797981072 0.6233217565132365 0
0.9352757566330516 0.8280841267807879 0
0.2939371056590703 0.4694877146853388 0
0.3016759459040789 0.4764452403824431 0
0.9033514280085911 0.6302494866146745 0
0.3115532909243472 0.4732224642227378 0
0.3094047256420142 0.4834033156854549 0
0.4864710037327235 0.6906608313761773 0
0.4788385448849112 0.6835659015766529 0
0.4461395654628945 0.3162461918890032 0
0.4362937611065897 0.3194454161609431 0
0.9552601746698652 0.4709246845525471 0
0.842021485013193 0.5019608153090478 0
0.8433079652064237 0.6971412135428868 0
0.1661994847006497 0.7674253483922986 0
0.1762442945680802 0.7642427355631787 0
0.833443869238839 0.7003609692663673 0
0.4757073970570799 0.3066336703996971 0
0.6621130615826817 0.643110575313683 0
0.6514071804369788 0.7785996134609753 0
0.6613088943843058 0.7753905903995106 0
0.3931647147553693 0.5224156738891772 0
0.1060613975826413 0.6159590870434645 0
0.902311504529961 0.243432789748974 0
0.8924332266873412 0.246628242307233 0
0.8902631688665895 0.2567768586651948 0
0.8979677576649219 0.2637269516205075 0
0.1070000226328693 0.5682085091412177 0
0.1094606083176875 0.6433318891781925 0
0.1017243175380692 0.6363495712604355 0
0.1227778073700588 0.6675002212666907 0
0.1249454137409566 0.6573041320282609 0
0.754943475796968 0.8111605137330642 0
0.7472106637581325 0.8042157882676464 0
0.73733180790868 0.8074386202986692 0
0.8313030742192488 0.7105114217615917 0
0.8196122805979316 0.1567775907532316 0
0.6415091245348516 0.7818049055925074 0
0.7979157590544995 0.8255567397555875 0
0.7880386506767099 0.8287784902900397 0
0.6099338903442419 0.1492932831301536 0
0.511386629125494 0.750620555211176 0
0.8472637467000332 0.4182957996972505 0
0.8502778156027503 0.4302592240993808 0
0.854817898679775 0.1642685313353519 0
0.907844653919254 0.2605295572592013 0
0.6888713976768999 0.1235933912862799 0
0.6987394291330437 0.1203855702790889 0
0.415073290301645 0.5057834641904591 0
0.4073503356742791 0.4988387450139354 0
0.0754949867085507 0.3698719696496843 0
0.06776523198700357 0.3629116911242249 0
0.921271431300773 0.3694974001360731 0
0.9190987364363724 0.3796406257418413 0
0.9183449560933836 0.5590152641862396 0
0.9161845235621474 0.5691623677519446 0
0.1584226068788858 0.7604374117717649 0
0.1048319075419749 0.578402095209943 0
0.8329131735398967 0.1808660969779623 0
0.7506615704191308 0.8315006906576583 0
0.45402347493652 0.879436524664106 0
0.4639982020669487 0.876380543005397 0
0.6811637877618102 0.1166476321598185 0
0.9265599981557727 0.6510212936893427 0
0.9364383421751343 0.6477896609050592 0
0.1605820118863499 0.7502302928924317 0
0.9711709848922907 0.5475742095936457 0
0.7528049667186835 0.821330552969358 0
0.2193912969501322 0.5601514641342028 0
0.2215573005717966 0.5499565190442554 0
0.2087529835467125 0.8300355696238491 0
0.1985505539224195 0.8329983241960561 0
0.3817002008308593 0.4031447137002439 0
0.2039115957860098 0.5462046327074961 0
0.2017416671860586 0.5563955836128912 0
0.4264295393193022 0.322632669403665 0
0.433219581050614 0.5948263488766634 0
0.619799799979192 0.1460900552316166 0
0.6928743976470424 0.6706621241007806 0
0.5166566723767082 0.7661823939431803 0
0.1973966512948517 0.5767863976338069 0
0.1952215182136923 0.5869916072636927 0
0.1119366961022187 0.7185253368645818 0
0.19408539758826 0.8533407074107733 0
0.08965308600302874 0.6497627743135113 0
0.6712031275406437 0.7721919153432841 0
0.5524223026479174 0.8107570427418577 0
0.5545832606979386 0.8005700727801118 0
0.5468403144665822 0.7936080342822791 0
0.1026642920664639 0.5885947699508643 0
0.593974914834287 0.7027135522544982 0
0.9279298891809644 0.3875083559241307 0
0.9273106965628671 0.555000215201969 0
0.7859030666886228 0.8389469532034896 0
0.7936515682298141 0.8458951275883131 0
0.7646101332327288 0.2410692282228284 0
0.7626827787728561 0.8181075000393282 0
0.2184438188083818 0.8270769487020904 0
0.216000257788829 0.8370522242800749 0
0.4129196377113973 0.5159448866240341 0
0.3918186595327122 0.1823141704285925 0
0.8406325852747195 0.1878121156171906 0
0.9276101551994084 0.2541086686791816 0
0.9298180863964381 0.2438654531222732 0
0.5425292032423509 0.8139877403352629 0
0.5326904093900702 0.8172389128318734 0
0.2138183270186531 0.5429841083315142 0
0.9459868626380212 0.6444131626665094 0
0.9554786019031023 0.6405842912617699 0
0.252380737126869 0.0560185076609786 0
0.2547035181810691 0.0461494709226159 0
0.1853165530412813 0.5902113506906028 0
0.1754138997558414 0.593432627510701 0
0.1103979251051683 0.595568994262807 0
0.5103898299475171 0.1437948481752274 0
0.9201027782215659 0.3321126627664194 0
0.9299815015653823 0.3289180659900375 0
0.6733575642420432 0.7620335651586941 0
0.5987889083261996 0.1151162861388527 0
0.924495355116675 0.3118429521487721 0
0.9145806682219317 0.3150226515870692 0
0.3709625888823074 0.8745770380099298 0
0.3599942135450462 0.8767965587566736 0
0.104197726819506 0.7115222495222508 0
0.09646762799123243 0.7045271909861939 0
0.4418441405377854 0.3364936287813553 0
0.06338867805390141 0.3832470142127302 0
0.07331809786715104 0.3800505040132938 0
0.1722947675058168 0.6514130828977724 0
0.1623984409792339 0.6546386055599387 0
0.8189864675964151 0.8565706981343475 0
0.821126030419309 0.8464033838495831 0
0.07669856816088505 0.7109607025302682 0
0.392946511791067 0.2198032909367281 0
0.1963286841753639 0.8431884152361891 0
0.5381942298033879 0.8343704960782672 0
0.5481043961870938 0.8311446152969324 0
0.4324125535512471 0.2069894191405576 0
0.4028116611316661 0.2165937050126407 0
0.08872881881884365 0.6975371697547028 0
0.07882894681748615 0.7007564713476024 0
0.7971018705711568 0.873194457181973 0
0.8048349033217739 0.8801459742398098 0
0.932342190138722 0.3188256415545571 0
0.9400373399357747 0.325771042478077 0
0.9124006499628692 0.3251623231610337 0
0.2425876085507684 0.05924591732228368 0
0.2094745644671669 0.5633678230852938 0
0.1995672822879073 0.5665878054297984 0
0.4973961589829043 0.5072786246546854 0
0.8402947203928768 0.7548729233735072 0
0.8424447183271592 0.7447076093576247 0
0.8701953473993093 0.9730847598961568 0
0.8804047773795834 0.9729699420776557 0
0.1704530257528689 0.7469961786137296 0
0.180288332997517 0.7437327353624463 0
0.1781764312629706 0.7539496883809225 0
0.1800206313837829 0.6583994288277197 0
0.1778338553664262 0.6686201905559767 0
0.5282975350503352 0.837604049682235 0
0.5304759944648589 0.8274175821946183 0
0.9100223530101176 0.2503636426754239 0
0.9177276134499971 0.2573129338968611 0
0.665633146677874 0.7550933406839929 0
0.05406282870110596 0.3865827703428625 0
0.05626311625038116 0.3764275637517964 0
0.7844048432186355 0.1492821428329346 0
0.1004948750184375 0.5987874991026912 0
0.8168448952540871 0.8667470152716608 0
0.8091135220617349 0.8597892603376887 0
0.700896708711596 0.1101858820344079 0
0.7534785677498181 0.1214253016797044 0
0.751346819775809 0.1316164412185271 0
0.4620112575117402 0.1973804829099348 0
0.04415865154766807 0.3897985161444742 0
0.749255331458228 0.1418160861778936 0
0.1128692250313107 0.6707122269579366 0
0.2040661359400558 0.8501631373764177 0
0.09832880840609021 0.6089815386543106 0
0.8147072127902987 0.8769152412069012 0
0.8125701663926657 0.8870956379717092 0
0.9121944640607041 0.2402161663866337 0
0.5502657886234782 0.8209533309972452 0
0.3500743626978793 0.2053457795015607 0
0.3577878466206151 0.2122997250126483 0
0.2172169120519808 0.5703436859511098 0
0.9382324188049219 0.6374914202069445 0
0.1172018893380692 0.6503161844260487 0
0.708600031918637 0.1171700274334746 0
0.7184475814553408 0.1139668032098237 0
0.8056517080539037 0.8325054904990692 0
0.9165987040239045 0.2197727615973645 0
0.09616169793158957 0.6191789022831412 0
0.8203159544522672 0.8940496663528866 0
0.4339618954708855 0.5469479618073557 0
0.04846719941354288 0.7581825635241896 0
0.04099532833242769 0.7512212913529245 0
0.9345511934870674 0.3086959286368115 0
0.8097467960828746 0.1599875147110316 0
0.2236805723901062 0.8439779047704266 0
0.2139897371284368 0.8469365256921852 0
0.8280561005224913 0.9010032682924103 0
0.8357974387400123 0.9079578342531658 0
0.9036183667865998 0.8479359965061449 0
0.9134535549581155 0.8447363883720156 0
0.9113652849918482 0.8548942045532031 0
0.09399488887744512 0.6293744280207124 0
0.8456667549125096 0.9047354599128499 0
0.8435414256508833 0.9149211853481676 0
0.5586491077851214 0.6951274671877763 0
0.8035176449745581 0.8426685223843908 0
0.801389017659319 0.8528395484042978 0
0.5049995095959321 0.5142142246556933 0
0.3059772481319907 0.4560892255323125 0
0.2960894286627661 0.4593097045406526 0
0.09182491930737358 0.6395675486088528 0
0.4030456074756782 0.5191857219791283 0
0.1847603557546351 0.7233496676662523 0
0.1868367356656454 0.7132052274726962 0
0.2966165642970009 0.5445593720616594 0
0.901216993174309 0.6404004070390261 0
0.8990817787372566 0.6505569082172349 0
0.8390192414007552 0.7174499741542746 0
0.2336408335264153 0.8411644153665553 0
0.6424858025378035 0.7342626769631165 0
0.3008257233895337 0.5241852515514936 0
0.3086829706720146 0.5311441312847265 0
0.2987838216044768 0.53436309624734 0
0.1908620977386403 0.607395731937276 0
0.1930449482342858 0.5971902075888827 0
0.2041752153246579 0.6315579828548805 0
0.8512855785412924 0.9218780421830057 0
0.8493575511877652 0.7992894863611744 0
0.8570926854244627 0.8062409480669909 0
0.5227937146370173 0.8204724664358413 0
0.9188161593004058 0.6440973993055524 0
0.9110828550930588 0.637175959741259 0
0.1689012070369431 0.6240242829428401 0
0.1766323681721307 0.6310012869649334 0
0.8528674441613076 0.8265776767040891 0
0.8627331316983839 0.8233556471317955 0
0.313706995416909 0.4630448161280314 0
0.3214357751548443 0.4700028914310433 0
0.859243383143674 0.5775712048247307 0
0.8619805608672902 0.5674763529170298 0
0.1732424370496828 0.6036299184731604 0
0.8301826219314146 0.8908185068783243 0
0.9221350860181341 0.2368605313316856 0
0.8611826339306481 0.9190271169722071 0
0.8590574706485599 0.9292063481473611 0
0.6532211884333531 0.6836060355299796 0
0.8291594621598295 0.7206699434647729 0
0.8270207770988699 0.7308262994039926 0
0.4571594449182245 0.5678185335755099 0
0.4107679156852167 0.5261260580934314 0
0.04321480867139271 0.524728920451392 0
0.4422818700897655 0.2037964019195178 0
0.7571122771951003 0.06277487300454038 0
0.7668439939199588 0.06018739682681784 0
0.764136963012734 0.07137547672856653 0
0.1029650946463835 0.6739243589455117 0
0.8133891574834087 0.8394499113150538 0
0.3248488270215414 0.4973191149937952 0
0.3171282578452674 0.4903642923776849 0
0.3270026398385565 0.48713536214186 0
0.518381152559851 0.8408304285227586 0
0.8347276263060794 0.7377604106019222 0
0.4011387954752987 0.3118819136096667 0
0.8768112120585845 0.7998337913879204 0
0.8669555311688354 0.8030311718487866 0
0.1602215812649391 0.6648391688819841 0
0.4416917413895887 0.553892891082826 0
0.8910003785948213 0.9530779228179366 0
0.7745508633315755 0.1524823258995462 0
0.6199722572086422 0.2313815251073397 0
0.4916301622019496 0.1877681978746802 0
0.7556275094812068 0.1112485911430623 0
0.7479400277549686 0.1043431369946667 0
0.508748708758871 0.8437290676281692 0
0.5109468559108262 0.8335497749039968 0
0.3291655524745852 0.4769593851647458 0
0.8360200756159191 0.7751942436182777 0
0.8338933555779577 0.785367810129471 0
0.8261674165692137 0.7784097236712658 0
0.1825650211248993 0.7335421625690528 0
0.1747602621171511 0.7265867306924532 0
0.3072509128249991 0.4935870685373901 0
0.8184469774776564 0.7714676477052822 0
0.6193149723812517 0.713442665067026 0
0.188983035552123 0.7030091752931218 0
0.1911402941744356 0.6928144412666899 0
0.1865319161563509 0.6277819061460892 0
0.1843713709970209 0.6379854539486173 0
0.4521491816331982 0.2005914431369593 0
0.8381519770610529 0.7650348392803492 0
0.830436879938999 0.7580742412532305 0
0.6079858912341061 0.2446783734064791 0
0.1735078488761617 0.6890080677906479 0
0.1713639691875875 0.6992137791240476 0
0.1636236215439069 0.6922197154841916 0
0.6178260550623387 0.2414915429615643 0
0.4122389021909743 0.346040881910555 0
0.4221098443825027 0.3428556073412054 0
0.5212241509215578 0.1781516945341614 0
0.7394063707549756 0.1450227371070421 0
0.1821976868907669 0.6481911806974088 0
0.8807123205044922 0.9530718398122595 0
0.8692977707761964 0.9556659043236344 0
0.9191180949106739 0.8618462716074986 0
0.4803431469001272 0.5885798830985955 0
0.4880702017785286 0.5955216447483554 0
0.6510378329126083 0.6937310110356831 0
0.5128892947405946 0.8237075076286551 0
0.8855841064712306 0.9639335700055905 0
0.1558808008963024 0.6852387115455625 0
0.9144242375379776 0.2299296784052356 0
0.7316962224674302 0.1380741001616775 0
0.3184415036429457 0.5279969198218433 0
0.537683194690238 0.6642010704299854 0
0.5476284625656663 0.6610350365537947 0
0.734293981197482 0.9914951221188089 0
0.4494313020648396 0.5608746834325788 0
0.799247445316991 0.8630158655416109 0
0.8514784811254443 0.7891157719059436 0
0.8536001848198576 0.7789626260670691 0
0.6587564925314733 0.7006672727840874 0
0.05787882704831371 0.3661829048166239 0
0.5277459893183629 0.6673253471933668 0
0.8407853606395912 0.5746770594064559 0
0.8492656168274167 0.5807778669339326 0
0.9209505941346879 0.6339464788812008 0
0.5032568509396148 0.8266061467340657 0
0.587082851760079 0.2135119491897047 0
0.04855297769551825 0.3695186609467561 0
0.7214448221680516 0.9262800971038982 0
0.2219680072227779 0.3105832078550705 0
0.2124000033339224 0.3147344110948186 0
0.1809664481966677 0.6106038450890992 0
0.1710689021844757 0.6138238125464667 0
0.3050986518678435 0.5037769102900567 0
0.6347705669099488 0.7273206644705559 0
0.8245801583249789 0.8736966790035601 0
0.9373773548577358 0.8179348447391195 0
0.4988271479714962 0.8469482490299068 0
0.03863503404573199 0.3726915665245703 0
0.434138547765758 0.3295594794874573 0
0.1886885628734332 0.6175896260105822 0
0.4933061735268408 0.8297175359913131 0
0.8323117829295694 0.8806596744916546 0
0.4319799187504979 0.3396808820240771 0
0.8248727740636134 0.7409782141484589 0
0.8296496325468974 0.8057179916695304 0
0.3029738655822531 0.5139860309696868 0
0.1791018966333646 0.7061981836100782 0
0.3227002989986106 0.5075190993166506 0
0.2194381428656297 0.3311373610332091 0
0.2289870429158274 0.3270896365664949 0
0.5508155469615988 0.1685540142545677 0
0.7291770824095611 0.9332252084665789 0
0.9308249792460069 0.6307313939412729 0
0.8876171750875979 0.3986610986981008 0
0.2302785027062838 0.3168051276372415 0
0.3500817756325025 0.06086433497502491 0
0.3565227275660004 0.05271001635699168 0
0.3769345118472613 0.8819999705518125 0
0.5487134983611879 0.6983184292034597 0
0.1626939136208964 0.7400133398739557 0
0.8400519289997935 0.8876132764311784 0
0.8477893605104991 0.8945735129946727 0
0.841625084686984 0.7923260445317136 0
0.8555333474213701 0.9015368640896745 0
0.6270346781178969 0.7203767729870774 0
0.5804146296200062 0.1589331707846339 0
0.5825899001342119 0.148798643699228 0
0.167942606615657 0.6718176675894376 0
0.1580464758817632 0.6750355054433385 0
0.8632824811471371 0.9085029268980107 0
0.403293143678363 0.3017763091128057 0
0.8710543732544045 0.9158312328623661 0
0.3196946965791332 0.3468702071788909 0
0.1964275656983234 0.6245737929942661 0
0.3175831655925078 0.357034746840395 0
0.9403734997088937 0.6273548957027231 0
0.1756587499832503 0.678816527117331 0
0.9155781940229695 0.834554919158679 0
0.190288426635001 0.7404956723362456 0
0.722153538716148 0.6134951655624716 0
0.312849658742662 0.5107571659092501 0
0.463984560735889 0.6227388239309197 0
0.5961517469320112 0.6926026821829162 0
0.5014975045737788 0.184578493233409 0
0.1098572697305737 0.1705645439193765 0
0.1015862488544606 0.1628969359481789 0
0.5068724602751168 0.6363638224543399 0
0.5167939701911821 0.6332354010318789 0
0.9500190256126728 0.6240717537609946 0
0.3205755127130202 0.5177282199962807 0
0.8648372689670727 0.8131929061803731 0
0.6906966632840666 0.6807998236069228 0
0.8227443847885012 0.7511399804577028 0
0.5113646381423435 0.1813688718303429 0
0.8725959774427565 0.8201458709135913 0
0.5729798123446388 0.6717839747824684 0
0.6812144922268293 0.3037982794774161 0
0.8845524735203034 0.8067840563391419 0
0.7370355476902374 0.07014628094412045 0
0.7271210188586786 0.07334827530722809 0
0.8803433317350275 0.8270799819376295 0
0.888089693513375 0.8340243894872391 0
0.8979507300244272 0.8308147661676014 0
0.8958456002418149 0.8409878036445951 0
0.8206016414566772 0.7613018963645448 0
0.7620395230835062 0.08087050485307179 0
0.8458779160697969 0.7719929257385544 0
0.1833990976269309 0.685810590757187 0
0.5687050328828205 0.257421124987289 0
0.5785222972569545 0.254236790085383 0
0.6951283672081711 0.5811481724419639 0
0.6831909849788212 0.5820880049590029 0
0.7185221829793075 0.5956889483784262 0
0.7067627992386378 0.5947504133529599 0
0.7381182696708697 0.1075470865462209 0
0.7402575144646496 0.09739594193049333 0
0.8985819880912008 0.4330993078600403 0
0.9080625426601898 0.4302634418573807 0
0.7227780380216933 0.09365111681334637 0
0.72059653393887 0.1037851153354206 0
0.7654803927074266 0.9908550636215665 0
0.9908784497558034 0.05768828932821235 0
0.7282868038970215 0.1107815793564506 0
0.8665808948897231 0.06591346521027841 0
0.876279222975316 0.06290002067424644 0
0.7291168504936255 0.9834401001520431 0
0.1692176693011099 0.7094098313036219 0
0.1670566610094157 0.7196157739928138 0
0.7120561253749874 0.2297199490901349 0
0.7326149861888905 0.0904528389544374 0
0.7424367442729893 0.08724888940288322 0
0.8824474690037163 0.8169172409862071 0
0.1648613263796799 0.7298082688956143 0
0.5177734884519338 0.6704538847344308 0
0.8922998278125743 0.81371816736318 0
0.9470646930613145 0.8147460716916879 0
0.343705646240781 0.9267465587146099 0
0.7249572678300331 0.08350406428573626 0
0.5606760986953593 0.1653401049376616 0
0.5498116516549487 0.6509548501517919 0
0.8317724256402786 0.7955415245847016 0
0.5420906198403217 0.6440165116613543 0
0.570548912538225 0.1621321428684346 0
0.5749761608425624 0.1418526898433718 0
0.5847930226226633 0.1386557921218327 0
0.5884309627647411 0.685669974014784 0
0.7495480937427847 0.05578678428210265 0
0.74684106283556 0.06697486418385135 0
0.5695764274484124 0.1246971407804091 0
0.5673809705157653 0.1348657016644352 0
0.900037467754836 0.8206757939433528 0
0.04628161014471277 0.7684100062828781 0
0.9077933744832758 0.8276392081007088 0
0.8782123353055985 0.4013349034253684 0
0.3955812663978978 0.2947974439747404 0
0.2243240615428466 0.6995487315782922 0
0.5189811101063834 0.6231761837294921 0
0.5806928646472838 0.6787281672697538 0
0.5112546097927637 0.6162390878346509 0
0.5014172342087032 0.6194382641540596 0
0.744599731142553 0.07713436966655818 0
0.2003515517425341 0.3385206495396317 0
0.210057537669034 0.3349591548634348 0
0.5717364745276949 0.1145358132217066 0
0.5793393304102964 0.1215485107072739 0
0.4808099713023009 0.7850035987500482 0
0.3878711572961326 0.2878426638812966 0
0.580160310109613 0.07399912497481831 0
0.5724552582898063 0.06708780734773478 0
0.5739055883086294 0.1043676416987233 0
0.5955558221252565 0.08788801274486213 0
0.58785699617843 0.08093550345567602 0
0.8313185633013632 0.3592647090104371 0
0.8336295903914961 0.3488394432712956 0
0.2759020242960308 0.6334893046699013 0
0.2735732718489081 0.6435186623920282 0
0.2662881496404484 0.6385429244185814 0
0.5760618446433259 0.0942313175770248 0
0.5836556338242754 0.1012508590268729 0
0.9230650402389318 0.4087597379503922 0
0.9120938860317231 0.4109807586653768 0
0.04595611286389945 0.6830944602960494 0
0.752242259418312 0.08407747264261412 0
0.5626955456708876 0.07026880854949713 0
0.5647322859393561 0.06011483795377304 0
0.5489671544092084 0.04705070650119664 0
0.5568178662455162 0.05384359785151899 0
0.5471218614841297 0.05650294780521298 0
0.5452182474811412 0.06638729104994923 0
0.1812106575666083 0.9914158240012715 0
0.7506981802699693 0.0460574342650435 0
0.5781152040901548 0.0841781564243167 0
0.2913621767445302 0.9820621814565694 0
0.2849298929478373 0.9735003524727123 0
0.0456020752819587 0.5975794418347589 0
0.04776165863563187 0.5873840710394664 0
0.7776817949610602 0.06007622470528784 0
0.9908784497558034 0.04727162266154572 0
0.3115708251055599 0.01724225913571609 0
0.4212265208481962 0.04388903640274555 0
0.04648112255587145 0.8536066213873115 0
0.03874124316413574 0.8466223884459383 0
0.211344147734897 0.3246945894287431 0
0.9749929712959445 0.2852010255913027 0
0.9828990258216637 0.2913201249039441 0
0.4010363582323634 0.04496823796584881 0
0.3952895658631477 0.0533821490321606 0
0.1460131139593357 0.01728347098886968 0
0.1407513924574047 0.02655910398239825 0
0.3368685657434151 0.9182393555478074 0
0.4770429527304878 0.6458732051836538 0
0.4793960078732818 0.6359293092081429 0
0.4869172046181301 0.6426673902414569 0
0.2706253353189894 0.9831584869909701 0
0.2758392177042079 0.9914089475080878 0
0.2862558843708747 0.9914089475080878 0
0.9098044298310212 0.4208945496502192 0
0.9174958158675455 0.4283234895831026 0
0.169785435136981 0.3581225058568436 0
0.1775407118306719 0.3649738603557465 0
0.2763713557422969 0.008883828019462081 0
0.2711630224089635 0.01790492597555005 0
0.9326258892502324 0.9555142158452854 0
0.9378357085417982 0.9473653237001458 0
0.922213705457569 0.9555071848858864 0
0.008939336391844854 0.2030298658544121 0
0.4969551594536058 0.639572412093623 0
0.2030193981373267 0.3185562049250443 0
0.6609355202135974 0.9734496265184716 0
0.6708585719549041 0.9738251813965666 0
0.1939694413370223 0.3220240151900051 0
0.3425367381007512 0.04489774885855641 0
0.3406657507065805 0.05489404241635587 0
0.1693733248152595 0.2798815226101925 0
0.1591185391112629 0.2824755258576878 0
0.5780049726036912 0.00850374919026442 0
0.4991875605824351 0.6295149046266629 0
0.4914999333871922 0.6226468537933427 0
0.1496800455846539 0.2805579547037589 0
0.1464658264274357 0.2915996413975516 0
0.5869170404416819 0.128489564858611 0
0.5675883059370245 0.00850374919026442 0
0.5623929803687818 0.01668049935524407 0
0.02563134793317395 0.5343114121142086 0
0.02552152804653063 0.5446493106492943 0
0.5890770875209643 0.1183282372999084 0
0.9645502287447409 0.6370157128570406 0
0.9739409985194553 0.6311972159128016 0
0.6788249492419484 0.9752629815947843 0
0.6892318344513166 0.9743435122229145 0
0.6862386476006082 0.9818821291961886 0
0.2897339120272547 0.8684703787761157 0
0.2798697388299768 0.8689978188287176 0
0.286157231388218 0.6307213397483247 0
0.656098526826806 0.286955164425742 0
0.9542017951041453 0.3921872523364048 0
0.232755453443132 0.4132442513101874 0
0.2402893911615178 0.4203395274628045 0
0.5933674546295106 0.0980389078658172 0
0.5912111982948141 0.1081752319875157 0
0.5468843174199171 0.9917172541453364 0
0.5573009840865838 0.9917172541453364 0
0.9911883526139738 0.9111301545267587 0
0.9911883526139738 0.900713487860092 0
0.562369657380007 0.3981367016244095 0
0.4148009481743465 0.05291731892256468 0
0.5606564976278212 0.08032831420267245 0
0.5683651585745088 0.08729493909616703 0
0.9806810200605065 0.3131113343941545 0
0.2440556014053424 0.9911182512964811 0
0.2492583856867904 0.9828677907793633 0
0.2998164517417083 0.2330651906347023 0
0.04401584466921732 0.6933392107861103 0
0.04027937551474869 0.8848684123742154 0
0.5529335252773711 0.07335534480871064 0
0.3075452667641674 0.2399963962944406 0
0.03463879209097548 0.09420462553094727 0
0.0441124447865755 0.089636944995101 0
0.3265247094979473 0.9233768932849205 0
0.3292069961520095 0.9113562597467455 0
0.5545066835766412 0.4309263413124309 0
0.5665775788644348 0.0506625966497567 0
0.1707939908999417 0.9914158240012715 0
0.2501085528628242 0.4172280520622217 0
0.5687605977737207 0.04030378055685102 0
0.855013931873976 0.4119774361986702 0
0.04001438215048703 0.2386942400397863 0
0.04206551733247127 0.3070715523330157 0
0.05224236671494614 0.3098013294280089 0
0.2780283314611828 0.3649791549539617 0
0.308928100905286 0.9200896872663382 0
0.3166699091622481 0.9273141044940201 0
0.9579278473369788 0.9824872647725177 0
0.9632219571512526 0.9914476760230145 0
0.9736386238179193 0.9914476760230145 0
0.008789930910793942 0.02609419340955876 0
0.008789930910793942 0.03651086007622539 0
0.5804183559923888 0.3633648585534007 0
0.6920727664049877 0.9904813299121593 0
0.7024894330716545 0.9904813299121593 0
0.7077289690344647 0.9824263079453937 0
0.9914441541130136 0.03683743944625129 0
0.9914441541130136 0.02642077277958454 0
0.9834979482352865 0.8955051545267588 0
0.9923095956213127 0.8906250000000002 0
0.9365586647193405 0.5199654884924448 0
0.9260114745596202 0.5182279337534947 0
0.6694850981596994 0.5959923199304115 0
0.4798886036753796 0.01490106084778886 0
0.4893712056444814 0.02075792782693442 0
0.5656652078604347 0.5634860485444066 0
0.5756961466815372 0.5766413959209877 0
0.3589737729020616 0.9909908003112553 0
0.3693904395687282 0.9909908003112553 0
0.8565538859699597 0.5610370722216337 0
0.867180424558145 0.5588896866930902 0
0.008573709900089377 0.1716872560684642 0
0.4675414662194372 0.6487858066127787 0
0.2469695927922541 0.134827810808573 0
0.3704048590707463 0.5878777467398049 0
0.4583932902373686 0.6521872391416637 0
0.460373580003571 0.6425365566792247 0
0.5260416666666674 0.008348241963254233 0
0.5416796744317579 0.01652499212823388 0
0.536458333333334 0.008348241963254233 0
0.4717572165974043 0.6292263481894887 0
0.4816314684850466 0.6260205332472919 0
0.07097068921771177 0.1904416003383703 0
0.4010779840489079 0.9543800343627782 0
0.5626766682754472 0.9828111481797347 0
0.5678756841888626 0.9910938940343983 0
0.6318385392607628 0.3147561402651783 0
0.9910612244633616 0.3069983983031761 0
0.8773651490315437 0.4959230805286882 0
0.8792109371184774 0.4864331843538281 0
0.7225713520119486 0.6055792638253634 0
0.7281470891143638 0.599490668755964 0
0.3911636722332199 0.9576304180842847 0
0.08839127215345144 0.9915251089784165 0
0.4513919159089655 0.06717052441415794 0
0.4491942096161009 0.05716184676919112 0
0.8737519251954848 0.513898189757124 0
0.8770938324395026 0.5035987943063709 0
0.4126630718234096 0.0449833923065609 0
0.8537233715175137 0.5516718480523997 0
0.8485235078266589 0.5602585142763392 0
0.03503029971111715 0.6972623471887576 0
0.02574992127392728 0.7027959168072861 0
0.5022931734929879 0.7553879282736549 0
0.2003908999765548 0.0256874057677357 0
0.2069998892443989 0.01801872983443642 0
0.1716682993801658 0.3480720778204041 0
0.1615131307992302 0.008452145652011411 0
0.1510964641325635 0.008452145652011411 0
0.4620530928934536 0.6880575202366697 0
0.4702712710238555 0.6866638954165529 0
0.8862664530737089 0.5418209195970188 0
0.8748308525928465 0.5552549063210884 0
0.8841015903260193 0.551966409235962 0
0.4673471490270783 0.798620758096106 0
0.2867880224089636 0.008883828019462081 0
0.9639382906405404 0.4672142576483012 0
0.9733751325397862 0.4629552723662937 0
0.9735259734842043 0.4525391969163396 0
0.9648145194740738 0.4472642213820683 0
0.4163982945296297 0.6260039157086053 0
0.02786875508426678 0.4235799903035615 0
0.6893243953572518 0.9648111604828994 0
0.6967380937159116 0.9714303080843036 0
0.3488745586210578 0.6187998394536712 0
0.2537487940219653 0.2779026131828612 0
0.2441802146229025 0.2819385415356664 0
0.8192054536785506 0.5934282521754513 0
0.9542135099553827 0.7378932075393385 0
0.9534776287534632 0.8214392262516622 0
0.9554405598417464 0.8113487023741749 0
0.4526009241420556 0.6360490324206556 0
0.4617491001241242 0.6326475998917707 0
0.04750523976693077 0.2467951048147226 0
0.6551927223401238 0.9634892786528254 0
0.991837801358302 0.2759883932674355 0
0.9833364297158139 0.2708014160047501 0
0.2599381461873823 0.8542319692420337 0
0.096056847309964 0.04685877285972828 0
0.4420940039086526 0.6406573793039418 0
0.6925032022673593 0.008774158707480995 0
0.7247681214914798 0.008553566544995728 0
0.5873752245467934 0.2973209988948242 0
0.5693346774773882 0.3332145796236331 0
0.579694448165243 0.329691224447954 0
0.2273743970576982 0.09426129843672959 0
0.02659026488087068 0.2763186163856255 0
0.03540818933271356 0.2815399665847443 0
0.34851175860492 0.9548949947520007 0
0.1650829020408559 0.9836632250339075 0
0.1581637654866921 0.9760280641302399 0
0.5677723765491561 0.5719464770976845 0
0.2894226677740839 0.2717901701350511 0
0.5448261501281111 0.4795889257197969 0
0.5422275785366548 0.5025120749290721 0
0.2185698629435534 0.766793312596718 0
0.008893887147518709 0.9417158906317392 0
0.1200245607865794 0.991368585129242 0
0.02579794001461938 0.1093731571778731 0
0.02583693542911991 0.09895899139558673 0
0.929529573105742 0.5349582059495813 0
0.9376889650692445 0.5300463326625783 0
0.3747321670218072 0.9839701532908134 0
0.3803417274530784 0.9929793529795581 0
0.7996908149904098 0.06897479714195653 0
0.7961006560681434 0.0595913581352383 0
0.03159941459851057 0.8122359026494088 0
0.02265513321937501 0.8115864153850572 0
0.9899853812500319 0.5889970186518234 0
0.5411089099271003 0.9821814694955946 0
0.9744950073772618 0.899646618605057 0
0.96624772335141 0.6756718335453944 0
0.623781304380074 0.985887388657269 0
0.6149479954426865 0.982290758804035 0
0.624145966489428 0.9786154164835782 0
0.6058225234339881 0.9851906273053079 0
0.02651703015718743 0.5146412775808025 0
0.02631650997527618 0.5244961374569387 0
0.008155607742545978 0.3400863613938531 0
0.03783345617891543 0.6447437981433692 0
0.5998610529142463 0.6256518231359073 0
0.7486089772199693 0.02614132030644889 0
0.7487266075375201 0.03656018046508364 0
0.7414594221200627 0.03010921526866051 0
0.5562013045314358 0.3904261231569126 0
0.5466989563445824 0.3948963200634864 0
0.5495616948105019 0.3834592694536932 0
0.807903287686157 0.9538035522618229 0
0.06373375100030398 0.4314401401656288 0
0.1579068482540644 0.3243260247723727 0
0.2564971539445166 0.6421566690142573 0
0.1922143558798317 0.008517788161409467 0
0.1870060225464983 0.01753888611749738 0
0.2026310225464983 0.008517788161409467 0
0.9912973561944123 0.754628870717156 0
0.9912973561944123 0.7650455373838227 0
0.03317885089966638 0.5481201574815098 0
0.02489545997584763 0.5539546425933939 0
0.2336389347386757 0.9911182512964811 0
0.4850202569446948 0.8710658249326388 0
0.147155659896901 0.1556376010018319 0
0.1990318575922712 0.1316495138758228 0
0.4751135576098584 0.8743326867908121 0
0.6084590001710575 0.2802564982287691 0
0.6183040739352392 0.277083460138817 0
0.9756162503846008 0.8895581307449653 0
0.9549916927311862 0.1224528915870756 0
0.03185843427497304 0.8885291399616828 0
0.2323864541918741 0.6688049656258329 0
0.0199753147293486 0.8216548307325714 0
0.01436252480063172 0.8124192896408913 0
0.3202720275755005 0.9072798034740692 0
0.924572810049635 0.03676886644096278 0
0.9279582424491166 0.04607134644438415 0
0.9197898838766696 0.04526029236673657 0
0.8656104839663996 0.5106193596883257 0
0.8698890887637675 0.4443668288661642 0
0.479660158280833 0.7531524170007659 0
0.4791534922624144 0.7427970473238357 0
0.5570137285317607 0.9748672358450062 0
0.3087139321716816 0.04793533411836493 0
0.3164717388023547 0.05487262213667821 0
0.9919882999574228 0.7129105160464367 0
0.9849847123380377 0.7069611738865752 0
0.9919882999574228 0.7233271827131035 0
0.9923095956213127 0.8802083333333336 0
0.9839277837335353 0.8750509478851738 0
0.8166170917041657 0.3079382986318935 0
0.04276644198328572 0.0799294657671703 0
0.05158314624234028 0.0853241318079766 0
0.9349748562208792 0.5616514780547788 0
0.9760498643267619 0.2447947979647822 0
0.9658679793358571 0.2417039796353081 0
0.00687402575532392 0.7866704863878596 0
0.00687402575532392 0.7762538197211929 0
0.9371348180734418 0.3821300269470937 0
0.4508870621377449 0.02442153455002627 0
0.4590350488696327 0.0163990379303986 0
0.9561143450210732 0.4608709716368327 0
0.659021192877302 0.06138165073928015 0
0.6545474679424973 0.07068404244692728 0
0.9497041592410436 0.1891675811273756 0
0.9400204548814841 0.192458787424188 0
0.8859208265806722 0.06071795269493097 0
0.8955671696451515 0.05777113850753518 0
0.3827706928389311 0.8893829676404967 0
0.3733068415274224 0.8915631009826637 0
0.4990847146623525 0.01541976562734976 0
0.3452727491597603 0.5760935130330455 0
0.3480744400314679 0.5650273913928148 0
0.5782923508555292 0.9910938940343983 0
0.3113751691269808 0.9098424309653994 0
0.9536942882204924 0.3836203694162444 0
0.9625938481001962 0.3879994011818798 0
0.8380107708844692 0.07566517780687171 0
0.8406299730214262 0.06532229892488317 0
0.8281318540217668 0.07891745929989935 0
0.3343570630330398 0.6060582353446433 0
0.0459985429537354 0.9919401278236095 0
0.05641520962040208 0.9919401278236095 0
0.008436440696360237 0.6102673663296706 0
0.008436440696360237 0.6206840329963372 0
0.01689130494002689 0.6260015603402824 0
0.8225551836269963 0.3236653778471678 0
0.4707113593700994 0.7911598421483289 0
0.9673612235620641 0.6182765778270554 0
0.9590906524543117 0.6205031753562653 0
0.5620152056645544 0.3266534160381542 0
0.4530642309258084 0.007667323161269612 0
0.210503973327296 0.7604288242782852 0
0.4426475642591418 0.007667323161269612 0
0.4374410050917962 0.01595207697440548 0
0.136790066423415 0.03416271576688956 0
0.1317053069528884 0.02526626245820784 0
0.5316118817491556 0.4673655822063324 0
0.5395704219748596 0.4743437127290177 0
0.2673618340102412 0.1782787335268651 0
0.2584296134707805 0.1721447700059109 0
0.01725685397471255 0.1663823663600403 0
0.5155999555567842 0.9925910439225214 0
0.9568525661094475 0.6305463435636653 0
0.8502443582253845 0.9739989978029336 0
0.860182707923564 0.9739699410168251 0
0.2082199579479139 0.9840060240202553 0
0.9342753887233447 0.7412392636425763 0
0.7917781744554846 0.05274100824222439 0
0.7866605668176494 0.04333370092297661 0
0.664551170598171 0.0547525564143761 0
0.660685497847421 0.0452480473127081 0
0.983778910138788 0.7917303642193263 0
0.4440329170508479 0.6499388139963536 0
0.9270541427445854 0.4178508873156598 0
0.1985084012249831 0.2834493793193074 0
0.7393161086705313 0.2783622336903835 0
0.7417208600727625 0.2888820343701662 0
0.3698271973043297 0.9012930134582567 0
0.376183732914074 0.9081725043838333 0
0.06292997029620734 0.1970261136384187 0
0.2529361144869878 0.1810026979460065 0
0.5353936809643538 0.4489091471672552 0
0.9619781704656158 0.0848226022102489 0
0.009350291897836538 0.9630726532151761 0
0.009350291897836538 0.9734893198818427 0
0.4853639348370848 0.05860076137259124 0
0.4947677956023746 0.05535036112518393 0
0.1873770236990958 0.361717674713711 0
0.1855062703366691 0.3716615755659697 0
0.9630531748649154 0.8570677221534218 0
0.9699223242831565 0.8640349511930662 0
0.9620122587809836 0.8669359862702929 0
0.03511705001564686 0.1557725571420366 0
0.02575979042595911 0.1608843341002795 0
0.8592851313004511 0.9565510854443027 0
0.8496512599868385 0.9585161067897592 0
0.36399101631266 0.8939100163695725 0
0.9910612244633616 0.2965817316365094 0
0.9446320806140671 0.7787611629918461 0
0.5025136603414558 0.7024854649475448 0
0.3520933142698637 0.8790431762221984 0
0.7497855389710716 0.273968417807389 0
0.7562447225896103 0.2897657954750807 0
0.7575183928148318 0.2808631630487798 0
0.6318224385610256 0.02639436632683906 0
0.9608718436652155 0.262441332993073 0
0.9591295718243632 0.2724232518934128 0
0.08199381585455862 0.98174065161006 0
0.4949806199551551 0.6952951508088131 0
0.9745589325463033 0.1755677452321259 0
0.8714182536039056 0.4795905632525017 0
0.04280493060838231 0.7042449578980019 0
0.8652834089051563 0.9648126681205818 0
0.5790005427181826 0.2894781915231458 0
0.5691702713630348 0.2927352980092365 0
0.7124604261879718 0.2648291186331706 0
0.7806068064868539 0.3006721305992258 0
0.7716303458712761 0.3026592869286049 0
0.1454017499577394 0.9839166798582728 0
0.150538911140914 0.9922474010326359 0
0.702630828880204 0.2680874380149867 0
0.2355483217634849 0.8316627097081487 0
0.2434262914074351 0.1062630158825124 0
0.05725671358954887 0.2900472971756821 0
0.05932147698761914 0.2801275756309067 0
0.9932064117516515 0.3695510356197024 0
0.02459301569675598 0.6223954294426641 0
0.02461143924406234 0.6320289237902712 0
0.9932064117516515 0.3591343689530357 0
0.5518953350879732 0.3736605226503099 0
0.9740934822402014 0.1943647211108938 0
0.9740681308199421 0.1844831425623153 0
0.8013236205327083 0.584429161155716 0
0.9930199048229974 0.9427083333333334 0
0.9930199048229974 0.953125 0
0.1907536306034783 0.3416621356181422 0
0.1923656213992454 0.3316578693374793 0
0.3924890710921832 0.8861282402105988 0
0.3888614007723443 0.8956913706414499 0
0.9930664104070881 0.7968750000000003 0
0.9930664104070881 0.8072916666666671 0
0.3699767768564357 0.07812273029567884 0
0.7125286325810916 0.6096934451849338 0
0.7378992081312115 0.9662792676916609 0
0.730868916927801 0.9589969679602104 0
0.2589123701631335 0.2467502487458718 0
0.2663479659717406 0.2550625694613934 0
0.3072916666666676 0.006861502091649541 0
0.9478040585282326 0.4989401516123809 0
0.9380381890540791 0.2026715282118205 0
0.9460323079591488 0.2089456569129513 0
0.9603639609867425 0.8769388412862243 0
0.9054851558919869 0.9207641122837901 0
0.0570663197250747 0.06946587234762536 0
0.04740117949165157 0.06627486155059187 0
0.05917317159015745 0.07966177583648337 0
0.6895701752636367 0.04961280193511186 0
0.04760575359788977 0.3338267449642565 0
0.5966243595332661 0.04258906545752478 0
0.00776854534916438 0.9123141867749807 0
0.45402207616058 0.9918353074681059 0
0.8617763229174985 0.3982811399880362 0
0.530134275325939 0.5618135207345248 0
0.006243308233483402 0.369906643855644 0
0.2133964025112978 0.9933372375485667 0
0.7334025305424301 0.9754815004500204 0
0.4057409631082463 0.8984413055213152 0
0.4075650499157901 0.8885997285806897 0
0.4206879405892746 0.9919048356268654 0
0.991837801358302 0.2864050599341022 0
0.1190678394102042 0.1445095224814447 0
0.2326624213059348 0.06520770792015412 0
0.767864227329826 0.5933462824125751 0
0.481677741674274 0.8060111717332612 0
0.863896954857767 0.4729558002504587 0
0.9427083333333333 0.006545882512525192 0
0.953125 0.006545882512525192 0
0.3789574452290488 0.06091635218688074 0
0.04046198637719195 0.8100715782742007 0
0.9595813263483854 0.7070818225786732 0
0.1305491864446571 0.04107926124086725 0
0.504471522115043 0.789979684449968 0
0.0425531218891731 0.7998645792730216 0
0.9920400525434626 0.6216253574263795 0
0.1884208398221444 0.03937821288037979 0
0.3907583941197451 0.9929793529795581 0
0.9381621272458123 0.04388683564160095 0
0.03905461299440105 0.636111541490244 0
0.04096685479239326 0.6262857387695635 0
0.8346739032032451 0.05971547787027121 0
0.4722861787954037 0.6753963359356101 0
0.09314287009472877 0.9674401239925727 0
0.08645990057786357 0.9608608849426234 0
0.008893887147518709 0.9521325572984058 0
0.432149055751195 0.02306152680891926 0
0.05713309038443048 0.1581781203413635 0
0.09303890090352729 0.1689397768401205 0
0.0442954479638028 0.2674192517982902 0
0.04569614631658936 0.2568438315133847 0
0.3517550175820232 0.04343390678037939 0
0.5425496093018227 0.549181985366739 0
0.5322794642927097 0.5516638326329832 0
0.7588334884868885 0.02514061268412615 0
0.4410338922759151 0.07199677552718109 0
0.007625529245508966 0.007625529245508966 0
0.007625529245508966 0.0180421959121756 0
0.0180421959121756 0.007625529245508966 0
0.9923744707544908 0.007625529245509188 0
0.9819578040878241 0.007625529245509188 0
0.9923744707544908 0.01804219591217587 0
0.9923744707544908 0.9923744707544908 0
0.9923744707544908 0.9819578040878241 0
0.9819578040878241 0.9923744707544908 0
0.6197916666666657 0.9947813654888629 0
0.9605536732857731 0.09339435309651456 0
0.9583526261092452 0.1029574944327314 0
0.005841353155302653 0.8174938524942026 0
0.6093749999999991 0.9947813654888629 0
0.8418341186419519 0.9747171511163595 0
0.7895338864251809 0.07334840274356785 0
0.4843344523982219 0.006169346078659876 0
0.4947511190648886 0.006169346078659876 0
0.8777920238281043 0.4095310172851195 0
0.1735629009898561 0.1163701484006006 0
0.1763778180215217 0.1269334010291351 0
0.06412498027253188 0.4789382891583142 0
0.07487261813355361 0.4762333792406306 0
0.320245673568073 0.2728943574919493 0
0.3133616387640975 0.2665066925502225 0
0.9874115950751341 0.6870030664653228 0
0.9944151826945191 0.6825357419585177 0
0.4035780822612423 0.613711960850467 0
0.7915216619478693 0.6050270364886833 0
0.6689150831109006 0.9501686415356366 0
0.6612182057277265 0.9426399792742781 0
0.9223724160743698 0.528772959020452 0
0.5528617724370493 0.9674910112997378 0
0.5465909849479802 0.960880114251473 0
0.2001271896990124 0.06794144720281953 0
0.1452463874499397 0.9619647241027675 0
0.9342927211079459 0.7830398454887213 0
0.0771244869978065 0.4660608856124161 0
0.02538793484537194 0.07060961634580643 0
0.6977392835512497 0.05646258665773818 0
0.9440171182490179 0.7377570660039995 0
0.9737370396680569 0.5758850228846806 0
0.8352164559888008 0.04320590550514614 0
0.6950677752503941 0.06652671693364698 0
0.9399265729749191 0.4912377390184168 0
0.9619782410844451 0.252740735723843 0
0.9690324429538606 0.25970151788716 0
0.5100866600728104 0.7610900089734293 0
0.9266783685470482 0.7762889511481883 0
0.1810895827266441 0.3449146574597387 0
0.9302809284237662 0.4944993464381206 0
0.08610451913383238 0.04396553774786693 0
0.1609555778075807 0.9922474010326359 0
0.9598382722637058 0.3459272037673943 0
0.5531482655204942 0.03022650930711057 0
0.560580696517904 0.03650263347338578 0
0.5512307281731853 0.03811523238122738 0
0.1890755130699328 0.3517774376618912 0
0.8095465200837088 0.5972145074262788 0
0.9556888634681553 0.2036134415361956 0
0.4922688102479625 0.8390750555665085 0
0.9762797716054048 0.7108772655232197 0
0.01693918866277788 0.8761626865151481 0
0.008098962091103834 0.8810976797925295 0
0.7308556840594024 0.01839874410000858 0
0.856455509676481 0.4656680008617337 0
0.007572492339115056 0.9924275076608849 0
0.01798915900578169 0.9924275076608849 0
0.007572492339115056 0.9820108409942183 0
0.3401779220069046 0.5582284066152189 0
0.3308406606627413 0.5613000790514967 0
0.9259345302023191 0.4262242553989796 0
0.9241926430314877 0.4355931476061411 0
0.3301262293563666 0.5714739045838179 0
0.2203797266354192 0.8176534586937499 0
0.5415347234117986 0.04077458233492137 0
0.8613560114400043 0.4064772538477873 0
0.7901176681292778 0.9590362371729511 0
0.8246773168688694 0.3145197775022021 0
0.03944483421165368 0.3832962544042131 0
0.025418896991384 0.7132744056922583 0
0.9750021490190057 0.6226142400058473 0
0.299417653153675 0.2785111396656886 0
0.03456558952942534 0.1757056029024511 0
0.04240550740475357 0.1696549170038242 0
0.9533623124469288 0.5277167563521666 0
0.9437640685923609 0.5243219578425218 0
0.1775511845359833 0.2742186982205934 0
0.226215689713361 0.1033250725100453 0
0.2357818927360265 0.09920477087439183 0
0.1783714780203584 0.3091917350124289 0
0.1796209645304462 0.2997212871576714 0
0.9564065955598192 0.4414131655951735 0
0.9479003569763416 0.4360668031591576 0
0.2968750000000009 0.006861502091649541 0
0.4586905217406476 0.9822069042138161 0
0.4521210828316708 0.9744721057311397 0
0.9589188786350009 0.1848285500060622 0
0.9566668063838748 0.1945498737271818 0
0.7193259695750243 0.03218933339061797 0
0.726422927942372 0.03897117547896722 0
0.9808789740152405 0.5832886289958876 0
0.2229206385862175 0.06918056204554857 0
0.9563845370774936 0.451309488945692 0
0.9766328050820897 0.6720958736990624 0
0.05601108577827096 0.299332782586849 0
0.0492950277639258 0.2923664417014602 0
0.2276270008775357 0.8246701133499759 0
0.6621897940659541 0.9576821170907266 0
0.672610670563515 0.9573352886699851 0
0.7578477353698759 0.04208953930283182 0
0.7638753488636202 0.03366512551484718 0
0.008155607742545978 0.3505030280605198 0
0.7695032335411567 0.3119841583282 0
0.7616327914235899 0.3050145739595059 0
0.7982771732951512 0.9569029002158864 0
0.04249662135009569 0.4448813926651419 0
0.04248541216097357 0.4546980422566166 0
0.5479500120784569 0.9760582837454044 0
0.06130959781496997 0.4427377206035739 0
0.04148556262260317 0.07195934254277958 0
0.2238130691779644 0.9933372375485667 0
0.9569787555453854 0.112513069912946 0
0.1947350209987282 0.1215936759272164 0
0.1373508843290885 0.1521812846652918 0
0.159646659221045 0.3146564370809674 0
0.2127652411819665 0.7503491418388852 0
0.2571422850620071 0.02530814443662333 0
0.2591833810965742 0.9694129908142636 0
0.2526082516505329 0.9631125884314155 0
0.2617579141286955 0.9615375653224407 0
0.6303750780279509 0.9737185578795636 0
0.08852196321927552 0.9759830845790884 0
0.02460846687138174 0.882666512034904 0
0.2717070826366542 0.9589458446149187 0
0.2786738636976642 0.9660103888172689 0
0.3882955737387053 0.05974384742910033 0
0.3829113863910186 0.0679075763780399 0
0.8971415254369614 0.04960031302406581 0
0.9046246566580154 0.05584129233148616 0
0.6616779861362764 0.07749934597999253 0
0.9146871643629882 0.05111661960908737 0
0.9113017319635066 0.04181413960566599 0
0.2158344876859701 0.05618692123024549 0
0.9468794350603266 0.3786305747598552 0
0.8919956652118602 0.04345349492596123 0
0.8817400664387606 0.04399869854400479 0
0.6394093815129409 0.3161337805949302 0
0.04071312437909086 0.7144573258512807 0
0.9808646285914076 0.680335868010038 0
0.04300097688450938 0.2772346788058087 0
0.04294786802340789 0.287386244069229 0
0.186070185564367 0.1238367238024747 0
0.03254295744975449 0.7188289509877799 0
0.02414246879085635 0.7239352623793889 0
0.1896254364291277 0.2876439522295176 0
0.3055885334220964 0.271785737669851 0
0.02565035625142531 0.1712098132105011 0
0.7810944483877436 0.3248709245889801 0
0.7885526120543525 0.3303038048687671 0
0.9748323112270338 0.1068252726933471 0
0.9754350608295169 0.09683867391585921 0
0.9403039852647502 0.4394761732904076 0
0.9402277290778527 0.430084543290768 0
0.05354368319657199 0.2006051827423669 0
0.6342307352131027 0.6175197239106008 0
0.8784424348187413 0.05371222717943025 0
0.7348513079903428 0.6027521959412845 0
0.3406155871428658 0.6109018835051886 0
0.1435701058363857 0.2339993044865368 0
0.9649035828621125 0.1992744104148823 0
0.03333946022894252 0.6190481640677997 0
0.8422775745335158 0.5662753161984118 0
0.07678993910439796 0.9643547411899737 0
0.07706656810026458 0.9746735182323154 0
0.9758008241256175 0.2752727841789635 0
0.9754616511248275 0.2649307469821767 0
0.8026754328060888 0.5928504895682933 0
0.2745890728249099 0.9753279313607323 0
0.6514712281061741 0.9463363240532928 0
0.6514971348875095 0.956322631518477 0
0.8702554893705796 0.402718208630113 0
0.07600802916964944 0.04159169772788779 0
0.2552196435906536 0.9772435464445014 0
0.2643693060688163 0.9756685233355267 0
0.8394470600810697 0.5569100920291777 0
0.8293867310417213 0.05214219012889593 0
0.5334222764682834 0.4574761454967353 0
0.9497936947273238 0.9252427736412626 0
0.9770998082957667 0.8594259580899378 0
0.9760588922118349 0.869294222206809 0
0.4007509116725101 0.8842112685713417 0
0.4097361825627037 0.8803743539404796 0
0.006243308233483402 0.3594899771889774 0
0.7351206490744127 0.0357708640828085 0
0.735003018756862 0.02535200392417369 0
0.9522848178160223 0.9397647718879851 0
0.8013748894757236 0.6018478536101134 0
0.7245169110137524 0.02406039291415651 0
0.2550974780459228 0.1911711140229015 0
0.2652428158476254 0.1881341925165413 0
0.411280258234953 0.6202877564522427 0
0.660538693162855 0.6099815943581002 0
0.6697974253018416 0.6062208579398106 0
0.04142261068460412 0.1612524074475817 0
0.9337509699085277 0.4251205453386982 0
0.1289544812582167 0.1477534657608658 0
0.9663723275041933 0.181295445275679 0
0.7955441152513605 0.9748106269125965 0
0.2161890663656433 0.06436020808199056 0
0.1832781008282165 0.2817482235728418 0
0.8488683140810451 0.5087004552858984 0
0.2595445487195435 0.0385150767787798 0
0.9477064211068185 0.4550199158499379 0
0.3861476486001506 0.905072289143137 0
0.150117413995381 0.9772645684743706 0
0.9765846067195033 0.8490367330198189 0
0.9667586398530497 0.8462077754718252 0
0.5479538230196453 0.02409630427245579 0
0.5375241485878882 0.02426779607073026 0
0.967156619767479 0.7141719179223019 0
0.03449008101245166 0.5289995508801403 0
0.9552714880563775 0.3744427236053302 0
0.7230980853077575 0.9759313563644458 0
0.2374842295905223 0.8222392196998084 0
0.03109199318530587 0.6370550495457781 0
0.1690427332536341 0.3121922830322112 0
0.5368393383373546 0.9645915255424879 0
0.5369569538323888 0.9748052449503262 0
0.03943669617856321 0.7251181825384112 0
0.9767502997209252 0.8796599409883021 0
0.7210792276402792 0.9617704716577573 0
0.476933487678088 0.7346788767383396 0
0.557303791364364 0.02248370536461419 0
0.9671181927049581 0.2793303565687294 0
0.05209216372252812 0.4423916853233973 0
0.9686818232705277 0.0920123559450392 0
0.8468605298459785 0.9664160025546757 0
0.4425031791776814 0.02244409615705301 0
0.9393708872372762 0.4487447579344835 0
0.1923300803641945 0.02393285989442467 0
0.9830189545873748 0.6268336907597127 0
0.05183512665449719 0.2732655292827748 0
0.2076880861608824 0.06078066686775241 0
0.976568048544057 0.2552301497129467 0
0.04037892156753131 0.5444796181328643 0
0.04252964662929049 0.5345441951086619 0
0.7891701659502912 0.308714094291193 0
0.3958660268534028 0.9018175617132389 0
0.5918399097914158 0.6190200763574818 0
0.3798770269504101 0.07494836438727304 0
0.1288369704151245 0.249766170498856 0
0.02373992752186671 0.7343978727646211 0
0.9473082130857438 0.9331047286914819 0
0.9404502935885063 0.9265788848012345 0
0.5340063066109094 0.03373230288214535 0
0.02285962126723995 0.921950544427894 0
0.03301728415006466 0.9247279021012571 0
0.9429414166772048 0.9411008830479571 0
0.0366130138575278 0.91431573103787 0
0.02990091060964117 0.9079583206787822 0
0.3992435070251175 0.06037337322331976 0
0.7140996883973286 0.9772038532623161 0
0.7183853684461333 0.9692452535602933 0
0.03050655695418136 0.7389871592271762 0
0.02297995522682122 0.7438952243168868 0
0.9677473588629005 0.8838014050666003 0
0.3595697612605703 0.8864267213595042 0
0.7120808307298503 0.9630429685556275 0
0.01607618550145823 0.9174333849100678 0
0.1536227691929495 0.2988837157972472 0
0.1613715418723843 0.3053159769525725 0
0.4084877384658981 0.6283519505260406 0
0.7858173917971866 0.0582147987527456 0
0.1341760870979352 0.2571802111026147 0
0.1427969068320075 0.2635249444902875 0
0.9316982593387875 0.442762498066094 0
0.9658834555268252 0.1101396823115194 0
0.8573923362450944 0.5080268780041993 0
0.6796785733688419 0.2934589876143091 0
0.04170224021212998 0.2966717294803959 0
0.03975285349684832 0.5537849500769637 0
0.5421777145048794 0.4558533746069234 0
0.5491204207412815 0.4630919835224593 0
0.9944151826945191 0.6721190752918511 0
0.9845985418797205 0.6693314896060596 0
0.9764297612390769 0.9838221467775053 0
0.01641546015630291 0.02330305598840099 0
0.5401891182826352 0.5111796691693348 0
0.9838186248675044 0.0236296353584271 0
0.1445689722603717 0.2496109971557011 0
0.1361646763580006 0.248507239562464 0
0.1392298555775611 0.2421969565519423 0
0.03720451438084216 0.7353136139115084 0
0.03644454208579667 0.7448109654637742 0
0.5064176431929407 0.7797346065818984 0
0.2983572578690434 0.8664521977309309 0
0.3892151554600666 0.07377585962949262 0
0.4646400406937913 0.668465409425364 0
0.1957922685810865 0.0325846893393415 0
0.3989893296287771 0.07020846147603993 0
0.7566347141173884 0.2979688664224205 0
0.7491195329532894 0.2920449593375904 0
0.1500327675360029 0.2575920360449473 0
0.7760777611609151 0.3185388371256573 0
0.7451750597001998 0.5995198603850665 0
0.6805770478505592 0.9587730888682027 0
0.5075632167442021 0.7709497670056591 0
0.5838701441381199 0.6134358654580936 0
0.04967482538668583 0.1651955435006657 0
0.5714921157265681 0.3575435438008603 0
0.3992606133553755 0.8680009246419966 0
0.3946602037390969 0.8779028655703887 0
0.9010531522247243 0.04152364874991221 0
0.4802462244683489 0.05239576004225532 0
0.03401486116683838 0.07627215572990403 0
0.02269429433159642 0.9845884152777982 0
0.1900938599370694 0.1154232599143545 0
0.1816338522997465 0.1098677823731649 0
0.7566773582912798 0.5963852782167557 0
0.869404177695516 0.5488156256256924 0
0.02321892171788575 0.01647266472504483 0
0.9758712446735439 0.01704990514569527 0
0.9829392553366459 0.9757925182260249 0
0.7981158401016496 0.9655519621691432 0
0.4754158211954633 0.8006770151113914 0
0.5454620381620606 0.4696655859271829 0
0.782004276573719 0.06692657459830176 0
0.6467085419117321 0.3117524391901305 0
0.4455951127971437 0.03153098438454005 0
0.7495133277718349 0.5936479222192601 0
0.8601939678264486 0.5433701979204929 0
0.264606573081156 0.8606253261525139 0
0.2731450713161534 0.8667926739711727 0
0.9594096803613621 0.1759131526758728 0
0.7845174752156716 0.3159609587606217 0
0.03429737090576684 0.7548948366685924 0
0.7030162521728405 0.9757402051412412 0
0.841241020403406 0.959234260103185 0
0.9328591038115198 0.9407052805036424 0
0.2430966127812723 0.9667889092467068 0
0.2764855308451177 0.0235961363040087 0
0.2657391751028217 0.02373340624063458 0
0.343315296876156 0.5840605461689395 0
0.3368684148891691 0.5756734797486504 0
0.4721788106384863 0.04760054172184064 0
0.02413431977534647 0.754750685570664 0
0.9768595580093595 0.08826692302959349 0
0.268141438760358 0.03694033858279105 0
0.277673244617251 0.03348257361668888 0
0.9302386523965098 0.9309446348024336 0
0.5706781351210297 0.03241505748273421 0
0.8696171274452431 0.4968794473898434 0
0.6427203963169242 0.6158479536505432 0
0.6521152824880342 0.612648984782365 0
0.2440724607145484 0.9766122582581002 0
0.1530366905335782 0.9687978305393385 0
0.6472228982668369 0.3210266891217152 0
0.5675874228696307 0.02281070438989885 0
0.02339028242857677 0.6406611804433964 0
0.6738517588056127 0.9662865644232926 0
0.7031088130787755 0.9662078534012261 0
0.941347341620119 0.4217111752074482 0
0.7043472625734754 0.6031756464974448 0
0.0244720938903179 0.9760668941654227 0
0.7545076017872689 0.3072937378220156 0
0.457729581629623 0.6619589547036672 0
0.4505616954137568 0.655709704770113 0
0.01692278423695154 0.9763334942093944 0
0.4092171067197425 0.8707342135842007 0
0.8611276631318967 0.5019626794833997 0
0.182126977555008 0.2906950227548507 0
0.02232052646411042 0.912478866401121 0
0.2790243273789583 0.8605665946749819 0
0.2770910945780455 0.8518545613815598 0
0.6369293257242516 0.609388242677238 0
0.2624647934981614 0.03099935476508198 0
0.2676312329713611 0.8519680929069569 0
0.4433692084431023 0.6597105295583571 0
$EndNodes
$Elements
8 5274 1 5274
1 5 8 15
1 1 8 22 
2 8 9 23 
3 9 10 24 
4 10 11 25 
5 11 12 26 
6 12 13 27 
7 13 14 28 
8 14 15 29 
9 15 16 30 
10 16 17 31 
11 17 18 32 
12 18 19 33 
13 19 20 34 
14 20 21 35 
15 21 1 36 
1 6 8 30
16 2 37 66 
17 37 38 67 
18 38 39 68 
19 39 40 69 
20 40 41 70 
21 41 42 71 
22 42 43 72 
23 43 44 73 
24 44 45 74 
25 45 46 75 
26 46 47 76 
27 47 48 77 
28 48 49 78 
29 49 50 79 
30 50 51 80 
31 51 52 81 
32 52 53 82 
33 53 54 83 
34 54 55 84 
35 55 56 85 
36 56 57 86 
37 57 58 87 
38 58 59 88 
39 59 60 89 
40 60 61 90 
41 61 62 91 
42 62 63 92 
43 63 64 93 
44 64 65 94 
45 65 2 95 
1 7 8 38
46 3 96 133 
47 96 97 134 
48 97 98 135 
49 98 99 136 
50 99 100 137 
51 100 101 138 
52 101 102 139 
53 102 103 140 
54 103 104 141 
55 104 105 142 
56 105 106 143 
57 106 107 144 
58 107 108 145 
59 108 109 146 
60 109 110 147 
61 110 111 148 
62 111 112 149 
63 112 113 150 
64 113 114 151 
65 114 115 152 
66 115 116 153 
67 116 117 154 
68 117 118 155 
69 118 119 156 
70 119 120 157 
71 120 121 158 
72 121 122 159 
73 122 123 160 
74 123 124 161 
75 124 125 162 
76 125 126 163 
77 126 127 164 
78 127 128 165 
79 128 129 166 
80 129 130 167 
81 130 131 168 
82 131 132 169 
83 132 3 170 
1 8 8 48
84 4 171 218 
85 171 172 219 
86 172 173 220 
87 173 174 221 
88 174 175 222 
89 175 176 223 
90 176 177 224 
91 177 178 225 
92 178 179 226 
93 179 180 227 
94 180 181 228 
95 181 182 229 
96 182 183 230 
97 183 184 231 
98 184 185 232 
99 185 186 233 
100 186 187 234 
101 187 188 235 
102 188 189 236 
103 189 190 237 
104 190 191 238 
105 191 192 239 
106 192 193 240 
107 193 194 241 
108 194 195 242 
109 195 196 243 
110 196 197 244 
111 197 198 245 
112 198 199 246 
113 199 200 247 
114 200 201 248 
115 201 202 249 
116 202 203 250 
117 203 204 251 
118 204 205 252 
119 205 206 253 
120 206 207 254 
121 207 208 255 
122 208 209 256 
123 209 210 257 
124 210 211 258 
125 211 212 259 
126 212 213 260 
127 213 214 261 
128 214 215 262 
129 215 216 263 
130 216 217 264 
131 217 5 265 
1 9 8 48
132 6 266 313 
133 266 267 314 
134 267 268 315 
135 268 269 316 
136 269 270 317 
137 270 271 318 
138 271 272 319 
139 272 273 320 
140 273 274 321 
141 274 275 322 
142 275 276 323 
143 276 277 324 
144 277 278 325 
145 278 279 326 
146 279 280 327 
147 280 281 328 
148 281 282 329 
149 282 283 330 
150 283 284 331 
151 284 285 332 
152 285 286 333 
153 286 287 334 
154 287 288 335 
155 288 289 336 
156 289 290 337 
157 290 291 338 
158 291 292 339 
159 292 293 340 
160 293 294 341 
161 294 295 342 
162 295 296 343 
163 296 297 344 
164 297 298 345 
165 298 299 346 
166 299 300 347 
167 300 301 348 
168 301 302 349 
169 302 303 350 
170 303 304 351 
171 304 305 352 
172 305 306 353 
173 306 307 354 
174 307 308 355 
175 308 309 356 
176 309 310 357 
177 310 311 358 
178 311 312 359 
179 312 4 360 
1 10 8 48
180 5 361 408 
181 361 362 409 
182 362 363 410 
183 363 364 411 
184 364 365 412 
185 365 366 413 
186 366 367 414 
187 367 368 415 
188 368 369 416 
189 369 370 417 
190 370 371 418 
191 371 372 419 
192 372 373 420 
193 373 374 421 
194 374 375 422 
195 375 376 423 
196 376 377 424 
197 377 378 425 
198 378 379 426 
199 379 380 427 
200 380 381 428 
201 381 382 429 
202 382 383 430 
203 383 384 431 
204 384 385 432 
205 385 386 433 
206 386 387 434 
207 387 388 435 
208 388 389 436 
209 389 390 437 
210 390 391 438 
211 391 392 439 
212 392 393 440 
213 393 394 441 
214 394 395 442 
215 395 396 443 
216 396 397 444 
217 397 398 445 
218 398 399 446 
219 399 400 447 
220 400 401 448 
221 401 402 449 
222 402 403 450 
223 403 404 451 
224 404 405 452 
225 405 406 453 
226 406 407 454 
227 407 7 455 
1 11 8 48
228 7 456 503 
229 456 457 504 
230 457 458 505 
231 458 459 506 
232 459 460 507 
233 460 461 508 
234 461 462 509 
235 462 463 510 
236 463 464 511 
237 464 465 512 
238 465 466 513 
239 466 467 514 
240 467 468 515 
241 468 469 516 
242 469 470 517 
243 470 471 518 
244 471 472 519 
245 472 473 520 
246 473 474 521 
247 474 475 522 
248 475 476 523 
249 476 477 524 
250 477 478 525 
251 478 479 526 
252 479 480 527 
253 480 481 528 
254 481 482 529 
255 482 483 530 
256 483 484 531 
257 484 485 532 
258 485 486 533 
259 486 487 534 
260 487 488 535 
261 488 489 536 
262 489 490 537 
263 490 491 538 
264 491 492 539 
265 492 493 540 
266 493 494 541 
267 494 495 542 
268 495 496 543 
269 496 497 544 
270 497 498 545 
271 498 499 546 
272 499 500 547 
273 500 501 548 
274 501 502 549 
275 502 6 550 
2 1 9 4999
276 1753 1864 1847 2911 2912 2913 
277 1760 1762 698 2914 2915 2916 
278 1888 2641 1794 2917 2918 2919 
279 1759 1835 623 2920 2921 2922 
280 559 1822 1765 2923 2924 2925 
281 583 1771 1766 2926 2927 2928 
282 1583 2641 1888 2929 2917 2930 
283 1866 1871 713 2931 2932 2933 
284 1516 2132 1841 2934 2935 2936 
285 2174 2659 2392 2937 2938 2939 
286 1768 1825 61 2940 2941 2942 
287 2228 2229 571 2943 2944 2945 
288 59 1760 698 2946 2916 2947 
289 44 1759 623 2948 2922 2949 
290 614 1763 41 2950 2951 2952 
291 46 1764 612 2953 2954 2955 
292 559 1765 37 2925 2956 2957 
293 583 1766 39 2928 2958 2959 
294 50 1767 585 2960 2961 2962 
295 1590 1880 1827 2963 2964 2965 
296 2650 2841 1539 2966 2967 2968 
297 824 2131 1842 2969 2970 2971 
298 607 2712 1883 2972 2973 2974 
299 2246 2247 1396 2975 2976 2977 
300 565 2637 2605 2978 2979 2980 
301 1808 2798 599 2981 2982 2983 
302 182 1933 181 2984 2985 229 
303 1785 1936 560 2986 2987 2988 
304 1775 2144 2143 2989 2990 2991 
305 2171 2228 571 2992 2945 2993 
306 1856 2674 611 2994 2995 2996 
307 1764 2710 612 2997 2998 2954 
308 2244 2712 607 2999 2972 3000 
309 1842 2132 824 3001 3002 2971 
310 480 2120 479 3003 3004 527 
311 2114 2707 2699 3005 3006 3007 
312 1768 2690 1825 3008 3009 2940 
313 2605 2637 1748 2979 3010 3011 
314 2266 2643 2387 3012 3013 3014 
315 2505 2545 1110 3015 3016 3017 
316 1834 2595 1638 3018 3019 3020 
317 391 1968 590 3021 3022 3023 
318 552 1359 1358 3024 3025 3026 
319 1736 1737 625 3027 3028 3029 
320 1767 1919 585 3030 3031 2961 
321 614 2663 1763 3032 3033 2950 
322 599 2798 1797 2982 3034 3035 
323 1823 2151 601 3036 3037 3038 
324 1737 2769 1349 3039 3040 3041 
325 488 2078 487 3042 3043 535 
326 1391 2760 1884 3044 3045 3046 
327 2338 2660 624 3047 3048 3049 
328 1539 2841 2662 2967 3050 3051 
329 1751 1864 1753 3052 2911 3053 
330 1937 2628 1936 3054 3055 3056 
331 1686 2631 1817 3057 3058 3059 
332 611 2674 2225 2995 3060 3061 
333 1737 1865 1837 3062 3063 3064 
334 553 2599 1781 3065 3066 3067 
335 2638 2683 1787 3068 3069 3070 
336 1006 2683 2638 3071 3068 3072 
337 1704 2602 2079 3073 3074 3075 
338 1847 1864 52 2912 3076 3077 
339 560 1935 1785 3078 3079 2988 
340 1737 1837 625 3064 3080 3028 
341 2628 2698 1936 3081 3082 3055 
342 633 2698 2628 3083 3081 3084 
343 1392 2760 1391 3085 3044 3086 
344 1685 2811 1771 3087 3088 3089 
345 1349 1897 1737 3090 3091 3041 
346 1849 1851 634 3092 3093 3094 
347 2699 2707 1223 3006 3095 3096 
348 1803 1830 1807 3097 3098 3099 
349 1865 2653 1398 3100 3101 3102 
350 1048 1885 1151 3103 3104 3105 
351 1721 2705 1844 3106 3107 3108 
352 824 2584 2131 3109 3110 2969 
353 1937 2733 2628 3111 3112 3054 
354 1810 2617 1800 3113 3114 3115 
355 1804 2617 1810 3116 3113 3117 
356 1841 2132 1842 2935 3001 3118 
357 653 2606 1838 3119 3120 3121 
358 1775 2143 2142 2991 3122 3123 
359 1770 2618 2315 3124 3125 3126 
360 2247 2409 1396 3127 3128 2976 
361 2205 2206 632 3129 3130 3131 
362 1806 2021 2020 3132 3133 3134 
363 1824 2110 617 3135 3136 3137 
364 2392 2659 1206 2938 3138 3139 
365 1827 1880 578 2964 3140 3141 
366 1798 1810 1800 3142 3115 3143 
367 1804 1810 600 3117 3144 3145 
368 1726 2653 1865 3146 3100 3147 
369 19 1391 20 3148 3149 34 
370 129 1794 604 3150 3151 3152 
371 17 1372 18 3153 3154 32 
372 15 1632 16 3155 3156 30 
373 98 1808 599 3157 2983 3158 
374 11 1358 582 3159 3160 3161 
375 552 1358 10 3026 3162 3163 
376 14 1736 625 3164 3029 3165 
377 1771 2665 1685 3166 3167 3089 
378 2202 2684 626 3168 3169 3170 
379 2117 2794 621 3171 3172 3173 
380 51 1847 52 3174 3077 81 
381 2131 2584 1820 3110 3175 3176 
382 1796 2835 1826 3177 3178 3179 
383 2417 2643 2266 3180 3012 3181 
384 1391 2687 20 3182 3183 3149 
385 1220 1861 1860 3184 3185 3186 
386 1277 1897 1201 3187 3188 3189 
387 2262 2485 2292 3190 3191 3192 
388 1706 1871 1866 3193 2931 3194 
389 602 2784 1789 3195 3196 3197 
390 1358 2723 582 3198 3199 3160 
391 1372 2702 18 3200 3201 3154 
392 1632 2703 16 3202 3203 3156 
393 646 2672 1935 3204 3205 3206 
394 1935 2773 646 3207 3208 3206 
395 619 1933 182 3209 2984 3210 
396 1789 2692 602 3211 3212 3197 
397 2287 2289 1408 3213 3214 3215 
398 2093 2597 1345 3216 3217 3218 
399 1857 2600 645 3219 3220 3221 
400 604 2595 1834 3222 3018 3223 
401 2204 2684 2202 3224 3168 3225 
402 2701 2787 1585 3226 3227 3228 
403 1858 1859 1410 3229 3230 3231 
404 2392 2759 2174 3232 3233 2939 
405 2129 2638 1787 3234 3070 3235 
406 1702 2660 2338 3236 3047 3237 
407 1837 1865 1398 3063 3102 3238 
408 632 2726 2205 3239 3240 3131 
409 389 2813 2688 3241 3242 3243 
410 2079 2602 1586 3074 3244 3245 
411 1826 2835 1339 3178 3246 3247 
412 1787 2843 2129 3248 3249 3235 
413 2688 2813 1816 3242 3250 3251 
414 1844 2705 3 3107 3252 3253 
415 2697 2811 1114 3254 3255 3256 
416 1735 2636 1930 3257 3258 3259 
417 1818 2811 2697 3260 3254 3261 
418 1878 2650 1541 3262 3263 3264 
419 2257 2761 2737 3265 3266 3267 
420 581 1855 1854 3268 3269 3270 
421 1814 2787 2701 3271 3226 3272 
422 1933 2468 1932 3273 3274 3275 
423 641 1881 1848 3276 3277 3278 
424 585 1847 51 3279 3174 3280 
425 590 1968 1896 3022 3281 3282 
426 617 2111 1824 3283 3284 3137 
427 2689 2801 2394 3285 3286 3287 
428 638 2693 1867 3288 3289 3290 
429 2636 2788 1930 3291 3292 3258 
430 1607 2799 1801 3293 3294 3295 
431 2273 2825 1729 3296 3297 3298 
432 621 2810 2656 3299 3300 3301 
433 2737 2761 1862 3266 3302 3303 
434 1417 2653 1726 3304 3146 3305 
435 1357 2729 8 3306 3307 3308 
436 8 2729 9 3307 3309 23 
437 12 2730 13 3310 3311 27 
438 2530 2779 1734 3312 3313 3314 
439 1730 2730 12 3315 3310 3316 
440 1796 1826 1795 3179 3317 3318 
441 1802 1830 1803 3319 3097 3320 
442 1110 2778 2505 3321 3322 3017 
443 1417 2856 2653 3323 3324 3304 
444 2453 2708 1772 3325 3326 3327 
445 2120 2734 479 3328 3329 3004 
446 1825 2690 1611 3009 3330 3331 
447 757 2417 2266 3332 3181 3333 
448 2078 2741 630 3334 3335 3336 
449 1611 2808 1825 3337 3338 3331 
450 2656 2810 2081 3300 3339 3340 
451 1575 1852 1845 3341 3342 3343 
452 2315 2618 649 3125 3344 3345 
453 2079 2741 2078 3346 3334 3347 
454 1406 1885 1872 3348 3349 3350 
455 568 2801 2689 3351 3285 3352 
456 181 1933 639 2985 3353 3354 
457 606 2120 480 3355 3003 3356 
458 1618 2708 2453 3357 3325 3358 
459 1794 2641 604 2918 3359 3151 
460 571 2721 2171 3360 3361 2993 
461 1634 2780 1861 3362 3363 3364 
462 1831 2297 1415 3365 3366 3367 
463 1845 2864 1575 3368 3369 3343 
464 623 1835 1831 2921 3370 3371 
465 482 2794 2722 3372 3373 3374 
466 621 2656 2117 3301 3375 3173 
467 1851 2122 634 3376 3377 3093 
468 596 2146 1839 3378 3379 3380 
469 1638 2661 1834 3381 3382 3020 
470 1852 2139 1853 3383 3384 3385 
471 1729 2606 2273 3386 3387 3298 
472 652 2078 488 3388 3042 3389 
473 487 2078 630 3043 3336 3390 
474 650 2607 2160 3391 3392 3393 
475 1743 2624 1883 3394 3395 3396 
476 302 1920 301 3397 3398 349 
477 1049 1886 1885 3399 3400 3401 
478 1588 1934 1508 3402 3403 3404 
479 646 2270 1990 3405 3406 3407 
480 1406 1872 1871 3350 3408 3409 
481 2674 2825 2225 3410 3411 3060 
482 1910 2195 1909 3412 3413 3414 
483 651 2318 2198 3415 3416 3417 
484 1410 2647 1858 3418 3419 3231 
485 601 2615 1823 3420 3421 3038 
486 1775 2145 2144 3422 3423 2989 
487 2722 2794 2118 3373 3424 3425 
488 1734 2707 2530 3426 3427 3314 
489 1817 2461 1686 3428 3429 3059 
490 1820 2584 1162 3175 3430 3431 
491 601 2151 1930 3037 3432 3433 
492 392 1968 391 3434 3021 439 
493 1543 1878 1541 3435 3264 3436 
494 2669 2729 1786 3437 3438 3439 
495 1049 2522 1886 3440 3441 3399 
496 2160 2718 650 3442 3443 3393 
497 1698 2545 2505 3444 3015 3445 
498 2225 2825 640 3411 3446 3447 
499 1832 1898 595 3448 3449 3450 
500 1928 2417 757 3451 3332 3452 
501 1049 1885 1048 3401 3103 3453 
502 1771 2811 1818 3088 3260 3454 
503 2624 2776 1883 3455 3456 3395 
504 1151 1885 1406 3104 3348 3457 
505 653 2646 2606 3458 3459 3119 
506 1478 2752 1854 3460 3461 3462 
507 1801 2004 1607 3463 3464 3295 
508 1557 2695 2670 3465 3466 3467 
509 1828 2631 1686 3468 3057 3469 
510 1821 2795 1045 3470 3471 3472 
511 1220 2706 1861 3473 3474 3184 
512 1162 2643 1820 3475 3476 3431 
513 1858 2600 1857 3477 3219 3478 
514 1818 2453 1772 3479 3327 3480 
515 1877 2837 1822 3481 3482 3483 
516 1822 2837 2803 3482 3484 3485 
517 1843 2078 652 3486 3388 3487 
518 2247 2686 2409 3488 3489 3127 
519 2138 2506 1640 3490 3491 3492 
520 1852 2763 2139 3493 3494 3383 
521 1398 2823 1837 3495 3496 3238 
522 713 1871 1761 2932 3497 3498 
523 1234 2625 2285 3499 3500 3501 
524 1861 2706 1634 3474 3502 3364 
525 1835 2857 1548 3503 3504 3505 
526 1781 2599 1783 3066 3506 3507 
527 1781 2830 553 3508 3509 3067 
528 1876 2703 1632 3510 3202 3511 
529 1799 2799 580 3512 3513 3514 
530 1201 1897 1349 3188 3090 3515 
531 2292 2485 1627 3191 3516 3517 
532 1990 2672 646 3518 3204 3407 
533 580 2799 2727 3513 3519 3520 
534 698 1878 1768 3521 3522 3523 
535 2195 2785 1909 3524 3525 3413 
536 2649 2741 2080 3526 3527 3528 
537 2289 2768 1408 3529 3530 3214 
538 1869 2692 1789 3531 3211 3532 
539 1633 2110 1824 3533 3135 3534 
540 1726 1897 1277 3535 3187 3536 
541 1772 2708 1766 3326 3537 3538 
542 1839 2147 596 3539 3540 3380 
543 2148 2693 638 3541 3288 3542 
544 1758 2824 2 3543 3544 3545 
545 1045 2731 1821 3546 3547 3472 
546 1840 2138 597 3548 3549 3550 
547 1848 1920 641 3551 3552 3278 
548 1876 2797 2703 3553 3554 3510 
549 1617 2663 1618 3555 3556 3557 
550 1733 2688 1816 3558 3251 3559 
551 1345 2867 2093 3560 3561 3218 
552 2171 2721 1917 3361 3562 3563 
553 1736 2769 1737 3564 3039 3027 
554 1817 2631 1392 3058 3565 3566 
555 2387 2643 1162 3013 3475 3567 
556 597 2869 1840 3568 3569 3550 
557 2020 2795 1806 3570 3571 3134 
558 1801 2799 1799 3294 3512 3572 
559 1869 2791 2692 3573 3574 3531 
560 579 2719 1767 3575 3576 3577 
561 1766 2708 614 3537 3578 3579 
562 1339 2675 1826 3580 3581 3247 
563 2409 2686 1703 3489 3582 3583 
564 1733 2779 2688 3584 3585 3558 
565 1261 2097 2091 3586 3587 3588 
566 2228 2785 2229 3589 3590 2943 
567 691 2132 689 3591 3592 3593 
568 2285 2778 1234 3594 3595 3501 
569 652 2077 1843 3596 3597 3487 
570 1890 1891 636 3598 3599 3600 
571 1829 2781 592 3601 3602 3603 
572 595 2734 1832 3604 3605 3450 
573 640 2825 2273 3446 3296 3606 
574 1851 2700 2122 3607 3608 3376 
575 1704 2079 1843 3075 3609 3610 
576 2263 2485 2262 3611 3190 3612 
577 1686 2891 1828 3613 3614 3469 
578 1860 1862 1220 3615 3616 3186 
579 1767 2719 1934 3576 3617 3618 
580 592 2759 1829 3619 3620 3603 
581 1548 2857 1413 3504 3621 3622 
582 1705 2812 1888 3623 3624 3625 
583 2634 2829 1790 3626 3627 3628 
584 2118 2794 2117 3424 3171 3629 
585 1933 2839 2468 3630 3631 3273 
586 1888 2818 1705 3632 3633 3625 
587 1909 2785 2228 3525 3589 3634 
588 1648 2634 1790 3635 3628 3636 
589 273 2163 272 3637 3638 320 
590 656 2147 1297 3639 3640 3641 
591 1835 2668 1831 3642 3643 3370 
592 2530 2707 2114 3427 3005 3644 
593 2663 2708 1618 3645 3357 3556 
594 2739 2786 270 3646 3647 3648 
595 1926 2664 1573 3649 3650 3651 
596 1889 1890 636 3652 3600 3653 
597 583 2665 1771 3654 3166 2926 
598 2774 2792 1711 3655 3656 3657 
599 1762 2650 1878 3658 3262 3659 
600 1818 2697 2453 3261 3660 3479 
601 594 2718 2160 3661 3442 3662 
602 1919 1934 1588 3663 3402 3664 
603 1827 2880 1590 3665 3666 2965 
604 1806 2855 2021 3667 3668 3132 
605 1762 2841 2650 3669 2966 3658 
606 1836 2792 2774 3670 3655 3671 
607 581 2877 1855 3672 3673 3268 
608 641 1920 302 3552 3397 3674 
609 301 1920 618 3398 3675 3676 
610 1844 2716 1721 3677 3678 3108 
611 1791 1792 120 3679 3680 3681 
612 1841 2828 1516 3682 3683 2936 
613 1845 1852 566 3342 3684 3685 
614 1795 1826 578 3317 3686 3687 
615 599 1796 1795 3688 3318 3689 
616 1508 1934 1597 3403 3690 3691 
617 570 1830 1802 3692 3319 3693 
618 2081 2649 2080 3694 3528 3695 
619 1802 1803 600 3320 3696 3697 
620 1798 1799 580 3698 3514 3699 
621 1774 2514 2145 3700 3701 3702 
622 749 2709 1873 3703 3704 3705 
623 1833 2765 615 3706 3707 3708 
624 1838 2872 653 3709 3710 3121 
625 2198 2613 651 3711 3712 3417 
626 1415 2844 1831 3713 3714 3367 
627 62 1825 588 3715 3716 3717 
628 1396 2820 2246 3718 3719 2977 
629 703 1866 56 3720 3721 3722 
630 63 1757 64 3723 3724 93 
631 55 1873 703 3725 3726 3727 
632 57 1866 713 3728 2933 3729 
633 1926 1927 1153 3730 3731 3732 
634 749 1873 54 3705 3733 3734 
635 53 1864 749 3735 3736 3737 
636 60 1768 61 3738 2942 90 
637 612 1814 47 3739 3740 3741 
638 48 1814 579 3742 3743 3744 
639 65 1758 2 3745 3545 95 
640 58 1760 59 3746 2946 88 
641 43 1759 44 3747 2948 73 
642 37 1765 38 2956 3748 67 
643 41 1763 42 2951 3749 71 
644 45 1764 46 3750 2953 75 
645 39 1766 40 2958 3751 69 
646 49 1767 50 3752 2960 79 
647 2160 2815 594 3753 3754 3662 
648 1981 2770 1807 3755 3756 3757 
649 1855 2750 1854 3758 3759 3269 
650 552 2729 2669 3760 3437 3761 
651 1860 1952 1862 3762 3763 3615 
652 2670 2695 2260 3466 3764 3765 
653 1551 2716 1846 3766 3767 3768 
654 1863 2173 569 3769 3770 3771 
655 736 1955 714 3772 3773 3774 
656 1927 1955 1153 3775 3776 3731 
657 2122 2700 589 3608 3777 3778 
658 1928 2642 1927 3779 3780 3781 
659 757 2642 1928 3782 3779 3452 
660 2095 2597 2093 3783 3216 3784 
661 615 2806 1833 3785 3786 3708 
662 587 2685 2216 3787 3788 3789 
663 1832 2120 1458 3790 3791 3792 
664 1840 2506 2138 3793 3490 3548 
665 204 2678 2676 3794 3795 3796 
666 1873 2694 703 3797 3798 3726 
667 1714 2138 1640 3799 3492 3800 
668 1878 2740 1768 3801 3802 3522 
669 1482 2136 1923 3803 3804 3805 
670 2201 2786 2739 3806 3646 3807 
671 1868 2120 606 3808 3355 3809 
672 272 2163 575 3638 3810 3811 
673 1582 2752 1478 3812 3460 3813 
674 641 2626 1881 3814 3815 3276 
675 791 1962 755 3816 3817 3818 
676 569 2676 1863 3819 3820 3771 
677 2 2824 559 3544 3821 3822 
678 387 2529 386 3823 3824 434 
679 2289 2738 627 3825 3826 3827 
680 1834 2661 610 3382 3828 3829 
681 2657 2685 498 3830 3831 3832 
682 598 2766 2639 3833 3834 3835 
683 1809 2679 2658 3836 3837 3838 
684 1762 1878 698 3659 3521 2915 
685 559 1877 1822 3839 3483 2923 
686 1830 2817 1807 3840 3841 3098 
687 2230 2892 1819 3842 3843 3844 
688 1846 2870 1551 3845 3846 3768 
689 1771 1772 1766 3847 3538 2927 
690 634 2846 1849 3848 3849 3094 
691 1871 1872 1761 3408 3850 3497 
692 1791 1952 1860 3851 3762 3852 
693 627 2738 1875 3826 3853 3854 
694 1853 1879 566 3855 3856 3857 
695 2091 2724 1261 3858 3859 3588 
696 119 1791 120 3860 3681 157 
697 126 1813 127 3861 3862 164 
698 125 1879 126 3863 3864 163 
699 1785 1937 1936 3865 3056 2986 
700 128 1794 129 3866 3150 166 
701 97 1808 98 3867 3157 135 
702 132 1844 3 3868 3253 170 
703 551 1836 115 3869 3870 3871 
704 116 1836 598 3872 3873 3874 
705 114 1793 551 3875 3876 3877 
706 124 1845 566 3878 3685 3879 
707 578 1880 101 3140 3880 3881 
708 100 1795 578 3882 3687 3883 
709 113 1870 1793 3884 3885 3886 
710 599 1795 99 3689 3887 3888 
711 570 2873 1830 3889 3890 3692 
712 609 2679 1809 3891 3836 3892 
713 580 1870 112 3893 3894 3895 
714 604 1834 130 3223 3896 3897 
715 131 1834 610 3898 3829 3899 
716 570 1802 107 3693 3900 3901 
717 111 1798 580 3902 3699 3903 
718 108 1802 600 3904 3697 3905 
719 600 1810 109 3144 3906 3907 
720 110 1810 1798 3908 3142 3909 
721 689 2132 1516 3592 2934 3910 
722 824 2132 691 3002 3591 3911 
723 1807 2817 1981 3841 3912 3757 
724 1854 2750 1478 3759 3913 3462 
725 103 2590 558 3914 3915 3916 
726 2783 2873 570 3917 3889 3918 
727 1408 2645 2287 3919 3920 3215 
728 1880 2590 102 3921 3922 3923 
729 386 2529 2113 3824 3924 3925 
730 1359 1360 1358 3926 3927 3025 
731 565 2605 122 2980 3928 3929 
732 123 2605 1845 3930 3931 3932 
733 2193 2704 2682 3933 3934 3935 
734 606 2119 1868 3936 3937 3809 
735 1713 2632 2186 3938 3939 3940 
736 1819 2670 2230 3941 3942 3844 
737 654 2147 656 3943 3639 3944 
738 1297 2147 1839 3640 3539 3945 
739 1458 2120 1868 3791 3808 3946 
740 1334 2621 2388 3947 3948 3949 
741 1279 2858 2263 3950 3951 3952 
742 1923 2136 1350 3804 3953 3954 
743 1757 2871 2807 3955 3956 3957 
744 588 2871 1757 3958 3955 3959 
745 1757 2877 64 3960 3961 3724 
746 1873 2709 1665 3704 3962 3963 
747 386 2113 385 3925 3964 433 
748 1962 2664 1926 3965 3649 3966 
749 1881 2856 1848 3967 3968 3277 
750 1891 1892 556 3969 3970 3971 
751 639 1933 1932 3353 3275 3972 
752 106 2634 570 3973 3974 3975 
753 2145 2514 1250 3701 3976 3977 
754 118 2639 557 3978 3979 3980 
755 598 2639 117 3835 3981 3982 
756 1797 2798 1874 3034 3983 3984 
757 645 2862 1857 3985 3986 3221 
758 2654 2684 2204 3987 3224 3988 
759 1774 2145 1775 3702 3422 3989 
760 1879 2848 126 3990 3991 3864 
761 126 2848 1813 3991 3992 3861 
762 1832 2734 2120 3605 3328 3790 
763 1153 1955 736 3776 3772 3993 
764 714 1955 710 3773 3994 3995 
765 1865 1897 1726 3996 3535 3147 
766 585 2847 1847 3997 3998 3279 
767 2111 2112 1824 3999 4000 3284 
768 639 1932 1931 3972 4001 4002 
769 1807 2770 1805 3756 4003 4004 
770 617 2113 2111 4005 4006 3283 
771 2263 2796 1279 4007 4008 3952 
772 1831 2668 2297 3643 4009 3365 
773 624 2809 2338 4010 4011 3049 
774 649 2618 2227 3344 4012 4013 
775 1734 2779 1733 3313 3584 4014 
776 1737 1897 1865 3091 3996 3062 
777 799 1962 791 4015 3816 4016 
778 755 1962 1153 3817 4017 4018 
779 2175 2860 1083 4019 4020 4021 
780 2318 2879 2198 4022 4023 3416 
781 605 2530 2529 4024 4025 4026 
782 2522 2539 1696 4027 4028 4029 
783 2273 2606 1635 3387 4030 4031 
784 1874 2798 2667 3983 4032 4033 
785 304 2651 2626 4034 4035 4036 
786 1877 2752 1582 4037 3812 4038 
787 1665 2694 1873 4039 3797 3963 
788 2109 2110 1633 4040 3533 4041 
789 1863 2175 2173 4042 4043 3769 
790 1814 2701 579 3272 4044 3743 
791 385 2113 617 3964 4005 4045 
792 2137 2765 1833 4046 3706 4047 
793 2590 2905 558 4048 4049 3915 
794 1548 2668 1835 4050 3642 3505 
795 1853 2908 1879 4051 4052 3855 
796 2637 2780 1634 4053 3362 4054 
797 605 2529 387 4026 3823 4055 
798 2137 2869 597 4056 3568 4057 
799 96 2705 609 4058 4059 4060 
800 1894 2863 2384 4061 4062 4063 
801 2834 2883 2748 4064 4065 4066 
802 2505 2778 2285 3322 3594 4067 
803 2190 2640 2619 4068 4069 4070 
804 2676 2678 1741 3795 4071 4072 
805 2216 2685 1732 3788 4073 4074 
806 1083 2754 2175 4075 4076 4021 
807 1848 2856 1417 3968 3323 4077 
808 609 2705 2679 4059 4078 3891 
809 2770 2855 1805 4079 4080 4003 
810 630 2741 2649 3335 3526 4081 
811 1890 2747 1891 4082 4083 3598 
812 2186 2781 1713 4084 4085 3940 
813 644 2800 1859 4086 4087 4088 
814 1825 2808 588 3338 4089 3716 
815 1859 2800 1410 4087 4090 3230 
816 1589 2567 2557 4091 4092 4093 
817 1952 2822 1723 4094 4095 4096 
818 1833 2869 2137 4097 4056 4047 
819 1695 2713 2107 4098 4099 4100 
820 703 2816 1866 4101 4102 3720 
821 1921 1922 1039 4103 4104 4105 
822 1216 2666 1874 4106 4107 4108 
823 1843 2079 2078 3609 3347 3486 
824 1732 2685 2657 4073 3830 4109 
825 1423 1922 1921 4110 4103 4111 
826 1870 2727 1604 4112 4113 4114 
827 1792 2875 120 4115 4116 3680 
828 1864 2789 749 4117 4118 3736 
829 612 2787 1814 4119 3271 3739 
830 1198 2733 1937 4120 3111 4121 
831 1885 1886 1872 3400 4122 3349 
832 1791 1860 1792 3852 4123 3679 
833 1852 1853 566 3385 3857 3684 
834 1829 2759 2392 3620 3232 4124 
835 1826 1827 578 4125 3141 3686 
836 599 1797 1796 3035 4126 3688 
837 1798 1800 1799 3143 4127 3698 
838 1803 1804 600 4128 3145 3696 
839 1963 2596 1641 4129 4130 4131 
840 1423 1925 1922 4132 4133 4110 
841 2170 2840 1895 4134 4135 4136 
842 1920 2673 618 4137 4138 3675 
843 1422 2591 2552 4139 4140 4141 
844 1924 1958 1235 4142 4143 4144 
845 1235 1958 1236 4143 4145 4146 
846 1881 2626 1745 3815 4147 4148 
847 1891 2747 1892 4083 4149 3969 
848 803 2013 1961 4150 4151 4152 
849 1409 2899 2726 4153 4154 4155 
850 1535 2522 1696 4156 4029 4157 
851 1049 2539 2522 4158 4027 3440 
852 818 2030 1925 4159 4160 4161 
853 1925 1974 818 4162 4163 4161 
854 1235 1959 1924 4164 4165 4144 
855 1985 2592 1971 4166 4167 4168 
856 552 2669 1359 3761 4169 3024 
857 2315 2861 1770 4170 4171 3126 
858 1442 2366 1995 4172 4173 4174 
859 1963 2277 1439 4175 4176 4177 
860 987 1998 1960 4178 4179 4180 
861 1863 2676 1741 3820 4072 4181 
862 1936 2698 560 3082 4182 2987 
863 1771 1818 1772 3454 3480 3847 
864 1351 2548 1294 4183 4184 4185 
865 684 1970 681 4186 4187 4188 
866 2107 2898 1695 4189 4190 4100 
867 1236 1958 1239 4145 4191 4192 
868 2403 2409 1664 4193 4194 4195 
869 681 2393 679 4196 4197 4198 
870 2227 2725 649 4199 4200 4013 
871 2682 2704 1653 3934 4201 4202 
872 1602 2784 2242 4203 4204 4205 
873 1970 2393 681 4206 4196 4187 
874 1039 1995 1921 4207 4208 4105 
875 676 2301 674 4209 4210 4211 
876 1938 1940 725 4212 4213 4214 
877 674 1979 672 4215 4216 4217 
878 1425 2330 1141 4218 4219 4220 
879 120 2875 121 4116 4221 158 
880 876 1994 878 4222 4223 4224 
881 674 2301 1979 4210 4225 4215 
882 1974 1975 818 4226 4227 4163 
883 785 2474 782 4228 4229 4230 
884 668 2099 665 4231 4232 4233 
885 2277 2278 1439 4234 4235 4176 
886 1880 2890 2590 4236 4237 3921 
887 1944 1946 678 4238 4239 4240 
888 1946 2098 678 4241 4242 4239 
889 2673 2681 618 4243 4244 4138 
890 1153 1962 1926 4017 3966 3732 
891 1359 1361 1360 4245 4246 3926 
892 1948 2098 1946 4247 4241 4248 
893 558 2829 104 4249 4250 4251 
894 1925 2030 1922 4160 4252 4133 
895 1875 2635 627 4253 4254 3854 
896 1961 2013 1960 4151 4255 4256 
897 788 1975 785 4257 4258 4259 
898 2388 2827 2744 4260 4261 4262 
899 666 2586 688 4263 4264 4265 
900 2384 2863 1342 4062 4266 4267 
901 2468 2711 1932 4268 4269 3274 
902 764 1971 1929 4270 4271 4272 
903 1870 2887 1793 4273 4274 3885 
904 2744 2827 1895 4261 4275 4276 
905 1975 2474 785 4277 4228 4258 
906 1767 1934 1919 3618 3663 3030 
907 1573 2664 1598 3650 4278 4279 
908 1892 1893 556 4280 4281 3970 
909 1439 2596 1963 4282 4129 4177 
910 2726 2899 2205 4154 4283 3240 
911 923 2575 2553 4284 4285 4286 
912 1429 1959 1194 4287 4288 4289 
913 2557 2567 1756 4092 4290 4291 
914 611 2805 1856 4292 4293 2996 
915 2002 2419 1445 4294 4295 4296 
916 1589 2557 1588 4093 4297 4298 
917 1960 2013 987 4255 4299 4180 
918 1985 2591 1422 4300 4139 4301 
919 1995 2366 1921 4173 4302 4208 
920 2276 2278 2277 4303 4234 4304 
921 1068 2878 2112 4305 4306 4307 
922 572 2892 2230 4308 3842 4309 
923 1886 2900 1872 4310 4311 4122 
924 633 2628 1882 3084 4312 4313 
925 2113 2114 2111 4314 4315 4006 
926 1422 2592 1985 4316 4166 4301 
927 1194 1959 1235 4288 4164 4317 
928 1823 2615 1780 3421 4318 4319 
929 1208 2026 1209 4320 4321 4322 
930 1859 2814 644 4323 4324 4088 
931 818 1975 788 4227 4257 4325 
932 781 2474 2456 4326 4327 4328 
933 764 1970 684 4329 4186 4330 
934 1929 1970 764 4331 4329 4272 
935 1451 1954 1718 4332 4333 4334 
936 1718 1954 1953 4333 4335 4336 
937 1858 2647 2600 3419 4337 3477 
938 572 2791 1869 4338 3573 4339 
939 1974 2497 1976 4340 4341 4342 
940 2276 2456 2278 4343 4344 4303 
941 1187 1994 876 4345 4222 4346 
942 672 1979 678 4216 4347 4348 
943 2792 2804 1953 4349 4350 4351 
944 1294 2548 2026 4184 4352 4353 
945 678 1979 1944 4347 4354 4240 
946 2183 2541 2184 4355 4356 4357 
947 1684 2881 2803 4358 4359 4360 
948 781 2456 2276 4328 4343 4361 
949 1966 2004 1059 4362 4363 4364 
950 1396 2409 2403 3128 4193 4365 
951 1575 2763 1852 4366 3493 3341 
952 1995 2007 1440 4367 4368 4369 
953 1607 2004 1966 3464 4362 4370 
954 1976 2497 1421 4341 4371 4372 
955 1951 2001 1073 4373 4374 4375 
956 1993 2000 1438 4376 4377 4378 
957 1149 2023 1062 4379 4380 4381 
958 1073 1981 1951 4382 4383 4375 
959 1664 2409 1703 4194 3583 4384 
960 557 2822 1952 4385 4094 4386 
961 2098 2099 668 4387 4231 4388 
962 665 2099 666 4232 4389 4390 
963 1940 2301 725 4391 4392 4213 
964 2626 2651 1745 4035 4393 4147 
965 679 2393 725 4197 4394 4395 
966 1000 2001 1992 4396 4397 4398 
967 1998 2051 1444 4399 4400 4401 
968 1141 2330 1143 4219 4402 4403 
969 725 2301 676 4392 4209 4404 
970 1929 2330 1425 4405 4218 4406 
971 1874 2667 1216 4033 4407 4108 
972 878 1994 1073 4223 4408 4409 
973 725 2393 1938 4394 4410 4214 
974 1960 1998 1959 4179 4411 4412 
975 2168 2767 2424 4413 4414 4415 
976 636 2652 1889 4416 4417 3653 
977 1948 2099 2098 4418 4387 4247 
978 2568 2599 467 4419 4420 4421 
979 1435 2024 1731 4422 4423 4424 
980 1294 2026 1208 4353 4320 4425 
981 1667 2712 2244 4426 2999 4427 
982 1209 2024 1956 4428 4429 4430 
983 1647 2551 2005 4431 4432 4433 
984 1669 2215 2184 4434 4435 4436 
985 1992 2419 2002 4437 4294 4438 
986 651 2613 2317 3712 4439 4440 
987 1421 2456 1976 4441 4442 4372 
988 782 2474 781 4229 4326 4443 
989 1992 2001 1951 4397 4373 4444 
990 2163 2619 575 4445 4446 3810 
991 1916 2555 2298 4447 4448 4449 
992 1451 2000 1954 4450 4451 4332 
993 754 2560 2057 4452 4453 4454 
994 273 2909 2163 4455 4456 3637 
995 1969 2601 1691 4457 4458 4459 
996 1429 1960 1959 4460 4412 4287 
997 1950 2541 2183 4461 4355 4462 
998 1674 2521 2054 4463 4464 4465 
999 1209 2026 2024 4321 4466 4428 
1000 731 2519 2044 4467 4468 4469 
1001 2552 2591 1961 4140 4470 4471 
1002 1790 2548 1351 4472 4183 4473 
1003 1937 2882 1198 4474 4475 4121 
1004 1972 2587 1688 4476 4477 4478 
1005 2099 2586 666 4479 4263 4389 
1006 2127 2518 2126 4480 4481 4482 
1007 1957 2523 977 4483 4484 4485 
1008 2619 2640 575 4069 4486 4446 
1009 2606 2646 1635 3459 4487 4030 
1010 1738 2844 1415 4488 3713 4489 
1011 2304 2370 1988 4490 4491 4492 
1012 1965 2214 712 4493 4494 4495 
1013 1956 2024 1435 4429 4422 4496 
1014 1423 1973 1925 4497 4498 4132 
1015 712 2215 1965 4499 4500 4495 
1016 1987 2304 1988 4501 4492 4502 
1017 1588 2557 1919 4297 4503 3664 
1018 2184 2541 1669 4356 4504 4436 
1019 1442 1995 1440 4174 4369 4505 
1020 1860 1861 1792 3185 4506 4123 
1021 1660 2573 2057 4507 4508 4509 
1022 1971 2592 2330 4167 4510 4511 
1023 1039 2007 1995 4512 4367 4207 
1024 2553 2575 2002 4285 4513 4514 
1025 1246 1973 1248 4515 4516 4517 
1026 1956 2023 1209 4518 4519 4430 
1027 2024 2025 1731 4520 4521 4423 
1028 1954 2000 1993 4451 4376 4522 
1029 1797 1812 1796 4523 4524 4126 
1030 1977 2559 1549 4525 4526 4527 
1031 974 2304 1987 4528 4501 4529 
1032 1924 1998 1444 4530 4401 4531 
1033 1059 2442 1966 4532 4533 4364 
1034 1803 1805 1804 4534 4535 4128 
1035 1494 2379 2197 4536 4537 4538 
1036 1800 1801 1799 4539 3572 4127 
1037 963 2050 2022 4540 4541 4542 
1038 987 2051 1998 4543 4399 4178 
1039 1438 2000 1982 4377 4544 4545 
1040 1047 2549 2538 4546 4547 4548 
1041 596 2687 2146 4549 4550 3378 
1042 1209 2023 1149 4519 4379 4551 
1043 1660 2577 2573 4552 4553 4507 
1044 1987 2211 974 4554 4555 4529 
1045 940 2587 1972 4556 4476 4557 
1046 1793 2804 551 4558 4559 3876 
1047 912 2559 1977 4560 4525 4561 
1048 2023 2050 1062 4562 4563 4380 
1049 1620 1986 1967 4564 4565 4566 
1050 1964 2149 1026 4567 4568 4569 
1051 1641 2596 1958 4130 4570 4571 
1052 2278 2456 1421 4344 4441 4572 
1053 2043 2546 2044 4573 4574 4575 
1054 1438 1982 1437 4545 4576 4577 
1055 2214 2460 2035 4578 4579 4580 
1056 1014 2601 1969 4581 4457 4582 
1057 1988 2328 2149 4583 4584 4585 
1058 1248 1973 1423 4516 4497 4586 
1059 1959 1998 1924 4411 4530 4165 
1060 1502 2518 2127 4587 4480 4588 
1061 2554 2560 754 4589 4452 4590 
1062 1965 2460 2214 4591 4578 4493 
1063 963 2415 2101 4592 4593 4594 
1064 1026 2150 1964 4595 4596 4569 
1065 2639 2766 1722 3834 4597 4598 
1066 2044 2519 2045 4468 4599 4600 
1067 974 2211 1999 4555 4601 4602 
1068 2149 2328 1026 4584 4603 4568 
1069 1974 1976 1975 4342 4604 4226 
1070 2022 2050 2023 4541 4562 4605 
1071 1584 2055 1980 4606 4607 4608 
1072 1359 1362 1361 4609 4610 4245 
1073 2043 2554 2546 4611 4612 4573 
1074 2057 2560 1547 4453 4613 4614 
1075 1988 2370 2328 4491 4615 4583 
1076 1961 2591 803 4470 4616 4152 
1077 1967 2084 1620 4617 4618 4566 
1078 1439 2278 1243 4235 4619 4620 
1079 2005 2551 779 4432 4621 4622 
1080 2151 2459 1614 4623 4624 4625 
1081 1243 2278 1421 4619 4572 4626 
1082 627 2768 2289 4627 3529 3827 
1083 1361 1364 1360 4628 4629 4246 
1084 2063 2064 923 4630 4631 4632 
1085 923 2553 2063 4286 4633 4632 
1086 1892 1894 1893 4634 4635 4280 
1087 2022 2415 963 4636 4592 4542 
1088 739 2013 735 4637 4638 4639 
1089 1694 2594 2583 4640 4641 4642 
1090 764 1984 1971 4643 4644 4270 
1091 2215 2265 2184 4645 4646 4435 
1092 2054 2521 783 4464 4647 4648 
1093 952 1999 954 4649 4650 4651 
1094 974 1999 952 4602 4649 4652 
1095 2028 2476 866 4653 4654 4655 
1096 1982 1991 1437 4656 4657 4576 
1097 2538 2549 1957 4547 4658 4659 
1098 1431 2215 1669 4660 4434 4661 
1099 954 1999 1983 4650 4662 4663 
1100 1654 2102 2101 4664 4665 4666 
1101 1823 2459 2151 4667 4623 3036 
1102 2128 2379 1494 4668 4536 4669 
1103 1965 2215 1431 4500 4660 4670 
1104 603 2096 2095 4671 4672 4673 
1105 723 1984 686 4674 4675 4676 
1106 712 2265 2215 4677 4645 4499 
1107 2101 2415 1654 4593 4678 4666 
1108 1546 2523 1957 4679 4483 4680 
1109 1040 2084 2058 4681 4682 4683 
1110 891 2511 2038 4684 4685 4686 
1111 2072 2499 2071 4687 4688 4689 
1112 2060 2061 1253 4690 4691 4692 
1113 977 2523 2515 4484 4693 4694 
1114 984 1991 1447 4695 4696 4697 
1115 2028 2500 1656 4698 4699 4700 
1116 683 2488 2071 4701 4702 4703 
1117 2038 2511 2018 4685 4704 4705 
1118 728 2039 723 4706 4707 4708 
1119 683 2502 2488 4709 4710 4701 
1120 2509 2519 731 4711 4467 4712 
1121 2009 2484 2008 4713 4714 4715 
1122 212 2094 211 4716 4717 259 
1123 2058 2084 1967 4682 4617 4718 
1124 723 2039 1984 4707 4719 4674 
1125 988 2473 2442 4720 4721 4722 
1126 2043 2560 2554 4723 4589 4611 
1127 1978 2578 1977 4724 4725 4726 
1128 1717 2565 1989 4727 4728 4729 
1129 2298 2555 1784 4448 4730 4731 
1130 1992 2002 1000 4438 4732 4398 
1131 603 2095 2094 4673 4733 4734 
1132 2061 2062 1253 4735 4736 4691 
1133 1540 2476 2028 4737 4653 4738 
1134 983 2496 812 4739 4740 4741 
1135 2072 2509 2499 4742 4743 4687 
1136 1973 2497 1974 4744 4340 4745 
1137 2057 2573 754 4508 4746 4454 
1138 2197 2379 1001 4537 4747 4748 
1139 2044 2546 731 4574 4749 4469 
1140 1971 2330 1929 4511 4405 4271 
1141 2102 2402 938 4750 4751 4752 
1142 977 2538 1957 4753 4659 4485 
1143 2128 2185 2124 4754 4755 4756 
1144 686 1984 764 4675 4643 4757 
1145 2129 2843 1357 3249 4758 4759 
1146 1983 2210 954 4760 4761 4663 
1147 1438 2450 1993 4762 4763 4378 
1148 735 2013 803 4638 4150 4764 
1149 379 2343 615 4765 4766 4767 
1150 2216 2876 587 4768 4769 3789 
1151 2008 2484 787 4714 4770 4771 
1152 830 2442 1059 4772 4532 4773 
1153 984 2158 1991 4774 4775 4695 
1154 1494 2185 2128 4776 4754 4669 
1155 214 2223 213 4777 4778 261 
1156 987 2013 739 4299 4637 4779 
1157 1989 2565 1559 4728 4780 4781 
1158 2598 2601 1014 4782 4581 4783 
1159 2045 2100 2073 4784 4785 4786 
1160 2055 2056 1980 4787 4788 4607 
1161 2218 2346 1164 4789 4790 4791 
1162 2217 2218 1164 4792 4791 4793 
1163 880 2001 882 4794 4795 4796 
1164 874 2021 1187 4797 4798 4799 
1165 1447 1991 1982 4696 4656 4800 
1166 603 2094 212 4734 4716 4801 
1167 615 2343 2108 4766 4802 4803 
1168 1654 2402 2102 4804 4750 4664 
1169 211 2094 2092 4717 4805 4806 
1170 803 2039 728 4807 4706 4808 
1171 1216 2011 1067 4809 4810 4811 
1172 1882 2715 633 4812 4813 4313 
1173 1138 2257 2037 4814 4815 4816 
1174 1445 2553 2002 4817 4514 4296 
1175 1989 2571 1990 4818 4819 4820 
1176 988 2290 2006 4821 4822 4823 
1177 2442 2473 1966 4721 4824 4533 
1178 644 2224 2223 4825 4826 4827 
1179 949 2019 947 4828 4829 4830 
1180 2515 2523 1656 4693 4831 4832 
1181 1164 2325 2217 4833 4834 4793 
1182 2488 2502 2127 4710 4835 4836 
1183 688 2586 843 4264 4837 4838 
1184 1627 2691 2292 4839 4840 3517 
1185 986 2007 1039 4841 4512 4842 
1186 850 2003 1045 4843 4844 4845 
1187 2585 2587 940 4846 4556 4847 
1188 2072 2519 2509 4848 4711 4742 
1189 2709 2789 1749 4849 4850 4851 
1190 2217 2325 2019 4834 4852 4853 
1191 989 2258 1997 4854 4855 4856 
1192 2500 2515 1656 4857 4832 4699 
1193 2073 2295 2045 4858 4859 4786 
1194 1253 2350 2060 4860 4861 4692 
1195 1465 2031 1468 4862 4863 4864 
1196 1073 2001 880 4374 4794 4865 
1197 2014 2016 1008 4866 4867 4868 
1198 1040 2510 836 4869 4870 4871 
1199 2075 2125 2074 4872 4873 4874 
1200 2074 2125 1320 4873 4875 4876 
1201 1978 2585 2578 4877 4878 4724 
1202 2135 2277 1963 4879 4175 4880 
1203 826 2421 2181 4881 4882 4883 
1204 211 2092 210 4806 4884 258 
1205 2009 2222 2220 4885 4886 4887 
1206 1429 1961 1960 4888 4256 4460 
1207 1148 2062 1150 4889 4890 4891 
1208 2034 2525 2038 4892 4893 4894 
1209 843 2582 2183 4895 4896 4897 
1210 1549 2032 2031 4898 4899 4900 
1211 1997 2209 989 4901 4902 4856 
1212 882 2001 1000 4795 4396 4903 
1213 1109 2012 1016 4904 4905 4906 
1214 2031 2032 1468 4899 4907 4863 
1215 2071 2499 683 4688 4908 4703 
1216 999 2454 1996 4909 4910 4911 
1217 2060 2350 2052 4861 4912 4913 
1218 955 2210 959 4914 4915 4916 
1219 2016 2019 1008 4917 4918 4867 
1220 1614 2459 2232 4624 4919 4920 
1221 2456 2474 1976 4327 4921 4442 
1222 2084 2208 1487 4922 4923 4924 
1223 1008 2019 949 4918 4828 4925 
1224 1121 2450 1438 4926 4762 4927 
1225 1073 1994 1981 4408 4928 4382 
1226 1253 2062 1148 4736 4889 4929 
1227 1254 2056 1107 4930 4931 4932 
1228 773 2158 984 4933 4774 4934 
1229 1323 2295 2073 4935 4858 4936 
1230 1449 2000 1451 4937 4450 4938 
1231 733 2036 743 4939 4940 4941 
1232 2210 2258 989 4942 4854 4943 
1233 1973 1974 1925 4745 4162 4498 
1234 1547 2041 2040 4944 4945 4946 
1235 888 2064 890 4947 4948 4949 
1236 1655 2061 2060 4950 4690 4951 
1237 2326 2427 1668 4952 4953 4954 
1238 743 2036 1063 4940 4955 4956 
1239 753 2051 987 4957 4543 4958 
1240 2009 2256 2222 4959 4960 4885 
1241 563 2089 2088 4961 4962 4963 
1242 1748 2027 1237 4964 4965 4966 
1243 2061 2064 2063 4967 4630 4968 
1244 923 2064 888 4631 4947 4969 
1245 1922 2030 985 4252 4970 4971 
1246 213 2223 603 4778 4972 4973 
1247 2049 2161 2048 4974 4975 4976 
1248 777 2277 2135 4977 4879 4978 
1249 644 2223 214 4827 4777 4979 
1250 1779 2434 2232 4980 4981 4982 
1251 998 2389 2179 4983 4984 4985 
1252 2448 2454 999 4986 4909 4987 
1253 1655 2060 2059 4951 4988 4989 
1254 1016 2012 1017 4905 4990 4991 
1255 2024 2026 2025 4466 4992 4520 
1256 2169 2244 2243 4993 4994 4995 
1257 2125 2128 2124 4996 4756 4997 
1258 993 2007 986 4998 4841 4999 
1259 985 2030 796 4970 5000 5001 
1260 2018 2047 2033 5002 5003 5004 
1261 819 2290 988 5005 4821 5006 
1262 2255 2362 1188 5007 5008 5009 
1263 2033 2038 2018 5010 4705 5004 
1264 1246 2497 1973 5011 4744 4515 
1265 1362 1363 1361 5012 5013 4610 
1266 2037 2351 1138 5014 5015 4816 
1267 2311 2507 2476 5016 5017 5018 
1268 2048 2161 1486 4975 5019 5020 
1269 2029 2212 1701 5021 5022 5023 
1270 563 2088 209 4963 5024 5025 
1271 1320 2302 2074 5026 5027 4876 
1272 563 2090 2089 5028 5029 4961 
1273 1008 2305 2014 5030 5031 4868 
1274 2045 2519 2100 4599 5032 4784 
1275 2035 2460 1659 4579 5033 5034 
1276 1441 2055 1584 5035 4606 5036 
1277 872 2021 874 5037 4797 5038 
1278 1213 2010 1615 5039 5040 5041 
1279 2075 2126 2125 5042 5043 4872 
1280 1984 1985 1971 5044 4168 4644 
1281 1467 2031 1465 5045 4862 5046 
1282 1517 2362 2255 5047 5007 5048 
1283 934 2102 938 5049 4752 5050 
1284 1982 2000 1449 4544 4937 5051 
1285 2294 2404 2133 5052 5053 5054 
1286 2046 2306 1131 5055 5056 5057 
1287 1983 2258 2210 5058 4942 4760 
1288 1060 2309 2076 5059 5060 5061 
1289 2086 2742 2593 5062 5063 5064 
1290 2209 2300 1060 5065 5066 5067 
1291 1620 2084 1487 4618 4924 5068 
1292 1894 1895 1893 5069 5070 4635 
1293 1803 1807 1805 3099 4004 4534 
1294 1138 2351 1133 5015 5071 5072 
1295 1468 2047 1463 5073 5074 5075 
1296 1997 2300 2209 5076 5065 4901 
1297 1980 2056 1254 4788 4930 5077 
1298 1067 2011 1069 4810 5078 5079 
1299 383 2110 2109 5080 4040 5081 
1300 1542 2028 1656 5082 4700 5083 
1301 2540 2559 912 5084 4560 5085 
1302 2054 2551 1647 5086 4431 5087 
1303 1101 2055 1441 5088 5035 5089 
1304 2126 2518 2379 4481 5090 5091 
1305 928 2050 963 5092 4540 5093 
1306 1615 1721 1296 5094 5095 5096 
1307 1364 1652 1360 5097 5098 4629 
1308 2020 2021 872 3133 5037 5099 
1309 1867 2851 638 5100 5101 3290 
1310 1557 2670 1819 3467 3941 5102 
1311 2143 2144 567 2990 5103 5104 
1312 1688 2065 1475 5105 5106 5107 
1313 2049 2162 2161 5108 5109 4974 
1314 1714 2655 2138 5110 5111 3799 
1315 1547 2040 1336 4946 5112 5113 
1316 1454 2046 1129 5114 5115 5116 
1317 2423 2450 1131 5117 5118 5119 
1318 1107 2056 1104 4931 5120 5121 
1319 2222 2256 1172 4960 5122 5123 
1320 2410 2421 826 5124 4881 5125 
1321 1484 2274 1486 5126 5127 5128 
1322 1237 2027 1195 4965 5129 5130 
1323 1486 2274 2048 5127 5131 5020 
1324 2314 2363 2236 5132 5133 5134 
1325 838 2003 850 5135 4843 5136 
1326 1135 2427 2326 5137 4952 5138 
1327 370 2143 567 5139 5104 5140 
1328 1069 2011 2010 5078 5141 5142 
1329 1655 2059 893 4989 5143 5144 
1330 380 2343 379 5145 4765 427 
1331 1630 1638 1254 5146 5147 5148 
1332 914 2574 2547 5149 5150 5151 
1333 1797 1874 1812 3984 5152 4523 
1334 2181 2454 2448 5153 4986 5154 
1335 954 2210 955 4761 4914 5155 
1336 1059 2004 2003 4363 5156 5157 
1337 382 2109 613 5158 5159 5160 
1338 1800 1821 1801 5161 5162 4539 
1339 1222 1630 1254 5163 5148 5164 
1340 2083 2193 990 5165 5166 5167 
1341 2412 2422 2154 5168 5169 5170 
1342 1805 1806 1804 5171 5172 4535 
1343 2344 2496 983 5173 4739 5174 
1344 1783 2599 2568 3506 4419 5175 
1345 2232 2434 1041 4981 5176 5177 
1346 210 2092 563 4884 5178 5179 
1347 1213 1296 1214 5180 5181 5182 
1348 1222 1254 1107 5164 4932 5183 
1349 1993 2450 2423 4763 5117 5184 
1350 1263 2053 1647 5185 5186 5187 
1351 870 2020 872 5188 5099 5189 
1352 2058 2510 1040 5190 4869 4683 
1353 1755 2533 1637 5191 5192 5193 
1354 613 2104 2103 5194 5195 5196 
1355 580 2727 1870 3520 4112 3893 
1356 830 1059 838 4773 5197 5198 
1357 1659 2433 2036 5199 5200 5201 
1358 1213 1615 1296 5041 5096 5180 
1359 2181 2448 826 5154 5202 4883 
1360 2034 2540 2525 5203 5204 4892 
1361 1991 2158 2123 4775 5205 5206 
1362 2123 2158 745 5205 5207 5208 
1363 1266 2404 2294 5209 5052 5210 
1364 766 2051 753 5211 4957 5212 
1365 1674 2054 2053 4465 5213 5214 
1366 1463 2047 1462 5074 5215 5216 
1367 850 1045 870 4845 5217 5218 
1368 2104 2106 2105 5219 5220 5221 
1369 581 1854 1758 3270 5222 5223 
1370 2008 2521 1674 5224 4463 5225 
1371 1046 1227 1109 5226 5227 5228 
1372 2231 2232 1041 5229 5177 5230 
1373 1307 2302 1320 5231 5026 5232 
1374 1129 2046 1126 5115 5233 5234 
1375 819 988 828 5006 5235 5236 
1376 2181 2421 2180 4882 5237 5238 
1377 2174 2176 2172 5239 5240 5241 
1378 1069 2010 1080 5142 5242 5243 
1379 699 2035 701 5244 5245 5246 
1380 1038 1216 1067 5247 4811 5248 
1381 2071 2488 2070 4702 5249 5250 
1382 1227 1339 1109 5251 5252 5227 
1383 1323 2073 2066 4936 5253 5254 
1384 1060 2076 979 5061 5255 5256 
1385 1449 1451 1450 4938 5257 5258 
1386 2127 2502 1502 4835 5259 4588 
1387 1546 1957 1612 4680 5260 5261 
1388 900 2052 915 5262 5263 5264 
1389 959 2210 989 4915 4943 5265 
1390 1046 1109 1016 5228 4906 5266 
1391 1447 1449 1448 5267 5268 5269 
1392 1300 2185 1298 5270 5271 5272 
1393 2053 2054 1647 5213 5087 5186 
1394 1441 1583 1442 5273 5274 5275 
1395 1451 1718 1452 4334 5276 5277 
1396 964 1046 1016 5278 5266 5279 
1397 1080 2010 1213 5242 5039 5280 
1398 1059 2003 838 5157 5135 5197 
1399 1042 2231 1041 5281 5230 5282 
1400 1451 1452 1450 5277 5283 5257 
1401 1031 1443 1033 5284 5285 5286 
1402 1449 1450 1448 5258 5287 5268 
1403 2179 2421 2410 5288 5124 5289 
1404 1101 1441 1440 5089 5290 5291 
1405 209 2088 208 5024 5292 256 
1406 2243 2293 2169 5293 5294 4995 
1407 376 2137 597 5295 4057 5296 
1408 1420 2364 2146 5297 5298 5299 
1409 890 2064 1655 4948 5300 5301 
1410 874 1187 876 4799 4346 5302 
1411 2300 2309 1060 5303 5059 5066 
1412 1996 2467 999 5304 5305 4911 
1413 1045 2020 870 5306 5188 5217 
1414 1579 2191 2131 5307 5308 5309 
1415 1693 1969 1691 5310 4459 5311 
1416 1012 2150 1026 5312 4595 5313 
1417 1689 1972 1688 5314 4478 5315 
1418 1004 2134 1072 5316 5317 5318 
1419 1336 2040 1328 5112 5319 5320 
1420 1996 2454 1521 4910 5321 5322 
1421 721 2036 733 5323 4939 5324 
1422 2032 2033 1468 5325 5326 4907 
1423 1648 1790 1351 3636 4473 5327 
1424 1043 2150 1012 5328 5312 5329 
1425 1323 2066 1317 5254 5330 5331 
1426 1480 1977 1549 5332 4527 5333 
1427 773 984 814 4934 5334 5335 
1428 1180 2141 1675 5336 5337 5338 
1429 1013 2422 2412 5339 5168 5340 
1430 730 2189 719 5341 5342 5343 
1431 1542 1656 1544 5083 5344 5345 
1432 1080 1213 1212 5280 5346 5347 
1433 733 743 741 4941 5348 5349 
1434 588 1757 63 3959 3723 5350 
1435 603 2223 2096 4972 5351 4671 
1436 893 2059 895 5143 5352 5353 
1437 2033 2047 1468 5003 5073 5326 
1438 635 2086 2085 5354 5355 5356 
1439 2220 2484 2009 5357 4713 4887 
1440 1964 2555 1916 5358 4447 5359 
1441 878 1073 880 4409 4865 5360 
1442 1407 1599 1247 5361 5362 5363 
1443 2119 2121 1868 5364 5365 3937 
1444 2172 2176 201 5240 5366 5367 
1445 1104 2056 1102 5120 5368 5369 
1446 1101 1440 1024 5291 5370 5371 
1447 986 1039 985 4842 5372 5373 
1448 743 745 744 5374 5375 5376 
1449 2131 2191 1842 5308 5377 2970 
1450 1260 2053 1263 5378 5185 5379 
1451 1540 2028 1542 4738 5082 5380 
1452 953 2305 951 5381 5382 5383 
1453 1447 1448 1446 5269 5384 5385 
1454 1435 1590 1433 5386 5387 5388 
1455 699 2214 2035 5389 4580 5244 
1456 2069 2100 2072 5390 5391 5392 
1457 1017 2012 1031 4990 5393 5394 
1458 712 2214 696 4494 5395 5396 
1459 984 1447 1446 4697 5385 5397 
1460 1208 1209 1149 4322 4551 5398 
1461 1298 2185 1494 5271 4776 5399 
1462 743 744 741 5376 5400 5348 
1463 1441 1442 1440 5275 4505 5290 
1464 2104 2105 2103 5221 5401 5195 
1465 1435 1731 1590 4424 5402 5386 
1466 1025 1101 1024 5403 5371 5404 
1467 2179 2410 998 5289 5405 4985 
1468 1102 2056 2055 5368 4787 5406 
1469 1376 2363 2314 5407 5132 5408 
1470 1480 1549 1472 5333 5409 5410 
1471 1671 2563 2558 5411 5412 5413 
1472 2019 2325 947 4852 5414 4829 
1473 1040 2208 2084 5415 4922 4681 
1474 2032 2034 2033 5416 5417 5325 
1475 1614 2232 2231 4920 5229 5418 
1476 1150 1208 1149 5419 5398 5420 
1477 1479 1688 1475 5421 5107 5422 
1478 1473 1480 1472 5423 5410 5424 
1479 927 2050 928 5425 5092 5426 
1480 1245 2139 1242 5427 5428 5429 
1481 1462 2047 2015 5215 5430 5431 
1482 1202 2116 2115 5432 5433 5434 
1483 840 2134 1004 5435 5316 5436 
1484 2371 2389 998 5437 4983 5438 
1485 1496 2340 2251 5439 5440 5441 
1486 915 919 916 5442 5443 5444 
1487 635 2085 207 5356 5445 5446 
1488 2052 2350 915 4912 5447 5263 
1489 919 927 920 5448 5449 5450 
1490 1210 1294 1208 5451 4425 5452 
1491 2106 2107 2105 5453 5454 5220 
1492 1202 2121 2116 5455 5456 5432 
1493 2583 2594 1551 4641 5457 5458 
1494 866 2500 2028 5459 4698 4655 
1495 717 1659 721 5460 5461 5462 
1496 1120 1121 1119 5463 5464 5465 
1497 790 818 788 5466 4325 5467 
1498 796 2030 790 5000 5468 5469 
1499 658 2129 655 5470 5471 5472 
1500 744 2158 773 5473 4933 5474 
1501 613 2103 381 5196 5475 5476 
1502 1295 1351 1294 5477 4185 5478 
1503 617 2110 384 3136 5479 5480 
1504 2276 2277 777 4304 4977 5481 
1505 1062 2050 927 4563 5425 5482 
1506 984 1446 814 5397 5483 5334 
1507 2146 2364 1839 5298 5484 3379 
1508 1148 1149 1062 5485 4381 5486 
1509 1290 2082 1625 5487 5488 5489 
1510 2075 2127 2126 5490 4482 5042 
1511 567 2130 369 5491 5492 5493 
1512 1120 2213 1123 5494 5495 5496 
1513 1108 1222 1107 5497 5183 5498 
1514 1455 1662 1456 5499 5500 5501 
1515 2115 2117 2082 5502 5503 5504 
1516 951 2305 1008 5382 5030 5505 
1517 1701 2212 1274 5022 5506 5507 
1518 1118 1119 1064 5508 5509 5510 
1519 581 1758 65 5223 3745 5511 
1520 1991 2123 1437 5206 5512 4657 
1521 1296 1551 1214 5513 5514 5181 
1522 2140 2274 1484 5515 5126 5516 
1523 1118 1120 1119 5517 5465 5508 
1524 1251 1252 1227 5518 5519 5520 
1525 900 915 902 5264 5521 5522 
1526 1202 2115 1203 5434 5523 5524 
1527 713 1761 1760 3498 5525 5526 
1528 833 985 796 5527 5001 5528 
1529 2067 2100 2069 5529 5390 5530 
1530 1641 1958 1924 4571 4142 5531 
1531 2016 2217 2019 5532 4853 4917 
1532 1362 1365 1363 5533 5534 5012 
1533 1118 2213 1120 5535 5494 5517 
1534 2006 2290 1446 4822 5536 5537 
1535 2179 2389 1514 4984 5538 5539 
1536 1446 2290 814 5536 5540 5483 
1537 1352 1648 1351 5541 5327 5542 
1538 1132 1455 1454 5543 5544 5545 
1539 1078 2208 852 5546 5547 5548 
1540 2188 2347 2189 5549 5550 5551 
1541 979 2076 1052 5255 5552 5553 
1542 1063 1064 745 5554 5555 5556 
1543 1659 2036 721 5201 5323 5461 
1544 1480 2065 1978 5557 5558 5559 
1545 1064 2123 745 5560 5208 5555 
1546 1045 2795 2020 3471 3570 5306 
1547 1007 1641 1444 5561 5562 5563 
1548 1470 1472 1467 5564 5565 5566 
1549 1366 2191 1579 5567 5307 5568 
1550 928 963 930 5093 5569 5570 
1551 1452 1604 1453 5571 5572 5573 
1552 2164 2170 2165 5574 5575 5576 
1553 1575 1748 1237 5577 4966 5578 
1554 1238 1575 1237 5579 5578 5580 
1555 1146 1220 1144 5581 5582 5583 
1556 2090 2091 2089 5584 5585 5029 
1557 1427 2057 1547 5586 4614 5587 
1558 2061 2063 2062 4968 5588 4735 
1559 1039 1922 985 4104 4971 5372 
1560 790 2030 818 5468 4159 5466 
1561 1242 2139 1240 5428 5589 5590 
1562 1350 2136 1200 3953 5591 5592 
1563 964 1016 965 5279 5593 5594 
1564 1120 1122 1121 5595 5596 5463 
1565 1061 1062 927 5597 5482 5598 
1566 701 2035 717 5245 5599 5600 
1567 1465 1468 1463 4864 5075 5601 
1568 1117 1118 1064 5602 5510 5603 
1569 1119 2123 1064 5604 5560 5509 
1570 898 2052 900 5605 5262 5606 
1571 1007 1444 769 5563 5607 5608 
1572 2251 2340 1265 5440 5609 5610 
1573 1193 1634 1191 5611 5612 5613 
1574 971 2267 1058 5614 5615 5616 
1575 1663 1722 1662 5617 5618 5619 
1576 1624 2077 1701 5620 5621 5622 
1577 1641 1924 1444 5531 4531 5562 
1578 62 588 63 3717 5350 92 
1579 750 2189 730 5623 5341 5624 
1580 698 1768 60 3523 3738 5625 
1581 379 615 378 4767 5626 426 
1582 382 613 381 5160 5476 429 
1583 385 617 384 4045 5480 432 
1584 1213 1214 1212 5182 5627 5346 
1585 61 1825 62 2941 3715 91 
1586 1441 1584 1583 5036 5628 5273 
1587 1124 1131 1122 5629 5630 5631 
1588 938 964 939 5632 5633 5634 
1589 1121 1438 1437 4927 4577 5635 
1590 2188 2389 2371 5636 5437 5637 
1591 569 2173 2172 3770 5638 5639 
1592 1024 2007 993 5640 4998 5641 
1593 995 1024 993 5642 5641 5643 
1594 1662 1709 1456 5644 5645 5500 
1595 1115 2121 1202 5646 5455 5647 
1596 642 2170 2164 5648 5574 5649 
1597 383 2109 382 5081 5158 430 
1598 1520 2180 1256 5650 5651 5652 
1599 1034 2140 858 5653 5654 5655 
1600 1462 2015 2014 5431 5656 5657 
1601 655 2129 561 5471 5658 5659 
1602 1340 2080 1586 5660 5661 5662 
1603 1487 2208 1078 4923 5546 5663 
1604 1031 2012 1443 5393 5664 5284 
1605 64 581 65 5665 5511 94 
1606 1236 1237 1195 5666 5130 5667 
1607 1169 2222 1172 5668 5123 5669 
1608 1264 2152 847 5670 5671 5672 
1609 1461 1462 1460 5673 5674 5675 
1610 1455 1456 1454 5501 5676 5544 
1611 1106 1107 1104 5677 5121 5678 
1612 1102 2055 1101 5406 5088 5679 
1613 623 1831 1764 3371 5680 5681 
1614 1763 1776 629 5682 5683 5684 
1615 1267 1661 1518 5685 5686 5687 
1616 1152 2133 1050 5688 5689 5690 
1617 1481 2264 1076 5691 5692 5693 
1618 2089 2097 2087 5694 5695 5696 
1619 1496 2250 2249 5697 5698 5699 
1620 2015 2017 2016 5700 5701 5702 
1621 1999 2211 1907 4601 5703 5704 
1622 1130 1132 1129 5705 5706 5707 
1623 990 2264 2083 5708 5709 5167 
1624 735 803 728 4764 4808 5710 
1625 388 605 387 5711 4055 435 
1626 1424 2212 2029 5712 5021 5713 
1627 1264 2153 2152 5714 5715 5670 
1628 1303 2185 1300 5716 5270 5717 
1629 1479 1689 1688 5718 5315 5421 
1630 1655 2064 2061 5300 4967 4950 
1631 718 2157 729 5719 5720 5721 
1632 2006 2473 988 5722 4720 4823 
1633 679 725 676 4395 4404 5723 
1634 1943 2465 2431 5724 5725 5726 
1635 686 764 684 4757 4330 5727 
1636 1401 2121 1115 5728 5646 5729 
1637 1576 1660 1427 5730 5731 5732 
1638 1132 1454 1129 5545 5116 5706 
1639 834 2267 971 5733 5614 5734 
1640 915 916 902 5444 5735 5521 
1641 1480 1978 1977 5559 4726 5332 
1642 1432 1433 1252 5736 5737 5738 
1643 1625 2081 2080 5739 3695 5740 
1644 1031 1033 1032 5286 5741 5742 
1645 1496 2251 2250 5441 5743 5697 
1646 1520 2181 2180 5744 5238 5650 
1647 838 850 839 5136 5745 5746 
1648 833 986 985 5747 5373 5527 
1649 2253 2255 1188 5748 5009 5749 
1650 1647 2005 1436 4433 5750 5751 
1651 797 2475 2463 5752 5753 5754 
1652 591 2142 372 5755 5756 5757 
1653 2041 2043 2042 5758 5759 5760 
1654 770 1007 769 5761 5608 5762 
1655 830 838 831 5198 5763 5764 
1656 2040 2041 1332 4945 5765 5766 
1657 377 2137 376 5767 5295 424 
1658 1124 2046 1131 5768 5057 5629 
1659 1337 1427 1336 5769 5770 5771 
1660 2049 2163 2162 5772 5773 5108 
1661 919 920 916 5450 5774 5443 
1662 2015 2047 2018 5430 5002 5775 
1663 1217 2212 1424 5776 5712 5777 
1664 753 987 739 4958 4779 5778 
1665 773 814 774 5335 5779 5780 
1666 1246 1247 1245 5781 5782 5783 
1667 1200 2136 1089 5591 5784 5785 
1668 882 1000 884 4903 5786 5787 
1669 1461 1463 1462 5788 5216 5673 
1670 2059 2060 2052 4988 4913 5789 
1671 2142 2143 371 3122 5790 5791 
1672 2240 2242 602 5792 5793 5794 
1673 187 2293 2243 5795 5293 5796 
1674 1495 1674 1259 5797 5798 5799 
1675 1288 2082 1290 5800 5487 5801 
1676 1290 1625 1340 5489 5802 5803 
1677 376 597 375 5296 5804 423 
1678 1472 2031 1467 5805 5045 5565 
1679 1660 2057 1427 4509 5586 5731 
1680 927 928 920 5426 5806 5449 
1681 1086 2231 1042 5807 5281 5808 
1682 870 872 871 5189 5809 5810 
1683 2073 2100 2067 4785 5529 5811 
1684 781 2276 778 4361 5812 5813 
1685 858 2140 855 5654 5814 5815 
1686 1072 2134 1267 5317 5816 5817 
1687 1193 2027 1634 5818 5819 5611 
1688 1914 2149 1964 5820 4567 5821 
1689 919 1061 927 5822 5598 5448 
1690 1188 2362 1095 5008 5823 5824 
1691 2206 2296 1727 5825 5826 5827 
1692 1447 1982 1449 4800 5051 5267 
1693 850 870 851 5218 5828 5829 
1694 828 830 829 5830 5831 5832 
1695 608 2248 308 5833 5834 5835 
1696 2116 2118 2117 5836 3629 5837 
1697 1427 1547 1336 5587 5113 5770 
1698 2219 2221 2220 5838 5839 5840 
1699 2066 2067 1319 5841 5842 5843 
1700 958 1460 956 5844 5845 5846 
1701 1126 2046 1124 5233 5768 5847 
1702 744 773 746 5474 5848 5849 
1703 1625 2080 1340 5740 5660 5802 
1704 391 590 390 3023 5850 438 
1705 659 661 660 5851 5852 5853 
1706 2067 2069 2068 5530 5854 5855 
1707 373 591 372 5856 5757 420 
1708 1203 2115 1288 5523 5857 5858 
1709 1142 2257 1139 5859 5860 5861 
1710 2116 2121 2119 5456 5364 5862 
1711 2134 2443 1661 5863 5864 5865 
1712 661 663 662 5866 5867 5868 
1713 663 665 664 5869 5870 5871 
1714 1139 2257 1138 5860 4814 5872 
1715 2152 2155 1070 5873 5874 5875 
1716 729 2157 821 5720 5876 5877 
1717 819 828 820 5236 5878 5879 
1718 2069 2071 2070 5880 5250 5881 
1719 1473 2065 1480 5882 5557 5423 
1720 1195 2027 1193 5129 5818 5883 
1721 2034 2038 2033 4894 5010 5417 
1722 1255 2178 2177 5884 5885 5886 
1723 895 2059 898 5352 5887 5888 
1724 642 2164 190 5649 5889 5890 
1725 1462 2014 1460 5657 5891 5674 
1726 1326 1332 1324 5892 5893 5894 
1727 1263 1647 1436 5187 5751 5895 
1728 2173 2174 2172 5896 5241 5638 
1729 1248 1407 1247 5897 5363 5898 
1730 1178 2256 1495 5899 5900 5901 
1731 1843 2077 1624 3597 5620 5902 
1732 2182 2265 692 5903 5904 5905 
1733 2015 2018 2017 5775 5906 5700 
1734 1419 1705 1407 5907 5908 5909 
1735 672 678 670 4348 5910 5911 
1736 1579 2131 1820 5309 3176 5912 
1737 1494 2197 726 4538 5913 5914 
1738 2116 2117 2115 5837 5502 5433 
1739 1330 1336 1328 5915 5320 5916 
1740 1624 1701 1274 5622 5507 5917 
1741 2015 2016 2014 5702 4866 5656 
1742 768 769 766 5918 5919 5920 
1743 1035 2196 1488 5921 5922 5923 
1744 464 2148 638 5924 3542 5925 
1745 743 1063 745 4956 5556 5374 
1746 2306 2423 1131 5926 5119 5056 
1747 635 2087 2086 5927 5928 5354 
1748 2184 2265 2182 4646 5903 5929 
1749 733 741 740 5349 5930 5931 
1750 1033 1038 1037 5932 5933 5934 
1751 778 2276 777 5812 5481 5935 
1752 1322 1323 1317 5936 5331 5937 
1753 1128 1129 1126 5938 5234 5939 
1754 2159 2160 1619 5940 5941 5942 
1755 1320 2125 2124 4875 4997 5943 
1756 2314 2461 1376 5944 5945 5408 
1757 713 1760 58 5526 3746 5946 
1758 298 2240 602 5947 5794 5948 
1759 206 2085 593 5949 5950 5951 
1760 1470 1473 1472 5952 5424 5564 
1761 1495 2008 1674 5953 5225 5797 
1762 793 2207 835 5954 5955 5956 
1763 629 1759 43 5957 3747 5958 
1764 1137 1138 1133 5959 5072 5960 
1765 1307 1320 1305 5232 5961 5962 
1766 1313 1319 1310 5963 5964 5965 
1767 1434 1435 1433 5966 5388 5967 
1768 1495 2256 2009 5900 4959 5968 
1769 1264 2154 2153 5969 5970 5714 
1770 371 2143 370 5790 5139 418 
1771 1424 1735 1613 5971 5972 5973 
1772 1148 1150 1149 4891 5420 5485 
1773 1455 1663 1662 5974 5619 5499 
1774 990 2193 2192 5166 5975 5976 
1775 934 938 936 5050 5977 5978 
1776 2165 2167 2166 5979 5980 5981 
1777 569 2172 202 5639 5982 5983 
1778 1638 1980 1254 5984 5077 5147 
1779 717 2035 1659 5599 5034 5460 
1780 849 2152 1070 5985 5875 5986 
1781 1178 1495 1259 5901 5799 5987 
1782 2252 2253 1188 5988 5749 5989 
1783 1255 2177 1160 5886 5990 5991 
1784 1217 1424 1221 5777 5992 5993 
1785 2041 2042 1332 5760 5994 5765 
1786 1581 2190 1489 5995 5996 5997 
1787 1063 1117 1064 5998 5603 5554 
1788 777 2135 772 4978 5999 6000 
1789 786 788 785 6001 4259 6002 
1790 1704 1843 1624 3610 5902 6003 
1791 1317 2066 1313 5330 6004 6005 
1792 1017 1031 1030 5394 6006 6007 
1793 1263 1436 1271 5895 6008 6009 
1794 2091 2097 2089 3587 5694 5585 
1795 1038 1067 1066 5248 6010 6011 
1796 2017 2218 2217 6012 4792 6013 
1797 860 2196 1035 6014 5921 6015 
1798 769 2051 766 6016 5211 5919 
1799 989 2209 962 4902 6017 6018 
1800 1217 1221 1086 5993 6019 6020 
1801 2243 2244 607 4994 3000 6021 
1802 1424 1613 1221 5973 6022 5992 
1803 200 2176 592 6023 6024 6025 
1804 42 1763 629 3749 5684 6026 
1805 1362 1370 1365 6027 6028 5533 
1806 1244 1245 1242 6029 5429 6030 
1807 878 880 879 5360 6031 6032 
1808 1046 1251 1227 6033 5520 5226 
1809 2188 2371 2347 5637 6034 5549 
1810 592 2186 199 6035 6036 6037 
1811 1178 1259 1179 5987 6038 6039 
1812 2014 2305 1460 5031 6040 5891 
1813 623 1764 45 5681 3750 6041 
1814 657 659 658 6042 6043 6044 
1815 634 2122 367 3377 6045 6046 
1816 1150 1210 1208 6047 5452 5419 
1817 381 2103 380 5475 6048 428 
1818 394 568 393 6049 6050 441 
1819 1735 1930 1613 3259 6051 5972 
1820 963 2101 930 4594 6052 5569 
1821 2164 2165 573 5576 6053 6054 
1822 1275 1624 1274 6055 5917 6056 
1823 370 567 369 5140 5493 417 
1824 384 2110 383 5479 5080 431 
1825 1113 1401 1115 6057 5729 6058 
1826 1256 2180 1255 5651 6059 6060 
1827 2069 2072 2071 5392 4689 5880 
1828 958 1461 1460 6061 5675 5844 
1829 1404 2133 1152 6062 5688 6063 
1830 1236 1238 1237 6064 5580 5666 
1831 2042 2295 1332 6065 6066 5994 
1832 1123 1124 1122 6067 5631 6068 
1833 661 662 660 5868 6069 5852 
1834 1255 2180 2178 6059 6070 5884 
1835 2043 2044 2042 4575 6071 5759 
1836 847 2152 849 5671 5985 6072 
1837 208 2088 635 5292 6073 6074 
1838 789 790 788 6075 5467 6076 
1839 2066 2073 2067 5253 5811 5841 
1840 659 660 658 5853 6077 6043 
1841 990 2192 827 5976 6078 6079 
1842 1267 2134 1661 5816 5865 5685 
1843 40 1766 614 3751 3579 6080 
1844 663 664 662 5871 6081 5867 
1845 721 733 732 5324 6082 6083 
1846 1485 2159 1619 6084 5942 6085 
1847 1457 1458 1401 6086 6087 6088 
1848 1025 1102 1101 6089 5679 5403 
1849 872 874 873 5038 6090 6091 
1850 1305 2124 1303 6092 6093 6094 
1851 2083 2264 1481 5709 5691 6095 
1852 665 666 664 4390 6096 5870 
1853 1546 1612 1611 5261 6097 6098 
1854 1288 2115 2082 5857 5504 5800 
1855 745 2158 744 5207 5473 5375 
1856 38 1765 583 3748 6099 6100 
1857 1210 1295 1294 6101 5478 5451 
1858 648 2195 2194 6102 6103 6104 
1859 1322 1324 1323 6105 6106 5936 
1860 1522 1534 1404 6107 6108 6109 
1861 1496 2249 1011 5699 6110 6111 
1862 1872 2900 2662 4311 6112 6113 
1863 2067 2068 1319 5855 6114 5842 
1864 368 2130 634 6115 6116 6117 
1865 717 721 720 5462 6118 6119 
1866 962 2209 967 6017 6120 6121 
1867 801 2207 793 6122 5954 6123 
1868 956 2305 953 6124 5381 6125 
1869 758 2187 750 6126 6127 6128 
1870 2199 2207 801 6129 6122 6130 
1871 1337 1576 1427 6131 5732 5769 
1872 1313 2066 1319 6004 5843 5963 
1873 1011 2249 1015 6110 6132 6133 
1874 968 2268 1022 6134 6135 6136 
1875 1370 1371 1365 6137 6138 6028 
1876 1145 1146 1144 6139 5583 6140 
1877 2153 2156 2155 6141 6142 6143 
1878 1260 1263 1262 5379 6144 6145 
1879 203 569 202 6146 5983 250 
1880 206 593 205 5951 6147 253 
1881 2045 2295 2042 4859 6065 6148 
1882 208 635 207 6074 5446 255 
1883 1061 1148 1062 6149 5486 5597 
1884 2124 2185 1303 4755 5716 6093 
1885 210 563 209 5179 5025 257 
1886 1052 1113 1112 6150 6151 6152 
1887 1143 1144 1142 6153 6154 6155 
1888 2157 2378 2154 6156 6157 6158 
1889 1326 2040 1332 6159 5766 5892 
1890 1431 1668 1163 6160 6161 6162 
1891 1454 2306 2046 6163 5055 5114 
1892 2069 2070 2068 5881 6164 5854 
1893 1629 1841 1371 6165 6166 6167 
1894 1113 1457 1401 6168 6088 6057 
1895 795 796 790 6169 5469 6170 
1896 1274 2212 1218 5506 6171 6172 
1897 1909 2228 1906 3634 6173 6174 
1898 852 2208 841 5547 6175 6176 
1899 2245 2246 622 6177 6178 6179 
1900 1259 2053 1260 6180 5378 6181 
1901 1076 2264 981 5692 6182 6183 
1902 657 658 655 6044 5472 6184 
1903 874 876 875 5302 6185 6186 
1904 200 592 199 6025 6037 247 
1905 1727 2296 1498 5826 6187 6188 
1906 1568 2198 1811 6189 6190 6191 
1907 1328 2040 1326 5319 6159 6192 
1908 898 2059 2052 5887 5789 5605 
1909 828 2442 830 6193 4772 5830 
1910 1330 1337 1336 6194 5771 5915 
1911 1437 2123 1119 5512 5604 6195 
1912 193 556 192 6196 6197 240 
1913 876 878 877 4224 6198 6199 
1914 1905 1907 1906 6200 6201 6202 
1915 854 1484 1078 6203 6204 6205 
1916 2187 2189 750 6206 5623 6127 
1917 1906 2228 1904 6173 6207 6208 
1918 1868 2121 1401 5365 5728 6209 
1919 195 636 194 6210 6211 242 
1920 1579 1820 1580 5912 6212 6213 
1921 2116 2119 2118 5862 6214 5836 
1922 1267 1518 1268 5687 6215 6216 
1923 1534 2133 1404 6217 6062 6108 
1924 648 2194 472 6104 6218 6219 
1925 176 2238 611 6220 6221 6222 
1926 1907 1908 1906 6223 6224 6201 
1927 186 2243 607 6225 6021 6226 
1928 654 655 561 6227 5659 6228 
1929 197 562 196 6229 6230 244 
1930 1130 1133 1132 6231 6232 5705 
1931 2133 2404 1050 5053 6233 5689 
1932 776 777 772 6234 6000 6235 
1933 2266 2387 704 3014 6236 6237 
1934 1663 1723 1722 6238 6239 5617 
1935 55 703 56 3727 3722 85 
1936 56 1866 57 3721 3728 86 
1937 1320 2124 1305 5943 6092 5961 
1938 1987 1988 1913 4502 6240 6241 
1939 2068 2302 1319 6242 6243 6114 
1940 843 2183 2182 4897 6244 6245 
1941 561 2129 1357 5658 4759 6246 
1942 670 2098 668 6247 4388 6248 
1943 1273 1274 1218 6249 6172 6250 
1944 1175 1178 1177 6251 6252 6253 
1945 1034 2274 2140 6254 5515 5653 
1946 656 657 655 6255 6184 6256 
1947 59 698 60 2947 5625 89 
1948 1340 1586 1341 5662 6257 6258 
1949 815 819 817 6259 6260 6261 
1950 780 781 778 6262 5813 6263 
1951 1007 2135 1963 6264 4880 6265 
1952 995 1025 1024 6266 5404 5642 
1953 1128 1130 1129 6267 5707 5938 
1954 2226 2227 1562 6268 6269 6270 
1955 1484 1485 1078 6271 6272 6204 
1956 1486 2159 1485 6273 6084 6274 
1957 854 1078 852 6205 5548 6275 
1958 849 1070 868 5986 6276 6277 
1959 1087 1217 1086 6278 6020 6279 
1960 1290 1340 1291 5803 6280 6281 
1961 1911 1913 1912 6282 6283 6284 
1962 44 623 45 2949 6041 74 
1963 2219 2220 1168 5840 6285 6286 
1964 784 785 782 6287 4230 6288 
1965 1484 1486 1485 5128 6274 6271 
1966 1777 2216 1501 6289 6290 6291 
1967 841 1040 836 6292 4871 6293 
1968 1544 1546 1545 6294 6295 6296 
1969 42 629 43 6026 5958 72 
1970 2167 2168 2166 6297 6298 5980 
1971 1121 1437 1119 5635 6195 5464 
1972 1067 1069 1068 5079 6299 6300 
1973 1147 1191 1146 6301 6302 6303 
1974 1311 2364 1420 6304 5297 6305 
1975 306 2245 622 6306 6179 6307 
1976 1489 2190 1199 5996 6308 6309 
1977 1486 2161 2159 5019 6310 6273 
1978 1908 1911 1910 6311 6312 6313 
1979 860 1035 1034 6015 6314 6315 
1980 2165 2166 573 5981 6316 6053 
1981 706 2266 704 6317 6237 6318 
1982 1160 2177 1157 5990 6319 6320 
1983 1349 1350 1200 6321 5592 6322 
1984 967 2209 1060 6120 5067 6323 
1985 1674 2053 1259 5214 6180 5798 
1986 1668 2213 1163 6324 6325 6161 
1987 2200 2201 1581 6326 6327 6328 
1988 579 1767 49 3577 3752 6329 
1989 553 2148 465 6330 6331 6332 
1990 1679 2381 1734 6333 6334 6335 
1991 806 2199 801 6336 6130 6337 
1992 471 554 470 6338 6339 518 
1993 1295 1352 1351 6340 5542 5477 
1994 1370 1629 1371 6341 6167 6137 
1995 469 637 468 6342 6343 516 
1996 1117 1163 1118 6344 6345 5602 
1997 54 1873 55 3733 3725 84 
1998 466 553 465 6346 6332 513 
1999 2074 2302 2068 5027 6242 6347 
2000 308 2248 307 5834 6348 355 
2001 1007 1963 1641 6265 4131 5561 
2002 1709 1711 1710 6349 6350 6351 
2003 1563 2226 1562 6352 6270 6353 
2004 1911 1912 1910 6284 6354 6312 
2005 2166 2293 573 6355 6356 6316 
2006 671 672 670 6357 5911 6358 
2007 898 900 899 5606 6359 6360 
2008 669 670 668 6361 6248 6362 
2009 667 668 665 6363 4233 6364 
2010 1491 2200 1581 6365 6328 6366 
2011 1902 2171 1917 6367 3563 6368 
2012 1420 2146 1884 5299 6369 6370 
2013 1475 2065 1473 5106 5882 6371 
2014 2 559 37 3822 2957 66 
2015 2169 2293 2166 5294 6355 6372 
2016 1088 1482 1481 6373 6374 6375 
2017 822 983 812 6376 4741 6377 
2018 1905 1906 1904 6202 6208 6378 
2019 886 923 888 6379 4969 6380 
2020 1141 1142 1139 6381 5861 6382 
2021 1459 1832 1458 6383 3792 6384 
2022 1750 1755 1637 6385 5193 6386 
2023 396 633 395 6387 6388 443 
2024 853 854 852 6389 6275 6390 
2025 1365 2191 1366 6391 5567 6392 
2026 57 713 58 3729 5946 87 
2027 1201 1349 1200 3515 6322 6393 
2028 696 2214 699 5395 5389 6394 
2029 2239 2241 2240 6395 6396 6397 
2030 40 614 41 6080 2952 70 
2031 1983 1999 1907 4662 5704 6398 
2032 53 749 54 3737 3734 83 
2033 1186 2252 1188 6399 5989 6400 
2034 932 2102 934 6401 5049 6402 
2035 869 2199 806 6403 6336 6404 
2036 1172 2256 1175 5122 6405 6406 
2037 1841 1842 1371 3118 6407 6166 
2038 860 1034 858 6315 5655 6408 
2039 367 2122 366 6045 6409 414 
2040 821 1264 847 6410 5672 6411 
2041 865 2327 2196 6412 6413 6414 
2042 1022 2268 1094 6135 6415 6416 
2043 859 860 858 6417 6408 6418 
2044 1485 1619 1487 6085 6419 6420 
2045 1035 1190 1034 6421 6422 6314 
2046 1458 1868 1401 3946 6209 6087 
2047 1911 2211 1987 6423 4554 6424 
2048 1035 1199 1190 6425 6426 6421 
2049 1509 1511 1510 6427 6428 6429 
2050 919 2350 1061 6430 6431 5822 
2051 1383 2236 1379 6432 6433 6434 
2052 1199 2190 1577 6308 6435 6436 
2053 293 2230 643 6437 6438 6439 
2054 1913 2149 1914 6440 5820 6441 
2055 372 2142 371 5756 5791 419 
2056 1457 1459 1458 6442 6384 6086 
2057 1593 2314 2236 6443 5134 6444 
2058 638 2237 463 6445 6446 6447 
2059 1988 2149 1913 4585 6440 6240 
2060 1072 1267 1207 5817 6448 6449 
2061 673 674 672 6450 4217 6451 
2062 1113 1115 1112 6058 6452 6151 
2063 1052 2076 1113 5552 6453 6150 
2064 47 1814 48 3740 3742 77 
2065 675 676 674 6454 4211 6455 
2066 191 642 190 6456 5890 238 
2067 1082 2219 1168 6457 6286 6458 
2068 763 2233 761 6459 6460 6461 
2069 174 2225 640 6462 3447 6463 
2070 1 561 8 6464 6465 22 
2071 52 1864 53 3076 3735 82 
2072 471 2194 554 6466 6467 6338 
2073 895 898 897 5888 6468 6469 
2074 1199 1577 1190 6436 6470 6426 
2075 1251 1432 1252 6471 5738 5518 
2076 1310 2302 1307 6472 5231 6473 
2077 880 882 881 4796 6474 6475 
2078 1570 2198 1568 6476 6189 6477 
2079 46 612 47 2955 3741 76 
2080 1596 1686 1595 6478 6479 6480 
2081 2101 2102 932 4665 6401 6481 
2082 2017 2217 2016 6013 5532 5701 
2083 1288 1290 1289 5801 6482 6483 
2084 369 2130 368 5492 6115 416 
2085 1542 1544 1543 5345 6484 6485 
2086 1088 1481 1076 6375 5693 6486 
2087 366 2122 589 6409 3778 6487 
2088 561 1357 8 6246 3308 6465 
2089 189 2164 573 6488 6054 6489 
2090 1984 2039 1985 4719 6490 5044 
2091 1594 1595 1593 6491 6492 6493 
2092 900 902 901 5522 6494 6495 
2093 863 865 861 6496 6497 6498 
2094 865 2196 861 6414 6499 6497 
2095 757 2266 706 3333 6317 6500 
2096 207 2085 206 5445 5949 254 
2097 841 2208 1040 6175 5415 6292 
2098 1137 1139 1138 6501 5872 5959 
2099 967 1060 979 6323 5256 6502 
2100 1181 1525 1524 6503 6504 6505 
2101 682 684 681 6506 4188 6507 
2102 680 681 679 6508 4198 6509 
2103 1482 1483 1481 6510 6511 6374 
2104 368 634 367 6117 6046 415 
2105 1593 2236 1412 6444 6512 6513 
2106 1455 2351 1663 6514 6515 5974 
2107 1259 1260 1179 6181 6516 6038 
2108 1324 2295 1323 6517 4935 6106 
2109 861 2196 860 6499 6014 6518 
2110 677 679 676 6519 5723 6520 
2111 1077 1088 1076 6521 6486 6522 
2112 938 2402 964 4751 6523 5632 
2113 2153 2155 2152 6143 5873 5715 
2114 2126 2128 2125 6524 4996 5043 
2115 855 2140 854 5814 6525 6526 
2116 1352 1649 1648 6527 6528 5541 
2117 202 2172 201 5982 5367 249 
2118 835 2233 763 6529 6459 6530 
2119 458 2286 457 6531 6532 505 
2120 1180 1675 1185 5338 6533 6534 
2121 1263 1271 1262 6009 6535 6144 
2122 1091 1200 1089 6536 5785 6537 
2123 1566 2226 1563 6538 6352 6539 
2124 1156 1514 1513 6540 6541 6542 
2125 1913 1914 1912 6441 6543 6283 
2126 808 869 806 6544 6404 6545 
2127 1903 1905 1904 6546 6378 6547 
2128 201 2176 200 5366 6023 248 
2129 1275 1704 1624 6548 6003 6055 
2130 2249 2250 1525 5698 6549 6550 
2131 890 1655 893 5301 5144 6551 
2132 1365 1366 1363 6392 6552 5534 
2133 690 2182 692 6553 5905 6554 
2134 1907 2211 1908 5703 6555 6223 
2135 1902 1917 1900 6368 6556 6557 
2136 857 858 855 6558 5815 6559 
2137 1568 1811 1566 6191 6560 6561 
2138 199 2186 198 6036 6562 246 
2139 2223 2224 2096 4826 6563 5351 
2140 1156 1513 1154 6542 6564 6565 
2141 2434 2447 975 6566 6567 6568 
2142 1452 1453 1450 5573 6569 5283 
2143 1613 2151 1614 6570 4625 6571 
2144 1491 1581 1489 6366 5997 6572 
2145 1089 2136 1088 5784 6573 6574 
2146 1366 1579 1368 5568 6575 6576 
2147 2178 2179 1514 6577 5539 6578 
2148 1436 1699 1271 6579 6580 6008 
2149 1549 2031 1472 4900 5805 5409 
2150 563 2092 2090 5178 6581 5028 
2151 1133 2351 1132 5071 6582 6232 
2152 859 861 860 6583 6518 6417 
2153 2183 2184 2182 4357 5929 6244 
2154 1058 2267 2219 5615 6584 6585 
2155 1178 1179 1177 6039 6586 6252 
2156 1500 1727 1498 6587 6188 6588 
2157 1085 1086 1042 6589 5808 6590 
2158 1903 1904 1902 6547 6591 6592 
2159 1914 1964 1916 5821 5359 6593 
2160 1125 1126 1124 6594 5847 6595 
2161 1412 2236 1383 6512 6432 6596 
2162 2498 2511 891 6597 4684 6598 
2163 38 583 39 6100 2959 68 
2164 618 2239 300 6599 6600 6601 
2165 50 585 51 2962 3280 80 
2166 1387 1398 1397 6602 6603 6604 
2167 2250 2479 2466 6605 6606 6607 
2168 930 2101 932 6052 6481 6608 
2169 1592 1593 1412 6609 6513 6610 
2170 1525 1681 1524 6611 6612 6504 
2171 1908 1910 1909 6313 3414 6613 
2172 1420 1884 1643 6370 6614 6615 
2173 1613 1614 1221 6571 6616 6022 
2174 688 843 690 4838 6617 6618 
2175 1488 1489 1199 6619 6309 6620 
2176 1155 1156 1154 6621 6565 6622 
2177 48 579 49 3744 6329 78 
2178 1911 1987 1913 6424 6241 6282 
2179 842 852 841 6623 6176 6624 
2180 755 1153 736 4018 3993 6625 
2181 1530 1687 1522 6626 6627 6628 
2182 1094 1509 1249 6629 6630 6631 
2183 1192 1193 1191 6632 5613 6633 
2184 827 2192 798 6078 6634 6635 
2185 1540 1542 1541 5380 6636 6637 
2186 1424 2029 1735 5713 6638 5971 
2187 853 855 854 6639 6526 6389 
2188 1577 2049 2048 6640 4976 6641 
2189 179 624 178 6642 6643 226 
2190 1811 2226 1566 6644 6538 6560 
2191 1904 2228 2171 6207 2992 6645 
2192 2239 2240 299 6397 6646 6647 
2193 1490 1491 1489 6648 6572 6649 
2194 1493 2202 2200 6650 6651 6652 
2195 2382 2405 1657 6653 6654 6655 
2196 1364 1653 1652 6656 6657 5097 
2197 1513 2188 2187 6658 6659 6660 
2198 303 641 302 6661 3674 350 
2199 1186 1188 1095 6400 5824 6662 
2200 845 990 827 6663 6079 6664 
2201 187 2243 186 5796 6225 234 
2202 2241 2242 2240 6665 5792 6396 
2203 176 611 175 6222 6666 223 
2204 1908 2211 1911 6555 6423 6311 
2205 1492 1493 1491 6667 6668 6669 
2206 2245 2247 2246 6670 2975 6177 
2207 685 686 684 6671 5727 6672 
2208 301 618 300 3676 6601 348 
2209 643 2259 292 6673 6674 6675 
2210 798 799 791 6676 4016 6677 
2211 181 639 180 3354 6678 228 
2212 1304 1305 1303 6679 6094 6680 
2213 1306 1307 1305 6681 5962 6682 
2214 1264 2157 2154 6683 6158 5969 
2215 1069 1080 1079 5243 6684 6685 
2216 643 2260 2259 6686 6687 6673 
2217 1493 2200 1491 6652 6365 6668 
2218 1218 2212 1217 6171 5776 6688 
2219 1500 1732 1727 6689 6690 6587 
2220 2234 2359 905 6691 6692 6693 
2221 611 2225 175 3061 6694 6666 
2222 1163 2213 1118 6325 5535 6345 
2223 759 2313 804 6695 6696 6697 
2224 1094 2268 1509 6415 6698 6629 
2225 177 2238 176 6699 6220 224 
2226 1930 2151 1613 3432 6570 6051 
2227 1205 1255 1160 6700 5991 6701 
2228 1015 2249 1181 6132 6702 6703 
2229 1448 2006 1446 6704 5537 5384 
2230 1088 2136 1482 6573 3803 6373 
2231 804 1154 758 6705 6706 6707 
2232 1075 1076 981 6708 6183 6709 
2233 821 2157 1264 5876 6683 6410 
2234 186 607 185 6226 6710 233 
2235 183 619 182 6711 3210 230 
2236 306 622 305 6307 6712 353 
2237 1980 2595 1584 6713 6714 4608 
2238 1619 1620 1487 6715 5068 6419 
2239 678 2098 670 4242 6247 5910 
2240 1405 1522 1404 6716 6109 6717 
2241 2262 2292 2291 3192 6718 6719 
2242 1778 1780 1777 6720 6721 6722 
2243 464 638 463 5925 6447 511 
2244 1459 1898 1832 6723 3448 6383 
2245 997 2439 2411 6724 6725 6726 
2246 1 654 561 6727 6228 6464 
2247 299 2240 298 6646 5947 346 
2248 1273 1275 1274 6728 6056 6249 
2249 1440 2007 1024 4368 5640 5370 
2250 2271 2272 608 6729 6730 6731 
2251 189 573 188 6489 6732 236 
2252 1311 1420 1315 6305 6733 6734 
2253 290 2291 289 6735 6736 337 
2254 1280 1520 1256 6737 5652 6738 
2255 572 2230 294 4309 6739 6740 
2256 722 723 686 6741 4676 6742 
2257 1309 1310 1307 6743 6473 6744 
2258 1120 1123 1122 5496 6068 5595 
2259 1967 1986 1746 4565 6745 6746 
2260 1312 1313 1310 6747 5965 6748 
2261 1904 2171 1902 6645 6367 6591 
2262 1016 1017 965 4991 6749 5593 
2263 190 2164 189 5889 6488 237 
2264 770 2135 1007 6750 6264 5761 
2265 1431 1669 1668 4661 6751 6160 
2266 659 1001 661 6752 6753 5851 
2267 307 2245 306 6754 6306 354 
2268 2177 2178 1514 5885 6578 6755 
2269 854 2140 1484 6525 5516 6203 
2270 1679 1734 1733 6335 4014 6756 
2271 298 602 297 5948 6757 345 
2272 857 859 858 6758 6418 6558 
2273 1316 1317 1313 6759 6005 6760 
2274 295 572 294 6761 6740 342 
2275 798 2192 799 6634 6762 6676 
2276 1175 2256 1178 6405 5899 6251 
2277 1558 1996 1521 6763 5322 6764 
2278 768 770 769 6765 5762 5918 
2279 1205 1256 1255 6766 6060 6700 
2280 1159 1160 1157 6767 6320 6768 
2281 1282 2279 1626 6769 6770 6771 
2282 727 728 723 6772 4708 6773 
2283 1490 1492 1491 6774 6669 6648 
2284 1604 1605 1453 6775 6776 5572 
2285 1077 1089 1088 6777 6574 6521 
2286 837 841 836 6778 6293 6779 
2287 1035 1488 1199 5923 6620 6425 
2288 1444 2051 769 4400 6016 5607 
2289 1901 1903 1902 6780 6592 6781 
2290 1106 1108 1107 6782 5498 5677 
2291 938 939 936 5634 6783 5977 
2292 1627 2269 1281 6784 6785 6786 
2293 1485 1487 1078 6420 5663 6272 
2294 1524 2307 1182 6787 6788 6789 
2295 694 712 696 6790 5396 6791 
2296 832 833 796 6792 5528 6793 
2297 2232 2459 1779 4919 6794 4982 
2298 663 667 665 6795 6364 5869 
2299 1009 2340 1496 6796 5439 6797 
2300 1108 1694 1222 6798 6799 5497 
2301 964 965 939 5594 6800 5633 
2302 398 560 397 6801 6802 445 
2303 842 853 852 6803 6390 6623 
2304 1321 1322 1317 6804 5937 6805 
2305 2203 2204 2202 6806 3225 6807 
2306 1717 1989 1815 4729 6808 6809 
2307 1488 1490 1489 6810 6649 6619 
2308 1901 1902 1900 6781 6557 6811 
2309 1417 1726 1277 3305 3536 6812 
2310 804 1155 1154 6813 6622 6705 
2311 1298 1494 726 5399 5914 6814 
2312 992 993 986 6815 4999 6816 
2313 1181 2249 1525 6702 6550 6503 
2314 1623 1746 1622 6817 6818 6819 
2315 465 2148 464 6331 5924 512 
2316 734 735 728 6820 5710 6821 
2317 1493 2203 2202 6822 6807 6650 
2318 1280 1521 1520 6823 6824 6737 
2319 2235 2359 2234 6825 6691 6826 
2320 1753 1754 1752 6827 6828 6829 
2321 2088 2089 2087 4962 5696 6830 
2322 701 717 716 5600 6831 6832 
2323 1786 1787 1629 6833 6834 6835 
2324 2219 2267 2221 6584 6836 5838 
2325 1626 1627 1281 6837 6786 6838 
2326 823 836 822 6839 6840 6841 
2327 400 2270 646 6842 3405 6843 
2328 657 2197 659 6844 6845 6042 
2329 1091 1201 1200 6846 6393 6536 
2330 1087 1218 1217 6847 6688 6278 
2331 815 2290 819 6848 5005 6259 
2332 928 930 929 5570 6849 6850 
2333 1154 2187 758 6851 6126 6706 
2334 1493 2296 2203 6852 6853 6822 
2335 1115 1202 1116 5647 6854 6855 
2336 2070 2075 2074 6856 4874 6857 
2337 640 2273 173 3606 6858 6859 
2338 1292 2279 1282 6860 6769 6861 
2339 2203 2296 2206 6853 5825 6862 
2340 2280 2282 2281 6863 6864 6865 
2341 1658 1777 1501 6866 6291 6867 
2342 462 2237 586 6868 6869 6870 
2343 1058 2219 1082 6585 6457 6871 
2344 1075 1077 1076 6872 6522 6708 
2345 2282 2285 2283 6873 6874 6875 
2346 1571 1622 1570 6876 6877 6878 
2347 1499 1500 1498 6879 6588 6880 
2348 1194 1195 1193 6881 5883 6882 
2349 1905 1983 1907 6883 6398 6200 
2350 1082 1168 1098 6458 6884 6885 
2351 293 643 292 6439 6675 340 
2352 1204 1205 1160 6886 6701 6887 
2353 1908 1909 1906 6613 6174 6224 
2354 737 755 736 6888 6625 6889 
2355 694 2265 712 6890 4677 6790 
2356 1325 1326 1324 6891 5894 6892 
2357 1711 1953 1712 6893 6894 6895 
2358 654 656 655 3944 6256 6227 
2359 1203 1288 1287 5858 6896 6897 
2360 300 2239 299 6600 6647 347 
2361 1157 2177 1156 6319 6898 6899 
2362 2188 2189 2187 5551 6206 6659 
2363 1899 1900 1898 6900 6901 6902 
2364 631 2286 458 6903 6531 6904 
2365 463 2237 462 6446 6868 510 
2366 459 2281 631 6905 6906 6907 
2367 2259 2261 555 6908 6909 6910 
2368 1592 1594 1593 6911 6493 6609 
2369 1577 2048 1190 6641 6912 6470 
2370 2204 2899 2654 6913 6914 3988 
2371 2203 2205 2204 6915 6916 6806 
2372 1155 1157 1156 6917 6899 6621 
2373 291 2259 555 6918 6910 6919 
2374 690 692 691 6554 6920 6921 
2375 756 791 755 6922 3818 6923 
2376 1302 1303 1300 6924 5717 6925 
2377 738 739 735 6926 4639 6927 
2378 843 2182 690 6245 6553 6617 
2379 586 2280 461 6928 6929 6930 
2380 1244 1246 1245 6931 5783 6029 
2381 1594 1596 1595 6932 6480 6491 
2382 1028 1041 976 6933 6934 6935 
2383 794 798 791 6936 6677 6937 
2384 2281 2283 631 6938 6939 6906 
2385 1156 2177 1514 6898 6755 6540 
2386 653 2271 310 6940 6941 6942 
2387 1172 1175 1174 6406 6943 6944 
2388 793 835 763 5956 6530 6945 
2389 825 827 798 6946 6635 6947 
2390 1534 2294 2133 6948 5054 6217 
2391 400 646 399 6843 6949 447 
2392 2189 2347 719 5550 6950 5342 
2393 472 2194 471 6218 6466 519 
2394 289 2291 647 6736 6951 6952 
2395 1663 2351 2037 6515 5014 6953 
2396 294 2230 293 6739 6437 341 
2397 174 640 173 6463 6859 221 
2398 1061 2350 1253 6431 4860 6954 
2399 752 753 739 6955 5778 6956 
2400 1233 1717 1716 6957 6958 6959 
2401 461 2280 460 6929 6960 508 
2402 1403 1404 1152 6961 6063 6962 
2403 1569 1570 1568 6963 6477 6964 
2404 2283 2284 631 6965 6966 6939 
2405 845 2264 990 6967 5708 6663 
2406 659 2197 1001 6845 4748 6752 
2407 364 2275 645 6968 6969 6970 
2408 1113 2076 1457 6453 6971 6168 
2409 864 975 863 6972 6973 6974 
2410 555 2291 290 6975 6735 6976 
2411 1279 1280 1256 6977 6738 6978 
2412 473 648 472 6979 6219 520 
2413 724 736 714 6980 3774 6981 
2414 1168 2222 1169 6982 5668 6983 
2415 1159 1204 1160 6984 6887 6767 
2416 1560 1770 1292 6985 6986 6987 
2417 1659 2460 2433 5033 6988 5199 
2418 175 2225 174 6694 6462 222 
2419 1537 1540 1538 6989 6990 6991 
2420 2280 2281 460 6865 6992 6960 
2421 765 766 753 6993 5212 6994 
2422 309 608 308 6995 5835 356 
2423 1498 2296 1492 6187 6996 6997 
2424 292 2259 291 6674 6918 339 
2425 1340 1341 1291 6258 6998 6280 
2426 307 2248 2245 6348 6999 6754 
2427 1332 2295 1324 6066 6517 5893 
2428 1432 1434 1433 7000 5967 5736 
2429 1169 1172 1171 5669 7001 7002 
2430 880 881 879 6475 7003 6031 
2431 1009 1496 1011 6797 6111 7004 
2432 844 845 827 7005 6664 7006 
2433 1123 1125 1124 7007 6595 6067 
2434 309 2271 608 7008 6731 6995 
2435 2284 2288 2287 7009 7010 7011 
2436 1497 1498 1492 7012 6997 7013 
2437 1327 1328 1326 7014 6192 7015 
2438 1782 2312 1285 7016 7017 7018 
2439 1501 2216 1500 6290 7019 7020 
2440 1159 2269 1204 7021 7022 6984 
2441 2260 2261 2259 7023 6908 6687 
2442 291 555 290 6919 6976 338 
2443 1181 1524 1182 6505 6789 7024 
2444 2282 2283 2281 6875 6938 6864 
2445 1127 1128 1126 7025 5939 7026 
2446 576 2270 401 7027 7028 7029 
2447 213 603 212 4973 4801 260 
2448 366 589 365 6487 7030 413 
2449 813 822 812 7031 6377 7032 
2450 1579 1580 1368 6213 7033 6575 
2451 1526 2252 1186 7034 6399 7035 
2452 589 2275 365 7036 7037 7030 
2453 708 757 706 7038 6500 7039 
2454 1567 1568 1566 7040 6561 7041 
2455 1574 2331 1928 7042 7043 7044 
2456 981 2264 845 6182 6967 7045 
2457 1235 1236 1195 4146 5667 7046 
2458 776 778 777 7047 5935 6234 
2459 172 2273 1635 7048 4031 7049 
2460 959 989 962 5265 6018 7050 
2461 1080 1212 1211 5347 7051 7052 
2462 401 2270 400 7028 6842 448 
2463 1899 1901 1900 7053 6811 6900 
2464 1770 2279 1292 7054 6860 6986 
2465 1778 1823 1780 7055 4319 6720 
2466 1513 2187 1154 6660 6851 6564 
2467 1523 2303 1506 7056 7057 7058 
2468 173 2273 172 6858 7048 220 
2469 1420 1643 1315 6615 7059 6733 
2470 2303 2308 991 7060 7061 7062 
2471 2236 2363 1379 5133 7063 6433 
2472 761 2313 759 7064 6695 7065 
2473 2261 2262 555 7066 7067 6909 
2474 1085 1087 1086 7068 6279 6589 
2475 1783 1784 1782 7069 7070 7071 
2476 1557 1558 1521 7072 6764 7073 
2477 1506 2303 991 7057 7062 7074 
2478 1483 2083 1481 7075 6095 6511 
2479 882 884 883 5787 7076 7077 
2480 1914 1916 1915 6593 7078 7079 
2481 1779 2447 2434 7080 6566 4980 
2482 1666 2337 1331 7081 7082 7083 
2483 462 586 461 6870 6930 509 
2484 2261 2263 2262 7084 3612 7066 
2485 1329 1330 1328 7085 5916 7086 
2486 1692 1693 1691 7087 5311 7088 
2487 460 2281 459 6992 6905 507 
2488 2092 2093 2090 7089 7090 6581 
2489 1602 2321 1228 7091 7092 7093 
2490 215 644 214 7094 4979 262 
2491 364 645 363 6970 7095 411 
2492 311 653 310 7096 6942 358 
2493 1945 1949 1947 7097 7098 7099 
2494 310 2271 309 6941 7008 357 
2495 365 2275 364 7037 6968 412 
2496 1015 1181 1044 6703 7100 7101 
2497 1460 2305 956 6040 6124 5845 
2498 1903 2258 1905 7102 7103 6546 
2499 1282 1626 1281 6771 6838 7104 
2500 1143 1145 1144 7105 6140 6153 
2501 402 576 401 7106 7029 449 
2502 1500 2216 1732 7019 4074 6689 
2503 188 2293 187 7107 5795 235 
2504 1290 1291 1289 6281 7108 6482 
2505 726 2197 657 5913 6844 7109 
2506 759 804 758 6697 6707 7110 
2507 1905 2258 1983 7103 5058 6883 
2508 1141 1143 1142 4403 6155 6381 
2509 837 842 841 7111 6624 6778 
2510 2284 2287 2286 7011 7112 7113 
2511 1495 2009 2008 5968 4715 5953 
2512 2291 2292 647 6718 7114 6951 
2513 172 1635 171 7049 7115 219 
2514 2418 2446 1515 7116 7117 7118 
2515 780 782 781 7119 4443 6262 
2516 1914 1915 1912 7079 7120 6543 
2517 656 726 657 7121 7109 6255 
2518 217 1410 216 7122 7123 264 
2519 1565 1566 1563 7124 6539 7125 
2520 459 631 458 6907 6904 506 
2521 811 812 810 7126 7127 7128 
2522 744 746 741 5849 7129 5400 
2523 405 627 404 7130 7131 452 
2524 751 758 750 7132 6128 7133 
2525 784 786 785 7134 6002 6287 
2526 1246 1248 1247 4517 5898 5781 
2527 407 1408 406 7135 7136 454 
2528 1267 1268 1207 6216 7137 6448 
2529 502 1409 501 7138 7139 549 
2530 1233 2323 1717 7140 7141 6957 
2531 1459 1899 1898 7142 6902 6723 
2532 1574 1928 1927 7044 3781 7143 
2533 1499 1501 1500 7144 7020 6879 
2534 2284 2286 631 7113 6903 6966 
2535 1492 2296 1493 6996 6852 6667 
2536 269 626 268 7145 7146 316 
2537 500 632 499 7147 7148 547 
2538 1260 1262 1261 6145 7149 7150 
2539 1509 2439 1511 7151 7152 6427 
2540 973 2322 996 7153 7154 7155 
2541 1717 1815 1716 6809 7156 6958 
2542 1258 1281 1161 7157 7158 7159 
2543 2233 2313 761 7160 7064 6460 
2544 1205 1279 1256 7161 6978 6766 
2545 957 958 956 7162 5846 7163 
2546 1781 1782 1285 7164 7018 7165 
2547 1464 1465 1463 7166 5601 7167 
2548 809 810 808 7168 7169 7170 
2549 1319 2302 1310 6243 6472 5964 
2550 865 2405 2382 7171 6653 7172 
2551 1031 1032 1030 5742 7173 6006 
2552 1128 2342 1130 7174 7175 6267 
2553 1405 1530 1522 7176 6628 6716 
2554 724 737 736 7177 6889 6980 
2555 1182 2307 1197 6788 7178 7179 
2556 878 879 877 6032 7180 6198 
2557 2288 2289 2287 7181 3213 7010 
2558 1690 1691 1689 7182 7183 7184 
2559 1346 1666 1331 7185 7083 7186 
2560 573 2293 188 6356 7107 6732 
2561 1197 1527 1232 7187 7188 7189 
2562 2203 2206 2205 6862 3129 6915 
2563 1161 2269 1159 7190 7021 7191 
2564 1989 1990 1815 4820 7192 6808 
2565 1175 1177 1176 6253 7193 7194 
2566 1280 1557 1521 7195 7073 6823 
2567 667 669 668 7196 6362 6363 
2568 1942 2301 1940 7197 4391 7198 
2569 1751 1752 1750 7199 7200 7201 
2570 1371 2191 1365 7202 6391 6138 
2571 1561 1562 1560 7203 7204 7205 
2572 1623 1967 1746 7206 6746 6817 
2573 1130 2342 1136 7175 7207 7208 
2574 2076 2309 1457 5060 7209 6971 
2575 669 671 670 7210 6358 6361 
2576 737 756 755 7211 6923 6888 
2577 1434 1956 1435 7212 4496 5966 
2578 1046 2402 1251 7213 7214 6033 
2579 1658 1778 1777 7215 6722 6866 
2580 1281 2269 1161 6785 7190 7158 
2581 1248 1419 1407 7216 5909 5897 
2582 862 863 861 7217 6498 7218 
2583 1158 1159 1157 7219 6768 7220 
2584 2378 2412 2154 7221 5170 6157 
2585 786 789 788 7222 6076 6001 
2586 898 899 897 6360 7223 6468 
2587 635 2088 2087 6073 6830 5927 
2588 980 981 845 7224 7045 7225 
2589 1526 2254 2252 7226 7227 7034 
2590 1145 1147 1146 7228 6303 6139 
2591 756 794 791 7229 6937 6922 
2592 794 825 798 7230 6947 6936 
2593 1490 1497 1492 7231 7013 6774 
2594 1270 2311 1537 7232 7233 7234 
2595 825 844 827 7235 7006 6946 
2596 1419 2366 1705 7236 7237 5907 
2597 748 750 730 7238 5624 7239 
2598 1370 1786 1629 7240 6835 6341 
2599 1901 1997 1903 7241 7242 6780 
2600 1385 1664 1389 7243 7244 7245 
2601 1676 2355 970 7246 7247 7248 
2602 1020 2323 1019 7249 7250 7251 
2603 2196 2327 1488 6413 7252 5922 
2604 666 688 687 4265 7253 7254 
2605 823 837 836 7255 6779 6839 
2606 1571 1623 1622 7256 6819 6876 
2607 856 857 855 7257 6559 7258 
2608 1514 2389 1513 5538 7259 6541 
2609 1668 2427 2213 4953 7260 6324 
2610 1136 1137 1133 7261 5960 7262 
2611 671 673 672 7263 6451 6357 
2612 1385 2348 1664 7264 7265 7243 
2613 807 808 806 7266 6545 7267 
2614 1273 2297 1275 7268 7269 6728 
2615 1021 2322 973 7270 7153 7271 
2616 272 575 271 3811 7272 319 
2617 289 647 288 6952 7273 336 
2618 1090 1091 1089 7274 6537 7275 
2619 751 759 758 7276 7110 7132 
2620 497 587 496 7277 7278 544 
2621 1997 2258 1903 4855 7102 7242 
2622 1258 1282 1281 7279 7104 7157 
2623 1221 2231 1086 7280 5807 6019 
2624 1709 1710 1456 6351 7281 5645 
2625 1557 1819 1558 5102 7282 7072 
2626 1497 1499 1498 7283 6880 7012 
2627 1074 1075 981 7284 6709 7285 
2628 789 795 790 7286 6170 6075 
2629 2262 2291 555 6719 6975 7067 
2630 1601 1602 1228 7287 7093 7288 
2631 1293 1560 1292 7289 6987 7290 
2632 1276 1277 1201 7291 3189 7292 
2633 1411 1412 1383 7293 6596 7294 
2634 2220 2222 1168 4886 6982 6285 
2635 692 693 691 7295 7296 6920 
2636 955 956 953 7297 6125 7298 
2637 662 1006 660 7299 7300 6069 
2638 1569 1571 1570 7301 6878 6963 
2639 1595 2314 1593 7302 6443 6492 
2640 673 675 674 7303 6455 6450 
2641 1052 1112 1111 6152 7304 7305 
2642 1181 1182 1044 7024 7306 7100 
2643 2044 2045 2042 4600 6148 6071 
2644 1302 1304 1303 7307 6680 6924 
2645 870 871 851 5810 7308 5828 
2646 2168 2169 2166 7309 6372 6298 
2647 1304 1306 1305 7310 6682 6679 
2648 2094 2095 2093 4733 3784 7311 
2649 1403 1405 1404 7312 6717 6961 
2650 1430 1431 1163 7313 6162 7314 
2651 821 847 846 6411 7315 7316 
2652 2245 2248 2247 6999 7317 6670 
2653 1508 1523 1506 7318 7058 7319 
2654 1197 2307 1527 7178 7320 7187 
2655 1158 1161 1159 7321 7191 7219 
2656 1125 1127 1126 7322 7026 6594 
2657 1742 1875 1414 7323 7324 7325 
2658 872 873 871 6091 7326 5809 
2659 838 839 831 5746 7327 5763 
2660 1019 2323 1054 7250 7328 7329 
2661 1099 1110 1021 7330 7331 7332 
2662 2070 2074 2068 6857 6347 6164 
2663 1753 1756 1754 7333 7334 6827 
2664 1509 1510 1249 6429 7335 6630 
2665 1749 1750 1637 7336 6386 7337 
2666 1591 1592 1412 7338 6610 7339 
2667 1283 1292 1282 7340 6861 7341 
2668 1054 1233 1226 7342 7343 7344 
2669 1916 1918 1915 7345 7346 7078 
2670 1916 2298 1918 4449 7347 7345 
2671 1377 1382 1381 7348 7349 7350 
2672 813 823 822 7351 6841 7031 
2673 1511 1550 1510 7352 7353 6428 
2674 1567 1569 1568 7354 6964 7040 
2675 711 714 710 7355 3995 7356 
2676 844 980 845 7357 7225 7005 
2677 1561 1563 1562 7358 6353 7203 
2678 715 724 714 7359 6981 7360 
2679 773 774 746 5780 7361 5848 
2680 1056 1676 970 7362 7248 7363 
2681 1527 1528 1232 7364 7365 7188 
2682 1190 2274 1034 7366 6254 6422 
2683 915 2350 919 5447 6430 5442 
2684 1028 1042 1041 7367 5282 6933 
2685 1306 1309 1307 7368 6744 6681 
2686 850 851 839 5829 7369 5745 
2687 675 677 676 7370 6520 6454 
2688 1781 1783 1782 3507 7071 7164 
2689 951 1008 949 5505 4925 7371 
2690 1168 1169 1098 6983 7372 6884 
2691 709 710 708 7373 7374 7375 
2692 1719 1720 1596 7376 7377 7378 
2693 288 2299 287 7379 7380 335 
2694 1565 1567 1566 7381 7041 7124 
2695 805 806 801 7382 6337 7383 
2696 906 2320 904 7384 7385 7386 
2697 1474 1475 1473 7387 6371 7388 
2698 1155 1158 1157 7389 7220 6917 
2699 972 1020 1019 7390 7251 7391 
2700 20 596 21 7392 7393 35 
2701 1288 1289 1287 6483 7394 6896 
2702 1382 1387 1386 7395 7396 7397 
2703 979 1052 1051 5553 7398 7399 
2704 677 680 679 7400 6509 6519 
2705 1233 1716 1414 6959 7401 7402 
2706 680 682 681 7403 6507 6508 
2707 876 877 875 6199 7404 6185 
2708 973 996 926 7155 7405 7406 
2709 950 974 952 7407 4652 7408 
2710 1426 1939 1938 7409 7410 7411 
2711 1478 1479 1475 7412 5422 7413 
2712 1309 1312 1310 7414 6748 6743 
2713 967 979 978 6502 7415 7416 
2714 1322 1325 1324 7417 6892 6105 
2715 1697 1867 1529 7418 7419 7420 
2716 921 922 917 7421 7422 7423 
2717 1231 1285 1196 7424 7425 7426 
2718 767 768 766 7427 5920 7428 
2719 864 976 975 7429 7430 6972 
2720 1270 1537 1536 7234 7431 7432 
2721 874 875 873 6186 7433 6090 
2722 1716 1742 1414 7434 7325 7401 
2723 918 925 924 7435 7436 7437 
2724 1312 1316 1313 7438 6760 6747 
2725 830 831 829 5764 7439 5831 
2726 1172 1174 1171 6944 7440 7001 
2727 1849 1850 1399 7441 7442 7443 
2728 1033 1037 1032 5934 7444 5741 
2729 975 2405 863 7445 7446 6973 
2730 1842 2191 1371 5377 7202 6407 
2731 942 1164 903 7447 7448 7449 
2732 907 910 909 7450 7451 7452 
2733 1387 1397 1395 6604 7453 7454 
2734 1147 1192 1191 7455 6633 6301 
2735 1784 2428 1782 7456 7457 7070 
2736 2154 2422 2153 5169 7458 5970 
2737 1239 1240 1238 7459 7460 7461 
2738 882 883 881 7077 7462 6474 
2739 1077 1090 1089 7463 7275 6777 
2740 916 1515 902 7464 7465 5735 
2741 814 815 774 7466 7467 5779 
2742 1899 2300 1901 7468 7469 7053 
2743 1001 2368 661 7470 7471 6753 
2744 1233 1414 1226 7402 7472 7343 
2745 11 582 12 3161 7473 26 
2746 865 2382 2327 7172 7474 6412 
2747 1397 1744 1628 7475 7476 7477 
2748 1488 2327 1490 7252 7478 6810 
2749 859 862 861 7479 7218 6583 
2750 1507 1589 1588 7480 4298 7481 
2751 748 751 750 7482 7133 7238 
2752 1189 1526 1186 7483 7035 7484 
2753 711 715 714 7485 7360 7355 
2754 1316 1321 1317 7486 6805 6759 
2755 1416 1417 1277 7487 6812 7488 
2756 794 826 825 7489 7490 7230 
2757 1643 1645 1644 7491 7492 7493 
2758 1226 1234 1099 7494 7495 7496 
2759 1553 1556 1555 7497 7498 7499 
2760 1941 1943 1942 7500 7501 7502 
2761 1636 1637 1533 7503 7504 7505 
2762 1054 1226 1099 7344 7496 7506 
2763 980 1074 981 7507 7285 7224 
2764 1054 1099 1021 7506 7332 7508 
2765 1466 1467 1465 7509 5046 7510 
2766 1311 1315 1314 6734 7511 7512 
2767 1850 2401 1399 7513 7514 7442 
2768 1390 1838 1729 7515 7516 7517 
2769 1074 1228 1075 7518 7519 7284 
2770 1931 1932 1720 4001 7520 7521 
2771 1744 1881 1745 7522 4148 7523 
2772 1140 1141 1139 7524 6382 7525 
2773 1657 1658 1501 7526 6867 7527 
2774 1127 1134 1128 7528 7529 7025 
2775 682 685 684 7530 6672 6506 
2776 1390 1728 1388 7531 7532 7533 
2777 1603 1869 1789 7534 3532 7535 
2778 1257 1258 1161 7536 7159 7537 
2779 930 932 931 6608 7538 7539 
2780 1293 1561 1560 7540 7205 7289 
2781 1202 1203 1116 5524 7541 6854 
2782 1664 1703 1389 4384 7542 7244 
2783 1229 1603 1601 7543 7544 7545 
2784 900 901 899 6495 7546 6359 
2785 1979 2301 1942 4225 7197 7547 
2786 275 594 274 7548 7549 322 
2787 1469 1470 1467 7550 5566 7551 
2788 1175 1176 1174 7194 7552 6943 
2789 287 564 286 7553 7554 334 
2790 1258 1283 1282 7555 7341 7279 
2791 2048 2274 1190 5131 7366 6912 
2792 2380 2424 1318 7556 7557 7558 
2793 1283 1293 1292 7559 7290 7340 
2794 1614 2231 1221 5418 7280 6616 
2795 717 720 716 6119 7560 6831 
2796 1074 1229 1228 7561 7562 7518 
2797 663 2368 667 7563 7564 6795 
2798 800 801 793 7565 6123 7566 
2799 16 616 17 7567 7568 31 
2800 945 1009 960 7569 7570 7571 
2801 286 2315 285 7572 7573 333 
2802 1166 1167 1165 7574 7575 7576 
2803 2431 2465 1134 5725 7577 7578 
2804 1015 1044 1043 7101 7579 7580 
2805 811 813 812 7581 7032 7126 
2806 1675 2311 1185 7582 7583 6533 
2807 2411 2439 2268 6725 7584 7585 
2808 1182 1197 1196 7179 7586 7587 
2809 1609 1859 1858 7588 3229 7589 
2810 828 829 820 5832 7590 5878 
2811 285 649 284 7591 7592 332 
2812 1091 1276 1201 7593 7292 6846 
2813 1301 1311 1308 7594 7595 7596 
2814 1739 1740 1284 7597 7598 7599 
2815 277 650 276 7600 7601 324 
2816 647 2299 288 7602 7379 7273 
2817 475 571 474 7603 7604 522 
2818 709 711 710 7605 7356 7373 
2819 1645 1828 1646 7606 7607 7608 
2820 1346 1667 1666 7609 7610 7185 
2821 1366 1368 1367 6576 7611 7612 
2822 1019 1054 1021 7329 7508 7613 
2823 1394 1788 1743 7614 7615 7616 
2824 1283 1672 1293 7617 7618 7559 
2825 692 2265 694 5904 6890 7619 
2826 1751 1753 1752 3053 6829 7199 
2827 1260 1261 1179 7150 7620 6516 
2828 9 552 10 7621 3163 24 
2829 278 2316 277 7622 7623 325 
2830 283 574 282 7624 7625 330 
2831 721 732 720 6083 7626 6118 
2832 1725 1781 1285 7627 7165 7628 
2833 1867 2334 1529 7629 7630 7419 
2834 1272 1273 1218 7631 6250 7632 
2835 853 856 855 7633 7258 6639 
2836 282 2318 281 7634 7635 329 
2837 1490 2327 1497 7478 7636 7231 
2838 1197 1232 1231 7189 7637 7638 
2839 1115 1116 1112 6855 7639 6452 
2840 281 651 280 7640 7641 328 
2841 14 625 15 3165 7642 29 
2842 1471 1682 1477 7643 7644 7645 
2843 688 690 689 6618 7646 7647 
2844 1132 2351 1455 6582 6514 5543 
2845 280 2317 279 7648 7649 327 
2846 950 2304 974 7650 4528 7407 
2847 1528 1532 1529 7651 7652 7653 
2848 18 628 19 7654 7655 33 
2849 2107 2108 2105 7656 7657 5454 
2850 1229 1601 1228 7545 7288 7562 
2851 279 584 278 7658 7659 326 
2852 1083 1165 1005 7660 7661 7662 
2853 733 740 732 5931 7663 6082 
2854 1901 2300 1997 7469 5076 7241 
2855 1231 1725 1285 7664 7628 7424 
2856 1459 2309 1899 7665 7666 7142 
2857 1603 1789 1601 7535 7667 7544 
2858 1869 2892 572 7668 4308 4339 
2859 1337 1700 1576 7669 7670 6131 
2860 1182 1196 1044 7587 7671 7306 
2861 809 811 810 7672 7128 7168 
2862 1532 1698 1697 7673 7674 7675 
2863 1009 1011 1010 7004 7676 7677 
2864 1939 1941 1940 7678 7679 7680 
2865 666 687 664 7254 7681 6096 
2866 13 1736 14 7682 3164 28 
2867 941 1265 943 7683 7684 7685 
2868 1158 1257 1161 7686 7537 7321 
2869 1011 1015 1012 6133 7687 7688 
2870 1110 2322 1021 7689 7270 7331 
2871 847 849 848 6072 7690 7691 
2872 1457 2309 1459 7209 7665 6442 
2873 10 1358 11 3162 3159 25 
2874 908 911 906 7692 7693 7694 
2875 1096 1186 1095 7695 6662 7696 
2876 844 999 980 7697 7698 7357 
2877 1333 1394 1393 7699 7700 7701 
2878 1054 2323 1233 7328 7140 7342 
2879 1528 1529 1232 7653 7702 7365 
2880 1556 1785 1631 7703 7704 7705 
2881 737 998 756 7706 7707 7211 
2882 1411 1591 1412 7708 7339 7293 
2883 1609 1857 1504 7709 7710 7711 
2884 1012 1026 1010 5313 7712 7713 
2885 1564 1565 1563 7714 7125 7715 
2886 1669 2326 1668 7716 4954 6751 
2887 1038 1066 1037 6011 7717 5933 
2888 2360 2407 1053 7718 7719 7720 
2889 1531 1533 1530 7721 7722 7723 
2890 685 722 686 7724 6742 6671 
2891 1366 1367 1363 7612 7725 6552 
2892 1594 1719 1596 7726 7378 6932 
2893 1553 2372 1556 7727 7728 7497 
2894 2463 2475 1661 5753 7729 7730 
2895 1390 1729 1728 7517 7731 7531 
2896 807 809 808 7732 7170 7266 
2897 729 821 747 5877 7733 7734 
2898 1044 2312 1043 7735 7736 7579 
2899 994 995 993 7737 5643 7738 
2900 1711 1712 1710 6895 7739 6350 
2901 1197 1231 1196 7638 7426 7586 
2902 1257 2310 1258 7740 7741 7536 
2903 969 1517 937 7742 7743 7744 
2904 1093 1095 1023 7745 7746 7747 
2905 1943 1945 1944 7748 7749 7750 
2906 819 820 817 5879 7751 6260 
2907 948 2304 950 7752 7650 7753 
2908 1537 2476 1540 7754 4737 6989 
2909 804 2335 1155 7755 7756 6813 
2910 1499 1657 1501 7757 7527 7144 
2911 962 967 966 6121 7758 7759 
2912 1380 1385 1384 7760 7761 7762 
2913 740 2141 1180 7763 5336 7764 
2914 1875 2324 1414 7765 7766 7324 
2915 1019 1021 973 7613 7271 7767 
2916 1177 1345 1176 7768 7769 7193 
2917 792 793 763 7770 6945 7771 
2918 1591 1702 1592 7772 7773 7338 
2919 722 727 723 7774 6773 6741 
2920 1276 1416 1277 7775 7488 7291 
2921 884 885 883 7776 7777 7076 
2922 1561 1564 1563 7778 7715 7358 
2923 1532 1697 1529 7675 7420 7652 
2924 1378 1379 1375 7779 7780 7781 
2925 1382 1386 1381 7397 7782 7349 
2926 1958 2596 1239 4570 7783 4191 
2927 884 886 885 7784 7785 7776 
2928 1609 1858 1857 7589 3478 7709 
2929 1130 1136 1133 7208 7262 6231 
2930 1015 1043 1012 7580 5329 7687 
2931 478 595 477 7786 7787 525 
2932 494 601 493 7788 7789 541 
2933 1380 1383 1379 7790 6434 7791 
2934 862 864 863 7792 6974 7217 
2935 911 2320 906 7793 7384 7693 
2936 1325 1327 1326 7794 7015 6891 
2937 1285 2312 1196 7017 7795 7425 
2938 1949 1950 1947 7796 7797 7098 
2939 1384 1411 1383 7798 7294 7799 
2940 727 734 728 7800 6821 6772 
2941 1075 2321 1077 7801 7802 6872 
2942 1608 1609 1504 7803 7711 7804 
2943 1226 2324 1234 7805 7806 7494 
2944 849 868 867 6277 7807 7808 
2945 1414 2324 1226 7766 7805 7472 
2946 2313 2335 804 7809 7755 6696 
2947 2508 2510 2058 7810 5190 7811 
2948 1503 1608 1504 7812 7804 7813 
2949 1411 1856 1591 7814 7815 7708 
2950 2180 2421 2178 5237 7816 6070 
2951 857 2308 859 7817 7818 6758 
2952 1643 1644 1315 7493 7819 7059 
2953 1228 2321 1075 7092 7801 7519 
2954 762 763 761 7820 6461 7821 
2955 2103 2343 380 7822 5145 6048 
2956 661 2368 663 7471 7563 5866 
2957 1189 1552 1526 7823 7824 7483 
2958 1397 1628 1395 7477 7825 7453 
2959 814 2290 815 5540 6848 7466 
2960 1387 1395 1386 7454 7826 7396 
2961 1461 1464 1463 7827 7167 5788 
2962 1219 2360 1053 7828 7720 7829 
2963 1574 1927 1926 7143 3730 7830 
2964 833 992 986 7831 6816 5747 
2965 1173 1503 1344 7832 7833 7834 
2966 1385 1389 1388 7245 7835 7836 
2967 907 2359 910 7837 7838 7450 
2968 795 832 796 7839 6793 6169 
2969 928 929 920 6850 7840 5806 
2970 1389 1390 1388 7841 7533 7835 
2971 2267 2437 2221 7842 7843 6836 
2972 2092 2094 2093 4805 7311 7089 
2973 901 2234 905 7844 6693 7845 
2974 1271 1338 1262 7846 7847 6535 
2975 1943 1944 1942 7750 7848 7501 
2976 1899 2309 2300 7666 5303 7468 
2977 118 557 119 3980 7849 156 
2978 1011 1012 1010 7688 7713 7676 
2979 1297 1839 1299 3945 7850 7851 
2980 1192 1194 1193 7852 6882 6632 
2981 1196 2312 1044 7795 7735 7671 
2982 1567 1673 1569 7853 7854 7354 
2983 1258 2310 1283 7741 7855 7555 
2984 1137 1140 1139 7856 7525 6501 
2985 1251 2402 1654 7214 4804 7857 
2986 690 691 689 6921 3593 7646 
2987 1009 1010 960 7677 7858 7570 
2988 1744 1745 1628 7523 7859 7476 
2989 972 1019 973 7391 7767 7860 
2990 924 972 926 7861 7862 7863 
2991 1623 2058 1967 7864 4718 7206 
2992 1395 1396 1386 7865 7866 7826 
2993 918 924 921 7437 7867 7868 
2994 1297 1298 726 7869 6814 7870 
2995 114 551 115 3877 3871 152 
2996 1276 1616 1416 7871 7872 7775 
2997 760 761 759 7873 7065 7874 
2998 628 1391 19 7875 3148 7655 
2999 481 606 480 7876 3356 528 
3000 734 738 735 7877 6927 6820 
3001 972 973 926 7860 7406 7862 
3002 924 926 921 7863 7878 7867 
3003 1155 2335 1158 7756 7879 7389 
3004 918 921 917 7868 7423 7880 
3005 996 2336 926 7881 7882 7405 
3006 1573 1598 1572 4279 7883 7884 
3007 1369 1574 1573 7885 7886 7887 
3008 484 621 483 7888 7889 531 
3009 972 2333 1020 7890 7891 7390 
3010 1380 1384 1383 7762 7799 7790 
3011 582 1730 12 7892 3316 7473 
3012 1556 1631 1555 7705 7893 7498 
3013 1327 1329 1328 7894 7086 7014 
3014 1416 1848 1417 7895 4077 7487 
3015 943 944 942 7896 7897 7898 
3016 1010 2328 960 7899 7900 7858 
3017 1719 1931 1720 7901 7521 7376 
3018 491 620 490 7902 7903 538 
3019 692 694 693 7619 7904 7295 
3020 914 918 917 7905 7880 7906 
3021 805 807 806 7907 7267 7382 
3022 921 2336 922 7908 7909 7421 
3023 718 2378 2157 7910 6156 5719 
3024 1658 1779 1778 7911 7912 7215 
3025 1043 2428 2150 7913 7914 5328 
3026 287 2299 564 7380 7915 7553 
3027 945 960 946 7571 7916 7917 
3028 751 760 759 7918 7874 7276 
3029 856 991 857 7919 7920 7257 
3030 1666 2424 2380 7921 7556 7922 
3031 1329 1335 1330 7923 7924 7085 
3032 616 1374 1373 7925 7926 7927 
3033 1314 1331 1308 7928 7929 7930 
3034 1278 1774 1773 7931 7932 7933 
3035 837 1036 842 7934 7935 7111 
3036 628 1817 1392 7936 3566 7937 
3037 925 2333 924 7938 7939 7436 
3038 945 946 944 7917 7940 7941 
3039 946 947 944 7942 7943 7940 
3040 103 558 104 3916 4251 141 
3041 1090 2341 1091 7944 7945 7274 
3042 1067 1068 1066 6300 7946 6010 
3043 1022 1094 1092 6416 7947 7948 
3044 943 945 944 7949 7941 7896 
3045 1096 1189 1186 7950 7484 7695 
3046 1091 2341 1276 7945 7951 7593 
3047 1103 1104 1102 7952 5369 7953 
3048 1749 1751 1750 7954 7201 7336 
3049 1941 1942 1940 7502 7198 7679 
3050 1385 1388 1384 7836 7955 7761 
3051 1378 1380 1379 7956 7791 7779 
3052 489 652 488 7957 3389 536 
3053 1369 1572 1367 7958 7959 7960 
3054 1189 1553 1552 7961 7962 7823 
3055 707 709 708 7963 7375 7964 
3056 1077 2321 1090 7802 7965 7463 
3057 738 752 739 7966 6956 6926 
3058 914 917 913 7906 7967 7968 
3059 1311 1314 1308 7512 7930 7595 
3060 1341 1548 1413 7969 3622 7970 
3061 1169 1171 1170 7002 7971 7972 
3062 894 2346 892 7973 7974 7975 
3063 1508 1597 1523 3691 7976 7318 
3064 616 1372 17 7977 3153 7568 
3065 1084 1085 1042 7978 6590 7979 
3066 1283 2310 1672 7855 7980 7617 
3067 1645 1646 1644 7608 7981 7492 
3068 752 765 753 7982 6994 6955 
3069 1555 1559 1554 7983 7984 7985 
3070 707 708 706 7964 7039 7986 
3071 487 630 486 3390 7987 534 
3072 1377 1381 1378 7350 7988 7989 
3073 1333 1346 1331 7990 7186 7991 
3074 748 2329 751 7992 7993 7482 
3075 909 914 913 7994 7968 7995 
3076 800 805 801 7996 7383 7565 
3077 907 909 908 7452 7997 7998 
3078 909 913 908 7995 7999 7997 
3079 907 908 906 7998 7694 8000 
3080 821 846 747 7316 8001 7733 
3081 941 943 942 7685 7898 8002 
3082 1394 1743 1393 7616 8003 7700 
3083 901 905 904 7845 8004 8005 
3084 1299 1300 1298 8006 5272 8007 
3085 2141 2438 1675 8008 8009 5337 
3086 932 934 933 6402 8010 8011 
3087 693 824 691 8012 3911 7296 
3088 715 2347 724 8013 8014 7359 
3089 1315 2354 1314 8015 8016 7511 
3090 905 907 906 8017 8000 8018 
3091 702 704 700 8019 8020 8021 
3092 1944 1979 1942 4354 7547 7848 
3093 1301 1302 1300 8022 6925 8023 
3094 895 897 896 6469 8024 8025 
3095 1183 1184 742 8026 8027 8028 
3096 1743 1883 1393 3396 8029 8003 
3097 1553 1554 1552 8030 8031 7962 
3098 1122 2450 1121 8032 4926 5596 
3099 1117 1430 1163 8033 7314 6344 
3100 711 718 715 8034 8035 7485 
3101 1503 1504 1344 7813 8036 7833 
3102 1094 1249 1230 6631 8037 8038 
3103 959 962 961 7050 8039 8040 
3104 625 1632 15 8041 3155 7642 
3105 1368 1369 1367 8042 7960 7611 
3106 1939 1940 1938 7680 4212 7410 
3107 2373 2406 1503 8043 8044 8045 
3108 868 1049 1048 8046 3453 8047 
3109 1769 1923 1730 8048 8049 8050 
3110 765 767 766 8051 7428 6993 
3111 1418 1863 1741 8052 4181 8053 
3112 1636 1749 1637 8054 7337 7503 
3113 656 1297 726 3641 7870 7121 
3114 896 903 894 8055 8056 8057 
3115 1553 1555 1554 7499 7985 8030 
3116 942 2325 1164 8058 4833 7447 
3117 1580 2331 1368 8059 8060 7033 
3118 1529 2334 1232 7630 8061 7702 
3119 1232 2334 1231 8061 8062 7637 
3120 582 1769 1730 8063 8050 7892 
3121 1574 1926 1573 7830 3651 7886 
3122 1314 1333 1331 8064 7991 7928 
3123 1621 1890 1889 8065 3652 8066 
3124 771 772 770 8067 8068 8069 
3125 1082 1098 1097 6885 8070 8071 
3126 1194 1235 1195 4317 7046 6881 
3127 667 2368 1502 7564 8072 8073 
3128 564 2315 286 8074 7572 7554 
3129 1640 2360 1219 8075 7828 8076 
3130 1173 1343 1170 8077 8078 8079 
3131 1642 1929 1425 8080 4406 8081 
3132 893 895 894 5353 8082 8083 
3133 1546 1611 1545 6098 8084 6295 
3134 890 893 892 6551 8085 8086 
3135 1405 1531 1530 8087 7723 7176 
3136 941 942 903 8002 7449 8088 
3137 1373 1376 1372 8089 8090 8091 
3138 1027 1028 976 8092 6935 8093 
3139 1785 1935 1631 3079 8094 7704 
3140 905 906 904 8018 7386 8004 
3141 1947 1948 1946 8095 4248 8096 
3142 747 748 730 8097 7239 8098 
3143 888 890 889 4949 8099 8100 
3144 779 780 778 8101 6263 8102 
3145 1430 1965 1431 8103 4670 7313 
3146 1180 1185 1183 6534 8104 8105 
3147 783 784 782 8106 6288 8107 
3148 966 1002 961 8108 8109 8110 
3149 285 2315 649 7573 3345 7591 
3150 1377 1378 1375 7989 7781 8111 
3151 1026 2328 1010 4603 7899 7712 
3152 1945 1947 1946 7099 8096 8112 
3153 1241 1242 1240 8113 5590 8114 
3154 1268 1355 1354 8115 8116 8117 
3155 121 565 122 8118 3929 159 
3156 1702 2338 1592 3237 8119 7773 
3157 1374 1377 1375 8120 8111 8121 
3158 1169 1170 1098 7972 8122 7372 
3159 697 1162 695 8123 8124 8125 
3160 859 2308 862 7818 8126 7479 
3161 886 888 887 6380 8127 8128 
3162 1672 2339 1293 8129 8130 7618 
3163 1093 1096 1095 8131 7696 7745 
3164 1231 2334 1725 8062 8132 7664 
3165 724 2371 737 8133 8134 7177 
3166 729 730 719 8135 5343 8136 
3167 1072 1207 1206 6449 8137 8138 
3168 991 2308 857 7061 7817 7920 
3169 277 2316 650 7623 8139 7600 
3170 616 1373 1372 7927 8091 7977 
3171 1087 1272 1218 8140 7632 6847 
3172 1592 2338 1594 8119 8141 6911 
3173 628 1392 1391 7937 3086 7875 
3174 1344 1724 1343 8142 8143 8144 
3175 1322 2384 1325 8145 8146 7417 
3176 1535 1696 1269 4157 8147 8148 
3177 895 896 894 8025 8057 8082 
3178 893 894 892 8083 7975 8085 
3179 772 2135 770 5999 6750 8068 
3180 890 892 889 8086 8149 8099 
3181 1265 2340 943 5609 8150 7684 
3182 945 2340 1009 8151 6796 7569 
3183 116 598 117 3874 3982 154 
3184 902 2234 901 8152 7844 6494 
3185 1301 1308 1302 7596 8153 8022 
3186 1276 2341 1616 7951 8154 7871 
3187 1236 1239 1238 4192 7461 6064 
3188 574 2318 282 8155 7634 7625 
3189 718 719 715 8156 8157 8035 
3190 1158 2335 1257 7879 8158 7686 
3191 1369 1573 1572 7887 7884 7958 
3192 924 2333 972 7939 7890 7861 
3193 1299 1301 1300 8159 8023 8006 
3194 955 957 956 8160 7163 7297 
3195 1134 2342 1128 8161 7174 7529 
3196 281 2318 651 7635 3415 7640 
3197 1116 2376 1112 8162 8163 7639 
3198 584 2316 278 8164 7622 7659 
3199 1140 1426 1425 8165 8166 8167 
3200 1945 1946 1944 8112 4238 7749 
3201 811 1018 813 8168 8169 7581 
3202 651 2317 280 4440 7648 7641 
3203 1333 1393 1346 7701 8170 7990 
3204 1297 1299 1298 7851 8007 7869 
3205 279 2317 584 7649 8171 7658 
3206 1052 1111 1051 7305 8172 7398 
3207 979 1051 978 7399 8173 7415 
3208 124 566 125 3879 8174 162 
3209 1004 1072 1071 5318 8175 8176 
3210 1302 2337 1304 8177 8178 7307 
3211 847 848 846 7691 8179 7315 
3212 1293 2339 1561 8130 8180 7540 
3213 926 2336 921 7882 7908 7878 
3214 1602 2365 2321 8181 8182 7091 
3215 1448 2425 2006 8183 8184 6704 
3216 842 2375 853 8185 8186 6803 
3217 762 792 763 8187 7771 7820 
3218 792 800 793 8188 7566 7770 
3219 1663 2037 1723 6953 8189 6238 
3220 1061 1253 1148 6954 4929 6149 
3221 1355 1578 1428 8190 8191 8192 
3222 888 889 887 8100 8193 8127 
3223 1569 2344 1571 8194 8195 7301 
3224 1617 1618 1286 3557 8196 8197 
3225 709 2378 711 8198 8199 7605 
3226 1639 1640 1219 8200 8076 8201 
3227 1173 1344 1343 7834 8144 8077 
3228 1837 1876 1632 8202 3511 8203 
3229 1176 1225 1174 8204 8205 7552 
3230 971 1058 1057 5616 8206 8207 
3231 967 978 966 7416 8208 7758 
3232 1125 1135 1127 8209 8210 7322 
3233 805 982 807 8211 8212 7907 
3234 1171 1173 1170 8213 8079 7971 
3235 1505 1506 991 8214 7074 8215 
3236 886 887 885 8128 8216 7785 
3237 1531 1636 1533 8217 7505 7721 
3238 1402 1403 1152 8218 6962 8219 
3239 1093 1198 1096 8220 8221 8131 
3240 762 802 792 8222 8223 8187 
3241 115 1836 116 3870 3872 153 
3242 1426 1938 1642 7411 8224 8225 
3243 1058 1082 1081 6871 8226 8227 
3244 934 936 935 5978 8228 8229 
3245 930 931 929 7539 8230 6849 
3246 1084 1348 1347 8231 8232 8233 
3247 1225 2406 2373 8234 8043 8235 
3248 1406 1871 1706 3409 3193 8236 
3249 1739 1887 1740 8237 8238 7597 
3250 1561 2339 1564 8180 8239 7778 
3251 1544 1545 1543 6296 8240 6484 
3252 1374 1375 1373 8121 8241 7926 
3253 1301 2364 1311 8242 6304 7594 
3254 775 776 772 8243 6235 8244 
3255 1644 2354 1315 8245 8015 7819 
3256 1542 1543 1541 6485 3436 6636 
3257 958 2319 1461 8246 8247 6061 
3258 1426 2369 1939 8248 8249 7409 
3259 737 2371 998 8134 5438 7706 
3260 1415 2297 1273 3366 7268 8250 
3261 1728 2353 1388 8251 8252 7532 
3262 1753 1847 1756 2913 8253 7333 
3263 667 1502 669 8073 8254 7196 
3264 1164 2346 903 4790 8255 7448 
3265 944 2325 942 8256 8058 7897 
3266 760 762 761 8257 7821 7873 
3267 946 948 947 8258 8259 7942 
3268 1707 1708 1230 8260 8261 8262 
3269 1333 2354 1394 8263 8264 7699 
3270 943 2340 945 8150 8151 7949 
3271 856 1505 991 8265 8215 7919 
3272 1411 2353 1856 8266 8267 7814 
3273 992 994 993 8268 7738 6815 
3274 901 904 899 8005 8269 7546 
3275 1028 1084 1042 8270 7979 7367 
3276 1335 2332 1330 8271 8272 7924 
3277 848 1266 846 8273 8274 8179 
3278 955 959 957 4916 8275 8160 
3279 864 1027 976 8276 8093 7429 
3280 823 2349 837 8277 8278 7255 
3281 1140 1425 1141 8167 4220 7524 
3282 1594 2338 1719 8141 8279 7726 
3283 916 2418 1515 8280 7118 7464 
3284 896 941 903 8281 8088 8055 
3285 1306 1318 1309 8282 8283 7368 
3286 1550 1896 1600 8284 8285 8286 
3287 1331 2337 1308 7082 8287 7929 
3288 1083 1166 1165 8288 7576 7660 
3289 1151 1152 1050 8289 5690 8290 
3290 625 1837 1632 3080 8203 8041 
3291 1513 2389 2188 7259 5636 6658 
3292 1166 1284 1167 8291 8292 7574 
3293 123 1845 124 3932 3878 161 
3294 1203 1287 1286 6897 8293 8294 
3295 1384 2353 1411 8295 8266 7798 
3296 2036 2433 1063 5200 8296 4955 
3297 705 706 704 8297 6318 8298 
3298 1330 2332 1337 8272 8299 6194 
3299 1456 2306 1454 8300 6163 5676 
3300 853 2375 856 8186 8301 7633 
3301 2327 2382 1497 7474 8302 7636 
3302 969 2362 1517 8303 5047 7742 
3303 1497 2382 1499 8302 8304 7283 
3304 1945 2431 1949 8305 8306 7097 
3305 1505 1507 1506 8307 8308 8214 
3306 1453 2425 1450 8309 8310 6569 
3307 1002 2358 961 8311 8312 8109 
3308 1312 1334 1316 8313 8314 7438 
3309 1380 2348 1385 8315 7264 7760 
3310 719 2347 715 6950 8013 8157 
3311 1243 1244 1242 8316 6030 8317 
3312 1682 1683 1477 8318 8319 7644 
3313 557 1791 119 8320 3860 7849 
3314 747 2377 748 8321 8322 8097 
3315 1136 2369 1137 8323 8324 7261 
3316 1069 1079 1068 6685 8325 6299 
3317 705 1013 707 8326 8327 8328 
3318 1507 1508 1506 8329 7319 8308 
3319 1369 2331 1574 8330 7042 7885 
3320 688 689 687 7647 8331 7253 
3321 813 2361 823 8332 8333 7351 
3322 1686 2461 1595 3429 8334 6479 
3323 2038 2525 891 4893 8335 4686 
3324 1097 1399 1081 8336 8337 8338 
3325 1341 1413 1291 7970 8339 6998 
3326 1094 1230 1092 8038 8340 7947 
3327 1314 2354 1333 8016 8263 8064 
3328 849 867 848 7808 8341 7690 
3329 1531 1665 1636 8342 8343 8217 
3330 1272 1415 1273 8344 8250 7631 
3331 1394 2420 1788 8345 8346 7614 
3332 127 577 128 8347 8348 165 
3333 1065 2446 2418 8349 7116 8350 
3334 1673 2344 1569 8351 8194 7854 
3335 1499 2382 1657 8304 6655 7757 
3336 671 683 673 8352 8353 7263 
3337 751 2329 760 7993 8354 7918 
3338 1105 1106 1104 8355 5678 8356 
3339 959 961 957 8040 8357 8275 
3340 1308 2337 1302 8287 8177 8153 
3341 2347 2371 724 6034 8133 8014 
3342 729 747 730 7734 8098 8135 
3343 100 578 101 3883 3881 138 
3344 780 783 782 8358 8107 7119 
3345 1517 2429 937 8359 8360 7743 
3346 1151 1406 1402 3457 8361 8362 
3347 1183 2356 1184 8363 8364 8026 
3348 694 695 693 8365 8366 7904 
3349 2320 2391 904 8367 8368 7385 
3350 1378 2348 1380 8369 8315 7956 
3351 1321 2384 1322 8370 8145 6804 
3352 784 787 786 8371 8372 7134 
3353 1368 2331 1369 8060 8330 8042 
3354 1173 2373 1503 8373 8045 7832 
3355 768 771 770 8374 8069 6765 
3356 1857 2357 1504 8375 8376 7710 
3357 1112 2376 1111 8163 8377 7304 
3358 1388 2353 1384 8252 8295 7955 
3359 1381 2348 1378 8378 8369 7988 
3360 1084 1347 1085 8233 8379 7978 
3361 1507 1588 1508 7481 3404 8329 
3362 2126 2379 2128 5091 4668 6524 
3363 952 954 953 4651 8380 8381 
3364 1839 2364 1299 5484 8382 7850 
3365 1540 1541 1538 6637 8383 6990 
3366 718 729 719 5721 8136 8156 
3367 1027 2345 1028 8384 8385 8092 
3368 1515 2235 2234 8386 6826 8387 
3369 904 2391 899 8368 8388 8269 
3370 1343 2390 1170 8389 8390 8078 
3371 941 2374 1265 8391 8392 7683 
3372 1348 1585 1347 8393 8394 8232 
3373 794 2410 826 8395 5125 7489 
3374 1642 1970 1929 8396 4331 8080 
3375 1017 1030 1029 6007 8397 8398 
3376 776 779 778 8399 8102 7047 
3377 905 2359 907 6692 7837 8017 
3378 1041 2434 976 5176 8400 6934 
3379 1512 1849 1399 8401 7443 8402 
3380 1092 1093 1023 8403 7747 8404 
3381 741 2141 740 8405 7763 5930 
3382 1082 1097 1081 8071 8338 8226 
3383 1249 1707 1230 8406 8262 8037 
3384 1403 2352 1405 8407 8408 7312 
3385 947 2325 944 5414 8256 7943 
3386 113 1793 114 3886 3875 151 
3387 1953 1954 1712 4335 8409 6894 
3388 899 2391 897 8388 8410 7223 
3389 957 2358 958 8411 8412 7162 
3390 1268 1354 1207 8117 8413 7137 
3391 948 950 949 7753 8414 8415 
3392 1137 2369 1140 8324 8416 7856 
3393 1095 2362 1023 5823 8417 7746 
3394 1938 2393 1642 4410 8418 8224 
3395 846 2377 747 8419 8321 8001 
3396 662 2400 1006 8420 8421 7299 
3397 962 966 961 7759 8110 8039 
3398 950 952 951 7408 8422 8423 
3399 1426 1642 1425 8225 8081 8166 
3400 903 2346 894 8255 7973 8056 
3401 1512 1851 1849 8424 3092 8401 
3402 1504 2357 1344 8376 8425 8036 
3403 1707 1882 1708 8426 8427 8260 
3404 948 949 947 8415 4830 8259 
3405 1080 1211 1079 7052 8428 6684 
3406 1325 1342 1327 8429 8430 7794 
3407 1337 2332 1700 8299 8431 7669 
3408 1550 1600 1510 8286 8432 7353 
3409 2443 2463 1661 8433 7730 5864 
3410 1203 1286 1116 8294 8434 7541 
3411 1471 2451 1682 8435 8436 7643 
3412 1036 2375 842 8437 8185 7935 
3413 1650 1651 1649 8438 8439 8440 
3414 2063 2457 2062 8441 8442 5588 
3415 964 2402 1046 6523 7213 5278 
3416 2321 2365 1090 8182 8443 7965 
3417 1621 1715 1335 8444 8445 8446 
3418 1479 1690 1689 8447 7184 5718 
3419 1774 1775 1773 3989 8448 7932 
3420 1587 2435 1224 8449 8450 8451 
3421 677 731 680 8452 8453 7400 
3422 1051 1114 978 8454 8455 8173 
3423 1379 2363 1375 7063 8456 7780 
3424 1210 1445 1295 8457 8458 6101 
3425 664 2400 662 8459 8420 6081 
3426 1344 2357 1724 8425 8460 8142 
3427 2022 2023 1956 4605 4518 8461 
3428 1325 2384 1342 8146 4267 8429 
3429 1174 2373 1171 8462 8463 7440 
3430 701 702 700 8464 8021 8465 
3431 1048 1050 867 8466 8467 8468 
3432 1090 2365 2341 8443 8469 7944 
3433 699 700 697 8470 8471 8472 
3434 696 697 695 8473 8125 8474 
3435 1214 1215 1212 8475 8476 5627 
3436 1097 1512 1399 8477 8402 8336 
3437 1185 1269 1183 8478 8479 8104 
3438 2348 2403 1664 8480 4195 7265 
3439 1537 1538 1536 6991 8481 7431 
3440 1373 2363 1376 8482 5407 8089 
3441 1666 2380 2337 7922 8483 7081 
3442 1272 1738 1415 8484 4489 8344 
3443 705 707 706 8328 7986 8297 
3444 948 2370 2304 8485 4490 7752 
3445 2531 2541 1950 8486 4461 8487 
3446 998 2410 756 5405 8488 7707 
3447 932 933 931 8011 8489 7538 
3448 837 2349 1036 8278 8490 7934 
3449 101 1880 102 3880 3923 139 
3450 1140 2369 1426 8416 8248 8165 
3451 897 2374 896 8491 8492 8024 
3452 960 2370 946 8493 8494 7916 
3453 1329 1621 1335 8495 8446 7923 
3454 1151 1402 1152 8362 8219 8289 
3455 98 599 99 3158 3888 136 
3456 868 1048 867 8047 8468 7807 
3457 711 2378 718 8199 7910 8034 
3458 1939 2445 1941 8496 8497 7678 
3459 748 2377 2329 8322 8498 7992 
3460 832 2355 833 8499 8500 6792 
3461 1470 1474 1473 8501 7388 5952 
3462 812 2496 810 4740 8502 7127 
3463 771 775 772 8503 8244 8067 
3464 1299 2364 1301 8382 8242 8159 
3465 2328 2370 960 4615 8493 7900 
3466 954 955 953 5155 7298 8380 
3467 1304 2380 1306 8504 8505 7310 
3468 99 1795 100 3887 3882 137 
3469 834 970 832 8506 8507 8508 
3470 1189 2372 1553 8509 7727 7961 
3471 934 935 933 8229 8510 8010 
3472 950 951 949 8423 7371 8414 
3473 1423 1921 1419 4111 8511 8512 
3474 2476 2507 866 5017 8513 4654 
3475 971 1056 970 8514 7363 8515 
3476 1145 1422 1147 8516 8517 7228 
3477 689 1516 687 3910 8518 8331 
3478 1286 2376 1116 8519 8162 8434 
3479 685 754 722 8520 8521 7724 
3480 1428 1829 1354 8522 8523 8524 
3481 1549 2559 2032 4526 8525 4898 
3482 1578 1713 1428 8526 8527 8191 
3483 1287 1617 1286 8528 8197 8293 
3484 694 696 695 6791 8474 8365 
3485 702 705 704 8529 8298 8019 
3486 1402 2399 1403 8530 8531 8218 
3487 1375 2363 1373 8456 8482 8241 
3488 1022 1092 1023 7948 8404 8532 
3489 1057 1250 1056 8533 8534 8535 
3490 939 997 936 8536 8537 6783 
3491 771 1670 775 8538 8539 8503 
3492 1521 2454 1520 5321 8540 6824 
3493 1207 2392 1206 8541 3139 8137 
3494 1096 2372 1189 8542 8509 7950 
3495 112 1870 113 3894 3884 150 
3496 823 2361 2349 8333 8543 8277 
3497 1058 1081 1057 8227 8544 8206 
3498 952 953 951 8381 5383 8422 
3499 856 2375 1505 8301 8545 8265 
3500 1515 2234 902 8387 8152 7465 
3501 1185 1270 1269 8546 8547 8478 
3502 1239 1241 1240 8548 8114 7459 
3503 1022 1023 969 8532 8549 8550 
3504 1171 2373 1173 8463 8373 8213 
3505 1085 2367 1087 8551 8552 7068 
3506 720 1519 716 8553 8554 7560 
3507 1355 1428 1354 8192 8524 8116 
3508 1418 1739 1284 8555 7599 8556 
3509 1396 2403 1386 4365 8557 7866 
3510 740 1180 742 7764 8558 8559 
3511 1018 2361 813 8560 8332 8169 
3512 1072 1206 1071 8138 8561 8175 
3513 1028 2345 1084 8385 8562 8270 
3514 971 1057 1056 8207 8535 8514 
3515 1170 2390 1098 8390 8563 8122 
3516 1166 1418 1284 8564 8556 8291 
3517 1621 1889 1715 8066 8565 8444 
3518 1406 1706 1402 8236 8566 8361 
3519 1048 1151 1050 3105 8290 8466 
3520 1400 1587 1224 8567 8451 8568 
3521 2213 2427 1123 7260 8569 5495 
3522 687 2400 664 8570 8459 7681 
3523 2335 2414 1257 8571 8572 8158 
3524 1605 1607 1606 8573 8574 8575 
3525 696 699 697 6394 8472 8473 
3526 896 2374 941 8492 8391 8281 
3527 129 604 130 3152 3897 167 
3528 699 701 700 5246 8465 8470 
3529 701 716 702 6832 8576 8464 
3530 834 971 970 5734 8515 8506 
3531 734 797 738 8577 8578 7877 
3532 1180 1183 742 8105 8028 8558 
3533 1461 2319 1464 8247 8579 7827 
3534 1405 2352 1531 8408 8580 8087 
3535 2313 2414 2335 8581 8571 7809 
3536 1100 1679 1678 8582 8583 8584 
3537 2466 2479 911 6606 8585 8586 
3538 1025 1103 1102 8587 7953 6089 
3539 2062 2457 1150 8442 8588 4890 
3540 863 2405 865 7446 7171 6496 
3541 1642 2393 1970 8418 4206 8396 
3542 709 2412 2378 8589 7221 8198 
3543 968 1022 969 6136 8550 8590 
3544 1464 1466 1465 8591 7510 7166 
3545 946 2370 948 8494 8485 8258 
3546 1185 2311 1270 7583 7232 8546 
3547 968 969 937 8590 7744 8592 
3548 566 1879 125 3856 3863 8174 
3549 1167 2478 1165 8593 8594 7575 
3550 1266 2377 846 8595 8419 8274 
3551 1309 2385 1312 8596 8597 7414 
3552 1071 1083 1005 8598 7662 8599 
3553 1507 2430 1589 8600 8601 7480 
3554 2337 2380 1304 8483 8504 8178 
3555 1525 2466 1681 8602 8603 6611 
3556 2331 2417 1928 8604 3451 7043 
3557 1084 2345 1348 8562 8605 8231 
3558 756 2410 794 8488 8395 7229 
3559 787 2484 2470 4770 8606 8607 
3560 1251 1654 1432 7857 8608 6471 
3561 935 937 933 8609 8610 8510 
3562 1710 2306 1456 8611 8300 7281 
3563 1192 1429 1194 8612 4289 7852 
3564 765 840 767 8613 8614 8051 
3565 1225 2373 1174 8235 8462 8205 
3566 1098 2390 1097 8563 8615 8070 
3567 1198 2372 1096 8616 8542 8221 
3568 2312 2428 1043 8617 7913 7736 
3569 106 570 107 3975 3901 144 
3570 1951 1981 1651 4383 8618 8619 
3571 707 2412 709 8620 8589 7963 
3572 1621 2397 1890 8621 8622 8065 
3573 1696 2356 1269 8623 8624 8147 
3574 1418 1741 1739 8053 8625 8555 
3575 970 2355 832 7247 8499 8507 
3576 1580 2417 2331 8626 8604 8059 
3577 1692 1747 1693 8627 8628 7087 
3578 1921 2366 1419 4302 7236 8511 
3579 1352 1650 1649 8629 8440 6527 
3580 795 834 832 8630 8508 7839 
3581 131 610 132 3899 8631 169 
3582 1896 1968 1600 3281 8632 8285 
3583 96 609 97 4060 8633 134 
3584 127 1813 577 3862 8634 8347 
3585 889 891 887 8635 8636 8193 
3586 1017 1029 965 8398 8637 6749 
3587 1679 1733 1680 6756 8638 8639 
3588 767 2408 768 8640 8641 7427 
3589 1316 2388 1321 8642 8643 7486 
3590 1381 2403 2348 8644 8480 8378 
3591 1670 1671 775 8645 8646 8539 
3592 1347 2367 1085 8647 8551 8379 
3593 966 2386 1002 8648 8649 8108 
3594 1386 2403 1381 8557 8644 7782 
3595 2492 2504 1534 8650 8651 8652 
3596 1093 2383 1198 8653 8654 8220 
3597 961 2358 957 8312 8411 8357 
3598 1434 2022 1956 8655 8461 7212 
3599 1004 1005 1003 8656 8657 8658 
3600 1023 2362 969 8417 8303 8549 
3601 968 2411 2268 8659 7585 6134 
3602 1100 1677 1029 8660 8661 8662 
3603 130 1834 131 3896 3898 168 
3604 840 1003 767 8663 8664 8614 
3605 1004 1071 1005 8176 8599 8656 
3606 1354 2392 1207 8665 8541 8413 
3607 1683 1685 1684 8666 8667 8668 
3608 111 580 112 3903 3895 149 
3609 1306 2380 1318 8505 7558 8282 
3610 935 968 937 8669 8592 8609 
3611 1466 1469 1467 8670 7551 7509 
3612 1683 1684 1477 8668 8671 8319 
3613 1657 2447 1658 8672 8673 7526 
3614 1690 1692 1691 8674 7088 7182 
3615 1503 2406 1608 8044 8675 7812 
3616 2153 2422 2156 7458 8676 6141 
3617 1087 2367 1272 8552 8677 8140 
3618 108 600 109 3905 3907 146 
3619 1269 2356 1183 8624 8363 8479 
3620 2178 2421 2179 7816 5288 6577 
3621 931 1065 929 8678 8679 8230 
3622 704 2387 700 6236 8680 8020 
3623 1092 2383 1093 8681 8653 8403 
3624 994 1053 995 8682 8683 7737 
3625 897 2391 2374 8410 8684 8491 
3626 843 2586 2582 4837 8685 4895 
3627 1241 1243 1242 8686 8317 8113 
3628 826 2448 825 5202 8687 7490 
3629 1618 2376 1286 8688 8519 8196 
3630 557 1952 1791 4386 3851 8320 
3631 1708 2383 1230 8689 8690 8261 
3632 110 1798 111 3909 3902 148 
3633 577 1794 128 8691 3866 8348 
3634 1639 1714 1640 8692 3800 8200 
3635 2303 2396 2308 8693 8694 7060 
3636 1450 2425 1448 8310 8183 5287 
3637 1013 2412 707 5340 8620 8327 
3638 862 2396 864 8695 8696 7792 
3639 107 1802 108 3900 3904 145 
3640 1270 1535 1269 8697 8148 8547 
3641 1706 2399 1402 8698 8530 8566 
3642 1531 2352 1665 8580 8699 8342 
3643 844 2448 999 8700 4987 7697 
3644 1243 1421 1244 4626 8701 8316 
3645 1474 1478 1475 8702 7413 7387 
3646 697 2387 1162 8703 3567 8123 
3647 1510 2394 1249 8704 8705 7335 
3648 833 2355 992 8500 8706 7831 
3649 109 1810 110 3906 3908 147 
3650 762 2395 802 8707 8708 8222 
3651 1318 2385 1309 8709 8596 8283 
3652 1312 2385 1334 8597 8710 8313 
3653 1249 2394 1707 8705 8711 8406 
3654 1230 2383 1092 8690 8681 8340 
3655 1606 2425 1453 8712 8309 8713 
3656 840 1004 1003 5436 8658 8663 
3657 1257 2414 2310 8572 8714 7740 
3658 1516 2400 687 8715 8570 8518 
3659 1644 2420 2354 8716 8717 8245 
3660 958 2358 2319 8412 8718 8246 
3661 1403 2399 2352 8531 8719 8407 
3662 1265 2449 2251 8720 8721 5610 
3663 1248 1423 1419 4586 8512 7216 
3664 1347 2440 2367 8722 8723 8647 
3665 1954 1993 1712 4522 8724 8409 
3666 1633 1824 1356 3534 8725 8726 
3667 768 2408 771 8641 8727 8374 
3668 864 2396 1027 8696 8728 8276 
3669 1241 1439 1243 8729 4620 8686 
3670 1032 2381 1030 8730 8731 7173 
3671 1063 2433 1117 8296 8732 5998 
3672 1334 2388 1316 3949 8642 8314 
3673 700 2387 697 8680 8703 8471 
3674 1097 2390 1512 8615 8733 8477 
3675 975 2447 2405 6567 8734 7445 
3676 920 2418 916 8735 8280 5774 
3677 1471 1477 1476 7645 8736 8737 
3678 994 1055 1053 8738 8739 8682 
3679 2308 2396 862 8694 8695 8126 
3680 883 912 881 8740 8741 7462 
3681 1103 1105 1104 8742 8356 7952 
3682 815 817 816 6261 8743 8744 
3683 1270 1536 1535 7432 8745 8697 
3684 1030 1100 1029 8746 8662 8397 
3685 1036 2430 2375 8747 8748 8437 
3686 2105 2343 2103 8749 7822 5401 
3687 1123 2427 1125 8569 8750 7007 
3688 1055 1278 1219 8751 8752 8753 
3689 2329 2395 760 8754 8755 8354 
3690 1278 1773 1639 7933 8756 8757 
3691 740 742 732 8559 8758 7663 
3692 978 2386 966 8759 8648 8208 
3693 2233 2414 2313 8760 8581 7160 
3694 1782 2428 2312 7457 8617 7016 
3695 1679 1680 1678 8639 8761 8583 
3696 1100 1678 1677 8584 8762 8660 
3697 835 2452 2233 8763 8764 6529 
3698 1650 1992 1951 8765 4444 8766 
3699 936 2411 935 8767 8768 8228 
3700 760 2395 762 8755 8707 8257 
3701 1646 2420 1644 8769 8716 7981 
3702 2255 2490 1517 8770 8771 5048 
3703 1114 2386 978 8772 8759 8455 
3704 1327 2397 1329 8773 8774 7894 
3705 2445 2465 1941 8775 8776 8497 
3706 1605 1606 1453 8575 8713 6776 
3707 1466 1471 1469 8777 8778 8670 
3708 1538 1539 1536 8779 8780 8481 
3709 1278 1639 1219 8757 8201 8752 
3710 705 2398 1013 8781 8782 8326 
3711 1212 2413 1211 8783 8784 7051 
3712 1272 2367 1738 8677 8785 8484 
3713 997 2411 936 6726 8767 8537 
3714 1667 2424 1666 8786 7921 7610 
3715 746 2141 741 8787 8405 7129 
3716 1055 1219 1053 8753 7829 8739 
3717 848 2404 1266 8788 5209 8273 
3718 702 2398 705 8789 8781 8529 
3719 716 2398 702 8790 8789 8576 
3720 1829 2392 1354 4124 8665 8523 
3721 609 1808 97 8791 3867 8633 
3722 1600 2394 1510 8792 8704 8432 
3723 2354 2420 1394 8717 8345 8264 
3724 1108 1695 1694 8793 8794 6798 
3725 1733 1816 1680 3559 8795 8638 
3726 1050 2404 867 6233 8796 8467 
3727 1519 2398 716 8797 8790 8554 
3728 1941 2465 1943 8776 5724 7500 
3729 1105 1224 1106 8798 8799 8355 
3730 988 2442 828 4722 6193 5235 
3731 2375 2430 1505 8748 8800 8545 
3732 1399 2401 1081 7514 8801 8337 
3733 1343 2444 2390 8802 8803 8389 
3734 1724 2444 1343 8804 8802 8143 
3735 1650 1951 1651 8766 8619 8438 
3736 1342 2397 1327 8805 8773 8430 
3737 2405 2447 1657 8734 8672 6654 
3738 1066 1223 1037 8806 8807 7717 
3739 877 940 875 8808 8809 7404 
3740 1471 1476 1469 8737 8810 8778 
3741 1057 2401 1250 8811 8812 8533 
3742 1105 1353 1224 8813 8814 8798 
3743 1976 2474 1975 4921 4277 4604 
3744 1165 2462 1005 8815 8816 7661 
3745 1400 1833 1587 8817 8818 8567 
3746 1329 2397 1621 8774 8621 8495 
3747 1081 2401 1057 8801 8811 8544 
3748 610 1844 132 8819 3868 8631 
3749 771 2408 1670 8727 8820 8538 
3750 2207 2464 835 8821 8822 5955 
3751 1125 2427 1135 8750 5137 8209 
3752 840 2443 2134 8823 5863 5435 
3753 1184 2426 742 8824 8825 8027 
3754 1117 2433 1430 8732 8826 8033 
3755 1100 2381 1679 8827 6333 8582 
3756 1353 1840 1400 8828 8829 8830 
3757 1003 2408 767 8831 8640 8664 
3758 867 2404 848 8796 8788 8341 
3759 873 1014 871 8832 8833 7326 
3760 815 816 774 8744 8834 7467 
3761 935 2411 968 8768 8659 8669 
3762 2199 2477 2207 8835 8836 6129 
3763 929 2418 920 8837 8735 7840 
3764 2108 2343 2105 4802 8749 7657 
3765 976 2434 975 8400 6568 7430 
3766 1779 2459 1778 6794 8838 7912 
3767 1943 2431 1945 5726 8305 7748 
3768 869 2483 2199 8839 8840 6403 
3769 1211 1610 1356 8841 8842 8843 
3770 2367 2440 1738 8723 8844 8785 
3771 1136 2445 2369 8845 8846 8323 
3772 2439 2491 1511 8847 8848 7152 
3773 1470 2436 1474 8849 8850 8501 
3774 834 2437 2267 8851 7842 5733 
3775 1074 2467 1229 8852 8853 7561 
3776 2342 2445 1136 8854 8845 7207 
3777 1030 2381 1100 8731 8827 8746 
3778 789 2437 795 8855 8856 7286 
3779 2381 2441 1734 8857 8858 6334 
3780 995 2407 1025 8859 8860 6266 
3781 2390 2444 1512 8803 8861 8733 
3782 1432 2415 1434 8862 8863 7000 
3783 752 2443 765 8864 8865 7982 
3784 831 977 829 8866 8867 7439 
3785 851 1047 839 8868 8869 7369 
3786 2396 2458 1027 8870 8871 8728 
3787 1469 2436 1470 8872 8849 7550 
3788 999 2467 980 5305 8873 7698 
3789 1505 2430 1507 8800 8600 8307 
3790 1607 1966 1606 4370 8874 8574 
3791 2268 2439 1509 7584 7151 6698 
3792 795 2437 834 8856 8851 8630 
3793 965 2416 939 8875 8876 6800 
3794 1353 1400 1224 8830 8568 8814 
3795 577 1888 1794 8877 2919 8691 
3796 835 2464 2452 8822 8878 8763 
3797 1211 1356 1079 8843 8879 8428 
3798 2369 2445 1939 8846 8496 8249 
3799 1382 2797 1876 8880 3553 8881 
3800 1474 1582 1478 8882 3813 8702 
3801 2242 2784 602 4204 3195 5793 
3802 732 2426 720 8883 8884 7626 
3803 817 866 816 8885 8886 8743 
3804 1712 2423 1710 8887 8888 7739 
3805 1295 2419 1352 8889 8890 6340 
3806 1215 2413 1212 8891 8783 8476 
3807 825 2448 844 8687 8700 7235 
3808 2034 2559 2540 8892 5084 5203 
3809 720 2426 1519 8884 8893 8553 
3810 1131 2450 1122 5118 8032 5630 
3811 2437 2470 2221 8894 8895 7843 
3812 2414 2452 2310 8896 8897 8714 
3813 2489 2494 1673 8898 8899 8900 
3814 765 2443 840 8865 8823 8613 
3815 939 2416 997 8876 8901 8536 
3816 1053 2407 995 7719 8859 8683 
3817 1658 2447 1779 8673 7080 7911 
3818 1585 2440 1347 8902 8722 8394 
3819 1687 2492 1522 8903 8904 6627 
3820 1127 2471 1134 8905 8906 7528 
3821 1512 2444 1851 8861 8907 8424 
3822 2533 2543 1533 8908 8909 8910 
3823 1150 2457 1210 8588 8911 6047 
3824 1520 2454 2181 8540 5153 5744 
3825 1445 2419 1295 4295 8889 8458 
3826 1065 2418 929 8350 8837 8679 
3827 1025 2407 1103 8860 8912 8587 
3828 1211 2413 1610 8784 8913 8841 
3829 2233 2452 2414 8764 8896 8760 
3830 2303 2458 2396 8914 8870 8693 
3831 2269 2485 1204 8915 8916 7022 
3832 1515 2446 2235 7117 8917 8386 
3833 1523 2458 2303 8918 8914 7056 
3834 1029 2416 965 8919 8875 8637 
3835 1559 2571 1989 8920 4818 4781 
3836 2422 2486 2156 8921 8922 8676 
3837 1677 2416 1029 8923 8919 8661 
3838 2486 2503 2156 8924 8925 8922 
3839 1690 1855 1692 8926 8927 8674 
3840 2431 2471 1949 8928 8929 8306 
3841 1610 1633 1356 8930 8726 8842 
3842 1654 2415 1432 4678 8862 8608 
3843 609 1809 1808 3892 8931 8791 
3844 937 2429 933 8360 8932 8610 
3845 1434 2415 2022 8863 4636 8655 
3846 2430 2455 1589 8933 8934 8601 
3847 1710 2423 2306 8888 5926 8611 
3848 1993 2423 1712 5184 8887 8724 
3849 933 2429 931 8932 8935 8489 
3850 742 2426 732 8825 8883 8758 
3851 2342 2465 2445 8936 8775 8854 
3852 1352 2419 1650 8890 8937 8629 
3853 2218 2511 2498 8938 6597 8939 
3854 1675 2507 2311 8940 5016 7582 
3855 2199 2483 2477 8840 8941 8835 
3856 1676 2432 2355 8942 8943 7246 
3857 992 2432 994 8944 8945 8268 
3858 2310 2452 1672 8897 8946 7980 
3859 869 2489 2483 8947 8948 8839 
3860 810 2494 808 8949 8950 7169 
3861 2320 2449 2391 8951 8952 8367 
3862 2374 2449 1265 8953 8720 8392 
3863 931 2429 1065 8935 8954 8678 
3864 787 2521 2008 8955 5224 4771 
3865 2018 2511 2017 4704 8956 5906 
3866 1778 2459 1823 8838 4667 7055 
3867 908 2481 911 8957 8958 7692 
3868 797 2463 738 5754 8959 8578 
3869 2391 2449 2374 8952 8953 8684 
3870 1474 2436 1582 8850 8960 8882 
3871 610 1846 1844 8961 8962 8819 
3872 2470 2484 2221 8606 8963 8895 
3873 994 2432 1055 8945 8964 8738 
3874 2408 2462 1670 8965 8966 8820 
3875 774 2438 746 8967 8968 7361 
3876 2467 2516 1229 8969 8970 8853 
3877 1106 2435 1108 8971 8972 6782 
3878 1224 2435 1106 8450 8971 8799 
3879 1037 2441 1032 8973 8974 7444 
3880 1036 2455 2430 8975 8933 8747 
3881 2452 2464 1672 8878 8976 8946 
3882 787 2470 786 8607 8977 8372 
3883 2251 2479 2250 8978 6605 5743 
3884 2355 2432 992 8943 8944 8706 
3885 2376 2453 1111 8979 8980 8377 
3886 1003 2462 2408 8981 8965 8831 
3887 1511 2532 1550 8982 8983 7352 
3888 1650 2419 1992 8937 4437 8765 
3889 2349 2455 1036 8984 8975 8490 
3890 2113 2529 2114 3924 8985 4314 
3891 1032 2441 2381 8974 8857 8730 
3892 2449 2479 2251 8986 8978 8721 
3893 2294 2472 1266 8987 8988 5210 
3894 1134 2471 2431 8906 8928 7578 
3895 1597 2480 1523 8989 8990 7976 
3896 1430 2460 1965 8991 4591 8103 
3897 2329 2472 2395 8992 8993 8754 
3898 1949 2531 1950 8994 8487 7796 
3899 1544 2523 1546 8995 4679 6294 
3900 2250 2466 1525 6607 8602 6549 
3901 738 2463 752 8959 8996 7966 
3902 1210 2457 1445 8911 8997 8457 
3903 1476 2436 1469 8998 8872 8810 
3904 1595 2461 2314 8334 5944 7302 
3905 802 2504 2492 8999 8650 9000 
3906 836 2510 822 4870 9001 6840 
3907 1027 2458 2345 8871 9002 8384 
3908 1567 2489 1673 9003 8900 7853 
3909 2218 2498 2346 8939 9004 4789 
3910 752 2463 2443 8996 8433 8864 
3911 2433 2460 1430 6988 8991 8826 
3912 2319 2451 1464 9005 9006 8579 
3913 1466 2451 1471 9007 8435 8777 
3914 1672 2464 2339 8976 9008 8129 
3915 1977 2578 912 4725 9009 4561 
3916 1108 2435 1695 8972 9010 8793 
3917 1223 2441 1037 9011 8973 8807 
3918 2466 2481 1681 9012 9013 8603 
3919 1244 2497 1246 9014 5011 6931 
3920 2320 2479 2449 9015 8986 8951 
3921 1597 2487 2480 9016 9017 8989 
3922 816 2438 774 9018 8967 8834 
3923 1464 2451 1466 9006 9007 8591 
3924 980 2467 1074 8873 8852 7507 
3925 2070 2488 2075 5249 9019 6856 
3926 1005 2462 1003 8816 8981 8657 
3927 746 2438 2141 8968 8008 8787 
3928 789 2470 2437 9020 8894 8855 
3929 1278 2493 1774 9021 9022 7931 
3930 1134 2465 2342 7577 8936 8161 
3931 1618 2453 2376 3358 8979 8688 
3932 2451 2482 1682 9023 9024 8436 
3933 1266 2472 2377 8988 9025 8595 
3934 1550 2542 1896 9026 9027 8284 
3935 2420 2468 1788 9028 9029 8346 
3936 802 2495 792 9030 9031 8223 
3937 2207 2477 2464 8836 9032 8821 
3938 1547 2560 2041 4613 9033 4944 
3939 1105 2469 1353 9034 9035 8813 
3940 2346 2498 892 9004 9036 7974 
3941 786 2470 789 8977 9020 7222 
3942 1661 2475 1518 7729 9037 5686 
3943 2360 2469 2407 9038 9039 7718 
3944 629 2535 1759 9040 9041 5957 
3945 983 2510 2508 9042 7810 9043 
3946 1135 2471 1127 9044 8905 8210 
3947 1558 2516 1996 9045 9046 6763 
3948 982 2501 807 9047 9048 8212 
3949 922 2513 917 9049 9050 7422 
3950 2377 2472 2329 9025 8992 8498 
3951 1623 2508 2058 9051 7811 7864 
3952 1502 2502 669 5259 9052 8254 
3953 1523 2480 2458 8990 9053 8918 
3954 1002 2482 2358 9054 9055 8311 
3955 683 2499 673 4908 9056 8353 
3956 671 2502 683 9057 4709 8352 
3957 2344 2508 1571 9058 9059 8195 
3958 1524 2517 2307 9060 9061 6787 
3959 911 2481 2466 8958 9012 8586 
3960 2469 2506 1353 9062 9063 9035 
3961 1103 2469 1105 9064 9034 8742 
3962 2407 2469 1103 9039 9064 8912 
3963 1646 2468 2420 9065 9028 8769 
3964 2472 2504 2395 9066 9067 8993 
3965 2425 2473 2006 9068 5722 8184 
3966 2253 2544 2255 9069 9070 5748 
3967 1996 2516 2467 9046 8969 5304 
3968 586 2528 2280 9071 9072 6928 
3969 2455 2569 2567 9073 9074 9075 
3970 2501 2533 1755 9076 5191 9077 
3971 1002 2512 2482 9078 9079 9054 
3972 2432 2493 1055 9080 9081 8964 
3973 2311 2476 1537 5018 7754 7233 
3974 889 2498 891 9082 6598 8635 
3975 1558 2524 2516 9083 9084 9045 
3976 783 2551 2054 9085 5086 4648 
3977 2464 2477 2339 9032 9086 9008 
3978 922 2517 2513 9087 9088 9049 
3979 983 2508 2344 9043 9058 5174 
3980 1165 2478 2462 8594 9089 8815 
3981 2558 2563 2005 5412 9090 9091 
3982 677 2509 731 9092 4712 8452 
3983 1819 2524 1558 9093 9083 7282 
3984 779 2558 2005 9094 9091 4622 
3985 810 2496 2494 8502 9095 8949 
3986 2458 2480 2345 9053 9096 9002 
3987 2339 2477 1564 9086 9097 8239 
3988 2517 2526 2307 9098 9099 9061 
3989 1676 2493 2432 9100 9080 8942 
3990 911 2479 2320 8585 9015 7793 
3991 2319 2482 2451 9101 9023 9005 
3992 1001 2518 2368 9102 9103 7470 
3993 1534 2504 2294 8651 9104 6948 
3994 2532 2542 1550 9105 9026 8983 
3995 869 2494 2489 9106 8898 8947 
3996 1670 2478 1671 9107 9108 8645 
3997 913 2481 908 9109 8957 7999 
3998 1250 2514 1056 3976 9110 8534 
3999 2477 2483 1564 8941 9111 9097 
4000 2307 2526 1527 9099 9112 7320 
4001 2221 2484 2220 8963 5357 5839 
4002 817 2500 866 9113 5459 8885 
4003 1620 2607 1986 9114 9115 4564 
4004 2360 2506 2469 9116 9062 9038 
4005 784 2521 787 9117 8955 8371 
4006 2480 2487 1348 9017 9118 9119 
4007 1527 2534 1528 9120 9121 7364 
4008 1627 2485 2269 3516 8915 6784 
4009 1020 2581 2565 9122 9123 9124 
4010 1564 2483 1565 9111 9125 7714 
4011 2075 2488 2127 9019 4836 5490 
4012 2534 2537 1528 9126 9127 9121 
4013 2462 2478 1670 9089 9107 8966 
4014 2345 2480 1348 9096 9119 8605 
4015 2358 2482 2319 9055 9101 8718 
4016 1978 2587 2585 9128 4846 4877 
4017 2481 2513 1681 9129 9130 9013 
4018 1606 2473 2425 9131 9068 8712 
4019 2398 2486 1013 9132 9133 8782 
4020 2483 2489 1565 8948 9134 9125 
4021 1522 2492 1534 8904 8652 6107 
4022 1565 2489 1567 9134 9003 7381 
4023 2438 2507 1675 9135 8940 8009 
4024 1754 2566 1752 9136 9137 6828 
4025 2379 2518 1001 5090 9102 4747 
4026 868 2539 1049 9138 4158 8046 
4027 2416 2491 997 9139 9140 8901 
4028 1013 2486 2422 9133 8921 5339 
4029 1517 2490 2429 8771 9141 8359 
4030 1966 2473 1606 4824 9131 8874 
4031 1348 2487 1585 9118 9142 8393 
4032 808 2494 869 8950 9106 6544 
4033 891 2525 887 8335 9143 8636 
4034 1070 2550 2539 9144 9145 9146 
4035 1687 2495 2492 9147 9148 8903 
4036 1533 2543 1530 8909 9149 7722 
4037 1528 2537 1532 9127 9150 7651 
4038 2547 2574 2254 5150 9151 9152 
4039 2482 2512 1682 9079 9153 9024 
4040 2294 2504 2472 9104 9066 8987 
4041 2491 2532 1511 9154 8982 8848 
4042 1677 2491 2416 9155 9139 8923 
4043 805 2536 982 9156 9157 8211 
4044 918 2547 925 9158 9159 7435 
4045 1519 2486 2398 9160 9132 8797 
4046 1519 2503 2486 9161 8924 9160 
4047 2012 2579 1443 9162 9163 5664 
4048 2529 2530 2114 4025 3644 8985 
4049 792 2495 800 9031 9164 8188 
4050 892 2498 889 9036 9082 8149 
4051 2526 2534 1527 9165 9120 9112 
4052 2493 2514 1774 9166 3700 9022 
4053 2537 2545 1532 9167 9168 9150 
4054 2002 2575 1000 4513 9169 4732 
4055 1065 2490 2446 9170 9171 8349 
4056 977 2515 829 4694 9172 8867 
4057 997 2491 2439 9140 8847 6724 
4058 816 2507 2438 9173 9135 9018 
4059 2492 2495 802 9148 9030 9000 
4060 1626 2691 1627 9174 4839 6837 
4061 673 2499 675 9056 9175 7303 
4062 1055 2493 1278 9081 9021 8751 
4063 2589 2593 1338 9176 9177 9178 
4064 1673 2496 2344 9179 5173 8351 
4065 913 2513 2481 9180 9129 9109 
4066 1184 2527 2503 9181 9182 9183 
4067 1532 2545 1698 9168 3444 7673 
4068 2386 2512 1002 9184 9078 8649 
4069 2255 2544 2490 9070 9185 8770 
4070 2183 2582 1950 4896 9186 4462 
4071 669 2502 671 9052 9057 7210 
4072 1526 2556 2254 9187 9188 7226 
4073 1637 2533 1533 5192 8910 7504 
4074 2429 2490 1065 9141 9170 8954 
4075 807 2501 809 9048 9189 7732 
4076 820 2500 817 9190 9113 7751 
4077 2282 2505 2285 9191 4067 6873 
4078 780 2551 783 9192 9085 8358 
4079 1429 2552 1961 9193 4471 4888 
4080 731 2546 680 4749 9194 8453 
4081 1436 2563 1699 9195 9196 6579 
4082 1421 2497 1244 4371 9014 8701 
4083 2386 2520 2512 9197 9198 9184 
4084 1184 2503 2426 9183 9199 8824 
4085 2562 2570 910 9200 9201 9202 
4086 1571 2508 1623 9059 9051 7256 
4087 1754 2569 2566 9203 9204 9136 
4088 2503 2527 2156 9182 9205 8925 
4089 2359 2562 910 9206 9202 7838 
4090 883 2540 912 9207 5085 8740 
4091 1752 2564 1750 9208 9209 7200 
4092 2017 2511 2218 8956 8938 6012 
4093 2536 2543 982 9210 9211 9157 
4094 675 2509 677 9212 9092 7370 
4095 822 2510 983 9001 9042 6376 
4096 2395 2504 802 9067 8999 8708 
4097 2499 2509 675 4743 9212 9175 
4098 2253 2562 2544 9213 9214 9069 
4099 1422 2552 1147 4141 9215 8517 
4100 2561 2564 1018 9216 9217 9218 
4101 1192 2552 1429 9219 9193 8612 
4102 2326 2541 2531 9220 8486 9221 
4103 2426 2503 1519 9199 9161 8893 
4104 685 2554 754 9222 4590 8520 
4105 1640 2506 2360 3491 9116 8075 
4106 776 2558 779 9223 9094 8399 
4107 2494 2496 1673 9095 9179 8899 
4108 982 2543 2533 9211 8908 9224 
4109 1353 2506 1840 9063 3793 8828 
4110 2505 2528 1698 9225 9226 3445 
4111 2323 2565 1717 9227 4727 7141 
4112 831 2538 977 9228 4753 8866 
4113 1047 2538 839 4548 9229 8869 
4114 1000 2575 884 9169 9230 5786 
4115 917 2513 913 9050 9180 7967 
4116 1682 2512 1683 9153 9231 8318 
4117 2282 2528 2505 9232 9225 9191 
4118 811 2561 1018 9233 9218 8168 
4119 2100 2519 2072 5032 4848 5391 
4120 866 2507 816 8513 9173 8886 
4121 1056 2514 1676 9110 9234 7362 
4122 1671 2558 775 5413 9235 8646 
4123 2539 2550 1696 9145 9236 4028 
4124 1972 2598 940 9237 9238 4557 
4125 468 2568 467 9239 4421 515 
4126 829 2515 820 9172 9240 7590 
4127 2513 2517 1681 9088 9241 9130 
4128 1681 2517 1524 9241 9060 6612 
4129 2254 2570 2252 9242 9243 7227 
4130 886 2575 923 9244 4284 6379 
4131 1229 2516 1603 8970 9245 7543 
4132 1676 2514 2493 9234 9166 9100 
4133 1972 2601 2598 9246 4782 9237 
4134 820 2515 2500 9240 4857 9190 
4135 1339 2579 1109 9247 9248 5252 
4136 1677 2532 2491 9249 9154 9155 
4137 2368 2518 1502 9103 4587 8072 
4138 2512 2520 1683 9198 9250 9231 
4139 803 2591 2039 4616 9251 4807 
4140 2516 2524 1603 9084 9252 9245 
4141 2150 2555 1964 9253 5358 4596 
4142 1361 2576 1364 9254 9255 4628 
4143 2495 2536 800 9256 9257 9164 
4144 2156 2527 2155 9205 9258 6142 
4145 887 2525 885 9143 9259 8216 
4146 922 2526 2517 9260 9098 9087 
4147 1656 2523 1544 4831 8995 5344 
4148 1555 2571 1559 9261 8920 7983 
4149 783 2521 784 4647 9117 8106 
4150 1114 2520 2386 9262 9197 8772 
4151 1603 2524 1869 9252 9263 7534 
4152 2471 2531 1949 9264 8994 8929 
4153 1687 2536 2495 9265 9256 9147 
4154 2280 2528 2282 9072 9232 6863 
4155 1683 2520 1685 9250 9266 8666 
4156 2336 2526 922 9267 9260 7909 
4157 2326 2531 1135 9221 9268 5138 
4158 2490 2544 2446 9185 9269 9171 
4159 909 2574 914 9270 5149 7994 
4160 2155 2550 1070 9271 9144 5874 
4161 1752 2566 2564 9137 9272 9208 
4162 2356 2527 1184 9273 9181 8364 
4163 1572 2576 1367 9274 9275 7959 
4164 754 2573 722 4746 9276 8521 
4165 2428 2555 2150 9277 9253 7914 
4166 1678 2532 1677 9278 9249 8762 
4167 1694 2583 1222 4642 9279 6799 
4168 982 2533 2501 9224 9076 9047 
4169 1363 2576 1361 9280 9254 5013 
4170 2424 2852 2168 9281 9282 4415 
4171 1776 2535 629 9283 9040 5683 
4172 1688 2587 2065 4477 9284 5105 
4173 2349 2569 2455 9285 9073 8984 
4174 1135 2531 2471 9268 9264 9044 
4175 2336 2534 2526 9286 9165 9267 
4176 996 2534 2336 9287 9286 7881 
4177 2254 2574 2570 9151 9288 9242 
4178 996 2537 2534 9289 9126 9287 
4179 2525 2540 885 5204 9290 9259 
4180 800 2536 805 9257 9156 7996 
4181 734 2577 797 9291 9292 8577 
4182 2501 2561 809 9293 9294 9189 
4183 2322 2537 996 9295 9289 7154 
4184 839 2538 831 9229 9228 7327 
4185 885 2540 883 9290 9207 7777 
4186 1950 2582 1947 9186 9296 7797 
4187 1070 2539 868 9146 9138 6276 
4188 2322 2545 2537 9297 9167 9295 
4189 693 2584 824 9298 3109 8012 
4190 1530 2543 1687 9149 9299 6626 
4191 1162 2584 695 3430 9300 8124 
4192 1678 2542 2532 9301 9105 9278 
4193 1755 2561 2501 9302 9293 9077 
4194 2565 2581 1559 9123 9303 4780 
4195 2567 2569 1754 9074 9203 9304 
4196 2026 2548 2025 4352 9305 4992 
4197 1669 2541 2326 4504 9220 7716 
4198 2527 2550 2155 9306 9271 9258 
4199 1957 2549 1612 4658 9307 5260 
4200 912 2578 881 9009 9308 8741 
4201 680 2546 682 9194 9309 7403 
4202 1876 2823 1382 9310 9311 8881 
4203 1969 2604 1014 9312 9313 4582 
4204 1110 2545 2322 3016 9297 7689 
4205 914 2547 918 5151 9158 7905 
4206 1680 2542 1678 9314 9301 8761 
4207 2356 2550 2527 9315 9306 9273 
4208 1687 2543 2536 9299 9210 9265 
4209 779 2551 780 4621 9192 8101 
4210 2254 2556 2547 9188 9316 9152 
4211 1784 2555 2428 4730 9277 7456 
4212 2063 2553 2457 4633 9317 8441 
4213 1147 2552 1192 9215 9219 7455 
4214 1696 2550 2356 9236 9315 8623 
4215 2446 2544 2235 9269 9318 8917 
4216 2546 2554 682 4612 9319 9309 
4217 2547 2556 925 9316 9320 9159 
4218 682 2554 685 9319 9222 7530 
4219 877 2585 940 9321 4847 8808 
4220 2605 2864 1845 9322 3368 3931 
4221 1552 2556 1526 9323 9187 7824 
4222 1740 2588 1284 9324 9325 7598 
4223 2457 2553 1445 9317 4817 8997 
4224 2032 2559 2034 8525 8892 5416 
4225 925 2580 2333 9326 9327 7938 
4226 775 2558 776 9235 9223 8243 
4227 2041 2560 2043 9033 4723 5758 
4228 2580 2581 2333 9328 9329 9327 
4229 2544 2562 2235 9214 9330 9318 
4230 1271 2589 1338 9331 9178 7846 
4231 2253 2570 2562 9332 9200 9213 
4232 2235 2562 2359 9330 9206 6825 
4233 809 2561 811 9294 9233 7672 
4234 1755 2564 2561 9333 9216 9302 
4235 2005 2563 1436 9090 9195 5750 
4236 2330 2592 1143 4510 9334 4402 
4237 2333 2581 1020 9329 9122 7891 
4238 1143 2592 1145 9334 9335 7105 
4239 105 2829 2634 9336 3626 9337 
4240 1750 2564 1755 9209 9333 6385 
4241 1020 2565 2323 9124 9227 7249 
4242 558 2886 2829 9338 9339 4249 
4243 2563 2572 1699 9340 9341 9196 
4244 1756 2567 1754 4290 9304 7334 
4245 1214 2594 1215 9342 9343 8475 
4246 1167 2572 2478 9344 9345 8593 
4247 467 2599 466 4420 9346 514 
4248 645 2600 363 3220 9347 7095 
4249 2478 2572 1671 9345 9348 9108 
4250 1176 2597 1225 9349 9350 8204 
4251 637 2568 468 9351 9239 6343 
4252 1018 2566 2361 9352 9353 8560 
4253 1239 2596 1241 7783 9354 8548 
4254 2572 2588 1699 9355 9356 9341 
4255 2556 2580 925 9357 9326 9320 
4256 2252 2570 2253 9243 9332 5988 
4257 2361 2569 2349 9358 9285 8543 
4258 2566 2569 2361 9204 9358 9353 
4259 1691 2601 1689 4458 9359 7183 
4260 1552 2580 2556 9360 9357 9323 
4261 2564 2566 1018 9272 9352 9217 
4262 1631 2571 1555 9361 9261 7893 
4263 1586 2602 1341 3244 9362 6257 
4264 1167 2588 2572 9363 9355 9344 
4265 2455 2567 1589 9075 4091 8934 
4266 722 2573 727 9276 9364 7774 
4267 940 2598 875 9238 9365 8809 
4268 910 2574 909 9366 9270 7451 
4269 1109 2579 2012 9248 9162 4904 
4270 873 2598 1014 9367 4783 8832 
4271 884 2575 886 9230 9244 7784 
4272 1367 2576 1363 9275 9280 7725 
4273 2570 2574 910 9288 9366 9201 
4274 2573 2577 727 4553 9368 9364 
4275 727 2577 734 9368 9291 7800 
4276 2577 2609 797 9369 9370 9292 
4277 881 2578 879 9308 9371 7003 
4278 1740 2593 2589 9372 9176 9373 
4279 1576 2609 1660 9374 9375 5730 
4280 1554 2580 1552 9376 9360 8031 
4281 2160 2607 1619 3392 9377 5941 
4282 1671 2572 2563 9348 9340 5411 
4283 1554 2581 2580 9378 9328 9376 
4284 1222 2583 1630 9279 9379 5163 
4285 1947 2582 1948 9296 9380 8095 
4286 1559 2581 1554 9303 9378 7984 
4287 695 2584 693 9300 9298 8366 
4288 1751 2789 1864 9381 4117 3052 
4289 1014 2604 871 9313 9382 8833 
4290 2578 2585 879 4878 9383 9371 
4291 851 2604 1047 9384 9385 8868 
4292 879 2585 877 9383 9321 7180 
4293 1740 2589 2588 9373 9386 9324 
4294 1598 2608 1572 9387 9388 7883 
4295 1576 2610 2609 9389 9390 9374 
4296 2803 2881 1822 4359 9391 3485 
4297 1948 2586 2099 9392 4479 4418 
4298 1355 2612 1578 9393 9394 8190 
4299 2065 2587 1978 9284 9128 5558 
4300 1700 2610 1576 9395 9389 7670 
4301 1268 2611 1355 9396 9397 8115 
4302 2595 2641 1584 9398 9399 6714 
4303 2399 2816 2694 9400 9401 9402 
4304 1700 2611 2610 9403 9404 9395 
4305 1284 2588 1167 9325 9363 8292 
4306 1695 2603 1694 9405 9406 8794 
4307 1570 2613 2198 9407 3711 6476 
4308 2582 2586 1948 8685 9392 9380 
4309 1699 2589 1271 9408 9331 6580 
4310 102 2590 103 3922 3914 140 
4311 2612 2614 1578 9409 9410 9394 
4312 1715 2616 2614 9411 9412 9413 
4313 2039 2591 1985 9251 4300 6490 
4314 1715 2614 1335 9413 9414 8445 
4315 1660 2609 2577 9375 9369 4552 
4316 494 2615 601 9415 3420 7788 
4317 1551 2594 1214 5457 9342 5514 
4318 1638 2595 1980 3019 6713 5984 
4319 1887 2593 1740 9416 9372 8238 
4320 1145 2592 1422 9335 4316 8516 
4321 2611 2612 1355 9417 9393 9397 
4322 652 2620 2077 9418 9419 3596 
4323 1345 2597 1176 3217 9349 7769 
4324 1241 2596 1439 9354 4282 8729 
4325 2227 2618 1562 4012 9420 6269 
4326 1560 2618 1770 9421 3124 6985 
4327 875 2598 873 9365 9367 7433 
4328 466 2599 553 9346 3065 6346 
4329 1805 2855 1806 4080 3667 5171 
4330 2593 2742 1338 5063 9422 9177 
4331 363 2600 362 9347 9423 410 
4332 1883 2776 607 3456 9424 2974 
4333 1895 2827 2170 4275 9425 4136 
4334 2190 2619 1577 4070 9426 6435 
4335 2049 2619 2163 9427 4445 5772 
4336 1572 2608 2576 9388 9428 9274 
4337 1689 2601 1972 9359 9246 5314 
4338 1714 2677 2655 9429 9430 5110 
4339 2588 2589 1699 9386 9408 9356 
4340 2165 2621 2167 9431 9432 5979 
4341 2238 2660 1702 9433 3236 9434 
4342 1341 2602 1548 9362 9435 7969 
4343 1693 2627 2622 9436 9437 9438 
4344 620 2620 490 9439 9440 7903 
4345 489 2620 652 9441 9418 7957 
4346 2594 2603 1215 9442 9443 9343 
4347 2192 2623 799 9444 9445 6762 
4348 20 2687 596 3183 4549 7392 
4349 1837 2823 1876 3496 9310 8202 
4350 183 2624 619 9446 9447 6711 
4351 871 2604 851 9382 9384 7308 
4352 2284 2625 2288 9448 9449 7009 
4353 1694 2603 2594 9406 9442 4640 
4354 2285 2625 2283 3500 9450 6874 
4355 304 2626 303 4036 9451 351 
4356 122 2605 123 3928 3930 160 
4357 1693 2622 1969 9438 9452 5310 
4358 1838 2606 1729 3120 3386 7516 
4359 1619 2607 1620 9377 9114 6715 
4360 2576 2608 1364 9428 9453 9255 
4361 2194 2629 554 9454 9455 6467 
4362 1364 2608 1653 9453 9456 6656 
4363 2244 2852 1667 9457 9458 4427 
4364 1769 2883 2834 9459 4064 9460 
4365 2186 2632 198 3939 9461 6562 
4366 2604 2622 1047 9462 9463 9385 
4367 1923 2834 1482 9464 9465 3805 
4368 797 2609 2475 9370 9466 5752 
4369 197 2632 562 9467 9468 6229 
4370 2299 2762 564 9469 9470 7915 
4371 2609 2610 2475 9390 9471 9466 
4372 604 2641 2595 3359 9398 3222 
4373 1896 2728 590 9472 9473 3282 
4374 554 2895 2648 9474 9475 9476 
4375 2710 2844 1738 9477 4488 9478 
4376 1866 2816 1706 4102 9479 3194 
4377 1748 2637 2027 3010 9480 4964 
4378 2107 2713 2108 4099 9481 7656 
4379 1955 2642 710 9482 9483 3994 
4380 2610 2611 1518 9404 9484 9485 
4381 477 2633 476 9486 9487 524 
4382 404 2635 403 9488 9489 451 
4383 1518 2611 1268 9484 9396 6215 
4384 2475 2610 1518 9471 9485 9037 
4385 1836 2774 598 3671 9490 3873 
4386 2621 2827 2388 9491 4260 3948 
4387 2332 2612 1700 9492 9493 8431 
4388 2138 2655 597 5111 9494 3549 
4389 491 2636 620 9495 9496 7902 
4390 1700 2612 2611 9493 9417 9403 
4391 658 2638 2129 9497 3234 5470 
4392 1622 2613 1570 9498 9407 6877 
4393 1581 2640 2190 9499 4068 5995 
4394 2332 2614 2612 9500 9409 9492 
4395 1006 2638 660 3072 9501 7300 
4396 1703 2686 2272 3582 9502 9503 
4397 2602 2644 1548 9504 9505 9435 
4398 551 2792 1836 9506 3670 3869 
4399 2614 2616 1578 9412 9507 9410 
4400 1335 2614 2332 9414 9500 8271 
4401 495 2615 494 9508 9415 542 
4402 710 2642 708 9483 9509 7374 
4403 1578 2616 1713 9507 9510 8526 
4404 610 2661 1846 3828 9511 8961 
4405 1848 2673 1920 9512 4137 3551 
4406 2242 2854 1602 9513 9514 4205 
4407 1820 2643 1580 3476 9515 6212 
4408 1275 2644 1704 9516 9517 6548 
4409 2287 2645 2286 3920 9518 7112 
4410 457 2645 456 9519 9520 504 
4411 312 2646 311 9521 9522 359 
4412 2639 2822 557 9523 4385 3979 
4413 554 2648 470 9476 9524 6339 
4414 469 2648 637 9525 9526 6342 
4415 362 2647 361 9527 9528 409 
4416 2635 2714 403 9529 9530 9489 
4417 1927 2642 1955 3780 9482 3775 
4418 2112 2775 1068 9531 9532 4307 
4419 2634 2783 570 9533 3918 3974 
4420 556 2901 1891 9534 9535 3971 
4421 1800 2617 1821 3114 9536 5161 
4422 1806 2617 1804 9537 3116 5172 
4423 1562 2618 1560 9420 9421 7204 
4424 486 2649 485 9538 9539 533 
4425 1969 2622 2604 9452 9462 9312 
4426 2579 2842 1443 9540 9541 9163 
4427 305 2651 304 9542 4034 352 
4428 1747 2627 1693 9543 9436 8628 
4429 1884 2687 1391 9544 3182 3046 
4430 1538 2650 1539 9545 2968 8779 
4431 1747 2630 2627 9546 9547 9543 
4432 195 2652 636 9548 4416 6210 
4433 562 2652 196 9549 9550 6230 
4434 1577 2619 2049 9426 9427 6640 
4435 2622 2627 2549 9437 9551 9552 
4436 1398 2653 1397 3101 9553 6603 
4437 2117 2656 2082 3375 9554 5503 
4438 2633 2721 476 9555 9556 9487 
4439 1861 2780 1792 3363 9557 4506 
4440 597 2655 375 9494 9558 5804 
4441 2011 2658 2010 9559 9560 5141 
4442 2025 2886 558 9561 9338 9562 
4443 1625 2656 2081 9563 3340 5739 
4444 490 2620 489 9440 9441 537 
4445 499 2657 498 9564 3832 546 
4446 2384 2744 1894 9565 9566 4063 
4447 1216 2903 2011 9567 9568 4809 
4448 2170 2621 2165 9569 9431 5575 
4449 1812 2842 2579 9570 9540 9571 
4450 2613 2717 2317 9572 9573 4439 
4451 1582 2837 1877 9574 3481 4038 
4452 1931 2696 639 9575 9576 4002 
4453 1704 2644 2602 9517 9504 3073 
4454 2193 2623 2192 9577 9444 5975 
4455 624 2660 178 3048 9578 6643 
4456 177 2660 2238 9579 9433 6699 
4457 1855 2877 2807 3673 9580 9581 
4458 1038 2666 1216 9582 4106 5247 
4459 1443 2666 1033 9583 9584 5285 
4460 1047 2622 2549 9463 9552 4546 
4461 1765 2665 583 9585 3654 6099 
4462 184 2624 183 9586 9446 231 
4463 2283 2625 2284 9450 9448 6965 
4464 1633 2671 2109 9587 9588 4041 
4465 613 2671 2104 9589 9590 5194 
4466 303 2626 641 9451 3814 6661 
4467 1611 2690 1545 3330 9591 8084 
4468 2230 2670 643 3942 9592 6438 
4469 2648 2895 1918 9475 9593 9594 
4470 1760 2841 1762 9595 3669 2914 
4471 1370 2669 1786 9596 3439 7240 
4472 1359 2669 1362 4169 9597 4609 
4473 1227 2675 1339 9598 3580 5251 
4474 1882 2628 1708 4312 9599 8427 
4475 2571 2672 1990 9600 3518 4819 
4476 1935 2672 1631 3205 9601 8094 
4477 2627 2630 1612 9547 9602 9603 
4478 1416 2673 1848 9604 9512 7895 
4479 2195 2629 2194 9605 9454 6103 
4480 373 2677 591 9606 9607 5856 
4481 1585 2787 2440 3227 9608 8902 
4482 2353 2674 1856 9609 2994 8267 
4483 1612 2630 1611 9602 9610 6097 
4484 204 2676 203 3796 9611 251 
4485 205 2678 204 9612 3794 252 
4486 1862 2761 1220 3302 9613 3616 
4487 1723 2737 1952 9614 9615 4096 
4488 1645 2631 1828 9616 3468 7606 
4489 2239 2681 2241 9617 9618 6395 
4490 2549 2627 1612 9551 9603 9307 
4491 749 2789 2709 4118 4849 3703 
4492 1586 2741 2079 9619 3346 3245 
4493 2615 2757 1780 9620 9621 4318 
4494 2617 2795 1821 9622 3470 9536 
4495 198 2632 197 9461 9467 245 
4496 1806 2795 2617 3571 9622 9537 
4497 1787 2683 1629 3069 9623 6834 
4498 1604 2887 1870 9624 4273 4114 
4499 1604 2727 1605 4113 9625 6775 
4500 1919 2847 585 9626 3997 3031 
4501 626 2684 268 3169 9627 7146 
4502 498 2685 497 3831 9628 545 
4503 2248 2686 2247 9629 3488 7317 
4504 2272 2686 608 9502 9630 6730 
4505 1223 2775 2699 9631 9632 3096 
4506 2649 2810 485 9633 9634 9539 
4507 1261 2836 2097 9635 9636 3586 
4508 594 2815 2162 3754 9637 9638 
4509 389 2688 388 3243 9639 436 
4510 595 2633 477 9640 9486 7787 
4511 1742 2635 1875 9641 4253 7323 
4512 105 2634 106 9337 3973 143 
4513 627 2635 404 4254 9488 7131 
4514 1600 2689 2394 9642 3287 8792 
4515 648 2907 2229 9643 9644 9645 
4516 64 2877 581 3961 3672 5665 
4517 2229 2907 571 9644 9646 2944 
4518 647 2691 2299 9647 9648 7602 
4519 602 2692 297 3212 9649 6757 
4520 2198 2879 1811 4023 9650 6190 
4521 1994 2770 1981 9651 3755 4928 
4522 593 2902 1887 9652 9653 9654 
4523 2766 2774 1709 9655 9656 9657 
4524 1867 2693 2334 3289 9658 7629 
4525 1280 2695 1557 9659 3465 7195 
4526 2083 2704 2193 9660 3933 5165 
4527 2399 2694 2352 9402 9661 8719 
4528 179 2696 624 9662 9663 6642 
4529 639 2696 180 9576 9664 6678 
4530 396 2698 633 9665 3083 6387 
4531 560 2698 397 4182 9666 6802 
4532 2762 2861 564 9667 9668 9470 
4533 492 2636 491 9669 9495 539 
4534 2027 2637 1634 9480 4054 5819 
4535 1051 2697 1114 9670 3256 8454 
4536 16 2703 616 3203 9671 7567 
4537 18 2702 628 3201 9672 7654 
4538 2453 2697 1111 3660 9673 8980 
4539 1146 2706 1220 9674 3473 5581 
4540 1634 2706 1191 3502 9675 5612 
4541 592 2781 2186 3602 4084 6035 
4542 1742 2714 2635 9676 9529 9641 
4543 2444 2700 1851 9677 3607 8907 
4544 2694 2816 703 9401 4101 3798 
4545 660 2638 658 9501 9497 6077 
4546 117 2639 118 3981 3978 155 
4547 2201 2640 1581 9678 9499 6327 
4548 1636 2709 1749 9679 4851 8054 
4549 2162 2909 594 9680 9681 9638 
4550 2644 2668 1548 9682 4050 9505 
4551 2224 2814 1608 9683 9684 9685 
4552 2667 2903 1216 9686 9567 4407 
4553 1296 2716 1551 9687 3766 5513 
4554 1877 2824 2752 9688 9689 4037 
4555 1584 2641 1583 9399 2929 5628 
4556 1917 2721 2633 3562 9555 9690 
4557 1883 2712 1393 2973 9691 8029 
4558 1346 2712 1667 9692 4426 7609 
4559 394 2715 568 9693 9694 6049 
4560 633 2715 395 4813 9695 6388 
4561 402 2714 576 9696 9697 7106 
4562 2366 2812 1705 9698 3623 7237 
4563 708 2642 757 9509 3782 7038 
4564 2272 2782 1703 9699 9700 9503 
4565 2441 2707 1734 9701 3426 8858 
4566 2142 2853 1775 9702 9703 3123 
4567 275 2718 594 9704 3661 7548 
4568 650 2718 276 3443 9705 7601 
4569 2435 2713 1695 9706 4098 9010 
4570 1893 2732 556 9707 9708 4281 
4571 1610 2671 1633 9709 9587 8930 
4572 2659 2754 1206 9710 9711 3138 
4573 1850 2680 2401 9712 9713 7513 
4574 1225 2736 2406 9714 9715 8234 
4575 1776 2745 2535 9716 9717 9283 
4576 1891 2901 636 9535 9718 3599 
4577 1539 2720 1536 9719 9720 8780 
4578 475 2721 571 9721 3360 7603 
4579 1580 2643 2417 9515 3180 8626 
4580 2297 2644 1275 9722 9516 7269 
4581 2713 2806 2108 9723 9724 9481 
4582 2163 2909 2162 4456 9680 5773 
4583 1177 2724 1345 9725 9726 7768 
4584 1261 2724 1179 3859 9727 7620 
4585 1872 2662 1761 6113 9728 3850 
4586 1409 2726 501 4155 9729 7139 
4587 500 2726 632 9730 3239 7147 
4588 649 2725 284 4200 9731 7592 
4589 283 2725 574 9732 9733 7624 
4590 1888 2812 1583 3624 9734 2930 
4591 1822 2881 1765 9391 9735 2924 
4592 2286 2645 457 9518 9519 6532 
4593 311 2646 653 9522 3458 7096 
4594 1816 2728 1680 9736 9737 8795 
4595 470 2648 469 9524 9525 517 
4596 2257 2737 2037 3267 9738 4815 
4597 556 2732 192 9708 9739 6197 
4598 2557 2847 1919 9740 9626 4503 
4599 191 2732 642 9741 9742 6456 
4600 1702 2805 2238 9743 9744 9434 
4601 630 2649 486 4081 9538 7987 
4602 1452 2735 1604 9745 9746 5571 
4603 1541 2650 1538 3263 9545 8383 
4604 2147 2904 596 9747 9748 3540 
4605 622 2651 305 9749 9542 6712 
4606 478 2734 595 9750 3604 7786 
4607 2542 2728 1896 9751 9472 9027 
4608 2237 2743 586 9752 9753 6869 
4609 1930 2788 601 3292 9754 3433 
4610 2383 2733 1198 9755 4120 8654 
4611 2097 2742 2087 9756 9757 5695 
4612 2175 2659 2173 9758 9759 4043 
4613 560 2773 1935 9760 3207 3078 
4614 2630 2808 1611 9761 3337 9610 
4615 1695 2898 2603 4190 9762 9405 
4616 1360 2723 1358 9763 3198 3927 
4617 2139 2756 1853 9764 9765 3384 
4618 551 2804 2792 4559 4349 9506 
4619 196 2652 195 9550 9548 243 
4620 2600 2647 362 4337 9527 9423 
4621 1413 2745 1291 9766 9767 8339 
4622 1397 2653 1744 9553 9768 7475 
4623 596 2904 21 9748 9769 7393 
4624 1953 2804 1718 4350 9770 4336 
4625 1857 2862 2357 3986 9771 8375 
4626 267 2654 266 9772 9773 314 
4627 1342 2747 2397 9774 9775 8805 
4628 2623 2664 799 9776 9777 9445 
4629 1815 2889 2777 9778 9779 9780 
4630 2246 2746 622 9781 9782 6178 
4631 1698 2743 1697 9783 9784 7674 
4632 2535 2745 1413 9717 9766 9785 
4633 375 2655 374 9558 9786 422 
4634 1785 2882 1937 9787 4474 3865 
4635 2082 2656 1625 9554 9563 5488 
4636 1478 2750 1479 3913 9788 7412 
4637 1759 2857 1835 9789 3503 2920 
4638 1245 2756 2139 9790 9764 5427 
4639 1599 2756 1247 9791 9792 5362 
4640 2176 2759 592 9793 3619 6024 
4641 1773 2753 1639 9794 9795 8756 
4642 632 2657 499 9796 9564 7148 
4643 1690 2750 1855 9797 3758 8926 
4644 2130 2846 634 9798 3848 6116 
4645 2010 2658 1615 9560 9799 5040 
4646 1622 2717 2613 9800 9572 9498 
4647 2528 2743 1698 9801 9783 9226 
4648 1220 2761 1144 9613 9802 5582 
4649 1142 2761 2257 9803 3265 5859 
4650 2139 2763 1240 3494 9804 5589 
4651 1407 2764 1599 9805 9806 5361 
4652 587 2757 496 9807 9808 7278 
4653 1238 2763 1575 9809 4366 5579 
4654 2487 2701 1585 9810 3228 9142 
4655 1884 2760 1643 3045 9811 6614 
4656 2365 2758 2341 9812 9813 8469 
4657 615 2765 378 3707 9814 5626 
4658 2725 2819 574 9815 9816 9733 
4659 377 2765 2137 9817 4046 5767 
4660 1662 2766 1709 9818 9657 5644 
4661 567 2772 2130 9819 9820 5491 
4662 1826 2675 1827 3581 9821 4125 
4663 405 2768 627 9822 4627 7130 
4664 1408 2768 406 3530 9823 7136 
4665 2081 2810 2649 3339 9633 3694 
4666 1598 2682 2608 9824 9825 9387 
4667 2080 2741 1586 3527 9619 5661 
4668 1776 2790 2745 9826 9827 9716 
4669 398 2773 560 9828 9760 6801 
4670 646 2773 399 3208 9829 6949 
4671 2424 2767 1318 4414 9830 7557 
4672 2548 2886 2025 9831 9561 9305 
4673 2173 2659 2174 9759 2937 5896 
4674 1783 2749 1784 9832 9833 7069 
4675 1952 2737 1862 9615 3303 3763 
4676 2729 2843 1786 9834 9835 3438 
4677 607 2776 185 9424 9836 6710 
4678 2112 2878 1824 4306 9837 4000 
4679 1250 2680 2145 9838 9839 3977 
4680 1815 2777 1716 9780 9840 7156 
4681 1234 2778 1099 3595 9841 7495 
4682 799 2664 1962 9777 3965 4015 
4683 1390 2782 1838 9842 9843 7515 
4684 1703 2782 1389 9700 9844 7542 
4685 1863 2860 2175 9845 4019 4042 
4686 1601 2784 1602 9846 4203 7287 
4687 1713 2781 1428 4085 9847 8527 
4688 1769 2834 1923 9460 9464 8048 
4689 270 2786 269 3647 9848 317 
4690 482 2722 481 3374 9849 529 
4691 1630 2661 1638 9850 3381 5146 
4692 2003 2731 1045 9851 3546 4844 
4693 178 2660 177 9578 9579 225 
4694 295 2791 572 9852 4338 6761 
4695 601 2788 493 9754 9853 7789 
4696 2568 2749 1783 9854 9832 5175 
4697 1287 2790 1617 9855 9856 8528 
4698 2401 2680 1250 9713 9838 8812 
4699 483 2794 482 9857 3372 530 
4700 2655 2677 374 9430 9858 9786 
4701 1377 2797 1382 9859 8880 7348 
4702 1646 2711 2468 9860 4268 9065 
4703 1590 2890 1880 9861 4236 2963 
4704 1033 2666 1038 9584 9582 5932 
4705 1685 2665 1684 3167 9862 8667 
4706 2658 2679 1615 3837 9863 9799 
4707 215 2800 644 9864 4086 7094 
4708 1410 2800 216 4090 9865 7123 
4709 2167 2767 2168 9866 4413 6297 
4710 2162 2815 2161 9637 9867 5109 
4711 2394 2801 1707 3286 9868 8711 
4712 1591 2805 1702 9869 9743 7772 
4713 1684 2803 1477 4360 9870 8671 
4714 2159 2815 2160 9871 3753 5940 
4715 390 2813 389 9872 3241 437 
4716 2338 2809 1719 4011 9873 8279 
4717 484 2810 621 9874 3299 7888 
4718 1608 2814 1609 9684 9875 7803 
4719 1811 2819 2226 9876 9877 6644 
4720 2724 2867 1345 9878 3560 9726 
4721 1855 2807 1692 9581 9879 8927 
4722 1732 2821 1727 9880 9881 6690 
4723 267 2684 2654 9882 3987 9772 
4724 642 2840 2170 9883 4134 5648 
4725 1395 2820 1396 9884 3718 7865 
4726 1382 2823 1387 9311 9885 7395 
4727 1616 2681 2673 9886 4243 9887 
4728 2169 2852 2244 9888 9457 4993 
4729 1801 2731 2004 9889 9890 3463 
4730 2085 2902 593 9891 9652 5950 
4731 1321 2744 2384 9892 9565 8370 
4732 4 2831 312 9893 9894 360 
4733 171 2831 4 9895 9893 218 
4734 5 2832 217 9896 9897 265 
4735 361 2832 5 9898 9896 408 
4736 7 2833 407 9899 9900 455 
4737 456 2833 7 9901 9899 503 
4738 473 2907 648 9902 9643 6979 
4739 1362 2669 1370 9597 9596 6027 
4740 2357 2793 1724 9903 9904 8460 
4741 594 2909 274 9681 9905 7549 
4742 571 2907 474 9646 9906 7604 
4743 638 2851 2237 5101 9907 6445 
4744 1262 2836 1261 9908 9635 7149 
4745 193 2901 556 9909 9534 6196 
4746 636 2901 194 9718 9910 6211 
4747 1551 2870 2583 3846 9911 5458 
4748 643 2670 2260 9592 3765 6686 
4749 1376 2893 1372 9912 9913 8090 
4750 2485 2858 1204 9914 9915 8916 
4751 2109 2671 613 9588 9589 5159 
4752 2400 2828 1006 9916 9917 8421 
4753 568 2896 393 9918 9919 6050 
4754 1543 2740 1878 9920 3801 3435 
4755 1590 2880 1433 3666 9921 5387 
4756 1915 2845 1912 9922 9923 7120 
4757 1066 2775 1223 9924 9631 8806 
4758 1917 2850 1900 9925 9926 6556 
4759 1596 2891 1686 9927 3613 6478 
4760 1777 2876 2216 9928 4768 6289 
4761 1556 2882 1785 9929 9787 7703 
4762 2263 2858 2485 3951 9914 3611 
4763 1205 2858 1279 9930 3950 7161 
4764 653 2872 2271 3710 9931 6940 
4765 1418 2860 1863 9932 9845 8052 
4766 2628 2733 1708 3112 9933 9599 
4767 605 2779 2530 9934 3312 4024 
4768 1616 2673 1416 9887 9604 7872 
4769 2093 2867 2090 3561 9935 7090 
4770 1083 2860 1166 4020 9936 8288 
4771 1824 2878 1356 9837 9937 8725 
4772 1773 2853 2753 9938 9939 9794 
4773 2436 2837 1582 9940 9574 8960 
4774 1198 2882 2372 4475 9941 8616 
4775 2193 2682 2623 3935 9942 9577 
4776 1079 2878 1068 9943 4305 8325 
4777 1728 2674 2353 9944 9609 8251 
4778 495 2757 2615 9945 9620 9508 
4779 1400 2869 1833 9946 4097 8817 
4780 2771 2894 2616 9947 9948 9949 
4781 1598 2664 2623 4278 9776 9950 
4782 1252 2675 1227 9951 9598 5519 
4783 2145 2680 2144 9839 9952 3423 
4784 1114 2811 2520 3255 9953 9262 
4785 203 2676 569 9611 3819 6146 
4786 2715 2801 568 9954 3351 9694 
4787 1631 2672 2571 9601 9600 9361 
4788 1667 2852 2424 9458 9281 8786 
4789 575 2739 271 9955 9956 7272 
4790 593 2678 205 9957 9612 6147 
4791 374 2677 373 9858 9606 421 
4792 1615 2679 1721 9863 9958 5094 
4793 6 2838 502 9959 9960 550 
4794 266 2838 6 9961 9959 313 
4795 1535 2720 2522 9962 9963 4156 
4796 2603 2849 1215 9964 9965 9443 
4797 2522 2720 1886 9963 9966 3441 
4798 1934 2719 1597 3617 9967 3690 
4799 1715 2771 2616 9968 9949 9411 
4800 2661 2870 1846 9969 3845 9511 
4801 1725 2830 1781 9970 3508 7627 
4802 1846 2716 1844 3767 3677 8962 
4803 2146 2687 1884 4550 9544 6369 
4804 1583 2812 1442 9734 9971 5274 
4805 2623 2682 1598 9942 9824 9950 
4806 618 2681 2239 4244 9617 6599 
4807 2524 2892 1869 9972 7668 9263 
4808 2317 2717 584 9573 9973 8171 
4809 1816 2813 2728 3250 9974 9736 
4810 1629 2683 1841 9623 9975 6165 
4811 1745 2746 1628 9976 9977 7859 
4812 2111 2699 2112 9978 9979 3999 
4813 2297 2668 2644 4009 9682 9722 
4814 582 2883 1769 9980 9459 8063 
4815 2631 2760 1392 9981 3085 3565 
4816 1645 2760 2631 9982 9981 9616 
4817 1653 2748 1652 9983 9984 6657 
4818 2104 2755 2106 9985 9986 5219 
4819 268 2684 267 9627 9882 315 
4820 497 2685 587 9628 3787 7277 
4821 184 2776 2624 9987 3455 9586 
4822 608 2686 2248 9630 9629 5833 
4823 2807 2877 1757 9580 3960 3957 
4824 606 2722 2119 9988 9989 3936 
4825 1850 2772 2680 9990 9991 9712 
4826 1741 2826 1739 9992 9993 8625 
4827 388 2688 605 9639 9994 5711 
4828 1828 2711 1646 9995 9860 7607 
4829 2671 2755 2104 9996 9985 9590 
4830 1968 2689 1600 9997 9642 8632 
4831 2365 2854 2758 9998 9999 9812 
4832 1597 2719 2487 9967 10000 9016 
4833 2629 2845 1915 10001 9922 10002 
4834 2608 2682 1653 9825 4202 9456 
4835 2593 2902 2086 10003 10004 5064 
4836 2292 2691 647 4840 9647 7114 
4837 297 2692 296 9649 10005 344 
4838 2764 2848 1599 10006 10007 9806 
4839 2114 2699 2111 3007 9978 4315 
4840 2334 2693 1725 9658 10008 8132 
4841 2260 2796 2261 10009 10010 7023 
4842 2352 2694 1665 9661 4039 8699 
4843 2633 2850 1917 10011 9925 9690 
4844 1279 2695 1280 10012 9659 6977 
4845 1709 2774 1711 9656 3657 6349 
4846 2782 2872 1838 10013 3709 9843 
4847 180 2696 179 9664 9662 227 
4848 1111 2697 1051 9673 9670 8172 
4849 397 2698 396 9666 9665 444 
4850 492 2788 2636 10014 3291 9669 
4851 564 2861 2315 9668 4170 8074 
4852 1724 2700 2444 10015 9677 8804 
4853 628 2702 1817 9672 10016 7936 
4854 616 2703 1374 9671 10017 7925 
4855 1483 2704 2083 10018 9660 7075 
4856 1847 2847 1756 3998 10019 8253 
4857 481 2722 606 9849 9988 7876 
4858 619 2839 1933 10020 3630 3209 
4859 3 2705 96 3252 4058 133 
4860 2751 2874 2029 10021 10022 10023 
4861 1191 2706 1146 9675 9674 6302 
4862 2229 2785 648 3590 10024 9645 
4863 2657 2821 1732 10025 9880 4109 
4864 1223 2707 2441 3095 9701 9011 
4865 2108 2806 615 9724 3785 4803 
4866 1665 2709 1636 3962 9679 8343 
4867 2640 2739 575 10026 9955 4486 
4868 1701 2751 2029 10027 10023 5023 
4869 2077 2751 1701 10028 10027 5621 
4870 644 2814 2224 4324 9683 4825 
4871 2167 2906 2767 10029 10030 9866 
4872 2736 2868 2406 10031 10032 9715 
4873 1206 2754 1071 9711 10033 8561 
4874 1608 2868 2224 10034 10035 9685 
4875 2688 2779 605 3585 9934 9994 
4876 1932 2711 1720 4269 10036 7520 
4877 1393 2712 1346 9691 9692 8170 
4878 1587 2713 2435 10037 9706 8449 
4879 2004 2731 2003 9890 9851 5156 
4880 2679 2705 1721 4078 3106 9958 
4881 1887 2902 2593 9653 10003 9416 
4882 2096 2736 2095 10038 10039 4672 
4883 403 2714 402 9530 9696 450 
4884 1721 2716 1296 3678 9687 5095 
4885 395 2715 394 9695 9693 442 
4886 1071 2754 1083 10033 4075 8598 
4887 2780 2875 1792 10040 4115 9557 
4888 271 2739 270 9956 3648 318 
4889 1746 2717 1622 10041 9800 6818 
4890 2689 2896 568 10042 9918 3352 
4891 276 2718 275 9705 9704 323 
4892 2681 2758 2241 10043 10044 9618 
4893 1536 2720 1535 9720 9962 8745 
4894 1372 2893 2702 9913 10045 3200 
4895 2717 2802 584 10046 10047 9973 
4896 476 2721 475 9556 9721 523 
4897 2119 2722 2118 9989 3425 6214 
4898 1652 2723 1360 10048 9763 5098 
4899 1006 2828 2683 9917 10049 3071 
4900 2651 2746 1745 10050 9976 4393 
4901 1813 2818 577 10051 10052 8634 
4902 589 2793 2275 10053 10054 7036 
4903 2755 2849 2106 10055 10056 9986 
4904 1179 2724 1177 9727 9725 6586 
4905 284 2725 283 9731 9732 331 
4906 2653 2856 1744 3324 10057 9768 
4907 501 2726 500 9729 9730 548 
4908 2238 2805 611 9744 4292 6221 
4909 1981 2817 1651 3912 10058 8618 
4910 2095 2736 2597 10039 10059 3783 
4911 558 2905 2025 4049 10060 9562 
4912 9 2729 552 3309 3760 7621 
4913 1761 2841 1760 10061 9595 5525 
4914 13 2730 1736 3311 10062 7682 
4915 1680 2728 2542 9737 9751 9314 
4916 2680 2772 2144 9991 10063 9952 
4917 2227 2819 2725 10064 9815 4199 
4918 1339 2835 2579 3246 10065 9247 
4919 2206 2821 632 10066 10067 3130 
4920 2677 2753 591 10068 10069 9607 
4921 2675 2880 1827 10070 3665 9821 
4922 1711 2792 1953 3656 4351 6893 
4923 1821 2731 1801 3547 9889 5162 
4924 192 2732 191 9739 9741 239 
4925 2620 2751 2077 10071 10028 9419 
4926 1910 2845 2195 10072 10073 3412 
4927 598 2774 2766 9490 9655 3833 
4928 1630 2870 2661 10074 9969 9850 
4929 1728 2825 2674 10075 3410 9944 
4930 2388 2744 1321 4262 9892 8643 
4931 620 2874 2751 10076 10021 10077 
4932 2579 2835 1812 10065 10078 9571 
4933 1708 2733 2383 9933 9755 8689 
4934 479 2734 478 3329 9750 526 
4935 2091 2867 2724 10079 9878 3858 
4936 1718 2735 1452 10080 9745 5276 
4937 1875 2738 2324 3853 10081 7765 
4938 2777 2889 576 9779 10082 10083 
4939 2790 2859 1617 10084 10085 9856 
4940 2597 2736 1225 10059 9714 9350 
4941 2692 2791 296 3574 10086 10005 
4942 1887 2826 593 10087 10088 9654 
4943 2037 2737 1723 9738 9614 8189 
4944 2288 2738 2289 10089 3825 7181 
4945 1252 2880 2675 10090 10070 9951 
4946 2678 2826 1741 10091 9992 4071 
4947 21 2904 1 9769 10092 36 
4948 1 2904 654 10092 10093 6727 
4949 1545 2740 1543 10094 9920 8240 
4950 1649 2783 1648 10095 10096 6528 
4951 2087 2742 2086 9757 5062 5928 
4952 2246 2820 2746 3719 10097 9781 
4953 2603 2898 2849 9762 10098 9964 
4954 2703 2797 1374 3554 10099 10017 
4955 586 2743 2528 9753 9801 9071 
4956 2772 2846 2130 10100 9798 9820 
4957 553 2830 2148 3509 10101 6330 
4958 1828 2891 2711 3614 10102 9995 
4959 2723 2883 582 10103 9980 3199 
4960 1894 2744 1895 9566 4276 5069 
4961 1809 2798 1808 10104 2981 8931 
4962 2468 2839 1788 3631 10105 9029 
4963 1610 2755 2671 10106 9996 9709 
4964 1291 2745 1289 9767 10107 7108 
4965 1602 2854 2365 9514 9998 8181 
4966 587 2876 2757 4769 10108 9807 
4967 2270 2889 1990 10109 10110 3406 
4968 2397 2747 1890 9775 4082 8622 
4969 2406 2868 1608 10032 10034 8675 
4970 562 2771 2652 10111 10112 9549 
4971 1882 2801 2715 10113 9954 4812 
4972 2691 2762 2299 10114 9469 9648 
4973 1587 2806 2713 10115 9723 10037 
4974 637 2749 2568 10116 9854 9351 
4975 2701 2719 579 10117 3575 4044 
4976 1811 2879 2819 9650 10118 9876 
4977 2704 2748 1653 10119 9983 4201 
4978 1898 2850 595 10120 10121 3449 
4979 1746 2802 2717 10122 10046 10041 
4980 2714 2777 576 10123 10083 9697 
4981 614 2708 2663 3578 3645 3032 
4982 1784 2749 2298 9833 10124 4731 
4983 620 2751 2620 10077 10071 9439 
4984 1479 2750 1690 9788 9797 8447 
4985 1854 2752 1758 3461 10125 5222 
4986 562 2894 2771 10126 9947 10111 
4987 1639 2753 1714 9795 10127 8692 
4988 2695 2796 2260 10128 10009 3764 
4989 2357 2862 2793 9771 10129 9903 
4990 2237 2851 2743 9907 10130 9752 
4991 2732 2840 642 10131 9883 9742 
4992 2413 2755 1610 10132 10106 8913 
4993 2696 2809 624 10133 4010 9663 
4994 1247 2756 1245 9792 9790 5782 
4995 2728 2813 590 9974 10134 9473 
4996 2174 2759 2176 3233 9793 5239 
4997 496 2757 495 9808 9945 543 
4998 648 2785 2195 10024 3524 6102 
4999 2341 2758 1616 9813 10135 8154 
5000 2711 2891 1720 10102 10136 10036 
5001 2753 2853 591 9939 10137 10069 
5002 1643 2760 1645 9811 9982 7491 
5003 1144 2761 1142 9802 9803 6154 
5004 2279 2762 1626 10138 10139 6770 
5005 1240 2763 1238 9804 9809 7460 
5006 1775 2853 1773 9703 9938 8448 
5007 1705 2764 1407 10140 9805 5908 
5008 2745 2790 1289 9827 10141 10107 
5009 378 2765 377 9814 9817 425 
5010 1722 2766 1662 4597 9818 5618 
5011 1187 2770 1994 10142 9651 4345 
5012 1318 2767 2385 9830 10143 8709 
5013 406 2768 405 9823 9822 453 
5014 1349 2769 1350 3040 10144 6321 
5015 584 2802 2316 10047 10145 8164 
5016 2738 2866 2324 10146 10147 10081 
5017 2144 2772 567 10063 9819 5103 
5018 1889 2771 1715 10148 9968 8565 
5019 1068 2775 1066 9532 9924 7946 
5020 626 2897 2202 10149 10150 3170 
5021 2261 2796 2263 10010 4007 7084 
5022 399 2773 398 9829 9828 446 
5023 2288 2866 2738 10151 10146 10089 
5024 1648 2783 2634 10096 9533 3635 
5025 2201 2739 2640 3807 10026 9678 
5026 2200 2897 2201 10152 10153 6326 
5027 577 2818 1888 10052 3632 8877 
5028 2621 2906 2167 10154 10029 9432 
5029 637 2888 2749 10155 10156 10116 
5030 2802 2884 2316 10157 10158 10145 
5031 559 2824 1877 3821 9688 3839 
5032 185 2776 184 9836 9987 232 
5033 1716 2777 1742 9840 10159 7434 
5034 1099 2778 1110 9841 3321 7330 
5035 1389 2782 1390 9844 9842 7841 
5036 1428 2781 1829 9847 3601 8522 
5037 1616 2758 2681 10135 10043 9886 
5038 2535 2857 1759 10160 9789 9041 
5039 1789 2784 1601 3196 9846 7667 
5040 2749 2888 2298 10156 10161 10124 
5041 269 2786 626 9848 10162 7145 
5042 1483 2834 2748 10163 4066 10164 
5043 1442 2812 2366 9971 9698 4172 
5044 493 2788 492 9853 10014 540 
5045 2487 2719 2701 10000 10117 9810 
5046 1749 2789 1751 4850 9381 7954 
5047 1289 2790 1287 10141 9855 7394 
5048 296 2791 295 10086 9852 343 
5049 2690 2740 1545 10165 10094 9591 
5050 2097 2836 2742 9636 10166 9756 
5051 1768 2740 2690 3802 10165 3008 
5052 622 2746 2651 9782 10050 9749 
5053 1350 2910 1923 10167 10168 3954 
5054 1990 2889 1815 10110 9778 7192 
5055 621 2794 483 3172 9857 7889 
5056 2413 2849 2755 10169 10055 10132 
5057 2700 2793 589 10170 10053 3777 
5058 2667 2798 1809 4032 10104 10171 
5059 1714 2753 2677 10127 10068 9429 
5060 1575 2864 1748 3369 10172 5577 
5061 1374 2797 1377 10099 9859 8120 
5062 2758 2854 2241 9999 10173 10044 
5063 2279 2861 2762 10174 9667 10138 
5064 2735 2804 1793 10175 4558 10176 
5065 1357 2843 2729 4758 9834 3306 
5066 392 2896 1968 10177 10178 3434 
5067 2645 2833 456 10179 9901 9520 
5068 312 2831 2646 9894 10180 9521 
5069 1605 2799 1607 10181 3293 8573 
5070 2647 2832 361 10182 9898 9528 
5071 2730 2910 2769 10183 10184 10185 
5072 1986 2802 1746 10186 10122 6745 
5073 216 2800 215 9865 9864 263 
5074 1707 2801 1882 9868 10113 8426 
5075 1986 2884 2802 10187 10157 10186 
5076 2652 2771 1889 10112 10148 4417 
5077 1477 2803 1476 9870 10188 8736 
5078 1856 2805 1591 4293 9869 7815 
5079 1831 2844 1764 3714 10189 5680 
5080 1833 2806 1587 3786 10115 8818 
5081 2767 2906 2385 10030 10190 10143 
5082 1692 2807 1747 9879 10191 8627 
5083 1719 2809 1931 9873 10192 7901 
5084 2202 2897 2200 10150 10152 6651 
5085 1334 2906 2621 10193 10154 3947 
5086 485 2810 484 9634 9874 532 
5087 1599 2908 2756 10194 10195 9791 
5088 590 2813 390 10134 9872 5850 
5089 1739 2826 1887 9993 10087 8237 
5090 2161 2815 2159 9867 9871 6310 
5091 1609 2814 1859 9875 4323 7588 
5092 1923 2910 1730 10168 10196 8049 
5093 1813 2848 2764 3992 10006 10197 
5094 2025 2905 1731 10060 10198 4521 
5095 1706 2816 2399 9479 9400 8698 
5096 2520 2811 1685 9953 3087 9266 
5097 2730 2769 1736 10185 3564 10062 
5098 1918 2895 1915 9593 10199 7346 
5099 2803 2837 1476 3484 10200 10188 
5100 2226 2819 2227 9877 10064 6268 
5101 2683 2828 1841 10049 3682 9975 
5102 1187 2855 2770 10201 4079 10142 
5103 1628 2820 1395 10202 9884 7825 
5104 1748 2864 2605 10172 9322 3011 
5105 1727 2821 2206 9881 10066 5827 
5106 1723 2822 1722 4095 10203 6239 
5107 1763 2859 1776 10204 10205 5682 
5108 1387 2823 1398 9885 3495 6602 
5109 2096 2868 2736 10206 10031 10038 
5110 1729 2825 1728 3297 10075 7731 
5111 1342 2863 2747 4266 10207 9774 
5112 2195 2845 2629 10073 10001 9605 
5113 2272 2872 2782 10208 10013 9699 
5114 2175 2754 2659 4076 9710 9758 
5115 1812 2835 1796 10078 3177 4524 
5116 502 2838 1409 9960 10209 7138 
5117 104 2829 105 4250 9336 142 
5118 1817 2893 2461 10210 10211 3428 
5119 1731 2890 1590 10212 9861 5402 
5120 1516 2828 2400 3683 9916 8715 
5121 1443 2842 2666 9541 10213 9583 
5122 1482 2834 1483 9465 10163 6510 
5123 1635 2831 171 10214 9895 7115 
5124 217 2832 1410 9897 10215 7122 
5125 407 2833 1408 9900 10216 7135 
5126 2148 2830 2693 10101 10217 3541 
5127 1765 2881 2665 9735 10218 9585 
5128 2735 2887 1604 10219 9624 9746 
5129 1338 2836 1262 10220 9908 7847 
5130 565 2780 2637 10221 4053 2978 
5131 1476 2837 2436 10200 9940 8998 
5132 1895 2840 1893 4135 10222 5070 
5133 1731 2905 2590 10198 4048 10223 
5134 1722 2822 2639 10203 9523 4598 
5135 1874 2842 1812 10224 9570 5152 
5136 1786 2843 1787 9835 3248 6833 
5137 1912 2845 1910 9923 10072 6354 
5138 2440 2885 1738 10225 10226 8844 
5139 595 2850 2633 10121 10011 9640 
5140 1849 2846 1850 3849 10227 7441 
5141 2764 2818 1813 10228 10051 10197 
5142 2021 2855 1187 3668 10201 4798 
5143 2607 2884 1986 10229 10187 9115 
5144 2648 2888 637 10230 10155 9526 
5145 1900 2850 1898 9926 10120 6901 
5146 1215 2849 2413 9965 10169 8891 
5147 654 2904 2147 10093 9747 3943 
5148 1697 2851 1867 10231 5100 7418 
5149 2625 2866 2288 10232 10151 9449 
5150 2168 2852 2169 9282 9888 7309 
5151 2590 2890 1731 4237 10212 10223 
5152 591 2853 2142 10137 9702 5755 
5153 2241 2854 2242 10173 9513 6665 
5154 2029 2874 1735 10022 10233 6638 
5155 2624 2865 619 10234 10235 9447 
5156 1539 2900 2720 10236 10237 9719 
5157 1892 2863 1894 10238 4061 4634 
5158 1744 2856 1881 10057 3967 7522 
5159 1204 2858 1205 9915 9930 6886 
5160 2316 2884 650 10158 10239 8139 
5161 1626 2762 2691 10139 10114 9174 
5162 1770 2861 2279 4171 10174 7054 
5163 1166 2860 1418 9936 9932 8564 
5164 1756 2847 2557 10019 9740 4291 
5165 2275 2862 645 10240 3985 6969 
5166 1788 2865 1743 10241 10242 7615 
5167 2090 2867 2091 9935 10079 5584 
5168 2224 2868 2096 10035 10206 6563 
5169 2324 2866 1234 10147 10243 7806 
5170 1413 2857 2535 3621 10160 9785 
5171 2616 2894 1713 9948 10244 9510 
5172 1483 2748 2704 10164 10119 10018 
5173 1840 2869 1400 3569 9946 8829 
5174 2011 2903 2658 9568 10245 9559 
5175 2271 2872 2272 9931 10208 6729 
5176 1651 2873 1649 10246 10247 8439 
5177 2636 2874 620 10248 10076 9496 
5178 1780 2876 1777 10249 9928 6721 
5179 1433 2880 1252 9921 10090 5737 
5180 121 2875 565 4221 10250 8118 
5181 2461 2893 1376 10211 9912 5945 
5182 2372 2882 1556 9941 9929 7728 
5183 2632 2894 562 10251 10126 9468 
5184 574 2879 2318 10252 4022 8155 
5185 1356 2878 1079 9937 9943 8879 
5186 2629 2895 554 10253 9474 9455 
5187 576 2889 2270 10082 10109 7027 
5188 2298 2888 1918 10161 10254 7347 
5189 1720 2891 1596 10136 9927 7377 
5190 2106 2898 2107 10255 4189 5453 
5191 393 2896 392 9919 10177 440 
5192 2170 2827 2621 9425 9491 9569 
5193 1819 2892 2524 3843 9972 9093 
5194 2086 2902 2085 10004 9891 5355 
5195 2205 2899 2204 4283 6913 6916 
5196 194 2901 193 9910 9909 241 
5197 1915 2895 2629 10199 10253 10002 
5198 474 2907 473 9906 9902 521 
5199 274 2909 273 9905 4455 321 
5200 2385 2906 1334 10190 10193 8710 
5201 1790 2886 2548 10256 9831 4472 
5202 2583 2870 1630 9911 10074 9379 
5203 1931 2809 2696 10192 10133 9575 
5204 2769 2910 1350 10184 10167 10144 
5205 1408 2833 2645 10216 10179 3919 
5206 2646 2831 1635 10180 10214 4487 
5207 1713 2894 2632 10244 10251 3938 
5208 1410 2832 2647 10215 10182 3418 
5209 2654 2899 1409 6914 4153 10257 
5210 650 2884 2607 10239 10229 3391 
5211 1742 2777 2714 10159 10123 9676 
5212 2746 2820 1628 10097 10202 9977 
5213 2727 2799 1605 3519 10181 9625 
5214 2699 2775 2112 9632 9531 9979 
5215 632 2821 2657 10067 10025 9796 
5216 1234 2866 2625 10243 10232 3499 
5217 1743 2865 2624 10242 10234 3394 
5218 1879 2908 2848 4052 10258 3990 
5219 1747 2871 2630 10259 10260 9546 
5220 2848 2908 1599 10258 10194 10007 
5221 1893 2840 2732 10222 10131 9707 
5222 1649 2873 2783 10247 3917 10095 
5223 2807 2871 1747 3956 10259 10191 
5224 1409 2838 2654 10209 10261 10257 
5225 2757 2876 1780 10108 10249 9621 
5226 1724 2793 2700 9904 10170 10015 
5227 1279 2796 2695 4008 10128 10012 
5228 1735 2874 2636 10233 10248 3257 
5229 2654 2838 266 10261 9961 9773 
5230 2663 2859 1763 10262 10204 3033 
5231 1809 2903 2667 10263 9686 10171 
5232 1850 2846 2772 10227 10100 9990 
5233 2743 2851 1697 10130 10231 9784 
5234 2658 2903 1809 10245 10263 3838 
5235 1918 2888 2648 10254 10230 9594 
5236 1776 2859 2790 10205 10084 9826 
5237 1968 2896 2689 10178 10042 9997 
5238 593 2826 2678 10088 10091 9957 
5239 2662 2841 1761 3050 10061 9728 
5240 2665 2881 1684 10218 4358 9862 
5241 2666 2842 1874 10213 10224 4107 
5242 2748 2883 1652 4065 10264 9984 
5243 1764 2844 2710 10189 9477 2997 
5244 2829 2886 1790 9339 10256 3627 
5245 2201 2897 2786 10153 10265 3806 
5246 1617 2859 2663 10085 10262 3555 
5247 2693 2830 1725 10217 9970 10008 
5248 2702 2893 1817 10045 10210 10016 
5249 1730 2910 2730 10196 10183 3315 
5250 2793 2862 2275 10129 10240 10054 
5251 1718 2804 2735 9770 10175 10080 
5252 2662 2900 1539 6112 10236 3051 
5253 2742 2836 1338 10166 10220 9422 
5254 1738 2885 2710 10226 10266 9478 
5255 2819 2879 574 10118 10252 9816 
5256 2752 2824 1758 9689 3543 10125 
5257 2710 2885 612 10266 10267 2998 
5258 1705 2818 2764 3633 10228 10140 
5259 1830 2873 2817 3890 10268 3840 
5260 2817 2873 1651 10268 10246 10058 
5261 2839 2865 1788 10269 10241 10105 
5262 619 2865 2839 10235 10269 10020 
5263 2849 2898 2106 10098 10255 10056 
5264 1652 2883 2723 10264 10103 10048 
5265 2747 2863 1892 10207 10238 4149 
5266 1793 2887 2735 4274 10219 10176 
5267 2756 2908 1853 10195 4051 9765 
5268 2720 2900 1886 10237 4310 9966 
5269 565 2875 2780 10250 10040 10221 
5270 612 2885 2787 10267 10270 4119 
5271 2630 2871 2808 10260 10271 9761 
5272 2787 2885 2440 10270 10225 9608 
5273 2808 2871 588 10271 3958 4089 
5274 2786 2897 626 10265 10149 10162 
$EndElements
